doc_id,sent_id,tok_id,token,lid,borrowed_suffix,ner,doc_num,source_tok_id
post_0001_1,1,0,yabancı,TR,,O,1,0
post_0001_1,1,1,bir,TR,,O,1,1
post_0001_1,1,2,hocamızın,TR,,O,1,2
post_0001_1,1,3,yarı,TR,,O,1,3
post_0001_1,1,4,şaka,TR,,O,1,4
post_0001_1,1,5,yarı,TR,,O,1,5
post_0001_1,1,6,ciddi,TR,,O,1,6
post_0001_1,1,7,tanımıyla,TR,,O,1,7
post_0001_1,1,8,university,EN,,O,1,8
post_0001_1,1,9,is,EN,,O,1,9
post_0001_1,1,10,the,EN,,O,1,10
post_0001_1,1,11,place,EN,,O,1,11
post_0001_1,1,12,in,EN,,O,1,12
post_0001_1,1,13,which,EN,,O,1,13
post_0001_1,1,14,we,EN,,O,1,14
post_0001_1,1,15,take,EN,,O,1,15
post_0001_1,1,16,simple,EN,,O,1,16
post_0001_1,1,17,things,EN,,O,1,17
post_0001_1,1,18,and,EN,,O,1,18
post_0001_1,1,19,complicate,EN,,O,1,19
post_0001_1,1,20,them,EN,,O,1,20
post_0001_1,2,0,edit,EN,,O,1,0
post_0001_1,2,1,bu,TR,,O,1,2
post_0001_1,2,2,entry'nin,MIXED,MIXED,O,1,3
post_0001_1,2,3,alıntıyı,TR,,O,1,4
post_0001_1,2,4,türkçeye,TR,,O,1,5
post_0001_1,2,5,çevirmemiş,TR,,O,1,6
post_0001_1,2,6,olmamdan,TR,,O,1,7
post_0001_1,2,7,dolayı,TR,,O,1,8
post_0001_1,2,8,kötülenmiş,TR,,O,1,9
post_0001_1,2,9,olabileceği,TR,,O,1,10
post_0001_1,2,10,varsayımından,TR,,O,1,11
post_0001_1,2,11,yola,TR,,O,1,12
post_0001_1,2,12,çıkarak,TR,,O,1,13
post_0001_1,2,13,hocanın,TR,,O,1,14
post_0001_1,2,14,cümlesini,TR,,O,1,15
post_0001_1,2,15,el,TR,,O,1,16
post_0001_1,2,16,yordamıyla,TR,,O,1,17
post_0001_1,2,17,dilimize,TR,,O,1,18
post_0001_1,2,18,çevireyim,TR,,O,1,19
post_0001_1,2,19,üniversite,TR,,O,1,21
post_0001_1,2,20,basit,TR,,O,1,22
post_0001_1,2,21,şeyleri,TR,,O,1,23
post_0001_1,2,22,alıp,TR,,O,1,24
post_0001_1,2,23,komplike,TR,,O,1,25
post_0001_1,2,24,hale,TR,,O,1,26
post_0001_1,2,25,getirdiğimiz,TR,,O,1,27
post_0001_1,2,26,yerdir,TR,,O,1,28
post_0002_2,1,0,work,EN,,O,2,0
post_0002_2,1,1,art,EN,,O,2,2
post_0002_2,1,2,work,EN,,O,2,3
post_0002_2,1,3,manasinda,TR,,O,2,4
post_0002_2,1,4,turkiyenin,NE,,B-LOC,2,5
post_0002_2,1,5,sanat,TR,,O,2,6
post_0002_2,1,6,cevrelerince,TR,,O,2,7
post_0002_2,1,7,kullanilan,TR,,O,2,8
post_0002_2,1,8,sozcuktur,TR,,O,2,9
post_0003_3,1,0,eskiden,TR,,O,3,0
post_0003_3,1,1,full,EN,,O,3,1
post_0003_3,1,2,time,EN,,O,3,2
post_0003_3,1,3,bir,TR,,O,3,3
post_0003_3,1,4,işte,TR,,O,3,4
post_0003_3,1,5,çalışırken,TR,,O,3,5
post_0003_3,1,6,keşkem,TR,,O,3,6
post_0003_3,1,7,freelance,EN,,O,3,7
post_0003_3,1,8,çalışabilsem,TR,,O,3,8
post_0003_3,2,0,işleri,TR,,O,3,0
post_0003_3,2,1,günde,TR,,O,3,4
post_0003_3,2,2,toparlasan,TR,,O,3,5
post_0003_3,2,3,ooh,AMBIGUOUS,,O,3,7
post_0003_3,2,4,ne,TR,,O,3,8
post_0003_3,2,5,güzel,TR,,O,3,9
post_0003_3,2,6,geri,TR,,O,3,10
post_0003_3,2,7,kalanını,TR,,O,3,11
post_0003_3,2,8,kendine,TR,,O,3,12
post_0003_3,2,9,ayırırsın,TR,,O,3,13
post_0003_3,2,10,diye,TR,,O,3,14
post_0003_3,2,11,salakça,TR,,O,3,15
post_0003_3,2,12,bir,TR,,O,3,16
post_0003_3,2,13,düşüncem,TR,,O,3,17
post_0003_3,2,14,vardı,TR,,O,3,18
post_0003_3,3,0,freelance,EN,,O,3,0
post_0003_3,3,1,çalışmaya,TR,,O,3,1
post_0003_3,3,2,başlayınca,TR,,O,3,2
post_0003_3,3,3,anladım,TR,,O,3,3
post_0003_3,3,4,ki,TR,,O,3,4
post_0003_3,3,5,kazin,TR,,O,3,5
post_0003_3,3,6,ayagi,TR,,O,3,6
post_0003_3,3,7,oyle,TR,,O,3,7
post_0003_3,3,8,degil,TR,,O,3,8
post_0003_3,4,0,artık,TR,,O,3,0
post_0003_3,4,1,ne,TR,,O,3,1
post_0003_3,4,2,tatil,TR,,O,3,2
post_0003_3,4,3,günüm,TR,,O,3,3
post_0003_3,4,4,belli,TR,,O,3,4
post_0003_3,4,5,ne,TR,,O,3,6
post_0003_3,4,6,de,TR,,O,3,7
post_0003_3,4,7,çalışma,TR,,O,3,8
post_0003_3,4,8,saatim,TR,,O,3,9
post_0003_3,5,0,asosyal,TR,,O,3,0
post_0003_3,5,1,bi,TR,,O,3,1
post_0003_3,5,2,böcek,TR,,O,3,2
post_0003_3,5,3,olup,TR,,O,3,3
post_0003_3,5,4,çıktım,TR,,O,3,4
post_0004_4,1,0,tam,TR,,O,4,0
post_0004_4,1,1,bir,TR,,O,4,1
post_0004_4,1,2,türkçe,TR,,O,4,2
post_0004_4,1,3,karşılığını,TR,,O,4,3
post_0004_4,1,4,bulamadığım,TR,,O,4,4
post_0004_4,1,5,kavramdır,TR,,O,4,5
post_0004_4,2,0,her,TR,,O,4,0
post_0004_4,2,1,ne,TR,,O,4,1
post_0004_4,2,2,kadar,TR,,O,4,2
post_0004_4,2,3,pazarlama,TR,,O,4,3
post_0004_4,2,4,sözlük,TR,,O,4,4
post_0004_4,2,5,anlamı,TR,,O,4,5
post_0004_4,2,6,olarak,TR,,O,4,6
post_0004_4,2,7,bu,TR,,O,4,7
post_0004_4,2,8,kelimeyi,TR,,O,4,8
post_0004_4,2,9,karşılasa,TR,,O,4,9
post_0004_4,2,10,da,TR,,O,4,10
post_0004_4,2,11,kullanım,TR,,O,4,12
post_0004_4,2,12,alanlarına,TR,,O,4,13
post_0004_4,2,13,bakıldığında,TR,,O,4,14
post_0004_4,2,14,marketing,EN,,O,4,15
post_0004_4,2,15,above,EN,,O,4,17
post_0004_4,2,16,the,EN,,O,4,18
post_0004_4,2,17,line,EN,,O,4,19
post_0004_4,2,18,below,EN,,O,4,21
post_0004_4,2,19,the,EN,,O,4,22
post_0004_4,2,20,line,EN,,O,4,23
post_0004_4,2,21,marketing-mix,EN,,O,4,25
post_0004_4,2,22,ve,TR,,O,4,26
post_0004_4,2,23,veya,TR,,O,4,27
post_0004_4,2,24,business,EN,,O,4,28
post_0004_4,2,25,development,EN,,O,4,29
post_0004_4,2,26,gibi,TR,,O,4,30
post_0004_4,2,27,kavramları,TR,,O,4,31
post_0004_4,2,28,da,TR,,O,4,32
post_0004_4,2,29,içermesiyle,TR,,O,4,33
post_0004_4,2,30,artık,TR,,O,4,34
post_0004_4,2,31,pazarlama,TR,,O,4,35
post_0004_4,2,32,kelimesinin,TR,,O,4,36
post_0004_4,2,33,ötesinde,TR,,O,4,37
post_0004_4,2,34,de,TR,,O,4,38
post_0004_4,2,35,anlamlar,TR,,O,4,39
post_0004_4,2,36,içermektedir,TR,,O,4,40
post_0004_4,3,0,ürün,TR,,O,4,0
post_0004_4,3,1,yönetimi,TR,,O,4,1
post_0004_4,3,2,ve,TR,,O,4,2
post_0004_4,3,3,pazarlama,TR,,O,4,3
post_0004_4,3,4,benim,TR,,O,4,5
post_0004_4,3,5,marketing,EN,,O,4,6
post_0004_4,3,6,için,TR,,O,4,7
post_0004_4,3,7,bulabildiğim,TR,,O,4,8
post_0004_4,3,8,en,TR,,O,4,9
post_0004_4,3,9,yakın,TR,,O,4,10
post_0004_4,3,10,tanımlamadır,TR,,O,4,11
post_0005_5,1,0,benim,TR,,O,5,0
post_0005_5,1,1,için,TR,,O,5,1
post_0005_5,1,2,tanımı,TR,,O,5,2
post_0005_5,2,0,google,NE,,B-ORG,5,0
post_0005_5,2,1,only,EN,,O,5,1
post_0005_5,2,2,loves,EN,,O,5,2
post_0005_5,2,3,you,EN,,O,5,3
post_0005_5,2,4,when,EN,,O,5,4
post_0005_5,2,5,everyone,EN,,O,5,5
post_0005_5,2,6,else,EN,,O,5,6
post_0005_5,2,7,loves,EN,,O,5,7
post_0005_5,2,8,you,EN,,O,5,8
post_0005_5,2,9,first,EN,,O,5,9
post_0006_6,1,0,never,EN,,O,6,1
post_0006_6,1,1,ending,EN,,O,6,2
post_0006_6,1,2,nightmare,EN,,O,6,3
post_0006_6,1,3,cinselliğin,TR,,O,6,6
post_0006_6,1,4,konulduğu,TR,,O,6,7
post_0006_6,1,5,kılıf,TR,,O,6,8
post_0006_6,1,6,uyuşturucu,TR,,O,6,10
post_0006_6,1,7,zina,TR,,O,6,12
post_0006_6,1,8,teardrops,EN,,O,6,14
post_0007_7,1,0,sağlıklı,TR,,O,7,0
post_0007_7,1,1,yaşam,TR,,O,7,1
post_0007_7,1,2,üzerine,TR,,O,7,2
post_0007_7,1,3,güzel,TR,,O,7,3
post_0007_7,1,4,ingilizce,TR,,O,7,4
post_0007_7,1,5,bir,TR,,O,7,5
post_0007_7,1,6,blog,AMBIGUOUS,,O,7,6
post_0007_7,3,0,wordpress,NE,,B-PROD,7,0
post_0008_8,1,0,deep,EN,,B-ORG,8,0
post_0008_8,1,1,knowledge,EN,,I-ORG,8,1
post_0008_8,1,2,group'un,MIXED,MIXED,I-ORG,8,2
post_0008_8,1,3,son,TR,,O,8,3
post_0008_8,1,4,çalışmaları,TR,,O,8,4
post_0008_8,1,5,üzerinden,TR,,O,8,5
post_0008_8,1,6,türkiye,NE,,B-LOC,8,6
post_0008_8,1,7,ve,TR,,O,8,7
post_0008_8,1,8,diğer,TR,,O,8,8
post_0008_8,1,9,ülkelerin,TR,,O,8,9
post_0008_8,1,10,risk,AMBIGUOUS,,O,8,10
post_0008_8,1,11,durumu,TR,,O,8,11
post_0008_8,1,12,incelenebilir,TR,,O,8,12
post_0009_9,1,0,insanlar,TR,,O,9,0
post_0009_9,1,1,gerçek,TR,,O,9,1
post_0009_9,1,2,anlamda,TR,,O,9,2
post_0009_9,1,3,rasyonel,TR,,O,9,3
post_0009_9,1,4,olsalardı,TR,,O,9,4
post_0009_9,1,5,basitleştirilmiş,TR,,O,9,6
post_0009_9,1,6,koşullar,TR,,O,9,7
post_0009_9,1,7,altında,TR,,O,9,8
post_0009_9,1,8,neler,TR,,O,9,10
post_0009_9,1,9,olacağını,TR,,O,9,11
post_0009_9,1,10,ortaya,TR,,O,9,12
post_0009_9,1,11,koyan,TR,,O,9,13
post_0009_9,1,12,modeller,TR,,O,9,14
post_0009_9,1,13,yaratmayı,TR,,O,9,15
post_0009_9,1,14,tercih,TR,,O,9,16
post_0009_9,1,15,ederlerdi,TR,,O,9,17
post_0009_9,2,0,belki,TR,,O,9,0
post_0009_9,2,1,de,TR,,O,9,1
post_0009_9,2,2,ekonomi,TR,,O,9,2
post_0009_9,2,3,bilimden,TR,,O,9,4
post_0009_9,2,4,çok,TR,,O,9,5
post_0009_9,2,5,denklemler,TR,,O,9,7
post_0009_9,2,6,içeren,TR,,O,9,8
post_0009_9,2,7,bir,TR,,O,9,9
post_0009_9,2,8,yüzüklerin,NE,,B-TITLE,9,10
post_0009_9,2,9,efendisi,NE,,I-TITLE,9,11
post_0009_9,2,10,olmaya,TR,,O,9,12
post_0009_9,2,11,daha,TR,,O,9,13
post_0009_9,2,12,yakındır,TR,,O,9,14
post_0009_9,2,13,bizimkine,TR,,O,9,16
post_0009_9,2,14,benzemeyen,TR,,O,9,17
post_0009_9,2,15,yaratılmış,TR,,O,9,19
post_0009_9,2,16,bir,TR,,O,9,20
post_0009_9,2,17,dünyanın,TR,,O,9,21
post_0009_9,2,18,matematik,TR,,O,9,22
post_0009_9,2,19,aracılığıyla,TR,,O,9,23
post_0009_9,2,20,sofistike,TR,,O,9,24
post_0009_9,2,21,bir,TR,,O,9,25
post_0009_9,2,22,şekilde,TR,,O,9,26
post_0009_9,2,23,keşfidir,TR,,O,9,27
post_0009_9,3,0,tim,NE,,B-PER,9,0
post_0009_9,3,1,lewens,NE,,I-PER,9,1
post_0009_9,3,2,the,NE,,B-TITLE,9,3
post_0009_9,3,3,meaning,NE,,I-TITLE,9,4
post_0009_9,3,4,of,NE,,I-TITLE,9,5
post_0009_9,3,5,science,NE,,I-TITLE,9,6
post_0010_10,1,0,politika,TR,,O,10,0
post_0010_10,1,1,politics,EN,,O,10,2
post_0010_10,2,0,poly,EN,,O,10,0
post_0010_10,2,1,çok,TR,,O,10,2
post_0010_10,2,2,ticks,EN,,O,10,3
post_0010_10,2,3,kan,TR,,O,10,5
post_0010_10,2,4,emen,TR,,O,10,6
post_0010_10,2,5,canlılar,TR,,O,10,7
post_0011_11,1,0,watch,EN,,O,11,0
post_0011_11,1,1,instantly,EN,,O,11,1
post_0011_11,1,2,hadisesi,TR,,O,11,2
post_0011_11,1,3,sinirsiz,TR,,O,11,3
post_0011_11,1,4,olmustur,TR,,O,11,4
post_0011_11,1,5,en,TR,,O,11,6
post_0011_11,1,6,kraldir,TR,,O,11,7
post_0011_11,1,7,aslandir,TR,,O,11,9
post_0012_12,1,0,netflix'e,NE,MIXED,B-PROD,12,0
post_0012_12,1,1,kiyasla,TR,,O,12,1
post_0012_12,1,2,icerik,TR,,O,12,2
post_0012_12,1,3,cesitliligi,TR,,O,12,3
post_0012_12,1,4,ve,TR,,O,12,4
post_0012_12,1,5,dizayn,TR,,O,12,5
post_0012_12,1,6,kalitesi,TR,,O,12,6
post_0012_12,1,7,olarak,TR,,O,12,7
post_0012_12,1,8,rakibinin,TR,,O,12,8
post_0012_12,1,9,cok,TR,,O,12,9
post_0012_12,1,10,gerisinde,TR,,O,12,10
post_0012_12,1,11,kalmis,TR,,O,12,11
post_0012_12,1,12,platformdur,TR,,O,12,12
post_0012_12,2,0,bir,TR,,O,12,0
post_0012_12,2,1,denemek,TR,,O,12,1
post_0012_12,2,2,icin,TR,,O,12,2
post_0012_12,2,3,uye,TR,,O,12,3
post_0012_12,2,4,oldum,TR,,O,12,4
post_0012_12,2,5,ayligina,TR,,O,12,6
post_0012_12,2,6,ama,TR,,O,12,7
post_0012_12,2,7,house,NE,,B-TITLE,12,8
post_0012_12,2,8,disinda,TR,,O,12,9
post_0012_12,2,9,pek,TR,,O,12,10
post_0012_12,2,10,kayda,TR,,O,12,11
post_0012_12,2,11,deger,TR,,O,12,12
post_0012_12,2,12,birsey,TR,,O,12,13
post_0012_12,2,13,goremedim,TR,,O,12,14
post_0012_12,2,14,netflix'de,NE,MIXED,B-PROD,12,16
post_0012_12,2,15,olan,TR,,O,12,17
post_0012_12,2,16,cesitlilik,TR,,O,12,18
post_0012_12,2,17,burda,TR,,O,12,19
post_0012_12,2,18,yok,TR,,O,12,20
post_0013_13,1,0,disney,NE,,B-ORG,13,0
post_0013_13,1,1,markali,TR,,O,13,1
post_0013_13,1,2,televizyon,TR,,O,13,2
post_0013_13,1,3,kanali,TR,,O,13,3
post_0013_13,1,4,amusement,EN,,O,13,5
post_0013_13,1,5,park,EN,,O,13,6
post_0013_13,1,6,cruise,EN,,O,13,8
post_0013_13,1,7,line,EN,,O,13,9
post_0013_13,1,8,vb,EN,,O,13,10
post_0013_13,1,9,gibi,TR,,O,13,11
post_0013_13,1,10,bilimum,TR,,O,13,12
post_0013_13,1,11,urunlerin,TR,,O,13,13
post_0013_13,1,12,yani,TR,,O,13,14
post_0013_13,1,13,sira,TR,,O,13,15
post_0013_13,1,14,espn,NE,,B-ORG,13,16
post_0013_13,1,15,ve,TR,,O,13,17
post_0013_13,1,16,abc'nin,NE,MIXED,B-ORG,13,18
post_0013_13,1,17,de,TR,,O,13,19
post_0013_13,1,18,sahibi,TR,,O,13,20
post_0013_13,1,19,olan,TR,,O,13,21
post_0013_13,1,20,sirketin,TR,,O,13,22
post_0013_13,1,21,kisaltilmis,TR,,O,13,23
post_0013_13,1,22,adidir,TR,,O,13,24
post_0013_13,2,0,tam,TR,,O,13,0
post_0013_13,2,1,adi,TR,,O,13,1
post_0013_13,2,2,the,NE,,B-ORG,13,2
post_0013_13,2,3,walt,NE,,I-ORG,13,3
post_0013_13,2,4,disney,NE,,I-ORG,13,4
post_0013_13,2,5,company'dir,NE,MIXED,I-ORG,13,5
post_0014_14,1,0,sony'nin,NE,MIXED,B-ORG,14,0
post_0014_14,1,1,play,EN,,O,14,1
post_0014_14,1,2,create,EN,,O,14,3
post_0014_14,1,3,share,EN,,O,14,5
post_0014_14,1,4,mantralı,EN,,O,14,6
post_0014_14,1,5,oyun,TR,,O,14,7
post_0014_14,1,6,silsilesine,TR,,O,14,8
post_0014_14,1,7,uzun,TR,,O,14,9
post_0014_14,1,8,süredir,TR,,O,14,10
post_0014_14,1,9,cevap,TR,,O,14,11
post_0014_14,1,10,vermeye,TR,,O,14,12
post_0014_14,1,11,çalışan,TR,,O,14,13
post_0014_14,1,12,ve,TR,,O,14,14
post_0014_14,1,13,başarısız,TR,,O,14,15
post_0014_14,1,14,olan,TR,,O,14,16
post_0014_14,1,15,microsoft'un,NE,MIXED,B-ORG,14,17
post_0014_14,1,16,çok,TR,,O,14,18
post_0014_14,1,17,akıllıca,TR,,O,14,19
post_0014_14,1,18,bir,TR,,O,14,20
post_0014_14,1,19,hamleyle,TR,,O,14,21
post_0014_14,1,20,xbox,NE,,B-PROD,14,22
post_0014_14,1,21,360,NE,,I-PROD,14,23
post_0014_14,1,22,a,EN,,O,14,24
post_0014_14,1,23,transfer,EN,,O,14,25
post_0014_14,1,24,ettiği,TR,,O,14,26
post_0014_14,1,25,oyun,TR,,O,14,27
post_0014_14,2,0,eğer,TR,,O,14,0
post_0014_14,2,1,pc'den,MIXED,MIXED,O,14,1
post_0014_14,2,2,port,EN,,O,14,2
post_0014_14,2,3,ederken,TR,,O,14,3
post_0014_14,2,4,oyunun,TR,,O,14,4
post_0014_14,2,5,bütünlüğünü,TR,,O,14,5
post_0014_14,2,6,bozmazlarsa,TR,,O,14,6
post_0014_14,2,7,little,NE,,B-PROD,14,7
post_0014_14,2,8,big,NE,,I-PROD,14,8
post_0014_14,2,9,planet'in,NE,MIXED,I-PROD,14,9
post_0014_14,2,10,konsollardaki,TR,,O,14,10
post_0014_14,2,11,krallığı,TR,,O,14,11
post_0014_14,2,12,büyük,TR,,O,14,12
post_0014_14,2,13,darbe,TR,,O,14,13
post_0014_14,2,14,alır,TR,,O,14,14
post_0015_15,1,0,lots,EN,,O,15,0
post_0015_15,1,1,of,EN,,O,15,1
post_0015_15,1,2,laugh,EN,,O,15,2
post_0015_15,1,3,diye,TR,,O,15,3
post_0015_15,1,4,duydugum,TR,,O,15,4
post_0015_15,1,5,için,TR,,O,15,5
post_0015_15,1,6,diğer,TR,,O,15,6
post_0015_15,1,7,seçeneklerin,TR,,O,15,7
post_0015_15,1,8,çok,TR,,O,15,8
post_0015_15,1,9,yabancı,TR,,O,15,9
post_0015_15,1,10,geldiği,TR,,O,15,10
post_0015_15,1,11,ki,TR,,O,15,12
post_0015_15,1,12,gerçeğinin,TR,,O,15,13
post_0015_15,1,13,de,TR,,O,15,14
post_0015_15,1,14,bu,TR,,O,15,15
post_0015_15,1,15,olduğunu,TR,,O,15,16
post_0015_15,1,16,sandıgım,TR,,O,15,17
post_0015_15,1,17,enternasyonal,TR,,O,15,18
post_0015_15,1,18,kısaltma,TR,,O,15,19
post_0016_16,1,0,londra,NE,,B-LOC,16,0
post_0016_16,1,1,nin,TR,,O,16,1
post_0016_16,1,2,en,TR,,O,16,2
post_0016_16,1,3,buyuk,TR,,O,16,3
post_0016_16,1,4,anime,AMBIGUOUS,,O,16,4
post_0016_16,1,5,conlarindan,MIXED,MIXED,O,16,5
post_0016_16,1,6,london,NE,,B-EVENT,16,6
post_0016_16,1,7,anime,NE,,I-EVENT,16,7
post_0016_16,1,8,and,NE,,I-EVENT,16,8
post_0016_16,1,9,gaming,NE,,I-EVENT,16,9
post_0016_16,1,10,con,NE,,I-EVENT,16,10
post_0016_16,1,11,2022,NE,,I-EVENT,16,11
post_0016_16,1,12,agustos,TR,,O,16,12
post_0016_16,1,13,icinde,TR,,O,16,13
post_0016_16,1,14,tur,TR,,O,16,14
post_0016_16,1,15,london,NE,,B-EVENT,16,15
post_0016_16,1,16,anime,NE,,I-EVENT,16,16
post_0016_16,1,17,and,NE,,I-EVENT,16,17
post_0016_16,1,18,gaming,NE,,I-EVENT,16,18
post_0016_16,1,19,con,NE,,I-EVENT,16,19
post_0016_16,1,20,2022,NE,,I-EVENT,16,20
post_0017_17,1,0,korean,EN,,O,17,0
post_0017_17,1,1,pop'un,NE,MIXED,B-OTHER,17,1
post_0017_17,1,2,kısaltması,TR,,O,17,2
post_0017_17,2,0,sanıyorum,TR,,O,17,0
post_0017_17,2,1,bır,TR,,O,17,1
post_0017_17,2,2,tür,TR,,O,17,2
post_0017_17,2,3,akım,TR,,O,17,3
post_0017_17,2,4,şeklinde,TR,,O,17,4
post_0017_17,2,5,markalaşmaya,TR,,O,17,5
post_0017_17,2,6,çalışıyor,TR,,O,17,6
post_0017_17,2,7,güney,NE,,B-LOC,17,7
post_0017_17,2,8,kore,NE,,I-LOC,17,8
post_0017_17,3,0,diğer,TR,,O,17,0
post_0017_17,3,1,akimlar,TR,,O,17,1
post_0017_17,3,2,ise,TR,,O,17,2
post_0017_17,3,3,şöyledir,TR,,O,17,3
post_0017_17,3,4,k-food,EN,,O,17,5
post_0017_17,3,5,k-beauty,EN,,O,17,7
post_0017_17,3,6,k-culture,EN,,O,17,9
post_0018_18,1,0,we,EN,,O,18,0
post_0018_18,1,1,could,EN,,O,18,1
post_0018_18,1,2,be,EN,,O,18,2
post_0018_18,1,3,the,EN,,O,18,3
post_0018_18,1,4,same,EN,,O,18,4
post_0018_18,1,5,flt,EN,,O,18,5
post_0018_18,1,6,to,EN,,O,18,6
post_0018_18,1,7,stay,EN,,O,18,7
post_0018_18,1,8,alive,EN,,O,18,8
post_0018_18,1,9,bir,TR,,O,18,9
post_0018_18,1,10,kadın,TR,,O,18,10
post_0018_18,1,11,çizeceksin,TR,,O,18,11
post_0018_18,1,12,şehr-i,TR,,O,18,12
post_0018_18,1,13,hüzün,TR,,O,18,13
post_0018_18,1,14,hayat,TR,,O,18,14
post_0018_18,1,15,bu,TR,,O,18,15
post_0018_18,1,16,işte,TR,,O,18,16
post_0018_18,1,17,dursun,TR,,O,18,17
post_0018_18,1,18,zaman,TR,,O,18,18
post_0018_18,2,0,ve,TR,,O,18,0
post_0018_18,2,1,dahası,TR,,O,18,1
post_0018_18,3,0,ya,TR,,O,18,0
post_0018_18,3,1,da,TR,,O,18,1
post_0018_18,3,2,anime,EN,,O,18,2
post_0018_18,4,0,ya,TR,,O,18,0
post_0018_18,4,1,da,TR,,O,18,1
post_0018_18,4,2,askeri,TR,,O,18,2
post_0018_18,4,3,grup,TR,,O,18,3
post_0019_19,1,0,türkiye'den,NE,,B-LOC,19,0
post_0019_19,1,1,bir,TR,,O,19,1
post_0019_19,1,2,webtoon,EN,,O,19,2
post_0019_19,1,3,yayınladı,TR,,O,19,3
post_0019_19,2,0,ismi,TR,,O,19,0
post_0019_19,2,1,just,NE,,B-TITLE,19,1
post_0019_19,2,2,another,NE,,I-TITLE,19,2
post_0019_19,2,3,fantasy,NE,,I-TITLE,19,3
post_0019_19,3,0,manga,EN,,O,19,0
post_0019_19,3,1,tarzı,TR,,O,19,1
post_0019_19,3,2,çizimlere,TR,,O,19,2
post_0019_19,3,3,sahip,TR,,O,19,3
post_0019_19,4,0,lgbti,MIXED,MIXED,O,19,0
post_0019_19,4,1,fantastik,TR,,O,19,2
post_0019_19,4,2,aksiyon,TR,,O,19,4
post_0019_19,4,3,steampunk,EN,,O,19,6
post_0019_19,4,4,magic,EN,,O,19,8
post_0019_19,4,5,mecha,EN,,O,19,10
post_0019_19,4,6,seinen,OTHER,,O,19,12
post_0019_19,5,0,ilginize,TR,,O,19,0
post_0020_20,1,0,açılımını,TR,,O,20,0
post_0020_20,1,1,rythmic,EN,,O,20,1
post_0020_20,1,2,american,EN,,O,20,2
post_0020_20,1,3,poem,EN,,O,20,3
post_0020_20,1,4,diye,TR,,O,20,4
post_0020_20,1,5,duydum,TR,,O,20,5
post_0020_20,1,6,ben,TR,,O,20,6
post_0020_20,2,0,hiphop'la,MIXED,MIXED,O,20,0
post_0020_20,2,1,farkı,TR,,O,20,1
post_0020_20,2,2,ne,TR,,O,20,2
post_0020_20,2,3,o,TR,,O,20,3
post_0020_20,2,4,da,TR,,O,20,4
post_0020_20,2,5,bi,TR,,O,20,5
post_0020_20,2,6,ayrı,TR,,O,20,6
post_0020_20,2,7,muamma,TR,,O,20,7
post_0021_21,1,0,electronic,EN,,O,21,0
post_0021_21,1,1,distance,EN,,O,21,1
post_0021_21,1,2,measurement,EN,,O,21,2
post_0021_21,2,0,eskiden,TR,,O,21,0
post_0021_21,2,1,insanlar,TR,,O,21,1
post_0021_21,2,2,uzaklıkları,TR,,O,21,2
post_0021_21,2,3,metreyle,TR,,O,21,3
post_0021_21,2,4,ölçerken,TR,,O,21,4
post_0021_21,2,5,li,TR,,O,21,6
post_0021_21,2,6,yıllardan,TR,,O,21,7
post_0021_21,2,7,sonra,TR,,O,21,8
post_0021_21,2,8,yaygın,TR,,O,21,9
post_0021_21,2,9,kullanımına,TR,,O,21,10
post_0021_21,2,10,geçilmiş,TR,,O,21,11
post_0021_21,2,11,sistem,TR,,O,21,12
post_0021_21,2,12,modüle,TR,,O,21,13
post_0021_21,2,13,edilmiş,TR,,O,21,14
post_0021_21,2,14,lazer,TR,,O,21,15
post_0021_21,2,15,veya,TR,,O,21,16
post_0021_21,2,16,belirli,TR,,O,21,17
post_0021_21,2,17,dalga,TR,,O,21,18
post_0021_21,2,18,boyundaki,TR,,O,21,19
post_0021_21,2,19,ışığı,TR,,O,21,20
post_0021_21,2,20,uzaklığı,TR,,O,21,21
post_0021_21,2,21,düşey,TR,,O,21,23
post_0021_21,2,22,açısı,TR,,O,21,24
post_0021_21,2,23,veya,TR,,O,21,25
post_0021_21,2,24,konumu,TR,,O,21,26
post_0021_21,2,25,bulunmak,TR,,O,21,27
post_0021_21,2,26,istenen,TR,,O,21,28
post_0021_21,2,27,noktaya,TR,,O,21,29
post_0021_21,2,28,uygulayarak,TR,,O,21,30
post_0021_21,2,29,geri,TR,,O,21,31
post_0021_21,2,30,gelen,TR,,O,21,32
post_0021_21,2,31,dalganın,TR,,O,21,33
post_0021_21,2,32,özelliğine,TR,,O,21,34
post_0021_21,2,33,göre,TR,,O,21,35
post_0021_21,2,34,istenen,TR,,O,21,36
post_0021_21,2,35,bilgiyi,TR,,O,21,37
post_0021_21,2,36,verir,TR,,O,21,38
post_0021_21,3,0,accurate,EN,,O,21,0
post_0021_21,3,1,fizibilitesi,TR,,O,21,2
post_0021_21,3,2,yüksek,TR,,O,21,3
post_0021_21,3,3,ekonomik,TR,,O,21,5
post_0021_21,3,4,pratiktir,TR,,O,21,6
post_0022_22,1,0,lerde,TR,,O,22,1
post_0022_22,1,1,doğan,TR,,O,22,2
post_0022_22,1,2,neslin,TR,,O,22,3
post_0022_22,1,3,favori,TR,,O,22,4
post_0022_22,1,4,mesleği,TR,,O,22,5
post_0022_22,2,0,ların,TR,,O,22,1
post_0022_22,2,1,sonu,TR,,O,22,2
post_0022_22,2,2,ve,TR,,O,22,3
post_0022_22,2,3,lerin,TR,,O,22,5
post_0022_22,2,4,başının,TR,,O,22,6
post_0022_22,2,5,en,TR,,O,22,7
post_0022_22,2,6,kısa,TR,,O,22,8
post_0022_22,2,7,yoldan,TR,,O,22,9
post_0022_22,2,8,ortam,TR,,O,22,10
post_0022_22,2,9,yapma,TR,,O,22,11
post_0022_22,2,10,ve,TR,,O,22,12
post_0022_22,2,11,karı,TR,,O,22,13
post_0022_22,2,12,kaldırma,TR,,O,22,14
post_0022_22,2,13,aracıydı,TR,,O,22,15
post_0022_22,2,14,bu,TR,,O,22,16
post_0022_22,2,15,meslek,TR,,O,22,17
post_0022_22,3,0,turntablea,MIXED,MIXED,O,22,0
post_0022_22,3,1,ucundan,TR,,O,22,1
post_0022_22,3,2,kıyısından,TR,,O,22,2
post_0022_22,3,3,dokunup,TR,,O,22,3
post_0022_22,3,4,sikko,TR,,O,22,4
post_0022_22,3,5,mixler,MIXED,MIXED,O,22,5
post_0022_22,3,6,yapan,TR,,O,22,6
post_0022_22,3,7,hemen,TR,,O,22,7
post_0022_22,3,8,afilli,TR,,O,22,8
post_0022_22,3,9,takma,TR,,O,22,9
post_0022_22,3,10,isimlerle,TR,,O,22,10
post_0022_22,3,11,ve,TR,,O,22,11
post_0022_22,3,12,grafik,TR,,O,22,12
post_0022_22,3,13,tasarım,TR,,O,22,13
post_0022_22,3,14,logolarla,TR,,O,22,14
post_0022_22,3,15,afişlerle,TR,,O,22,15
post_0022_22,3,16,ben,TR,,O,22,16
post_0022_22,3,17,djim,MIXED,MIXED,O,22,17
post_0022_22,3,18,diye,TR,,O,22,18
post_0022_22,3,19,ortalarda,TR,,O,22,19
post_0022_22,3,20,salınırdı,TR,,O,22,20
post_0022_22,4,0,arkadaş,TR,,O,22,0
post_0022_22,4,1,listenize,TR,,O,22,1
post_0022_22,4,2,bakın,TR,,O,22,2
post_0022_22,4,3,ne,TR,,O,22,3
post_0022_22,4,4,kadar,TR,,O,22,4
post_0022_22,4,5,çok,TR,,O,22,5
post_0022_22,4,6,dj,EN,,O,22,6
post_0022_22,4,7,ve,TR,,O,22,7
post_0022_22,4,8,bir,TR,,O,22,8
post_0022_22,4,9,dönem,TR,,O,22,9
post_0022_22,4,10,djlik,MIXED,MIXED,O,22,10
post_0022_22,4,11,yapmış,TR,,O,22,11
post_0022_22,4,12,adam,TR,,O,22,12
post_0022_22,4,13,var,TR,,O,22,13
post_0022_22,4,14,görünce,TR,,O,22,14
post_0022_22,4,15,hak,TR,,O,22,15
post_0022_22,4,16,vereceksiniz,TR,,O,22,16
post_0022_22,5,0,bkz,TR,,O,22,1
post_0022_22,5,1,hey,EN,,O,22,3
post_0022_22,5,2,gidi,TR,,O,22,4
post_0023_23,1,0,bilgi,TR,,O,23,0
post_0023_23,1,1,ve,TR,,O,23,1
post_0023_23,1,2,becerinin,TR,,O,23,2
post_0023_23,1,3,sınırlarını,TR,,O,23,3
post_0023_23,1,4,zorlayan,TR,,O,23,4
post_0023_23,1,5,düzeyde,TR,,O,23,5
post_0023_23,1,6,olma,TR,,O,23,6
post_0023_23,2,0,a,EN,,O,23,0
post_0023_23,2,1,challenging,EN,,O,23,1
post_0023_23,2,2,problem,EN,,O,23,2
post_0024_24,1,0,music,EN,,O,24,0
post_0024_24,1,1,is,EN,,O,24,1
post_0024_24,1,2,the,EN,,O,24,2
post_0024_24,1,3,first,EN,,O,24,3
post_0024_24,1,4,open,EN,,O,24,4
post_0024_24,1,5,source,EN,,O,24,5
post_0024_24,1,6,programming,EN,,O,24,6
post_0024_24,1,7,language,EN,,O,24,7
post_0024_24,2,0,tanımlaması,TR,,O,24,0
post_0024_24,2,1,bu,TR,,O,24,1
post_0024_24,2,2,kelimeyi,TR,,O,24,2
post_0024_24,2,3,muhtemelen,TR,,O,24,3
post_0024_24,2,4,tam,TR,,O,24,4
post_0024_24,2,5,olarak,TR,,O,24,5
post_0024_24,2,6,özetleyendir,TR,,O,24,6
post_0025_25,1,0,unix,NE,,B-PROD,25,0
post_0025_25,1,1,sistemler,TR,,O,25,1
post_0025_25,1,2,için,TR,,O,25,2
post_0025_25,1,3,text,EN,,O,25,3
post_0025_25,1,4,to,EN,,O,25,4
post_0025_25,1,5,speech,EN,,O,25,5
post_0025_25,1,6,framework,EN,,O,25,6
post_0026_26,1,0,hizmet,TR,,O,26,0
post_0026_26,1,1,sektörü,TR,,O,26,1
post_0026_26,1,2,olmasa,TR,,O,26,2
post_0026_26,1,3,çalışılır,TR,,O,26,3
post_0026_26,2,0,owning,EN,,O,26,0
post_0026_26,2,1,a,EN,,O,26,1
post_0026_26,2,2,restaurant,EN,,O,26,2
post_0026_26,2,3,loyal,EN,,O,26,4
post_0026_26,2,4,guest,EN,,O,26,5
post_0026_26,2,5,and,EN,,O,26,6
post_0026_26,2,6,humble,EN,,O,26,7
post_0026_26,2,7,greetings,EN,,O,26,8
post_0026_26,3,0,hayat,TR,,O,26,0
post_0026_26,3,1,gailelerini,TR,,O,26,1
post_0026_26,3,2,unutturur,TR,,O,26,2
post_0026_26,3,3,insana,TR,,O,26,3
post_0027_27,1,0,ay,TR,,O,27,1
post_0027_27,1,1,önce,TR,,O,27,2
post_0027_27,1,2,üye,TR,,O,27,3
post_0027_27,1,3,olup,TR,,O,27,4
post_0027_27,1,4,bugün,TR,,O,27,5
post_0027_27,1,5,hi,EN,,O,27,6
post_0027_27,1,6,i'm,EN,,O,27,7
post_0027_27,2,0,i'am,EN,,O,27,0
post_0027_27,2,1,a,EN,,O,27,1
post_0027_27,2,2,gay,EN,,O,27,2
post_0027_27,2,3,guy,EN,,O,27,3
post_0027_27,2,4,diye,TR,,O,27,4
post_0027_27,2,5,başlayan,TR,,O,27,5
post_0027_27,2,6,bir,TR,,O,27,6
post_0027_27,2,7,teklif,TR,,O,27,7
post_0027_27,2,8,aldığım,TR,,O,27,8
post_0027_27,2,9,sitedir,TR,,O,27,9
post_0027_27,3,0,günlük,TR,,O,27,0
post_0027_27,3,1,fiyatı,TR,,O,27,1
post_0027_27,3,2,tl,TR,,O,27,3
post_0027_27,3,3,belirlememden,TR,,O,27,4
post_0027_27,3,4,sonra,TR,,O,27,5
post_0027_27,3,5,acaba,TR,,O,27,6
post_0027_27,3,6,sorusu,TR,,O,27,7
post_0027_27,3,7,aklıma,TR,,O,27,8
post_0027_27,3,8,geldi,TR,,O,27,9
post_0027_27,4,0,acaba,TR,,O,27,0
post_0027_27,4,1,günlük,TR,,O,27,1
post_0027_27,4,2,mottom,MIXED,MIXED,O,27,3
post_0027_27,4,3,yanlış,TR,,O,27,4
post_0027_27,4,4,mı,TR,,O,27,5
post_0027_27,4,5,anlaşıldı,TR,,O,27,6
post_0027_27,5,0,bir,TR,,O,27,0
post_0027_27,5,1,yandan,TR,,O,27,1
post_0027_27,5,2,açık,TR,,O,27,2
post_0027_27,5,3,sözlü,TR,,O,27,3
post_0027_27,5,4,davranması,TR,,O,27,4
post_0027_27,5,5,doğru,TR,,O,27,5
post_0027_27,5,6,bir,TR,,O,27,6
post_0027_27,5,7,davranış,TR,,O,27,7
post_0027_27,5,8,gibi,TR,,O,27,8
post_0027_27,5,9,gelirken,TR,,O,27,9
post_0027_27,5,10,diğer,TR,,O,27,10
post_0027_27,5,11,yandan,TR,,O,27,11
post_0027_27,5,12,neden,TR,,O,27,12
post_0027_27,5,13,insanın,TR,,O,27,13
post_0027_27,5,14,kendini,TR,,O,27,14
post_0027_27,5,15,tanımlarkenki,TR,,O,27,15
post_0027_27,5,16,ilk,TR,,O,27,16
post_0027_27,5,17,cümlesi,TR,,O,27,17
post_0027_27,5,18,böyle,TR,,O,27,18
post_0027_27,5,19,başlar,TR,,O,27,19
post_0027_27,5,20,diye,TR,,O,27,20
post_0027_27,5,21,düşündüm,TR,,O,27,21
post_0027_27,6,0,ruhen,TR,,O,27,0
post_0027_27,6,1,yıprattın,TR,,O,27,1
post_0027_27,6,2,beni,TR,,O,27,2
post_0027_27,6,3,airbnb,NE,,B-ORG,27,3
post_0028_28,1,0,evrim,TR,,O,28,0
post_0028_28,1,1,teorisini,TR,,O,28,1
post_0028_28,1,2,teori,TR,,O,28,2
post_0028_28,1,3,olmaktan,TR,,O,28,3
post_0028_28,1,4,cıkartabılecek,TR,,O,28,4
post_0028_28,1,5,gorilden,TR,,O,28,6
post_0028_28,1,6,bozma,TR,,O,28,7
post_0028_28,1,7,iki,TR,,O,28,8
post_0028_28,1,8,adamın,TR,,O,28,9
post_0028_28,1,9,six,EN,,O,28,10
post_0028_28,1,10,in,EN,,O,28,11
post_0028_28,1,11,the,EN,,O,28,12
post_0028_28,1,12,morning,EN,,O,28,13
post_0028_28,1,13,derken,TR,,O,28,14
post_0028_28,1,14,kendınden,TR,,O,28,15
post_0028_28,1,15,geçtiği,TR,,O,28,16
post_0028_28,1,16,bir,TR,,O,28,17
post_0028_28,1,17,klibi,TR,,O,28,18
post_0028_28,1,18,olan,TR,,O,28,19
post_0028_28,1,19,ultra,TR,,O,28,20
post_0028_28,1,20,eğlenceli,TR,,O,28,21
post_0028_28,1,21,sarkı,TR,,O,28,22
post_0029_29,1,0,i,EN,,O,29,0
post_0029_29,1,1,have,EN,,O,29,1
post_0029_29,1,2,to,EN,,O,29,2
post_0029_29,1,3,learn,EN,,O,29,3
post_0029_29,1,4,to,EN,,O,29,4
post_0029_29,1,5,let,EN,,O,29,5
post_0029_29,1,6,you,EN,,O,29,6
post_0029_29,1,7,crash,EN,,O,29,7
post_0029_29,1,8,down,EN,,O,29,8
post_0029_29,1,9,ve,TR,,O,29,9
post_0029_29,1,10,i,EN,,O,29,10
post_0029_29,1,11,guess,EN,,O,29,11
post_0029_29,1,12,that,EN,,O,29,12
post_0029_29,1,13,what,EN,,O,29,13
post_0029_29,1,14,i'm,EN,,O,29,14
post_0029_29,1,15,seeking,EN,,O,29,15
post_0029_29,1,16,isn't,EN,,O,29,16
post_0029_29,1,17,here,EN,,O,29,17
post_0029_29,1,18,sözleriyle,TR,,O,29,18
post_0029_29,1,19,kalbe,TR,,O,29,19
post_0029_29,1,20,iki,TR,,O,29,20
post_0029_29,1,21,adet,TR,,O,29,21
post_0029_29,1,22,ok,EN,,O,29,22
post_0029_29,1,23,saplar,TR,,O,29,23
post_0029_29,1,24,bu,TR,,O,29,24
post_0029_29,1,25,şarkı,TR,,O,29,25
post_0030_30,1,0,en,TR,,O,30,0
post_0030_30,1,1,compassionate,EN,,O,30,1
post_0030_30,1,2,seçim,TR,,O,30,2
post_0030_30,1,3,durum,TR,,O,30,3
post_0030_30,2,0,bugün,TR,,O,30,0
post_0030_30,2,1,patatesli,TR,,O,30,1
post_0030_30,2,2,gözleme,TR,,O,30,2
post_0030_30,2,3,söylemiştim,TR,,O,30,3
post_0030_30,3,0,aldım,TR,,O,30,0
post_0030_30,3,1,geldim,TR,,O,30,1
post_0030_30,3,2,odama,TR,,O,30,2
post_0030_30,3,3,yiyorum,TR,,O,30,3
post_0030_30,4,0,yarısına,TR,,O,30,0
post_0030_30,4,1,gelmeden,TR,,O,30,1
post_0030_30,4,2,bi,TR,,O,30,2
post_0030_30,4,3,tuhaflık,TR,,O,30,3
post_0030_30,4,4,hissettim,TR,,O,30,4
post_0030_30,5,0,bi,TR,,O,30,0
post_0030_30,5,1,ekşi,TR,,O,30,1
post_0030_30,5,2,gibi,TR,,O,30,2
post_0030_30,5,3,yumuşak,TR,,O,30,4
post_0030_30,5,4,ama,TR,,O,30,5
post_0030_30,5,5,nahoş,TR,,O,30,6
post_0030_30,5,6,gibi,TR,,O,30,7
post_0030_30,5,7,geldi,TR,,O,30,8
post_0030_30,5,8,birden,TR,,O,30,9
post_0030_30,6,0,bozulmuş,TR,,O,30,0
post_0030_30,6,1,mu,TR,,O,30,1
post_0030_30,6,2,ki,TR,,O,30,2
post_0030_30,6,3,dedim,TR,,O,30,3
post_0030_30,6,4,kendi,TR,,O,30,4
post_0030_30,6,5,kendime,TR,,O,30,5
post_0030_30,7,0,içini,TR,,O,30,0
post_0030_30,7,1,açtım,TR,,O,30,1
post_0030_30,7,2,bir,TR,,O,30,2
post_0030_30,7,3,dilimin,TR,,O,30,3
post_0030_30,7,4,ve,TR,,O,30,4
post_0030_30,7,5,kaşarlı,TR,,O,30,5
post_0030_30,7,6,olduğunu,TR,,O,30,6
post_0030_30,7,7,gördüm,TR,,O,30,7
post_0030_30,8,0,o,TR,,O,30,0
post_0030_30,8,1,şerefsiz,TR,,O,30,1
post_0030_30,8,2,kantinciler,TR,,O,30,2
post_0030_30,8,3,bir,TR,,O,30,3
post_0030_30,8,4,güzel,TR,,O,30,4
post_0030_30,8,5,küfür,TR,,O,30,5
post_0030_30,8,6,yedi,TR,,O,30,6
post_0030_30,8,7,tabi,TR,,O,30,7
post_0030_30,8,8,benden,TR,,O,30,8
post_0030_30,9,0,üzerinden,TR,,O,30,0
post_0030_30,9,1,saat,TR,,O,30,2
post_0030_30,9,2,geçti,TR,,O,30,3
post_0030_30,9,3,tadı,TR,,O,30,5
post_0030_30,9,4,gitsin,TR,,O,30,6
post_0030_30,9,5,diye,TR,,O,30,7
post_0030_30,9,6,sigara,TR,,O,30,9
post_0030_30,9,7,içtim,TR,,O,30,10
post_0030_30,9,8,en,TR,,O,30,11
post_0030_30,9,9,az,TR,,O,30,12
post_0030_30,9,10,kola,TR,,O,30,14
post_0030_30,9,11,içtim,TR,,O,30,15
post_0030_30,9,12,cips,TR,,O,30,17
post_0030_30,9,13,aldım,TR,,O,30,18
post_0030_30,9,14,onu,TR,,O,30,19
post_0030_30,9,15,yedim,TR,,O,30,20
post_0030_30,9,16,ama,TR,,O,30,21
post_0030_30,9,17,halen,TR,,O,30,22
post_0030_30,9,18,bi,TR,,O,30,23
post_0030_30,9,19,tuhaf,TR,,O,30,24
post_0030_30,9,20,hissediyorum,TR,,O,30,25
post_0030_30,9,21,lan,TR,,O,30,26
post_0030_30,10,0,böyl,TR,,O,30,0
post_0030_30,10,1,boğazıma,TR,,O,30,1
post_0030_30,10,2,yapışmış,TR,,O,30,2
post_0030_30,10,3,tüm,TR,,O,30,3
post_0030_30,10,4,kaşarlar,TR,,O,30,4
post_0030_30,10,5,gibi,TR,,O,30,5
post_0030_30,10,6,yumuşak,TR,,O,30,6
post_0030_30,10,7,nahoş,TR,,O,30,8
post_0030_30,10,8,mide,TR,,O,30,10
post_0030_30,10,9,bulandırıcı,TR,,O,30,11
post_0030_30,10,10,bir,TR,,O,30,12
post_0030_30,10,11,his,TR,,O,30,13
post_0030_30,10,12,var,TR,,O,30,14
post_0030_30,11,0,ne,TR,,O,30,0
post_0030_30,11,1,pis,TR,,O,30,1
post_0030_30,11,2,insanlarsınız,TR,,O,30,2
post_0030_30,11,3,yahu,TR,,O,30,3
post_0030_30,11,4,her,TR,,O,30,4
post_0030_30,11,5,gün,TR,,O,30,5
post_0030_30,11,6,yiyorsunuz,TR,,O,30,6
post_0030_30,11,7,bunu,TR,,O,30,7
post_0031_31,1,0,bir,TR,,O,31,0
post_0031_31,1,1,de,TR,,O,31,1
post_0031_31,1,2,gluten-free,EN,,O,31,2
post_0031_31,1,3,veganlar,MIXED,MIXED,O,31,4
post_0031_31,1,4,vardır,TR,,O,31,5
post_0031_31,1,5,ki,TR,,O,31,6
post_0031_31,1,6,allah,TR,,O,31,7
post_0031_31,1,7,saklasın,TR,,O,31,8
post_0031_31,1,8,dünya,TR,,O,31,10
post_0031_31,1,9,nimetlerinden,TR,,O,31,11
post_0031_31,1,10,erken,TR,,O,31,12
post_0031_31,1,11,emekliye,TR,,O,31,13
post_0031_31,1,12,ayrılmış,TR,,O,31,14
post_0031_31,1,13,nefis,TR,,O,31,15
post_0031_31,1,14,terbiyecisidir,TR,,O,31,16
post_0031_31,1,15,bunlar,TR,,O,31,17
post_0032_32,1,0,bilinenin,TR,,O,32,0
post_0032_32,1,1,aksine,TR,,O,32,1
post_0032_32,1,2,vücudu,TR,,O,32,3
post_0032_32,1,3,geliştirmekten,TR,,O,32,4
post_0032_32,1,4,çok,TR,,O,32,5
post_0032_32,1,5,optimun,TR,,O,32,6
post_0032_32,1,6,hale,TR,,O,32,7
post_0032_32,1,7,getirmeyi,TR,,O,32,8
post_0032_32,1,8,amaçlar,TR,,O,32,9
post_0032_32,2,0,vücut,TR,,O,32,0
post_0032_32,2,1,geliştirme,TR,,O,32,1
post_0032_32,2,2,sporundaki,TR,,O,32,2
post_0032_32,2,3,çalışma,TR,,O,32,3
post_0032_32,2,4,prensiplerinin,TR,,O,32,4
post_0032_32,2,5,daha,TR,,O,32,6
post_0032_32,2,6,farklı,TR,,O,32,7
post_0032_32,2,7,programlarla,TR,,O,32,8
post_0032_32,2,8,çalışılmasıdır,TR,,O,32,9
post_0032_32,3,0,içine,TR,,O,32,0
post_0032_32,3,1,cardio,EN,,O,32,1
post_0032_32,3,2,da,TR,,O,32,2
post_0032_32,3,3,dahildir,TR,,O,32,3
post_0032_32,4,0,neyin,TR,,O,32,0
post_0032_32,4,1,fit,EN,,O,32,1
post_0032_32,4,2,neyin,TR,,O,32,2
post_0032_32,4,3,şişkin,TR,,O,32,3
post_0032_32,4,4,vücut,TR,,O,32,4
post_0032_32,4,5,olduğu,TR,,O,32,5
post_0032_32,4,6,kişiden,TR,,O,32,6
post_0032_32,4,7,kişiye,TR,,O,32,7
post_0032_32,4,8,değiştiğinden,TR,,O,32,8
post_0032_32,4,9,dolayı,TR,,O,32,9
post_0032_32,4,10,çoğu,TR,,O,32,11
post_0032_32,4,11,zaman,TR,,O,32,12
post_0032_32,4,12,body,EN,,O,32,13
post_0032_32,4,13,building,EN,,O,32,14
post_0032_32,4,14,ile,TR,,O,32,15
post_0032_32,4,15,karıştırılabilir,TR,,O,32,16
post_0033_33,1,0,yeni,TR,,O,33,0
post_0033_33,1,1,trendle,MIXED,MIXED,O,33,1
post_0033_33,1,2,adi,TR,,O,33,2
post_0033_33,1,3,wellness,EN,,O,33,3
post_0033_33,1,4,e,TR,,O,33,4
post_0033_33,1,5,degistirilmeye,TR,,O,33,5
post_0033_33,1,6,calisiliyor,TR,,O,33,6
post_0033_33,2,0,hemide,TR,,O,33,0
post_0033_33,2,1,mahalle,TR,,O,33,1
post_0033_33,2,2,aralarinda,TR,,O,33,2
post_0033_33,2,3,falan,TR,,O,33,3
post_0033_33,2,4,degil,TR,,O,33,4
post_0033_33,2,5,bizzat,TR,,O,33,6
post_0033_33,2,6,bu,TR,,O,33,7
post_0033_33,2,7,tur,TR,,O,33,8
post_0033_33,2,8,seylere,TR,,O,33,9
post_0033_33,2,9,norm,EN,,O,33,10
post_0033_33,2,10,koyan,TR,,O,33,11
post_0033_33,2,11,club,EN,,O,33,12
post_0033_33,2,12,med,EN,,O,33,13
post_0033_33,2,13,tarafindan,TR,,O,33,14
post_0033_33,3,0,demir,TR,,O,33,0
post_0033_33,3,1,kaldiriyorum,TR,,O,33,1
post_0033_33,3,2,ulan,TR,,O,33,2
post_0033_33,3,3,demir,TR,,O,33,4
post_0033_33,3,4,kaldirirken,TR,,O,33,5
post_0033_33,3,5,biraz,TR,,O,33,6
post_0033_33,3,6,etrafi,TR,,O,33,7
post_0033_33,3,7,kesme,TR,,O,33,8
post_0033_33,3,8,sonrasinda,TR,,O,33,9
post_0033_33,3,9,bir,TR,,O,33,10
post_0033_33,3,10,testosteron,TR,,O,33,11
post_0033_33,3,11,endorfin,TR,,O,33,12
post_0033_33,3,12,hucumunu,TR,,O,33,13
post_0033_33,3,13,yasama,TR,,O,33,14
post_0033_33,3,14,istegi,TR,,O,33,15
post_0033_33,3,15,budur,TR,,O,33,16
post_0033_33,4,0,sonra,TR,,O,33,0
post_0033_33,4,1,yok,TR,,O,33,1
post_0033_33,4,2,wellness,EN,,O,33,2
post_0033_33,4,3,mis,TR,,O,33,3
post_0033_33,4,4,kilo,TR,,O,33,6
post_0033_33,4,5,bench,EN,,O,33,7
post_0033_33,4,6,press,EN,,O,33,8
post_0033_33,4,7,in,TR,,O,33,9
post_0033_33,4,8,altina,TR,,O,33,10
post_0033_33,4,9,giren,TR,,O,33,11
post_0033_33,4,10,ayiya,TR,,O,33,12
post_0033_33,4,11,anlat,TR,,O,33,13
post_0033_33,4,12,sen,TR,,O,33,14
post_0033_33,4,13,o,TR,,O,33,15
post_0033_33,4,14,wellness,EN,,O,33,16
post_0033_33,4,15,i,TR,,O,33,17
post_0033_33,4,16,bana,EN,,O,33,18
post_0033_33,4,17,degil,TR,,O,33,19
post_0034_34,1,0,ronaldo'yla,NE,MIXED,B-PER,34,0
post_0034_34,1,1,messi'yle,NE,MIXED,B-PER,34,2
post_0034_34,1,2,değil,TR,,O,34,3
post_0034_34,1,3,ibrahimoviç'le,NE,MIXED,B-PER,34,4
post_0034_34,1,4,ronaldo'yla,NE,MIXED,B-PER,34,6
post_0034_34,1,5,the,EN,,O,34,8
post_0034_34,1,6,original,EN,,O,34,9
post_0034_34,1,7,zidane'la,NE,MIXED,B-PER,34,12
post_0034_34,1,8,hagi'yle,NE,MIXED,B-PER,34,14
post_0034_34,1,9,baggio'yla,NE,MIXED,B-PER,34,16
post_0034_34,1,10,güzel,TR,,O,34,17
post_0034_34,1,11,olan,TR,,O,34,18
post_0034_34,1,12,spor,TR,,O,34,19
post_0035_35,1,0,senelik,TR,,O,35,1
post_0035_35,1,1,bi,TR,,O,35,2
post_0035_35,1,2,uğraştan,TR,,O,35,3
post_0035_35,1,3,sora,TR,,O,35,4
post_0035_35,1,4,insan,TR,,O,35,5
post_0035_35,1,5,seviyo,TR,,O,35,6
post_0035_35,1,6,doal,TR,,O,35,7
post_0035_35,1,7,olarak,TR,,O,35,8
post_0035_35,2,0,atılan,TR,,O,35,0
post_0035_35,2,1,her,TR,,O,35,1
post_0035_35,2,2,şuttan,TR,,O,35,2
post_0035_35,2,3,sonra,TR,,O,35,3
post_0035_35,2,4,o,TR,,O,35,4
post_0035_35,2,5,yuvarlak,TR,,O,35,5
post_0035_35,2,6,turuncu,TR,,O,35,6
post_0035_35,2,7,şeyin,TR,,O,35,7
post_0035_35,2,8,fileden,TR,,O,35,8
post_0035_35,2,9,geçtikten,TR,,O,35,9
post_0035_35,2,10,sonra,TR,,O,35,10
post_0035_35,2,11,çıkardıı,TR,,O,35,11
post_0035_35,2,12,çuf'sesini,TR,,O,35,12
post_0035_35,2,13,hissedebilmek,TR,,O,35,13
post_0035_35,2,14,güsel,TR,,O,35,14
post_0035_35,2,15,bi,TR,,O,35,15
post_0035_35,2,16,duygu,TR,,O,35,16
post_0035_35,2,17,gerçekten,TR,,O,35,17
post_0035_35,3,0,i,EN,,O,35,0
post_0035_35,3,1,love,EN,,O,35,1
post_0035_35,3,2,this,EN,,O,35,2
post_0035_35,3,3,game,EN,,O,35,3
post_0036_36,1,0,müzik,TR,,O,36,0
post_0036_36,1,1,endüstrisi,TR,,O,36,1
post_0036_36,1,2,free,EN,,O,36,2
post_0036_36,1,3,downloadla,MIXED,MIXED,O,36,3
post_0036_36,1,4,sarsılıyor,TR,,O,36,4
post_0036_36,1,5,bunu,TR,,O,36,5
post_0036_36,1,6,nasıl,TR,,O,36,6
post_0036_36,1,7,alt,TR,,O,36,7
post_0036_36,1,8,ederiz,TR,,O,36,8
post_0036_36,1,9,başlıklı,TR,,O,36,9
post_0036_36,1,10,tartışmalara,TR,,O,36,10
post_0036_36,1,11,bir,TR,,O,36,11
post_0036_36,1,12,serinlik,TR,,O,36,12
post_0036_36,1,13,getirmiş,TR,,O,36,13
post_0036_36,1,14,programdır,TR,,O,36,14
post_0036_36,2,0,şimdilik,TR,,O,36,0
post_0036_36,2,1,yurtdışında,TR,,O,36,1
post_0036_36,2,2,muhtelif,TR,,O,36,2
post_0036_36,2,3,yerlerde,TR,,O,36,3
post_0036_36,2,4,muhtemeldir,TR,,O,36,5
post_0036_36,2,5,ki,TR,,O,36,6
post_0036_36,2,6,pazara,TR,,O,36,7
post_0036_36,2,7,etkin,TR,,O,36,8
post_0036_36,2,8,giriş,TR,,O,36,9
post_0036_36,2,9,için,TR,,O,36,10
post_0036_36,2,10,davetiyeyle,TR,,O,36,12
post_0036_36,2,11,ücretsiz,TR,,O,36,13
post_0036_36,2,12,kullanıma,TR,,O,36,14
post_0036_36,2,13,açık,TR,,O,36,15
post_0036_36,3,0,ama,TR,,O,36,0
post_0036_36,3,1,benim,TR,,O,36,1
post_0036_36,3,2,last,NE,,B-ORG,36,2
post_0036_36,4,0,fm,NE,,I-ORG,36,0
post_0036_36,4,1,im,TR,,O,36,1
post_0036_36,5,0,diye,TR,,O,36,0
post_0036_36,5,1,ağlayacakken,TR,,O,36,1
post_0036_36,5,2,tam,TR,,O,36,2
post_0036_36,5,3,last,NE,,B-ORG,36,3
post_0036_36,6,0,fm,NE,,I-ORG,36,0
post_0036_36,6,1,uygulaması,TR,,O,36,1
post_0036_36,6,2,olduğunu,TR,,O,36,2
post_0036_36,6,3,da,TR,,O,36,3
post_0036_36,6,4,öğrendim,TR,,O,36,4
post_0036_36,7,0,bundan,TR,,O,36,0
post_0036_36,7,1,mütevellit,TR,,O,36,1
post_0036_36,7,2,evi,TR,,O,36,2
post_0036_36,7,3,arabayı,TR,,O,36,3
post_0036_36,7,4,üzerine,TR,,O,36,4
post_0036_36,7,5,yapacağım,TR,,O,36,5
post_0036_36,7,6,tez,TR,,O,36,6
post_0036_36,7,7,zamanda,TR,,O,36,7
post_0037_37,1,0,do,EN,,O,37,0
post_0037_37,1,1,you,EN,,O,37,1
post_0037_37,1,2,mean,EN,,O,37,2
post_0037_37,1,3,fasilitesiyle,TR,,O,37,3
post_0037_37,1,4,adamı,TR,,O,37,4
post_0037_37,1,5,gülmekten,TR,,O,37,5
post_0037_37,1,6,altına,TR,,O,37,6
post_0037_37,1,7,sıçırtabilen,TR,,O,37,7
post_0037_37,1,8,search,EN,,O,37,8
post_0037_37,1,9,engine,EN,,O,37,9
post_0038_38,1,0,bir,TR,,O,38,0
post_0038_38,1,1,grafik,TR,,O,38,1
post_0038_38,1,2,happy,EN,,O,38,3
post_0038_38,1,3,halloween,NE,,B-EVENT,38,4
post_0038_38,1,4,diyerek,TR,,O,38,5
post_0038_38,1,5,halloween'i,NE,MIXED,I-EVENT,38,6
post_0038_38,1,6,kutlayan,TR,,O,38,7
post_0038_38,1,7,motor,TR,,O,38,8
post_0039_39,1,0,personalised,EN,,O,39,0
post_0039_39,1,1,search,EN,,O,39,1
post_0039_39,1,2,ister,TR,,O,39,2
post_0039_39,1,3,misin,TR,,O,39,3
post_0039_39,2,0,diye,TR,,O,39,0
post_0039_39,2,1,sordu,TR,,O,39,1
post_0039_39,2,2,bugun,TR,,O,39,2
post_0039_39,2,3,bana,TR,,O,39,3
post_0039_39,3,0,efendim,TR,,O,39,0
post_0039_39,3,1,canim,TR,,O,39,1
post_0039_39,3,2,anlamadim,TR,,O,39,3
post_0039_39,3,3,dedim,TR,,O,39,4
post_0039_39,4,0,istersen,TR,,O,39,0
post_0039_39,4,1,search,EN,,O,39,1
post_0039_39,4,2,historylerini,MIXED,MIXED,O,39,2
post_0039_39,4,3,bir,TR,,O,39,3
post_0039_39,4,4,kenarda,TR,,O,39,4
post_0039_39,4,5,tutar,TR,,O,39,5
post_0039_39,4,6,alakasiz,TR,,O,39,7
post_0039_39,4,7,sonuclari,TR,,O,39,8
post_0039_39,4,8,eler,TR,,O,39,9
post_0039_39,4,9,senle,TR,,O,39,11
post_0039_39,4,10,ilgili,TR,,O,39,12
post_0039_39,4,11,olanlari,TR,,O,39,13
post_0039_39,4,12,onune,TR,,O,39,14
post_0039_39,4,13,koyarim,TR,,O,39,15
post_0039_39,4,14,dedi,TR,,O,39,16
post_0039_39,5,0,yok,TR,,O,39,0
post_0039_39,5,1,artik,TR,,O,39,1
post_0039_39,5,2,lebron,NE,,B-PER,39,2
post_0039_39,5,3,james,NE,,I-PER,39,3
post_0039_39,5,4,dedim,TR,,O,39,4
post_0039_39,6,0,yaa,TR,,O,39,0
post_0039_39,6,1,yaa,TR,,O,39,1
post_0039_39,6,2,dedi,TR,,O,39,2
post_0039_39,7,0,gavur,TR,,O,39,0
post_0039_39,7,1,yapmis,TR,,O,39,1
post_0039_39,7,2,diyecektim,TR,,O,39,2
post_0039_39,7,3,yine,TR,,O,39,4
post_0039_39,7,4,bir,TR,,O,39,5
post_0039_39,7,5,cevap,TR,,O,39,6
post_0039_39,7,6,yapistirir,TR,,O,39,7
post_0039_39,7,7,diye,TR,,O,39,8
post_0039_39,7,8,sustum,TR,,O,39,9
post_0040_40,1,0,hello,EN,,O,40,0
post_0040_40,1,1,world,EN,,O,40,1
post_0040_40,1,2,yazmak,TR,,O,40,2
post_0040_40,1,3,için,TR,,O,40,3
post_0040_40,1,4,bir,TR,,O,40,4
post_0040_40,1,5,easter,EN,,O,40,5
post_0040_40,1,6,egg'i,MIXED,MIXED,O,40,6
post_0040_40,1,7,varmış,TR,,O,40,7
post_0040_40,2,0,import,EN,,O,40,1
post_0040_40,2,1,hello,EN,,O,40,2
post_0040_40,2,2,hello,EN,,O,40,3
post_0040_40,2,3,world,EN,,O,40,4
post_001_41,1,0,twitter'a,NE,MIXED,B-ORG,41,0
post_001_41,1,1,ancak,TR,,O,41,1
post_001_41,1,2,google,NE,,B-ORG,41,2
post_001_41,1,3,talk,EN,,O,41,3
post_001_41,1,4,ile,TR,,O,41,4
post_001_41,1,5,msn'e,NE,MIXED,B-ORG,41,5
post_001_41,1,6,orkut,TR,,O,41,6
post_001_41,1,7,ile,TR,,O,41,7
post_001_41,1,8,facebook'a,NE,MIXED,B-ORG,41,8
post_001_41,1,9,atabildiği,TR,,O,41,9
post_001_41,1,10,kadar,TR,,O,41,10
post_001_41,1,11,kazık,TR,,O,41,11
post_001_41,1,12,atabileceğine,TR,,O,41,12
post_001_41,1,13,inandığım,TR,,O,41,13
post_001_41,1,14,internet,TR,,O,41,14
post_001_41,1,15,tanrısı,TR,,O,41,15
post_002_42,1,0,teniste,TR,,O,42,0
post_002_42,1,1,periyodik,TR,,O,42,1
post_002_42,1,2,olarak,TR,,O,42,2
post_002_42,1,3,tokat,TR,,O,42,3
post_002_42,1,4,manyagi,TR,,O,42,4
post_002_42,1,5,ettigim,TR,,O,42,5
post_002_42,1,6,burada,TR,,O,42,6
post_002_42,1,7,calisan,TR,,O,42,7
post_002_42,1,8,komsum,TR,,O,42,8
post_002_42,1,9,bugun,TR,,O,42,9
post_002_42,1,10,itibariyle,TR,,O,42,10
post_002_42,1,11,my,EN,,O,42,11
post_002_42,1,12,code,EN,,O,42,12
post_002_42,1,13,has,EN,,O,42,13
post_002_42,1,14,no,EN,,O,42,14
post_002_42,1,15,bugs,EN,,O,42,15
post_002_42,1,16,only,EN,,O,42,16
post_002_42,1,17,features,EN,,O,42,17
post_002_42,1,18,lafi,TR,,O,42,18
post_002_42,1,19,etmistir,TR,,O,42,19
post_002_42,1,20,bu,TR,,O,42,20
post_002_42,1,21,sirket,TR,,O,42,21
post_002_42,1,22,hakkindaki,TR,,O,42,22
post_002_42,1,23,goruslerim,TR,,O,42,23
post_002_42,1,24,degismistir,TR,,O,42,24
post_002_42,1,25,ayni,TR,,O,42,26
post_002_42,1,26,kisi,TR,,O,42,27
post_002_42,1,27,bir,TR,,O,42,28
post_002_42,1,28,suredir,TR,,O,42,29
post_002_42,1,29,gizli,TR,,O,42,30
post_002_42,1,30,gizli,TR,,O,42,31
post_002_42,1,31,google,NE,,B-ORG,42,32
post_002_42,1,32,chrome,NE,,I-ORG,42,33
post_002_42,1,33,uzerinde,TR,,O,42,34
post_002_42,1,34,calisiyormus,TR,,O,42,35
post_002_42,1,35,megersem,TR,,O,42,36
post_002_42,1,36,ne,TR,,O,42,37
post_002_42,1,37,is,TR,,O,42,38
post_002_42,1,38,yaparsin,TR,,O,42,39
post_002_42,1,39,dedigimde,TR,,O,42,40
post_002_42,1,40,internal,EN,,O,42,41
post_002_42,1,41,toollar,MIXED,MIXED,O,42,42
post_002_42,1,42,abi,TR,,O,42,43
post_002_42,1,43,diyordu,TR,,O,42,44
post_003_43,1,0,türkçe,TR,,O,43,0
post_003_43,1,1,reklam,TR,,O,43,1
post_003_43,1,2,çıkınca,TR,,O,43,2
post_003_43,1,3,beni,TR,,O,43,3
post_003_43,1,4,de,TR,,O,43,4
post_003_43,1,5,çok,TR,,O,43,5
post_003_43,1,6,şaşırtmış,TR,,O,43,6
post_003_43,1,7,servistir,TR,,O,43,7
post_003_43,1,8,eğer,TR,,O,43,9
post_003_43,1,9,ki,TR,,O,43,10
post_003_43,1,10,tl,TR,,O,43,12
post_003_43,1,11,aylık,TR,,O,43,13
post_003_43,1,12,premiuma,MIXED,MIXED,O,43,14
post_003_43,1,13,mobil,TR,,O,43,15
post_003_43,1,14,de,TR,,O,43,16
post_003_43,1,15,dahilse,TR,,O,43,17
post_003_43,1,16,düşünmeden,TR,,O,43,18
post_003_43,1,17,abone,TR,,O,43,19
post_003_43,1,18,olacağım,TR,,O,43,20
post_003_43,1,19,servistir,TR,,O,43,21
post_003_43,1,20,düzenleme,TR,,O,43,23
post_003_43,1,21,gelen,TR,,O,43,24
post_003_43,1,22,mesajlar,TR,,O,43,25
post_003_43,1,23,doğrultusunda,TR,,O,43,26
post_003_43,1,24,tl,TR,,O,43,28
post_003_43,1,25,sadece,TR,,O,43,29
post_003_43,1,26,pc'de,MIXED,MIXED,O,43,30
post_003_43,1,27,dinlemek,TR,,O,43,31
post_003_43,1,28,içinmiş,TR,,O,43,32
post_003_43,1,29,spotify,NE,,B-PROD,43,33
post_003_43,1,30,sınrısız,TR,,O,43,34
post_003_43,1,31,diyor,TR,,O,43,35
post_003_43,1,32,reklamda,TR,,O,43,36
post_003_43,1,33,zaten,TR,,O,43,37
post_003_43,1,34,yani,TR,,O,43,38
post_003_43,1,35,unlimited,EN,,O,43,39
post_003_43,1,36,mobil,TR,,O,43,41
post_003_43,1,37,de,TR,,O,43,42
post_003_43,1,38,tl,TR,,O,43,44
post_003_43,1,39,olur,TR,,O,43,45
post_003_43,1,40,o,TR,,O,43,46
post_003_43,1,41,zaman,TR,,O,43,47
post_004_44,1,0,kelime,TR,,O,44,0
post_004_44,1,1,anlamına,TR,,O,44,1
post_004_44,1,2,göre,TR,,O,44,2
post_004_44,1,3,insan,TR,,O,44,3
post_004_44,1,4,bir,TR,,O,44,4
post_004_44,1,5,şeyler,TR,,O,44,5
post_004_44,1,6,bekliyor,TR,,O,44,6
post_004_44,1,7,ama,TR,,O,44,7
post_004_44,1,8,gel,TR,,O,44,8
post_004_44,1,9,gör,TR,,O,44,9
post_004_44,1,10,ki,TR,,O,44,10
post_004_44,1,11,bedava,TR,,O,44,11
post_004_44,1,12,ürün,TR,,O,44,12
post_004_44,1,13,göndereni,TR,,O,44,13
post_004_44,1,14,övmek,TR,,O,44,14
post_004_44,1,15,ve,TR,,O,44,15
post_004_44,1,16,trendyol,MIXED,MIXED,O,44,16
post_004_44,1,17,linki,MIXED,MIXED,O,44,17
post_004_44,1,18,paylaşmak,TR,,O,44,18
post_004_44,1,19,harici,TR,,O,44,19
post_004_44,1,20,bir,TR,,O,44,20
post_004_44,1,21,şey,TR,,O,44,21
post_004_44,1,22,yapmıyorlar,TR,,O,44,22
post_004_44,1,23,inanılmaz,TR,,O,44,24
post_004_44,1,24,beleş,TR,,O,44,25
post_004_44,1,25,bir,TR,,O,44,26
post_004_44,1,26,hayatları,TR,,O,44,27
post_004_44,1,27,var,TR,,O,44,28
post_004_44,1,28,kime,TR,,O,44,30
post_004_44,1,29,nasıl,TR,,O,44,31
post_004_44,1,30,influence,EN,,O,44,32
post_004_44,1,31,ediyorlar,TR,,O,44,33
post_004_44,1,32,derseniz,TR,,O,44,34
post_004_44,1,33,debedeki,TR,,O,44,35
post_004_44,1,34,entryden,MIXED,MIXED,O,44,36
post_004_44,1,35,görüp,TR,,O,44,37
post_004_44,1,36,girdiğim,TR,,O,44,38
post_004_44,1,37,cansu,NE,,B-PER,44,39
post_004_44,1,38,diye,TR,,O,44,40
post_004_44,1,39,bir,TR,,O,44,41
post_004_44,1,40,kızın,TR,,O,44,42
post_004_44,1,41,profiline,TR,,O,44,43
post_004_44,1,42,baktım,TR,,O,44,44
post_004_44,1,43,gördüm,TR,,O,44,45
post_004_44,1,44,şurada,TR,,O,44,48
post_004_44,1,45,kızın,TR,,O,44,49
post_004_44,1,46,düz,TR,,O,44,50
post_004_44,1,47,beyaz,TR,,O,44,51
post_004_44,1,48,eşofmanını,TR,,O,44,52
post_004_44,1,49,nerden,TR,,O,44,53
post_004_44,1,50,diye,TR,,O,44,54
post_004_44,1,51,sormuşlar,TR,,O,44,55
post_004_44,1,52,skjckadakj,AMBIGUOUS,,O,44,56
post_004_44,1,53,git,TR,,O,44,57
post_004_44,1,54,pazardan,TR,,O,44,58
post_004_44,1,55,al,TR,,O,44,59
post_004_44,1,56,giy,TR,,O,44,60
post_004_44,1,57,işte,TR,,O,44,61
post_004_44,1,58,bunu,TR,,O,44,62
post_004_44,1,59,neden,TR,,O,44,63
post_004_44,1,60,soruyosun,TR,,O,44,64
post_004_44,1,61,yani,TR,,O,44,65
post_004_44,1,62,her,TR,,O,44,67
post_004_44,1,63,şeyi,TR,,O,44,68
post_004_44,1,64,soruyorlar,TR,,O,44,69
post_004_44,1,65,herrrrrr,TR,,O,44,70
post_004_44,1,66,şeyi,TR,,O,44,71
post_004_44,1,67,halkımız,TR,,O,44,73
post_004_44,1,68,ilham,TR,,O,44,74
post_004_44,1,69,almak,TR,,O,44,75
post_004_44,1,70,istemiyor,TR,,O,44,76
post_004_44,1,71,halkımız,TR,,O,44,78
post_004_44,1,72,cevap,TR,,O,44,79
post_004_44,1,73,bekliyor,TR,,O,44,80
post_004_44,1,74,o,TR,,O,44,82
post_004_44,1,75,aşortmanı,TR,,O,44,83
post_004_44,1,76,nerden,TR,,O,44,84
post_004_44,1,77,aldın,TR,,O,44,85
post_004_44,1,78,o,TR,,O,44,87
post_004_44,1,79,koltuğu,TR,,O,44,88
post_004_44,1,80,nerden,TR,,O,44,89
post_004_44,1,81,aldın,TR,,O,44,90
post_004_44,1,82,o,TR,,O,44,92
post_004_44,1,83,tuvalet,TR,,O,44,93
post_004_44,1,84,fırçasını,TR,,O,44,94
post_004_44,1,85,nerden,TR,,O,44,95
post_004_44,1,86,aldın,TR,,O,44,96
post_004_44,1,87,işte,TR,,O,44,98
post_004_44,1,88,bunlara,TR,,O,44,99
post_004_44,1,89,cevap,TR,,O,44,100
post_004_44,1,90,veren,TR,,O,44,101
post_004_44,1,91,insan,TR,,O,44,102
post_004_44,1,92,influencer,EN,,O,44,103
post_004_44,1,93,oluyor,TR,,O,44,104
post_004_44,1,94,süper,TR,,O,44,106
post_004_44,1,95,tanım,TR,,O,44,107
post_004_44,1,96,oldu,TR,,O,44,108
post_004_44,1,97,karantinanın,TR,,O,44,110
post_004_44,1,98,ilk,TR,,O,44,111
post_004_44,1,99,haftaları,TR,,O,44,112
post_004_44,1,100,herkes,TR,,O,44,113
post_004_44,1,101,kargolara,TR,,O,44,114
post_004_44,1,102,yüklenmişken,TR,,O,44,115
post_004_44,1,103,bu,TR,,O,44,116
post_004_44,1,104,manyaklardan,TR,,O,44,117
post_004_44,1,105,biri,TR,,O,44,118
post_004_44,1,106,halı,TR,,O,44,119
post_004_44,1,107,linki,MIXED,MIXED,O,44,120
post_004_44,1,108,paylaşmıştı,TR,,O,44,121
post_004_44,1,109,çok,TR,,O,44,122
post_004_44,1,110,sordunuz,TR,,O,44,123
post_004_44,1,111,diye,TR,,O,44,124
post_004_44,1,112,kasdjkajh,OTHER,,O,44,125
post_004_44,1,113,umarım,TR,,O,44,126
post_004_44,1,114,o,TR,,O,44,127
post_004_44,1,115,dönem,TR,,O,44,128
post_004_44,1,116,halı,TR,,O,44,129
post_004_44,1,117,taşımak,TR,,O,44,130
post_004_44,1,118,zorunda,TR,,O,44,131
post_004_44,1,119,kalmamıştır,TR,,O,44,132
post_004_44,1,120,kimse,TR,,O,44,133
post_004_44,1,121,kendi,TR,,O,44,135
post_004_44,1,122,bedava,TR,,O,44,136
post_004_44,1,123,yaşayacak,TR,,O,44,137
post_004_44,1,124,diye,TR,,O,44,138
post_004_44,1,125,üç,TR,,O,44,139
post_004_44,1,126,kuruş,TR,,O,44,140
post_004_44,1,127,paraya,TR,,O,44,141
post_004_44,1,128,deli,TR,,O,44,142
post_004_44,1,129,gibi,TR,,O,44,143
post_004_44,1,130,çalışan,TR,,O,44,144
post_004_44,1,131,insanlara,TR,,O,44,145
post_004_44,1,132,halı,TR,,O,44,146
post_004_44,1,133,taşıtmaya,TR,,O,44,147
post_004_44,1,134,kalkıyorlar,TR,,O,44,148
post_004_44,1,135,canım,TR,,O,44,150
post_004_44,1,136,influencerlar,MIXED,MIXED,O,44,151
post_004_44,1,137,influencerlarımız,MIXED,MIXED,O,44,153
post_004_44,1,138,bütün,TR,,O,44,155
post_004_44,1,139,gün,TR,,O,44,156
post_004_44,1,140,fotoğraf,TR,,O,44,157
post_004_44,1,141,çekip,TR,,O,44,158
post_004_44,1,142,o,TR,,O,44,159
post_004_44,1,143,fotoğrafları,TR,,O,44,160
post_004_44,1,144,editleyip,MIXED,MIXED,O,44,161
post_004_44,1,145,insanlara,TR,,O,44,162
post_004_44,1,146,bir,TR,,O,44,163
post_004_44,1,147,şey,TR,,O,44,164
post_004_44,1,148,satmaya,TR,,O,44,165
post_004_44,1,149,çalışıp,TR,,O,44,166
post_004_44,1,150,bunun,TR,,O,44,167
post_004_44,1,151,adına,TR,,O,44,168
post_004_44,1,152,içerik,TR,,O,44,169
post_004_44,1,153,üretimi,TR,,O,44,170
post_004_44,1,154,diyen,TR,,O,44,171
post_004_44,1,155,parazit,TR,,O,44,172
post_004_44,1,156,yaşam,TR,,O,44,173
post_004_44,1,157,formlarımız,MIXED,MIXED,O,44,174
post_004_44,1,158,influencerlarımız,MIXED,MIXED,O,44,175
post_005_45,1,0,minecraft,NE,,B-PROD,45,0
post_005_45,1,1,filminden,TR,,O,45,1
post_005_45,1,2,ilk,TR,,O,45,2
post_005_45,1,3,teaser,EN,,O,45,3
post_005_45,1,4,gelmiş,TR,,O,45,4
post_005_45,1,5,ve,TR,,O,45,5
post_005_45,1,6,aşırı,TR,,O,45,6
post_005_45,1,7,kötü,TR,,O,45,7
post_005_45,1,8,olmuş,TR,,O,45,8
post_005_45,1,9,oğlum,TR,,O,45,10
post_005_45,1,10,bu,TR,,O,45,11
post_005_45,1,11,ne,TR,,O,45,12
post_005_45,1,12,lan,TR,,O,45,13
post_005_45,1,13,youtuber'ların,MIXED,MIXED,O,45,15
post_005_45,1,14,çektiği,TR,,O,45,16
post_005_45,1,15,green,EN,,O,45,17
post_005_45,1,16,screen'li,MIXED,MIXED,O,45,18
post_005_45,1,17,parodi,TR,,O,45,19
post_005_45,1,18,videoları,TR,,O,45,20
post_005_45,1,19,gibi,TR,,O,45,21
post_005_45,1,20,olmuş,TR,,O,45,22
post_005_45,1,21,resmen,TR,,O,45,23
post_006_46,1,0,iyi,TR,,O,46,0
post_006_46,1,1,örneklere,TR,,O,46,1
post_006_46,1,2,reddit,NE,,B-PROD,46,2
post_006_46,1,3,üzerinden,TR,,O,46,3
post_006_46,1,4,bakabilirsiniz,TR,,O,46,4
post_006_46,1,5,bazen,TR,,O,46,6
post_006_46,1,6,çok,TR,,O,46,7
post_006_46,1,7,gerçekçi,TR,,O,46,8
post_006_46,1,8,ya,TR,,O,46,9
post_006_46,1,9,da,TR,,O,46,10
post_006_46,1,10,yaratıcı,TR,,O,46,11
post_006_46,1,11,işler,TR,,O,46,12
post_006_46,1,12,görüyorum,TR,,O,46,13
post_006_46,1,13,para,TR,,O,46,15
post_006_46,1,14,kazananlar,TR,,O,46,16
post_006_46,1,15,falan,TR,,O,46,17
post_006_46,1,16,da,TR,,O,46,18
post_006_46,1,17,var,TR,,O,46,19
post_006_46,1,18,biri,TR,,O,46,21
post_006_46,1,19,takipçilerinin,TR,,O,46,22
post_006_46,1,20,arabalarının,TR,,O,46,23
post_006_46,1,21,ai,EN,,O,46,24
post_006_46,1,22,versiyonunu,TR,,O,46,25
post_006_46,1,23,yaparak,TR,,O,46,26
post_006_46,1,24,dolar,TR,,O,46,28
post_006_46,1,25,kazanmıştı,TR,,O,46,29
post_006_46,1,26,geçenlerde,TR,,O,46,30
post_006_46,1,27,şu,TR,,O,46,33
post_006_46,1,28,post,EN,,O,46,34
post_006_46,1,29,ile,TR,,O,46,35
post_006_46,1,30,sene,TR,,O,46,37
post_006_46,1,31,içerisindeki,TR,,O,46,38
post_006_46,1,32,ivmesini,TR,,O,46,39
post_006_46,1,33,görebilirsiniz,TR,,O,46,40
post_006_46,1,34,aynı,TR,,O,46,42
post_006_46,1,35,promt,EN,,O,46,43
post_006_46,1,36,kullanılarak,TR,,O,46,44
post_006_46,1,37,sonuçlar,TR,,O,46,45
post_006_46,1,38,paylaşılmış,TR,,O,46,46
post_006_46,1,39,game,EN,,O,46,49
post_006_46,1,40,of,EN,,O,46,50
post_006_46,1,41,friends,EN,,O,46,51
post_006_46,1,42,bunun,TR,,O,46,53
post_006_46,1,43,gibi,TR,,O,46,54
post_006_46,1,44,denemeleri,TR,,O,46,55
post_006_46,1,45,seviyorum,TR,,O,46,56
post_006_46,1,46,komik,TR,,O,46,58
post_006_46,1,47,oluyorlar,TR,,O,46,59
post_007_47,1,0,cnbc-e,NE,MIXED,B-ORG,47,0
post_007_47,1,1,kapandıktan,TR,,O,47,1
post_007_47,1,2,sonrası,TR,,O,47,2
post_007_47,1,3,eski,TR,,O,47,3
post_007_47,1,4,tadı,TR,,O,47,4
post_007_47,1,5,tuzu,TR,,O,47,5
post_007_47,1,6,yoktu,TR,,O,47,6
post_007_47,1,7,hiçbir,TR,,O,47,7
post_007_47,1,8,şeyin,TR,,O,47,8
post_007_47,1,9,benim,TR,,O,47,9
post_007_47,1,10,için,TR,,O,47,10
post_007_47,1,11,karanlık,TR,,O,47,12
post_007_47,1,12,çağ,TR,,O,47,13
post_007_47,1,13,resmen,TR,,O,47,14
post_007_47,1,14,iyi,TR,,O,47,15
post_007_47,1,15,oldu,TR,,O,47,16
post_007_47,1,16,prime,NE,,B-PROD,47,17
post_007_47,1,17,video,NE,,I-PROD,47,18
post_007_47,1,18,tabi,TR,,O,47,20
post_007_47,1,19,netflix,NE,,B-PROD,47,21
post_007_47,1,20,ile,TR,,O,47,22
post_007_47,1,21,karşılaştırmak,TR,,O,47,23
post_007_47,1,22,abes,TR,,O,47,24
post_007_47,1,23,olur,TR,,O,47,25
post_007_47,1,24,ama,TR,,O,47,27
post_007_47,1,25,şu,TR,,O,47,28
post_007_47,1,26,açıdan,TR,,O,47,29
post_007_47,1,27,çok,TR,,O,47,30
post_007_47,1,28,iyi,TR,,O,47,31
post_007_47,1,29,benim,TR,,O,47,32
post_007_47,1,30,için,TR,,O,47,33
post_007_47,1,31,çocukluğumda,TR,,O,47,35
post_007_47,1,32,ve,TR,,O,47,36
post_007_47,1,33,ergenliğimde,TR,,O,47,37
post_007_47,1,34,izlediğim,TR,,O,47,38
post_007_47,1,35,eski,TR,,O,47,39
post_007_47,1,36,klasik,TR,,O,47,40
post_007_47,1,37,dizileri,TR,,O,47,41
post_007_47,1,38,bünyesinde,TR,,O,47,42
post_007_47,1,39,barındırmasıyla,TR,,O,47,43
post_007_47,1,40,beni,TR,,O,47,44
post_007_47,1,41,mutlu,TR,,O,47,45
post_007_47,1,42,etmiş,TR,,O,47,46
post_007_47,1,43,platform,AMBIGUOUS,,O,47,47
post_007_47,1,44,the,NE,,B-TITLE,47,49
post_007_47,1,45,x,NE,,I-TITLE,47,50
post_007_47,1,46,files,NE,,I-TITLE,47,51
post_007_47,1,47,battlestar,NE,,B-TITLE,47,53
post_007_47,1,48,galactica,NE,,I-TITLE,47,54
post_007_47,1,49,dr,NE,,B-TITLE,47,55
post_007_47,1,50,house,NE,,I-TITLE,47,57
post_007_47,1,51,bones,NE,,B-TITLE,47,58
post_007_47,1,52,the,NE,,B-TITLE,47,59
post_007_47,1,53,tudors,NE,,I-TITLE,47,60
post_007_47,1,54,prison,NE,,B-TITLE,47,61
post_007_47,1,55,break,NE,,I-TITLE,47,62
post_007_47,1,56,seinfeld,NE,,I-TITLE,47,63
post_007_47,1,57,heroes,NE,,B-TITLE,47,64
post_007_47,1,58,buffy,NE,,B-TITLE,47,65
post_007_47,1,59,bir,TR,,O,47,67
post_007_47,1,60,de,TR,,O,47,68
post_007_47,1,61,dexter,NE,,B-TITLE,47,69
post_007_47,1,62,gelse,TR,,O,47,70
post_007_47,1,63,ya,TR,,O,47,71
post_007_47,1,64,nip/tuck,NE,,B-TITLE,47,71
post_007_47,1,65,rome,NE,,B-TITLE,47,74
post_007_47,1,66,yenilerden,TR,,O,47,76
post_007_47,1,67,de,TR,,O,47,77
post_007_47,1,68,güzel,TR,,O,47,78
post_007_47,1,69,diziler,TR,,O,47,79
post_007_47,1,70,var,TR,,O,47,80
post_007_47,1,71,tabi,TR,,O,47,81
post_007_47,1,72,the,NE,,B-TITLE,47,83
post_007_47,1,73,night,NE,,I-TITLE,47,84
post_007_47,1,74,manager,NE,,I-TITLE,47,85
post_007_47,1,75,gerçi,TR,,O,47,86
post_007_47,1,76,bunu,TR,,O,47,87
post_007_47,1,77,amazon,NE,,B-ORG,47,88
post_007_47,1,78,öncesinde,TR,,O,47,89
post_007_47,1,79,daha,TR,,O,47,90
post_007_47,1,80,ilk,TR,,O,47,91
post_007_47,1,81,çekildiğinde,TR,,O,47,92
post_007_47,1,82,izlemiştim,TR,,O,47,93
post_007_47,1,83,absentia,EN,,B-TITLE,47,94
post_007_47,1,84,fleabag,NE,,B-TITLE,47,95
post_007_47,1,85,jack,NE,,B-TITLE,47,97
post_007_47,1,86,ryan'a,NE,MIXED,I-TITLE,47,98
post_007_47,1,87,başlayacağım,TR,,O,47,99
post_007_47,1,88,ancak,TR,,O,47,100
post_007_47,1,89,sömestr'da,TR,,O,47,101
post_008_48,1,0,project10,NE,,B-OTHER,48,0
post_008_48,1,1,to,NE,,I-OTHER,48,1
post_008_48,1,2,the,NE,,I-OTHER,48,2
post_008_48,1,3,100,NE,,I-OTHER,48,3
post_008_48,1,4,diye,TR,,O,48,4
post_008_48,1,5,bi,TR,,O,48,5
post_008_48,1,6,link,EN,,O,48,6
post_008_48,1,7,vermişler,TR,,O,48,7
post_008_48,1,8,bugün,TR,,O,48,8
post_008_48,1,9,gördüm,TR,,O,48,9
post_008_48,1,10,bir,TR,,O,48,11
post_008_48,1,11,fikre,TR,,O,48,12
post_008_48,1,12,oy,TR,,O,48,13
post_008_48,1,13,verin,TR,,O,48,14
post_008_48,1,14,ve,TR,,O,48,15
post_008_48,1,15,dünyayı,TR,,O,48,16
post_008_48,1,16,değiştirmeye,TR,,O,48,17
post_008_48,1,17,yardım,TR,,O,48,18
post_008_48,1,18,edin,TR,,O,48,19
post_008_48,1,19,yazmışlar,TR,,O,48,20
post_008_48,1,20,yanına,TR,,O,48,21
post_008_48,1,21,da,TR,,O,48,22
post_008_48,1,22,bilim,TR,,O,48,24
post_008_48,1,23,ve,TR,,O,48,25
post_008_48,1,24,mühendislik,TR,,O,48,26
post_008_48,1,25,eğitimini,TR,,O,48,27
post_008_48,1,26,geliştirmek,TR,,O,48,28
post_008_48,1,27,afrikalı,TR,,O,48,29
post_008_48,1,28,öğrencilere,TR,,O,48,30
post_008_48,1,29,kaliteli,TR,,O,48,31
post_008_48,1,30,eğitim,TR,,O,48,32
post_008_48,1,31,toplu,TR,,O,48,33
post_008_48,1,32,taşımacılıkta,TR,,O,48,34
post_008_48,1,33,yeni,TR,,O,48,35
post_008_48,1,34,yöntemler,TR,,O,48,36
post_008_48,1,35,vb,TR,,O,48,37
post_008_48,1,36,konuları,TR,,O,48,38
post_008_48,1,37,içeriyor,TR,,O,48,39
post_008_48,1,38,oy,TR,,O,48,40
post_008_48,1,39,vermemizi,TR,,O,48,41
post_008_48,1,40,rica,TR,,O,48,42
post_008_48,1,41,etmişler,TR,,O,48,43
post_008_48,1,42,veririz,TR,,O,48,45
post_008_48,1,43,de,TR,,O,48,46
post_008_48,1,44,işe,TR,,O,48,47
post_008_48,1,45,yarasa,TR,,O,48,48
post_008_48,1,46,bari,TR,,O,48,49
post_009_49,1,0,filminin,TR,,O,49,0
post_009_49,1,1,teaser'i,MIXED,MIXED,O,49,1
post_009_49,1,2,yayinlanmis,TR,,O,49,2
post_009_49,1,3,yarrrrak,TR,,O,49,4
post_009_49,1,4,gibi,TR,,O,49,5
post_009_49,1,5,olmus,TR,,O,49,6
post_009_49,1,6,affedersin,TR,,O,49,7
post_009_49,1,7,gercek,TR,,O,49,9
post_009_49,1,8,dunya,TR,,O,49,10
post_009_49,1,9,oyun,TR,,O,49,11
post_009_49,1,10,dunyasina,TR,,O,49,12
post_009_49,1,11,isinlaniyor,TR,,O,49,13
post_009_49,1,12,konseptli,TR,,O,49,14
post_009_49,1,13,filmler,TR,,O,49,15
post_009_49,1,14,cok,TR,,O,49,16
post_009_49,1,15,corny,EN,,O,49,17
post_009_49,1,16,oluyor,TR,,O,49,18
post_009_49,1,17,be,TR,,O,49,19
post_009_49,1,18,bkz,TR,,O,49,21
post_009_49,1,19,jumanji,NE,,B-TITLE,49,22
post_009_49,1,20,remake,EN,,O,49,23
post_009_49,1,21,pixels,EN,,B-TITLE,49,24
post_009_49,1,22,vb,TR,,O,49,25
post_009_49,1,23,ilk,TR,,O,49,26
post_009_49,1,24,sonic,NE,,B-TITLE,49,27
post_009_49,1,25,fragmani,TR,,O,49,28
post_009_49,1,26,tadi,TR,,O,49,29
post_009_49,1,27,aldim,TR,,O,49,30
post_009_49,1,28,umarim,TR,,O,49,31
post_009_49,1,29,radikal,TR,,O,49,32
post_009_49,1,30,degisikliklere,TR,,O,49,33
post_009_49,1,31,gidilir,TR,,O,49,34
post_009_49,1,32,de,TR,,O,49,35
post_009_49,1,33,boyle,TR,,O,49,36
post_009_49,1,34,boktan,TR,,O,49,37
post_009_49,1,35,duran,TR,,O,49,38
post_009_49,1,36,bir,TR,,O,49,39
post_009_49,1,37,sey,TR,,O,49,40
post_009_49,1,38,cikmaz,TR,,O,49,41
post_009_49,1,39,ortaya,TR,,O,49,42
post_010_50,1,0,bugunun,TR,,O,50,0
post_010_50,1,1,trending,EN,,O,50,1
post_010_50,1,2,topiclerinden,MIXED,MIXED,O,50,2
post_010_50,1,3,biri,TR,,O,50,3
post_010_50,1,4,de,TR,,O,50,4
post_010_50,1,5,kullanicilarin,TR,,O,50,5
post_010_50,1,6,buyuk,TR,,O,50,6
post_010_50,1,7,cogunlugunun,TR,,O,50,7
post_010_50,1,8,yas,TR,,O,50,9
post_010_50,1,9,ustu,TR,,O,50,10
post_010_50,1,10,olmasi,TR,,O,50,11
post_010_50,1,11,ve,TR,,O,50,12
post_010_50,1,12,genclerin,TR,,O,50,13
post_010_50,1,13,pek,TR,,O,50,14
post_010_50,1,14,tweetlememesi,MIXED,MIXED,O,50,15
post_010_50,1,15,ilginc,TR,,O,50,17
post_011_51,1,0,bkz,TR,,O,51,0
post_011_51,1,1,react,NE,,B-PROD,51,1
post_011_51,1,2,hooks,EN,,O,51,2
post_011_51,1,3,cânım,TR,,O,51,3
post_011_51,1,4,hookslar,MIXED,MIXED,O,51,4
post_011_51,1,5,için,TR,,O,51,5
post_011_51,1,6,ayrı,TR,,O,51,6
post_011_51,1,7,bir,TR,,O,51,7
post_011_51,1,8,başlık,TR,,O,51,8
post_011_51,1,9,açılmış,TR,,O,51,9
post_011_51,1,10,bence,TR,,O,51,11
post_011_51,1,11,de,TR,,O,51,12
post_011_51,1,12,react'ten,NE,MIXED,B-PROD,51,13
post_011_51,1,13,daha,TR,,O,51,14
post_011_51,1,14,güzel,TR,,O,51,15
post_011_51,1,15,bir,TR,,O,51,16
post_011_51,1,16,şey,TR,,O,51,17
post_011_51,1,17,varsa,TR,,O,51,18
post_011_51,1,18,o,TR,,O,51,19
post_011_51,1,19,da,TR,,O,51,20
post_011_51,1,20,react,NE,,B-PROD,51,21
post_011_51,1,21,hookslardır,MIXED,MIXED,O,51,22
post_012_52,1,0,ben,TR,,O,52,0
post_012_52,1,1,bu,TR,,O,52,1
post_012_52,1,2,kadar,TR,,O,52,2
post_012_52,1,3,hastalıklı,TR,,O,52,3
post_012_52,1,4,bir,TR,,O,52,4
post_012_52,1,5,topluluk,TR,,O,52,5
post_012_52,1,6,görmedim,TR,,O,52,6
post_012_52,1,7,kendilerine,TR,,O,52,8
post_012_52,1,8,bunu,TR,,O,52,9
post_012_52,1,9,söylediğinde,TR,,O,52,10
post_012_52,1,10,içimizde,TR,,O,52,11
post_012_52,1,11,ki,TR,,O,52,12
post_012_52,1,12,toxiclere,MIXED,MIXED,O,52,13
post_012_52,1,13,bakmayın,TR,,O,52,14
post_012_52,1,14,gibi,TR,,O,52,15
post_012_52,1,15,cümleler,TR,,O,52,16
post_012_52,1,16,falan,TR,,O,52,17
post_012_52,1,17,kuruyorlar,TR,,O,52,18
post_012_52,1,18,fakat,TR,,O,52,19
post_012_52,1,19,belki,TR,,O,52,20
post_012_52,1,20,de,TR,,O,52,21
post_012_52,1,21,topluluğun,TR,,O,52,22
post_012_52,1,22,en,TR,,O,52,24
post_012_52,1,23,az,TR,,O,52,25
post_012_52,1,24,bu,TR,,O,52,26
post_012_52,1,25,şekilde,TR,,O,52,27
post_012_52,1,26,sevdikleri,TR,,O,52,29
post_012_52,1,27,idolleri,TR,,O,52,30
post_012_52,1,28,överken,TR,,O,52,31
post_012_52,1,29,birbirleriyle,TR,,O,52,32
post_012_52,1,30,tartışırken,TR,,O,52,33
post_012_52,1,31,kullandıkları,TR,,O,52,34
post_012_52,1,32,kelimeler,TR,,O,52,35
post_012_52,1,33,kurdukları,TR,,O,52,36
post_012_52,1,34,cümleler,TR,,O,52,37
post_012_52,1,35,o,TR,,O,52,38
post_012_52,1,36,kadar,TR,,O,52,39
post_012_52,1,37,itici,TR,,O,52,40
post_012_52,1,38,ki,TR,,O,52,41
post_012_52,1,39,bunlarla,TR,,O,52,42
post_012_52,1,40,aynı,TR,,O,52,43
post_012_52,1,41,ülkede,TR,,O,52,44
post_012_52,1,42,yaşıyorum,TR,,O,52,45
post_012_52,1,43,ben,TR,,O,52,46
post_012_52,1,44,diyip,TR,,O,52,47
post_012_52,1,45,depresyona,TR,,O,52,48
post_012_52,1,46,falan,TR,,O,52,49
post_012_52,1,47,giriyorsun,TR,,O,52,50
post_012_52,1,48,yani,TR,,O,52,51
post_012_52,1,49,birde,TR,,O,52,53
post_012_52,1,50,ota,TR,,O,52,54
post_012_52,1,51,boka,TR,,O,52,55
post_012_52,1,52,duyar,TR,,O,52,56
post_012_52,1,53,kasıp,TR,,O,52,57
post_012_52,1,54,çakma,TR,,O,52,58
post_012_52,1,55,hümanistlik,TR,,O,52,59
post_012_52,1,56,oynamaları,TR,,O,52,60
post_012_52,1,57,var,TR,,O,52,61
post_012_52,1,58,tek,TR,,O,52,63
post_012_52,1,59,iyi,TR,,O,52,64
post_012_52,1,60,tarafları,TR,,O,52,65
post_012_52,1,61,twitter'da,NE,MIXED,B-PROD,52,66
post_012_52,1,62,ki,TR,,O,52,67
post_012_52,1,63,muhalif,TR,,O,52,68
post_012_52,1,64,taglere,MIXED,MIXED,O,52,69
post_012_52,1,65,katılıyorlar,TR,,O,52,70
post_012_52,1,66,ha,TR,,O,52,72
post_012_52,1,67,fikirleri,TR,,O,52,73
post_012_52,1,68,olduğundan,TR,,O,52,74
post_012_52,1,69,değil,TR,,O,52,75
post_012_52,1,70,bu,TR,,O,52,76
post_012_52,1,71,arada,TR,,O,52,77
post_012_52,1,72,amaç,TR,,O,52,78
post_012_52,1,73,tamamen,TR,,O,52,79
post_012_52,1,74,muhalefet,TR,,O,52,80
post_012_52,1,75,olsun,TR,,O,52,81
post_012_52,1,76,diye,TR,,O,52,82
post_012_52,1,77,k-pop,EN,,O,52,84
post_012_52,1,78,içinde,TR,,O,52,85
post_012_52,1,79,gerçekten,TR,,O,52,86
post_012_52,1,80,yetenekli,TR,,O,52,87
post_012_52,1,81,insanların,TR,,O,52,88
post_012_52,1,82,ve,TR,,O,52,89
post_012_52,1,83,güzel,TR,,O,52,90
post_012_52,1,84,müziklerin,TR,,O,52,91
post_012_52,1,85,olduğu,TR,,O,52,92
post_012_52,1,86,bir,TR,,O,52,93
post_012_52,1,87,sektör,TR,,O,52,94
post_012_52,1,88,fakat,TR,,O,52,95
post_012_52,1,89,bunlar,TR,,O,52,96
post_012_52,1,90,ne,TR,,O,52,97
post_012_52,1,91,kadar,TR,,O,52,98
post_012_52,1,92,iyiyse,TR,,O,52,99
post_012_52,1,93,kitlesi,TR,,O,52,100
post_012_52,1,94,bundan,TR,,O,52,101
post_012_52,1,95,kat,TR,,O,52,103
post_012_52,1,96,daha,TR,,O,52,104
post_012_52,1,97,kötü,TR,,O,52,105
post_013_53,1,0,ne,TR,,O,53,0
post_013_53,1,1,zaman,TR,,O,53,1
post_013_53,1,2,bir,TR,,O,53,2
post_013_53,1,3,trending,EN,,O,53,3
post_013_53,1,4,topic'i,MIXED,MIXED,O,53,4
post_013_53,1,5,merak,TR,,O,53,5
post_013_53,1,6,edip,TR,,O,53,6
post_013_53,1,7,tiklasam,TR,,O,53,7
post_013_53,1,8,karsima,TR,,O,53,8
post_013_53,1,9,gelen,TR,,O,53,9
post_013_53,1,10,tweet'ler,MIXED,MIXED,O,53,10
post_013_53,1,11,o,TR,,O,53,11
post_013_53,1,12,kelimeleri,TR,,O,53,12
post_013_53,1,13,iceren,TR,,O,53,13
post_013_53,1,14,anlamli,TR,,O,53,14
post_013_53,1,15,yazilardan,TR,,O,53,15
post_013_53,1,16,degil,TR,,O,53,16
post_013_53,1,17,de,TR,,O,53,17
post_013_53,1,18,genelde,TR,,O,53,18
post_013_53,1,19,trending,EN,,O,53,20
post_013_53,1,20,topic,EN,,O,53,21
post_013_53,1,21,olmus,TR,,O,53,22
post_013_53,1,22,veya,TR,,O,53,23
post_013_53,1,23,lol,EN,,O,53,25
post_013_53,1,24,gibi,TR,,O,53,26
post_013_53,1,25,seylerden,TR,,O,53,27
post_013_53,1,26,olusuyor,TR,,O,53,28
post_013_53,1,27,yani,TR,,O,53,30
post_013_53,1,28,bir,TR,,O,53,31
post_013_53,1,29,konu,TR,,O,53,32
post_013_53,1,30,tt'ye,MIXED,MIXED,O,53,33
post_013_53,1,31,girdikten,TR,,O,53,34
post_013_53,1,32,bir,TR,,O,53,35
post_013_53,1,33,muddet,TR,,O,53,36
post_013_53,1,34,sonra,TR,,O,53,37
post_013_53,1,35,bahsi,TR,,O,53,38
post_013_53,1,36,gecmese,TR,,O,53,39
post_013_53,1,37,dahi,TR,,O,53,40
post_013_53,1,38,sirf,TR,,O,53,41
post_013_53,1,39,insanlarin,TR,,O,53,42
post_013_53,1,40,ne,TR,,O,53,44
post_013_53,1,41,yaziyo,TR,,O,53,45
post_013_53,1,42,muhabbetinden,TR,,O,53,46
post_013_53,1,43,dolayi,TR,,O,53,47
post_013_53,1,44,kaybolmayip,TR,,O,53,48
post_013_53,1,45,bence,TR,,O,53,49
post_013_53,1,46,bu,TR,,O,53,50
post_013_53,1,47,listenin,TR,,O,53,51
post_013_53,1,48,olayini,TR,,O,53,52
post_013_53,1,49,bozuyor,TR,,O,53,53
post_014_54,1,0,entrylerinde,MIXED,MIXED,O,54,0
post_014_54,1,1,yapay,TR,,O,54,1
post_014_54,1,2,zeka,TR,,O,54,2
post_014_54,1,3,yazmayanı,TR,,O,54,3
post_014_54,1,4,dövüyorlar,TR,,O,54,4
post_014_54,1,5,herkes,TR,,O,54,6
post_014_54,1,6,neural,EN,,O,54,7
post_014_54,1,7,networkcu,MIXED,MIXED,O,54,8
post_014_54,1,8,olmuş,TR,,O,54,9
post_014_54,1,9,bkz,TR,,O,54,10
post_014_54,1,10,pytroll,NE,,B-PROD,54,11
post_015_55,1,0,netflix,NE,,B-PROD,55,0
post_015_55,1,1,ve,TR,,O,55,1
post_015_55,1,2,blutv,NE,,B-ORG,55,2
post_015_55,1,3,tükendiğinde,TR,,O,55,3
post_015_55,1,4,beni,TR,,O,55,4
post_015_55,1,5,hayata,TR,,O,55,5
post_015_55,1,6,döndüren,TR,,O,55,6
post_015_55,1,7,platform,AMBIGUOUS,,O,55,7
post_015_55,1,8,top,EN,,O,55,9
post_015_55,1,9,listem,TR,,O,55,10
post_015_55,1,10,şu,TR,,O,55,11
post_015_55,1,11,şekil,TR,,O,55,12
post_015_55,1,12,bkz,TR,,O,55,13
post_015_55,1,13,fleabag,NE,,B-TITLE,55,14
post_015_55,1,14,bkz,TR,,O,55,15
post_015_55,1,15,the,NE,,B-TITLE,55,16
post_015_55,1,16,boys,NE,,I-TITLE,55,17
post_015_55,1,17,bkz,EN,,O,55,18
post_015_55,1,18,the,NE,,B-TITLE,55,19
post_015_55,1,19,marvelous,NE,,I-TITLE,55,20
post_015_55,1,20,mrs,NE,,I-TITLE,55,21
post_015_55,1,21,maisel,NE,,I-TITLE,55,23
post_016_56,1,0,fox'u,NE,MIXED,B-ORG,56,0
post_016_56,1,1,milyar,TR,,O,56,2
post_016_56,1,2,dolara,TR,,O,56,3
post_016_56,1,3,satın,TR,,O,56,4
post_016_56,1,4,alan,TR,,O,56,5
post_016_56,1,5,canavar,TR,,O,56,6
post_016_56,1,6,almadığı,TR,,O,56,8
post_016_56,1,7,kim,TR,,O,56,9
post_016_56,1,8,kaldı,TR,,O,56,10
post_016_56,1,9,bilemiyorum,TR,,O,56,11
post_016_56,1,10,hepsini,TR,,O,56,13
post_016_56,1,11,aldı,TR,,O,56,14
post_016_56,1,12,yuttu,TR,,O,56,15
post_016_56,1,13,bu,TR,,O,56,17
post_016_56,1,14,kadar,TR,,O,56,18
post_016_56,1,15,masrafı,TR,,O,56,19
post_016_56,1,16,çıkartmak,TR,,O,56,20
post_016_56,1,17,için,TR,,O,56,21
post_016_56,1,18,artık,TR,,O,56,22
post_016_56,1,19,tuvalet,TR,,O,56,23
post_016_56,1,20,kağıdında,TR,,O,56,24
post_016_56,1,21,bile,TR,,O,56,25
post_016_56,1,22,marvel,NE,,B-PROD,56,26
post_016_56,1,23,ve,TR,,O,56,27
post_016_56,1,24,star,NE,,B-PROD,56,28
post_016_56,1,25,wars,NE,,I-PROD,56,29
post_016_56,1,26,temaları,TR,,O,56,30
post_016_56,1,27,görebiliriz,TR,,O,56,31
post_017_57,1,0,varsa,TR,,O,57,0
post_017_57,1,1,az,TR,,O,57,1
post_017_57,1,2,bilinip,TR,,O,57,2
post_017_57,1,3,de,TR,,O,57,3
post_017_57,1,4,güzel,TR,,O,57,4
post_017_57,1,5,olanlardan,TR,,O,57,5
post_017_57,1,6,birkaç,TR,,O,57,6
post_017_57,1,7,tane,TR,,O,57,7
post_017_57,1,8,yeşillendirin,TR,,O,57,8
post_017_57,1,9,öyle,TR,,O,57,10
post_017_57,1,10,google'a,NE,MIXED,B-PROD,57,11
post_017_57,1,11,en,TR,,O,57,12
post_017_57,1,12,iyi,TR,,O,57,13
post_017_57,1,13,animeler,TR,,O,57,14
post_017_57,1,14,yazıp,TR,,O,57,15
post_017_57,1,15,karşımıza,TR,,O,57,16
post_017_57,1,16,çıkan,TR,,O,57,17
post_017_57,1,17,şeyler,TR,,O,57,18
post_017_57,1,18,istemiyorum,TR,,O,57,19
post_017_57,1,19,mesaj,TR,,O,57,21
post_017_57,1,20,yeşillenene,TR,,O,57,22
post_017_57,1,21,kadar,TR,,O,57,23
post_017_57,1,22,ben,TR,,O,57,24
post_017_57,1,23,de,TR,,O,57,25
post_017_57,1,24,tane,TR,,O,57,27
post_017_57,1,25,önereyim,TR,,O,57,28
post_017_57,1,26,bkz,TR,,O,57,29
post_017_57,1,27,berserk,NE,,B-TITLE,57,30
post_017_57,1,28,berserk,NE,,B-TITLE,57,31
post_017_57,1,29,aslında,TR,,O,57,32
post_017_57,1,30,çok,TR,,O,57,33
post_017_57,1,31,popüler,TR,,O,57,34
post_017_57,1,32,bir,TR,,O,57,35
post_017_57,1,33,seridir,TR,,O,57,36
post_017_57,1,34,ama,TR,,O,57,37
post_017_57,1,35,google,NE,,B-PROD,57,38
post_017_57,1,36,aramalarında,TR,,O,57,39
post_017_57,1,37,karşınıza,TR,,O,57,40
post_017_57,1,38,çıkmaz,TR,,O,57,41
post_017_57,1,39,berserk'i,NE,MIXED,B-TITLE,57,43
post_017_57,1,40,öneririm,TR,,O,57,44
post_017_57,1,41,kaiji,NE,,B-TITLE,57,46
post_017_57,1,42,bir,TR,,O,57,47
post_017_57,1,43,kart,TR,,O,57,48
post_017_57,1,44,animesidir,TR,,O,57,49
post_017_57,1,45,ama,TR,,O,57,50
post_017_57,1,46,öyle,TR,,O,57,51
post_017_57,1,47,çoluk,TR,,O,57,52
post_017_57,1,48,çocuklara,TR,,O,57,53
post_017_57,1,49,hitap,TR,,O,57,54
post_017_57,1,50,etmez,TR,,O,57,55
post_017_57,1,51,sürüküleyicidir,TR,,O,57,57
post_017_57,1,52,bir,TR,,O,57,58
post_017_57,1,53,oturuşta,TR,,O,57,59
post_017_57,1,54,bitirirsiniz,TR,,O,57,60
post_017_57,1,55,yeni,TR,,O,57,62
post_017_57,1,56,başlayacaklara,TR,,O,57,63
post_017_57,1,57,ise,TR,,O,57,64
post_017_57,1,58,naruto,NE,,B-TITLE,57,65
post_017_57,1,59,ve,TR,,O,57,66
post_017_57,1,60,naruto,NE,,B-TITLE,57,67
post_017_57,1,61,shippuuden,NE,,I-TITLE,57,68
post_017_57,1,62,serisini,TR,,O,57,69
post_017_57,1,63,öneririm,TR,,O,57,70
post_017_57,1,64,bu,TR,,O,57,72
post_017_57,1,65,serideki,TR,,O,57,73
post_017_57,1,66,en,TR,,O,57,74
post_017_57,1,67,büyük,TR,,O,57,75
post_017_57,1,68,eleştiri,TR,,O,57,76
post_017_57,1,69,şudur,TR,,O,57,77
post_017_57,1,70,naruto,NE,,B-TITLE,57,78
post_017_57,1,71,serisi,TR,,O,57,79
post_017_57,1,72,filler,EN,,O,57,80
post_017_57,1,73,doludur,TR,,O,57,81
post_017_57,1,74,filler,EN,,O,57,82
post_017_57,1,75,ne,TR,,O,57,83
post_017_57,1,76,yayımcı,TR,,O,57,85
post_017_57,1,77,firmanın,TR,,O,57,86
post_017_57,1,78,senaryo,TR,,O,57,87
post_017_57,1,79,dışına,TR,,O,57,88
post_017_57,1,80,çıkıp,TR,,O,57,89
post_017_57,1,81,kafasına,TR,,O,57,90
post_017_57,1,82,göre,TR,,O,57,91
post_017_57,1,83,bölümler,TR,,O,57,92
post_017_57,1,84,çekmesidir,TR,,O,57,93
post_017_57,1,85,bunun,TR,,O,57,95
post_017_57,1,86,birkaç,TR,,O,57,96
post_017_57,1,87,nedeni,TR,,O,57,97
post_017_57,1,88,var,TR,,O,57,98
post_017_57,1,89,o,TR,,O,57,99
post_017_57,1,90,konuya,TR,,O,57,100
post_017_57,1,91,girmeyelim,TR,,O,57,101
post_017_57,1,92,şimdi,TR,,O,57,103
post_017_57,1,93,bu,TR,,O,57,104
post_017_57,1,94,seri,TR,,O,57,105
post_017_57,1,95,artık,TR,,O,57,106
post_017_57,1,96,bittiği,TR,,O,57,107
post_017_57,1,97,için,TR,,O,57,108
post_017_57,1,98,filler,EN,,O,57,109
post_017_57,1,99,bölümler,TR,,O,57,110
post_017_57,1,100,bizi,TR,,O,57,111
post_017_57,1,101,ilgelendirmiyor,TR,,O,57,112
post_017_57,1,102,artık,TR,,O,57,113
post_017_57,1,103,bu,TR,,O,57,115
post_017_57,1,104,siteden,TR,,O,57,116
post_017_57,1,105,seriye,TR,,O,57,117
post_017_57,1,106,ait,TR,,O,57,118
post_017_57,1,107,filler,EN,,O,57,119
post_017_57,1,108,bölüm,TR,,O,57,120
post_017_57,1,109,listesini,TR,,O,57,121
post_017_57,1,110,görebilirsiniz,TR,,O,57,122
post_017_57,1,111,filler,EN,,O,57,124
post_017_57,1,112,bölümleri,TR,,O,57,125
post_017_57,1,113,izlemeden,TR,,O,57,126
post_017_57,1,114,senaryoya,TR,,O,57,127
post_017_57,1,115,bağlı,TR,,O,57,128
post_017_57,1,116,bölümleri,TR,,O,57,129
post_017_57,1,117,rahatlıkla,TR,,O,57,130
post_017_57,1,118,izleyebilirsiniz,TR,,O,57,131
post_017_57,1,119,sırıtan,TR,,O,57,133
post_017_57,1,120,bişey,TR,,O,57,134
post_017_57,1,121,olmaz,TR,,O,57,135
post_018_58,1,0,bkz,TR,,O,58,0
post_018_58,1,1,the,EN,,B-OTHER,58,1
post_018_58,1,2,moon,EN,,I-OTHER,58,2
post_018_58,1,3,monsters,EN,,I-OTHER,58,3
post_018_58,1,4,nft,EN,,O,58,4
post_018_58,1,5,projesi,TR,,O,58,5
post_018_58,1,6,adet,TR,,O,58,7
post_018_58,1,7,whitelist,EN,,B-OTHER,58,8
post_018_58,1,8,apple,NE,,B-PROD,58,11
post_018_58,1,9,watch,NE,,I-PROD,58,12
post_018_58,1,10,series,EN,,O,58,14
post_018_58,1,11,veriyor,TR,,O,58,15
post_018_58,1,12,whitelsit,EN,,O,58,17
post_018_58,1,13,hakkı,TR,,O,58,18
post_018_58,1,14,discord,NE,,B-PROD,58,19
post_018_58,1,15,sunucuların,TR,,O,58,20
post_018_58,1,16,aktif,TR,,O,58,21
post_018_58,1,17,olarak,TR,,O,58,22
post_018_58,1,18,elde,TR,,O,58,23
post_018_58,1,19,ediliyor,TR,,O,58,24
post_018_58,1,20,fakat,TR,,O,58,25
post_018_58,1,21,bu,TR,,O,58,26
post_018_58,1,22,çekilişten,TR,,O,58,27
post_018_58,1,23,direk,TR,,O,58,28
post_018_58,1,24,wl,EN,,B-OTHER,58,29
post_018_58,1,25,hakkı,TR,,O,58,30
post_018_58,1,26,elde,TR,,O,58,31
post_018_58,1,27,edilebiliyor,TR,,O,58,32
post_018_58,1,28,çekiliş,TR,,O,58,34
post_018_58,1,29,linki,MIXED,MIXED,O,58,35
post_018_58,1,30,twitter,NE,,B-PROD,58,36
post_019_59,1,0,vay,TR,,O,59,0
post_019_59,1,1,amınakoyyiim,TR,,O,59,1
post_019_59,1,2,arkadaş,TR,,O,59,2
post_019_59,1,3,kişiyi,TR,,O,59,4
post_019_59,1,4,follow,EN,,O,59,5
post_019_59,1,5,ediyor,TR,,O,59,6
post_019_59,1,6,diye,TR,,O,59,7
post_019_59,1,7,ortalığı,TR,,O,59,8
post_019_59,1,8,turkish,EN,,O,59,10
post_019_59,1,9,hacker,EN,,O,59,11
post_019_59,1,10,da,TR,,O,59,12
post_019_59,1,11,turkish,EN,,O,59,13
post_019_59,1,12,hacker,EN,,O,59,14
post_019_59,1,13,diye,TR,,O,59,16
post_019_59,1,14,velveleye,TR,,O,59,17
post_019_59,1,15,veren,TR,,O,59,18
post_019_59,1,16,mal,TR,,O,59,19
post_019_59,1,17,selebriti,TR,,O,59,20
post_019_59,1,18,yuvasıymış,TR,,O,59,21
post_019_59,1,19,lan,TR,,O,59,22
post_019_59,1,20,bu,TR,,O,59,23
post_019_59,1,21,twitter,NE,,B-PROD,59,24
post_019_59,1,22,seni,TR,,O,59,26
post_019_59,1,23,bi,TR,,O,59,27
post_019_59,1,24,milyon,TR,,O,59,28
post_019_59,1,25,kişi,TR,,O,59,29
post_019_59,1,26,takip,TR,,O,59,30
post_019_59,1,27,ederken,TR,,O,59,31
post_019_59,1,28,iyi,TR,,O,59,32
post_019_59,1,29,de,TR,,O,59,33
post_019_59,1,30,sen,TR,,O,59,34
post_019_59,1,31,kişiyi,TR,,O,59,36
post_019_59,1,32,takip,TR,,O,59,37
post_019_59,1,33,edince,TR,,O,59,38
post_019_59,1,34,neden,TR,,O,59,39
post_019_59,1,35,böyle,TR,,O,59,40
post_019_59,1,36,mala,TR,,O,59,41
post_019_59,1,37,bağlıyosun,TR,,O,59,42
post_019_59,1,38,bi,TR,,O,59,43
post_019_59,1,39,anda,TR,,O,59,44
post_019_59,1,40,anlamadım,TR,,O,59,45
post_019_59,1,41,ki,TR,,O,59,46
post_019_59,1,42,omg,EN,,O,59,49
post_019_59,1,43,diye,TR,,O,59,51
post_019_59,1,44,anıran,TR,,O,59,52
post_019_59,1,45,mı,TR,,O,59,53
post_019_59,1,46,ararsın,TR,,O,59,54
post_019_59,1,47,aralıksız,TR,,O,59,55
post_019_59,1,48,otuz,TR,,O,59,56
post_019_59,1,49,altı,TR,,O,59,57
post_019_59,1,50,tane,TR,,O,59,58
post_019_59,1,51,ünlem,TR,,O,59,59
post_019_59,1,52,işaretiyle,TR,,O,59,60
post_019_59,1,53,bu,TR,,O,59,61
post_019_59,1,54,şaşırma,TR,,O,59,62
post_019_59,1,55,efektini,TR,,O,59,63
post_019_59,1,56,pekiştiren,TR,,O,59,64
post_019_59,1,57,mi,TR,,O,59,65
post_019_59,1,58,justin,NE,,B-PER,59,67
post_019_59,1,59,bieber,NE,,I-PER,59,68
post_019_59,1,60,bebesine,TR,,O,59,69
post_019_59,1,61,de,TR,,O,59,70
post_019_59,1,62,çok,TR,,O,59,71
post_019_59,1,63,dokunmuş,TR,,O,59,72
post_019_59,1,64,follower'ı,MIXED,MIXED,O,59,74
post_019_59,1,65,olması,TR,,O,59,75
post_019_59,1,66,beter,TR,,O,59,77
post_019_59,1,67,olun,TR,,O,59,78
post_019_59,1,68,lan,TR,,O,59,79
post_020_60,1,0,follow,EN,,O,60,0
post_020_60,1,1,count,EN,,O,60,1
post_020_60,1,2,display,EN,,O,60,2
post_020_60,1,3,is,EN,,O,60,3
post_020_60,1,4,set,EN,,O,60,4
post_020_60,1,5,to,EN,,O,60,5
post_020_60,1,6,and,EN,,O,60,6
post_020_60,1,7,follow,EN,,O,60,7
post_020_60,1,8,unfollow,EN,,O,60,8
post_020_60,1,9,is,EN,,O,60,9
post_020_60,1,10,temporarily,EN,,O,60,10
post_020_60,1,11,offline,EN,,O,60,11
post_020_60,1,12,while,EN,,O,60,12
post_020_60,1,13,we,EN,,O,60,13
post_020_60,1,14,fix,EN,,O,60,14
post_020_60,1,15,a,EN,,O,60,15
post_020_60,1,16,bug,EN,,O,60,16
post_020_60,1,17,demişlerdir,TR,,O,60,17
post_020_60,1,18,official,EN,,O,60,18
post_020_60,1,19,twitter,NE,,B-PROD,60,19
post_020_60,1,20,hesabından,TR,,O,60,20
post_021_61,1,0,küçük,TR,,O,61,0
post_021_61,1,1,boyutlarda,TR,,O,61,1
post_021_61,1,2,veri,TR,,O,61,2
post_021_61,1,3,de,TR,,O,61,3
post_021_61,1,4,saklayabilirsiniz,TR,,O,61,4
post_021_61,1,5,karakterlik,TR,,O,61,8
post_021_61,1,6,bir,TR,,O,61,9
post_021_61,1,7,mesaj,TR,,O,61,10
post_021_61,1,8,hazırlayın,TR,,O,61,11
post_021_61,1,9,bunu,TR,,O,61,14
post_021_61,1,10,hex'e,MIXED,MIXED,O,61,15
post_021_61,1,11,çevirin,TR,,O,61,16
post_021_61,1,12,hex,EN,,O,61,18
post_021_61,1,13,değerini,TR,,O,61,19
post_021_61,1,14,bu,TR,,O,61,20
post_021_61,1,15,linke,MIXED,MIXED,O,61,21
post_021_61,1,16,yapıştırın,TR,,O,61,22
post_021_61,1,17,elde,TR,,O,61,25
post_021_61,1,18,ettiğiniz,TR,,O,61,26
post_021_61,1,19,adrese,TR,,O,61,27
post_021_61,1,20,para,TR,,O,61,28
post_021_61,1,21,gönderin,TR,,O,61,29
post_021_61,1,22,paraya,TR,,O,61,30
post_021_61,1,23,elveda,TR,,O,61,31
post_021_61,1,24,transaction,EN,,O,61,32
post_021_61,1,25,kazıldığında,TR,,O,61,33
post_021_61,1,26,mesajınız,TR,,O,61,34
post_021_61,1,27,blockchain'de,MIXED,MIXED,O,61,35
post_021_61,1,28,olacaktır,TR,,O,61,36
post_021_61,1,29,bu,TR,,O,61,37
post_022_62,1,0,yaklaşık,TR,,O,62,0
post_022_62,1,1,bir,TR,,O,62,1
post_022_62,1,2,aydır,TR,,O,62,2
post_022_62,1,3,belçika'da,NE,,B-LOC,62,3
post_022_62,1,4,da,TR,,O,62,4
post_022_62,1,5,hizmet,TR,,O,62,5
post_022_62,1,6,veren,TR,,O,62,6
post_022_62,1,7,şirket,TR,,O,62,7
post_022_62,1,8,samsung,NE,,B-PROD,62,9
post_022_62,1,9,smart,EN,,I-PROD,62,10
post_022_62,1,10,televizyonumda,TR,,I-PROD,62,11
post_022_62,1,11,uygulaması,TR,,O,62,12
post_022_62,1,12,var,TR,,O,62,13
post_022_62,1,13,açıyorum,TR,,O,62,14
post_022_62,1,14,izliyorum,TR,,O,62,15
post_022_62,1,15,doya,TR,,O,62,16
post_022_62,1,16,doya,TR,,O,62,17
post_022_62,1,17,yalnız,TR,,O,62,19
post_022_62,1,18,alt,TR,,O,62,20
post_022_62,1,19,yazıda,TR,,O,62,21
post_022_62,1,20,bir,TR,,O,62,22
post_022_62,1,21,sorun,TR,,O,62,23
post_022_62,1,22,var,TR,,O,62,24
post_022_62,1,23,sarı,TR,,O,62,25
post_022_62,1,24,renkte,TR,,O,62,26
post_022_62,1,25,gösteriyor,TR,,O,62,27
post_022_62,1,26,netflix,NE,,B-PROD,62,29
post_022_62,1,27,sitesinde,TR,,O,62,30
post_022_62,1,28,hesaba,TR,,O,62,31
post_022_62,1,29,girdim,TR,,O,62,32
post_022_62,1,30,beyaz,TR,,O,62,33
post_022_62,1,31,yaptım,TR,,O,62,34
post_022_62,1,32,halen,TR,,O,62,35
post_022_62,1,33,düzelmedi,TR,,O,62,36
post_022_62,1,34,internette,TR,,O,62,37
post_022_62,1,35,araştırdım,TR,,O,62,38
post_022_62,1,36,netflix,NE,,B-PROD,62,39
post_022_62,1,37,uygulamasının,TR,,O,62,40
post_022_62,1,38,samsung,NE,,B-PROD,62,41
post_022_62,1,39,tv'leri,EN,,I-PROD,62,42
post_022_62,1,40,ile,TR,,O,62,43
post_022_62,1,41,kombinasyonunda,TR,,O,62,44
post_022_62,1,42,başgösteren,TR,,O,62,45
post_022_62,1,43,bir,TR,,O,62,46
post_022_62,1,44,olay,TR,,O,62,47
post_022_62,1,45,sarıdan,TR,,O,62,48
post_022_62,1,46,başka,TR,,O,62,49
post_022_62,1,47,renge,TR,,O,62,50
post_022_62,1,48,geçmiyor,TR,,O,62,51
post_022_62,1,49,fuck,EN,,O,62,53
post_022_62,1,50,you,EN,,O,62,54
post_022_62,1,51,samsung,NE,,B-ORG,62,55
post_022_62,1,52,house,NE,,B-TITLE,62,57
post_022_62,1,53,of,NE,,I-TITLE,62,58
post_022_62,1,54,cards'ı,NE,MIXED,I-TITLE,62,59
post_022_62,1,55,bir,TR,,O,62,60
post_022_62,1,56,haftada,TR,,O,62,61
post_022_62,1,57,bitirdim,TR,,O,62,62
post_022_62,1,58,elementary,NE,,B-TITLE,62,63
post_022_62,1,59,de,TR,,O,62,64
post_022_62,1,60,bitti,TR,,O,62,65
post_022_62,1,61,ikinci,TR,,O,62,66
post_022_62,1,62,sezonu,TR,,O,62,67
post_022_62,1,63,nette,TR,,O,62,68
post_022_62,1,64,olduğu,TR,,O,62,69
post_022_62,1,65,halde,TR,,O,62,70
post_022_62,1,66,netflix'te,NE,MIXED,B-PROD,62,71
post_022_62,1,67,yok,TR,,O,62,72
post_022_62,1,68,ama,TR,,O,62,73
post_022_62,1,69,her,TR,,O,62,74
post_022_62,1,70,nedense,TR,,O,62,75
post_022_62,1,71,penny,NE,,B-TITLE,62,77
post_022_62,1,72,dreadful,NE,,I-TITLE,62,78
post_022_62,1,73,bitti,TR,,O,62,79
post_022_62,1,74,şu,TR,,O,62,80
post_022_62,1,75,sıralar,TR,,O,62,81
post_022_62,1,76,fringe,NE,,B-TITLE,62,82
post_022_62,1,77,izliyorum,TR,,O,62,83
post_022_62,1,78,sonra,TR,,O,62,84
post_022_62,1,79,ne,TR,,O,62,85
post_022_62,1,80,izlesem,TR,,O,62,86
post_022_62,1,81,diye,TR,,O,62,87
post_022_62,1,82,bakınıyorum,TR,,O,62,88
post_022_62,1,83,dizilerde,TR,,O,62,90
post_022_62,1,84,biraz,TR,,O,62,91
post_022_62,1,85,daha,TR,,O,62,92
post_022_62,1,86,güncel,TR,,O,62,93
post_022_62,1,87,olsalar,TR,,O,62,94
post_022_62,1,88,süper,TR,,O,62,95
post_022_62,1,89,olacak,TR,,O,62,96
post_022_62,1,90,evdeki,TR,,O,62,98
post_022_62,1,91,dijital,TR,,O,62,99
post_022_62,1,92,televizyon,TR,,O,62,100
post_022_62,1,93,decoderımı,MIXED,MIXED,O,62,101
post_022_62,1,94,geri,TR,,O,62,102
post_022_62,1,95,verdim,TR,,O,62,103
post_022_62,1,96,şirkete,TR,,O,62,104
post_022_62,1,97,kablo,TR,,O,62,105
post_022_62,1,98,televizyon,TR,,O,62,106
post_022_62,1,99,belçika,NE,,B-LOC,62,107
post_022_62,1,100,ve,TR,,O,62,108
post_022_62,1,101,diğer,TR,,O,62,109
post_022_62,1,102,yabancı,TR,,O,62,110
post_022_62,1,103,kanallar,TR,,O,62,111
post_022_62,1,104,hattımı,TR,,O,62,112
post_022_62,1,105,kapattırdım,TR,,O,62,113
post_022_62,1,106,uydu,TR,,O,62,115
post_022_62,1,107,ile,TR,,O,62,116
post_022_62,1,108,zaten,TR,,O,62,117
post_022_62,1,109,türksat,TR,,O,62,118
post_022_62,1,110,izliyoruz,TR,,O,62,119
post_022_62,1,111,netflix,NE,,B-PROD,62,120
post_022_62,1,112,ile,TR,,O,62,121
post_022_62,1,113,dizi,TR,,O,62,122
post_022_62,1,114,ve,TR,,O,62,123
post_022_62,1,115,film,TR,,O,62,124
post_022_62,1,116,keyfim,TR,,O,62,125
post_022_62,1,117,tam,TR,,O,62,126
post_022_62,1,118,oldu,TR,,O,62,127
post_022_62,1,119,ayrıca,TR,,O,62,129
post_022_62,1,120,bir,TR,,O,62,130
post_022_62,1,121,sürü,TR,,O,62,131
post_022_62,1,122,de,TR,,O,62,132
post_022_62,1,123,standup,EN,,O,62,133
post_022_62,1,124,ve,TR,,O,62,134
post_022_62,1,125,belgesel,TR,,O,62,135
post_022_62,1,126,de,TR,,O,62,136
post_022_62,1,127,var,TR,,O,62,137
post_022_62,1,128,full,EN,,O,62,138
post_022_62,1,129,hd,EN,,O,62,139
post_022_62,1,130,izliyoruz,TR,,O,62,140
post_022_62,1,131,tabi,TR,,O,62,141
post_022_62,1,132,hepsini,TR,,O,62,142
post_022_62,1,133,verdiğim,TR,,O,62,144
post_022_62,1,134,euronun,TR,,O,62,146
post_022_62,1,135,hepsi,TR,,O,62,147
post_022_62,1,136,helal,TR,,O,62,148
post_022_62,1,137,olsun,TR,,O,62,149
post_023_63,1,0,eskiden,TR,,O,63,0
post_023_63,1,1,horgorulurdu,TR,,O,63,1
post_023_63,1,2,ornek,TR,,O,63,3
post_023_63,1,3,vereyim,TR,,O,63,4
post_023_63,1,4,web,EN,,O,63,6
post_023_63,1,5,de,TR,,O,63,7
post_023_63,1,6,eskiden,TR,,O,63,8
post_023_63,1,7,anlik,TR,,O,63,9
post_023_63,1,8,uygulamalar,TR,,O,63,10
post_023_63,1,9,icin,TR,,O,63,11
post_023_63,1,10,atiyorum,TR,,O,63,12
post_023_63,1,11,anlik,TR,,O,63,13
post_023_63,1,12,borsa,TR,,O,63,14
post_023_63,1,13,icin,TR,,O,63,15
post_023_63,1,14,applet,EN,,O,63,16
post_023_63,1,15,falan,TR,,O,63,17
post_023_63,1,16,kullanilirdi,TR,,O,63,18
post_023_63,1,17,simdi,TR,,O,63,20
post_023_63,1,18,ac,TR,,O,63,21
post_023_63,1,19,akbankin,TR,,B-ORG,63,22
post_023_63,1,20,anlik,TR,,O,63,23
post_023_63,1,21,borsasini,TR,,O,63,24
post_023_63,1,22,javascripttir,NE,MIXED,B-PROD,63,25
post_023_63,1,23,altyapisi,TR,,O,63,26
post_023_63,1,24,falan,TR,,O,63,27
post_023_63,1,25,filan,TR,,O,63,28
post_023_63,1,26,eskiden,TR,,O,63,32
post_023_63,1,27,java,NE,,B-PROD,63,33
post_023_63,1,28,appletti,MIXED,MIXED,O,63,34
post_023_63,1,29,javascript,NE,,B-PROD,63,36
post_023_63,1,30,reactlerle,NE,MIXED,B-PROD,63,37
post_023_63,1,31,node,NE,,B-PROD,63,39
post_023_63,1,32,jslerle,NE,MIXED,I-PROD,63,40
post_023_63,1,33,artik,TR,,O,63,41
post_023_63,1,34,webin,MIXED,MIXED,O,63,42
post_023_63,1,35,hakimi,TR,,O,63,43
post_023_63,1,36,oldu,TR,,O,63,44
post_024_64,1,0,ben,TR,,O,64,0
post_024_64,1,1,bu,TR,,O,64,1
post_024_64,1,2,amazon,NE,,B-PROD,64,2
post_024_64,1,3,prime'i,NE,MIXED,I-PROD,64,3
post_024_64,1,4,hiç,TR,,O,64,4
post_024_64,1,5,anlamıyorum,TR,,O,64,5
post_024_64,1,6,istiyor,TR,,O,64,8
post_024_64,1,7,aylık,TR,,O,64,9
post_024_64,1,8,aynı,TR,,O,64,11
post_024_64,1,9,yerde,TR,,O,64,12
post_024_64,1,10,game,NE,,B-TITLE,64,13
post_024_64,1,11,of,NE,,I-TITLE,64,14
post_024_64,1,12,thrones,NE,,I-TITLE,64,15
post_024_64,1,13,izliyim,TR,,O,64,16
post_024_64,1,14,diyorum,TR,,O,64,17
post_024_64,1,15,hop,TR,,O,64,18
post_024_64,1,16,hbo,NE,,B-ORG,64,19
post_024_64,1,17,aboneliği,TR,,O,64,20
post_024_64,1,18,için,TR,,O,64,21
post_024_64,1,19,de,TR,,O,64,22
post_024_64,1,20,aylık,TR,,O,64,23
post_024_64,1,21,alırım,TR,,O,64,25
post_024_64,1,22,diyor,TR,,O,64,26
post_024_64,1,23,hbo,NE,,B-PROD,64,28
post_024_64,1,24,türkiye,NE,,B-LOC,64,29
post_024_64,1,25,ip'sini,MIXED,MIXED,O,64,30
post_024_64,1,26,tanıdığı,TR,,O,64,31
post_024_64,1,27,için,TR,,O,64,32
post_024_64,1,28,sana,TR,,O,64,33
post_024_64,1,29,vermem,TR,,O,64,34
post_024_64,1,30,diyor,TR,,O,64,35
post_024_64,1,31,amazon,NE,,B-PROD,64,37
post_024_64,1,32,prime,NE,,I-PROD,64,38
post_024_64,1,33,ise,TR,,O,64,39
post_024_64,1,34,küsur,TR,,O,64,41
post_024_64,1,35,dolares'e,TR,,O,64,42
post_024_64,1,36,hallederim,TR,,O,64,43
post_024_64,1,37,diyor,TR,,O,64,44
post_024_64,1,38,aklını,TR,,O,64,46
post_024_64,1,39,başına,TR,,O,64,47
post_024_64,1,40,devşir,TR,,O,64,48
post_024_64,1,41,bezos,NE,,B-PER,64,49
post_024_64,1,42,bey,TR,,O,64,50
post_024_64,1,43,bir,TR,,O,64,52
post_024_64,1,44,de,TR,,O,64,53
post_024_64,1,45,prime,NE,,B-PROD,64,54
post_024_64,1,46,için,TR,,O,64,55
post_024_64,1,47,deneme,TR,,O,64,56
post_024_64,1,48,bir,TR,,O,64,57
post_024_64,1,49,ayına,TR,,O,64,58
post_024_64,1,50,bakıyorum,TR,,O,64,59
post_024_64,1,51,bir,TR,,O,64,61
post_024_64,1,52,ton,TR,,O,64,62
post_024_64,1,53,içerik,TR,,O,64,63
post_024_64,1,54,için,TR,,O,64,64
post_024_64,1,55,senin,TR,,O,64,65
post_024_64,1,56,bölgende,TR,,O,64,66
post_024_64,1,57,yok,TR,,O,64,67
post_024_64,1,58,diyor,TR,,O,64,68
post_024_64,1,59,eski,TR,,O,64,70
post_024_64,1,60,ya,TR,,O,64,71
post_024_64,1,61,da,TR,,O,64,72
post_024_64,1,62,ikinci,TR,,O,64,73
post_024_64,1,63,sınıf,TR,,O,64,74
post_024_64,1,64,içeriklere,TR,,O,64,75
post_024_64,1,65,de,TR,,O,64,76
post_024_64,1,66,bu,TR,,O,64,77
post_024_64,1,67,parayı,TR,,O,64,78
post_024_64,1,68,vermek,TR,,O,64,79
post_024_64,1,69,ziyan,TR,,O,64,80
post_024_64,1,70,oluyor,TR,,O,64,81
post_024_64,1,71,o,TR,,O,64,82
post_024_64,1,72,zaman,TR,,O,64,83
post_024_64,1,73,kolayını,TR,,O,64,85
post_024_64,1,74,bulana,TR,,O,64,86
post_024_64,1,75,tam,TR,,O,64,87
post_024_64,1,76,yüzbin,TR,,O,64,88
post_024_64,1,77,lira,TR,,O,64,89
post_024_64,1,78,vereceğim,TR,,O,64,90
post_025_65,1,0,web,EN,,O,65,0
post_025_65,1,1,arayüzü,TR,,O,65,1
post_025_65,1,2,tüm,TR,,O,65,2
post_025_65,1,3,kullanicilari,TR,,O,65,3
post_025_65,1,4,icin,TR,,O,65,4
post_025_65,1,5,daha,TR,,O,65,5
post_025_65,1,6,acilmamis,TR,,O,65,6
post_025_65,1,7,bi,TR,,O,65,8
post_025_65,1,8,hevesle,TR,,O,65,9
post_025_65,1,9,kendiminkine,TR,,O,65,10
post_025_65,1,10,baktim,TR,,O,65,11
post_025_65,1,11,ama,TR,,O,65,12
post_025_65,1,12,karsima,TR,,O,65,13
post_025_65,1,13,cikan,TR,,O,65,14
post_025_65,1,14,su,TR,,O,65,15
post_025_65,1,15,oldu,TR,,O,65,16
post_025_65,1,16,this,EN,,O,65,17
post_025_65,1,17,profile,EN,,O,65,18
post_025_65,1,18,will,EN,,O,65,19
post_025_65,1,19,be,EN,,O,65,20
post_025_65,1,20,available,EN,,O,65,21
post_025_65,1,21,soon,EN,,O,65,22
post_025_65,1,22,check,EN,,O,65,24
post_025_65,1,23,back,EN,,O,65,25
post_025_65,1,24,later,EN,,O,65,26
post_025_65,1,25,this,EN,,O,65,27
post_025_65,1,26,week,EN,,O,65,28
post_025_65,1,27,as,EN,,O,65,29
post_025_65,1,28,we,EN,,O,65,30
post_025_65,1,29,launch,EN,,O,65,31
post_025_65,1,30,web,EN,,O,65,32
post_025_65,1,31,profiles,EN,,O,65,33
post_025_65,1,32,for,EN,,O,65,34
post_025_65,1,33,all,EN,,O,65,35
post_025_65,1,34,users,EN,,O,65,36
post_025_65,1,35,bekleyecegiz,TR,,O,65,38
post_026_66,1,0,twitter'ın,NE,MIXED,B-PROD,66,0
post_026_66,1,1,spor,TR,,O,66,1
post_026_66,1,2,ve,TR,,O,66,2
post_026_66,1,3,kişisel,TR,,O,66,3
post_026_66,1,4,blogları,TR,,O,66,4
post_026_66,1,5,öldürmesinden,TR,,O,66,5
post_026_66,1,6,sonra,TR,,O,66,6
post_026_66,1,7,bu,TR,,O,66,7
post_026_66,1,8,uygulama,TR,,O,66,8
post_026_66,1,9,da,TR,,O,66,9
post_026_66,1,10,moda,TR,,O,66,10
post_026_66,1,11,bloglarını,TR,,O,66,11
post_026_66,1,12,bitirmeye,TR,,O,66,12
post_026_66,1,13,başlamıştır,TR,,O,66,13
post_026_66,1,14,sürekli,TR,,O,66,15
post_026_66,1,15,fotoğraf,TR,,O,66,16
post_026_66,1,16,çeken,TR,,O,66,17
post_026_66,1,17,ve,TR,,O,66,18
post_026_66,1,18,yükleyen,TR,,O,66,19
post_026_66,1,19,bir,TR,,O,66,20
post_026_66,1,20,insan,TR,,O,66,21
post_026_66,1,21,olmadığım,TR,,O,66,22
post_026_66,1,22,için,TR,,O,66,23
post_026_66,1,23,ünlü,TR,,O,66,24
post_026_66,1,24,markaları,TR,,O,66,25
post_026_66,1,25,dergileri,TR,,O,66,26
post_026_66,1,26,editörleri,TR,,O,66,27
post_026_66,1,27,falan,TR,,O,66,28
post_026_66,1,28,takip,TR,,O,66,29
post_026_66,1,29,ediyorum,TR,,O,66,30
post_026_66,1,30,benim,TR,,O,66,32
post_026_66,1,31,timelineımdan,MIXED,MIXED,O,66,33
post_026_66,1,32,bir,TR,,O,66,34
post_026_66,1,33,moda,TR,,O,66,35
post_026_66,1,34,dergisinin,TR,,O,66,36
post_026_66,1,35,yeni,TR,,O,66,37
post_026_66,1,36,sayısı,TR,,O,66,38
post_026_66,1,37,çıkarılabilir,TR,,O,66,39
post_026_66,1,38,sanırım,TR,,O,66,40
post_027_67,1,0,how,NE,,B-TITLE,67,0
post_027_67,1,1,to,NE,,I-TITLE,67,1
post_027_67,1,2,get,NE,,I-TITLE,67,2
post_027_67,1,3,away,NE,,I-TITLE,67,3
post_027_67,1,4,with,NE,,I-TITLE,67,4
post_027_67,1,5,murder,NE,,I-TITLE,67,5
post_027_67,1,6,dizisinin,TR,,O,67,6
post_027_67,1,7,sezonunu,TR,,O,67,9
post_027_67,1,8,da,TR,,O,67,10
post_027_67,1,9,yayımlamasını,TR,,O,67,11
post_027_67,1,10,beklediğim,TR,,O,67,12
post_027_67,1,11,başarılı,TR,,O,67,13
post_027_67,1,12,ıp,TR,,O,67,14
post_027_67,1,13,tv,AMBIGUOUS,,O,67,15
post_027_67,1,14,platformudur,TR,,O,67,16
post_027_67,1,15,netflix'e,NE,MIXED,B-PROD,67,18
post_027_67,1,16,alışınca,TR,,O,67,19
post_027_67,1,17,başka,TR,,O,67,20
post_027_67,1,18,şeyle,TR,,O,67,21
post_027_67,1,19,uğraşası,TR,,O,67,22
post_027_67,1,20,gelmiyor,TR,,O,67,23
post_027_67,1,21,insanın,TR,,O,67,24
post_028_68,1,0,ister,TR,,O,68,0
post_028_68,1,1,sevin,TR,,O,68,1
post_028_68,1,2,ister,TR,,O,68,2
post_028_68,1,3,nefret,TR,,O,68,3
post_028_68,1,4,edin,TR,,O,68,4
post_028_68,1,5,javascript,NE,,B-PROD,68,5
post_028_68,1,6,bir,TR,,O,68,6
post_028_68,1,7,fenomendir,TR,,O,68,7
post_028_68,1,8,burada,TR,,O,68,9
post_028_68,1,9,atıp,TR,,O,68,10
post_028_68,1,10,tutan,TR,,O,68,11
post_028_68,1,11,yazarların,TR,,O,68,12
post_028_68,1,12,kaçı,TR,,O,68,13
post_028_68,1,13,acaba,TR,,O,68,14
post_028_68,1,14,visual,NE,,B-PROD,68,15
post_028_68,1,15,studio,NE,,I-PROD,68,16
post_028_68,1,16,core'un,NE,MIXED,I-PROD,68,17
post_028_68,1,17,electron,NE,,B-PROD,68,18
post_028_68,1,18,javascript,NE,,I-PROD,68,19
post_028_68,1,19,framework,NE,,I-PROD,68,20
post_028_68,1,20,ile,TR,,O,68,21
post_028_68,1,21,yazıldığını,TR,,O,68,22
post_028_68,1,22,biliyor,TR,,O,68,23
post_028_68,1,23,ya,TR,,O,68,25
post_028_68,1,24,da,TR,,O,68,26
post_028_68,1,25,discord'un,NE,MIXED,B-PROD,68,27
post_028_68,1,26,masaüstü,TR,,O,68,28
post_028_68,1,27,uygulamasının,TR,,O,68,29
post_028_68,1,28,electron,NE,,B-PROD,68,30
post_028_68,1,29,ile,TR,,O,68,31
post_028_68,1,30,yazıldığını,TR,,O,68,32
post_028_68,1,31,ya,TR,,O,68,34
post_028_68,1,32,da,TR,,O,68,35
post_028_68,1,33,postman'in,NE,MIXED,B-PROD,68,36
post_028_68,1,34,masaüstü,TR,,O,68,37
post_028_68,1,35,uygulamasının,TR,,O,68,38
post_028_68,1,36,yine,TR,,O,68,39
post_028_68,1,37,electron,NE,,B-PROD,68,40
post_028_68,1,38,ile,TR,,O,68,41
post_028_68,1,39,yazıldığını,TR,,O,68,42
post_028_68,1,40,bu,TR,,O,68,44
post_028_68,1,41,liste,TR,,O,68,45
post_028_68,1,42,uzayıp,TR,,O,68,46
post_028_68,1,43,gidiyor,TR,,O,68,47
post_028_68,1,44,back-end,EN,,O,68,49
post_028_68,1,45,tarafına,TR,,O,68,50
post_028_68,1,46,bakalım,TR,,O,68,51
post_028_68,1,47,nodejs'in,NE,MIXED,B-PROD,68,53
post_028_68,1,48,web,EN,,O,68,54
post_028_68,1,49,server,EN,,O,68,55
post_028_68,1,50,olarak,TR,,O,68,56
post_028_68,1,51,high-traffic,EN,,O,68,57
post_028_68,1,52,kategorisinde,TR,,O,68,58
post_028_68,1,53,kullanımda,TR,,O,68,59
post_028_68,1,54,cloudflare'ı,NE,MIXED,B-PROD,68,60
post_028_68,1,55,microsoft-ııs'i,NE,MIXED,B-PROD,68,61
post_028_68,1,56,nginx'i,NE,MIXED,B-PROD,68,62
post_028_68,1,57,apache'yi,NE,MIXED,B-PROD,68,63
post_028_68,1,58,litespeed'i,NE,MIXED,B-PROD,68,64
post_028_68,1,59,geçtiğini,TR,,O,68,65
post_028_68,1,60,kaçınız,TR,,O,68,66
post_028_68,1,61,biliyor,TR,,O,68,67
post_028_68,1,62,front-end,EN,,O,68,69
post_028_68,1,63,konusunda,TR,,O,68,70
post_028_68,1,64,ise,TR,,O,68,71
post_028_68,1,65,vuejs,NE,,B-PROD,68,72
post_028_68,1,66,angular,NE,,B-PROD,68,73
post_028_68,1,67,reactjs,NE,,B-PROD,68,74
post_028_68,1,68,big,EN,,O,68,75
post_028_68,1,69,three,EN,,O,68,76
post_028_68,1,70,olarak,TR,,O,68,77
post_028_68,1,71,gözler,TR,,O,68,78
post_028_68,1,72,önünde,TR,,O,68,79
post_028_68,1,73,mobil,TR,,O,68,81
post_028_68,1,74,tarafında,TR,,O,68,82
post_028_68,1,75,da,TR,,O,68,83
post_028_68,1,76,react-native,NE,,B-PROD,68,84
post_028_68,1,77,gibi,TR,,O,68,85
post_028_68,1,78,bir,TR,,O,68,86
post_028_68,1,79,dev,EN,,O,68,87
post_028_68,1,80,söz,TR,,O,68,88
post_028_68,1,81,konusu,TR,,O,68,89
post_028_68,1,82,elbette,TR,,O,68,91
post_028_68,1,83,javascript,NE,,B-PROD,68,92
post_028_68,1,84,her,TR,,O,68,93
post_028_68,1,85,yerde,TR,,O,68,94
post_028_68,1,86,en,TR,,O,68,95
post_028_68,1,87,iyi,TR,,O,68,96
post_028_68,1,88,çözümü,TR,,O,68,97
post_028_68,1,89,sunmuyor,TR,,O,68,98
post_028_68,1,90,ama,TR,,O,68,99
post_028_68,1,91,gidipte,TR,,O,68,100
post_028_68,1,92,bu,TR,,O,68,101
post_028_68,1,93,dile,TR,,O,68,102
post_028_68,1,94,bok,TR,,O,68,103
post_028_68,1,95,atmak,TR,,O,68,104
post_028_68,1,96,nasıl,TR,,O,68,105
post_028_68,1,97,bir,TR,,O,68,106
post_028_68,1,98,kafadır,TR,,O,68,107
post_028_68,1,99,el,TR,,O,68,108
post_028_68,1,100,insaf,TR,,O,68,109
post_028_68,1,101,yıldır,TR,,O,68,112
post_028_68,1,102,hayatta,TR,,O,68,113
post_028_68,1,103,olan,TR,,O,68,114
post_028_68,1,104,bir,TR,,O,68,115
post_028_68,1,105,dilden,TR,,O,68,116
post_028_68,1,106,bahsediyoruz,TR,,O,68,117
post_028_68,1,107,ve,TR,,O,68,119
post_028_68,1,108,son,TR,,O,68,120
post_028_68,1,109,yılda,TR,,O,68,122
post_028_68,1,110,genel,TR,,O,68,123
post_028_68,1,111,normalitenin,TR,,O,68,124
post_028_68,1,112,aksine,TR,,O,68,125
post_028_68,1,113,popülerliğini,TR,,O,68,126
post_028_68,1,114,katlamış,TR,,O,68,127
post_028_68,1,115,bir,TR,,O,68,128
post_028_68,1,116,dil,TR,,O,68,129
post_028_68,1,117,typescript,NE,,B-PROD,68,131
post_028_68,1,118,gibi,TR,,O,68,132
post_028_68,1,119,bambaşka,TR,,O,68,133
post_028_68,1,120,bir,TR,,O,68,134
post_028_68,1,121,açılımı,TR,,O,68,135
post_028_68,1,122,da,TR,,O,68,136
post_028_68,1,123,mevcut,TR,,O,68,137
post_028_68,1,124,typescript,NE,,B-PROD,68,139
post_028_68,1,125,javascript'in,NE,MIXED,B-PROD,68,140
post_028_68,1,126,supersetidir,MIXED,MIXED,O,68,141
post_028_68,1,127,yani,TR,,O,68,143
post_028_68,1,128,tüm,TR,,O,68,144
post_028_68,1,129,özelliklerini,TR,,O,68,145
post_028_68,1,130,içerir,TR,,O,68,146
post_028_68,1,131,javascript'e,NE,MIXED,B-PROD,68,147
post_028_68,1,132,dönüştürülür,TR,,O,68,148
post_028_68,1,133,ama,TR,,O,68,149
post_028_68,1,134,üzerine,TR,,O,68,150
post_028_68,1,135,eklemeler,TR,,O,68,151
post_028_68,1,136,yapar,TR,,O,68,152
post_028_68,1,137,öyle,TR,,O,68,154
post_028_68,1,138,bir,TR,,O,68,155
post_028_68,1,139,dil,TR,,O,68,156
post_028_68,1,140,düşünün,TR,,O,68,157
post_028_68,1,141,ki,TR,,O,68,158
post_028_68,1,142,hem,TR,,O,68,159
post_028_68,1,143,front-end,EN,,O,68,160
post_028_68,1,144,hem,TR,,O,68,161
post_028_68,1,145,back-end,EN,,O,68,162
post_028_68,1,146,olayını,TR,,O,68,163
post_028_68,1,147,aynı,TR,,O,68,164
post_028_68,1,148,dil,TR,,O,68,165
post_028_68,1,149,ile,TR,,O,68,166
post_028_68,1,150,halledebilelim,TR,,O,68,167
post_028_68,1,151,hem,TR,,O,68,169
post_028_68,1,152,de,TR,,O,68,170
post_028_68,1,153,yaptığımız,TR,,O,68,171
post_028_68,1,154,uygulama,TR,,O,68,172
post_028_68,1,155,cross-platform,EN,,O,68,173
post_028_68,1,156,olsun,TR,,O,68,174
post_028_68,1,157,javascript,NE,,B-PROD,68,176
post_028_68,1,158,en,TR,,O,68,177
post_028_68,1,159,iyiyi,TR,,O,68,178
post_028_68,1,160,sunmaz,TR,,O,68,179
post_028_68,1,161,ama,TR,,O,68,180
post_028_68,1,162,en,TR,,O,68,181
post_028_68,1,163,kolayı,TR,,O,68,182
post_028_68,1,164,sunar,TR,,O,68,183
post_028_68,1,165,en,TR,,O,68,185
post_028_68,1,166,işlevseli,TR,,O,68,186
post_028_68,1,167,sunar,TR,,O,68,187
post_028_68,1,168,en,TR,,O,68,189
post_028_68,1,169,erişilebiliri,TR,,O,68,190
post_028_68,1,170,sunar,TR,,O,68,191
post_028_68,1,171,bu,TR,,O,68,193
post_028_68,1,172,yüzden,TR,,O,68,194
post_028_68,1,173,tercih,TR,,O,68,195
post_028_68,1,174,edilir,TR,,O,68,196
post_028_68,1,175,her,TR,,O,68,198
post_028_68,1,176,dil,TR,,O,68,199
post_028_68,1,177,gibi,TR,,O,68,200
post_028_68,1,178,birçok,TR,,O,68,201
post_028_68,1,179,eksiği,TR,,O,68,202
post_028_68,1,180,var,TR,,O,68,203
post_028_68,1,181,elbette,TR,,O,68,204
post_028_68,1,182,say,TR,,O,68,206
post_028_68,1,183,say,TR,,O,68,207
post_028_68,1,184,bitmez,TR,,O,68,208
post_028_68,1,185,eksik,TR,,O,68,209
post_028_68,1,186,taraflarını,TR,,O,68,210
post_028_68,1,187,bu,TR,,O,68,212
post_028_68,1,188,arada,TR,,O,68,213
post_028_68,1,189,kişisel,TR,,O,68,214
post_028_68,1,190,olarak,TR,,O,68,215
post_028_68,1,191,ben,TR,,O,68,216
post_028_68,1,192,c#'tan,NE,MIXED,B-PROD,68,217
post_028_68,1,193,çok,TR,,O,68,219
post_028_68,1,194,hoşlanıyorum,TR,,O,68,220
post_028_68,1,195,net,NE,,B-PROD,68,222
post_028_68,1,196,core,NE,,I-PROD,68,223
post_028_68,1,197,bence,TR,,O,68,224
post_028_68,1,198,mükemmel,TR,,O,68,225
post_028_68,1,199,bir,TR,,O,68,226
post_028_68,1,200,framework,TR,,O,68,227
post_028_68,1,201,çalışırken,TR,,O,68,229
post_028_68,1,202,muhteşem,TR,,O,68,230
post_028_68,1,203,keyif,TR,,O,68,231
post_028_68,1,204,alıyorum,TR,,O,68,232
post_028_68,1,205,keşke,TR,,O,68,234
post_028_68,1,206,tüm,TR,,O,68,235
post_028_68,1,207,dünyadaki,TR,,O,68,236
post_028_68,1,208,yazılımlarda,TR,,O,68,237
post_028_68,1,209,c#,NE,,B-PROD,68,238
post_028_68,1,210,kullanılsa,TR,,O,68,239
post_028_68,1,211,ama,TR,,O,68,240
post_028_68,1,212,javascript'e,NE,MIXED,B-PROD,68,241
post_028_68,1,213,de,TR,,O,68,242
post_028_68,1,214,hak,TR,,O,68,243
post_028_68,1,215,ettiği,TR,,O,68,244
post_028_68,1,216,krediyi,TR,,O,68,245
post_028_68,1,217,veriyorum,TR,,O,68,246
post_028_68,1,218,çünkü,TR,,O,68,248
post_028_68,1,219,yıllık,TR,,O,68,250
post_028_68,1,220,geçmişine,TR,,O,68,251
post_028_68,1,221,rağmen,TR,,O,68,252
post_028_68,1,222,kimsenin,TR,,O,68,253
post_028_68,1,223,beklemediği,TR,,O,68,254
post_028_68,1,224,şekilde,TR,,O,68,255
post_028_68,1,225,son,TR,,O,68,256
post_028_68,1,226,yıllarda,TR,,O,68,257
post_028_68,1,227,açılımlar,TR,,O,68,258
post_028_68,1,228,yapmış,TR,,O,68,259
post_028_68,1,229,bir,TR,,O,68,260
post_028_68,1,230,dil,TR,,O,68,261
post_028_68,1,231,o,TR,,O,68,263
post_028_68,1,232,yüzden,TR,,O,68,264
post_028_68,1,233,yiğidi,TR,,O,68,265
post_028_68,1,234,öldürelim,TR,,O,68,266
post_028_68,1,235,ama,TR,,O,68,267
post_028_68,1,236,hakkını,TR,,O,68,268
post_028_68,1,237,yemeyelim,TR,,O,68,269
post_029_69,1,0,kod,TR,,O,69,0
post_029_69,1,1,yazması,TR,,O,69,1
post_029_69,1,2,tabii,TR,,O,69,2
post_029_69,1,3,ki,TR,,O,69,3
post_029_69,1,4,saçma,TR,,O,69,4
post_029_69,1,5,derecede,TR,,O,69,5
post_029_69,1,6,değerli,TR,,O,69,6
post_029_69,1,7,ancak,TR,,O,69,7
post_029_69,1,8,daha,TR,,O,69,8
post_029_69,1,9,ilginci,TR,,O,69,9
post_029_69,1,10,öğreterek,TR,,O,69,10
post_029_69,1,11,ve,TR,,O,69,11
post_029_69,1,12,çeşitlendirerek,TR,,O,69,12
post_029_69,1,13,yazıyor,TR,,O,69,13
post_029_69,1,14,bugün,TR,,O,69,15
post_029_69,1,15,arkadaşla,TR,,O,69,16
post_029_69,1,16,kotlin'de,NE,MIXED,B-PROD,69,17
post_029_69,1,17,bir,TR,,O,69,18
post_029_69,1,18,gösterimi,TR,,O,69,19
post_029_69,1,19,arıyorduk,TR,,O,69,20
post_029_69,1,20,15dk'da,TR,,O,69,22
post_029_69,1,21,filan,TR,,O,69,23
post_029_69,1,22,bulduk,TR,,O,69,24
post_029_69,1,23,gece,TR,,O,69,26
post_029_69,1,24,dur,TR,,O,69,27
post_029_69,1,25,şuna,TR,,O,69,28
post_029_69,1,26,yazayım,TR,,O,69,29
post_029_69,1,27,bakalım,TR,,O,69,30
post_029_69,1,28,dedim,TR,,O,69,31
post_029_69,1,29,saniye'de,TR,,O,69,33
post_029_69,1,30,bana,TR,,O,69,34
post_029_69,1,31,kotlin'de,NE,MIXED,B-PROD,69,36
post_029_69,1,32,array,EN,,O,69,37
post_029_69,1,33,tanımlama,TR,,O,69,38
post_029_69,1,34,varargs,EN,,O,69,40
post_029_69,1,35,alan,TR,,O,69,41
post_029_69,1,36,bir,TR,,O,69,42
post_029_69,1,37,func,EN,,O,69,43
post_029_69,1,38,interface,EN,,O,69,44
post_029_69,1,39,sonra,TR,,O,69,46
post_029_69,1,40,bu,TR,,O,69,47
post_029_69,1,41,array'ı,MIXED,MIXED,O,69,48
post_029_69,1,42,varargs,EN,,O,69,49
post_029_69,1,43,olarak,TR,,O,69,50
post_029_69,1,44,parametrede,TR,,O,69,51
post_029_69,1,45,geçmeyi,TR,,O,69,52
post_029_69,1,46,gösterdi,TR,,O,69,53
post_029_69,1,47,al,TR,,O,69,55
post_029_69,1,48,abi,TR,,O,69,56
post_029_69,1,49,sana,TR,,O,69,57
post_029_69,1,50,array,EN,,O,69,58
post_029_69,1,51,to,EN,,O,69,59
post_029_69,1,52,varargs,EN,,O,69,60
post_029_69,1,53,demiyor,TR,,O,69,61
post_029_69,1,54,yani,TR,,O,69,62
post_029_69,1,55,bi,TR,,O,69,64
post_029_69,1,56,çok,TR,,O,69,65
post_029_69,1,57,değerli,TR,,O,69,66
post_029_69,1,58,bir,TR,,O,69,67
post_029_69,1,59,şey,TR,,O,69,68
post_029_69,1,60,tahminim,TR,,O,69,70
post_029_69,1,61,arkada,TR,,O,69,71
post_029_69,1,62,sonucu,TR,,O,69,72
post_029_69,1,63,bulurken,TR,,O,69,73
post_029_69,1,64,gezdiği,TR,,O,69,74
post_029_69,1,65,patternleri,MIXED,MIXED,O,69,75
post_029_69,1,66,de,TR,,O,69,76
post_029_69,1,67,bilgi,TR,,O,69,77
post_029_69,1,68,olarak,TR,,O,69,78
post_029_69,1,69,expose,EN,,O,69,79
post_029_69,1,70,ediyor,TR,,O,69,80
post_029_69,1,71,müthiş,TR,,O,69,82
post_030_70,1,0,python'daki,NE,MIXED,B-PROD,70,0
post_030_70,1,1,bir,TR,,O,70,1
post_030_70,1,2,takım,TR,,O,70,2
post_030_70,1,3,easter,EN,,O,70,3
post_030_70,1,4,eggler,MIXED,MIXED,O,70,4
post_030_70,1,5,sonuçlarını,TR,,O,70,5
post_030_70,1,6,yazıp,TR,,O,70,6
post_030_70,1,7,tadını,TR,,O,70,7
post_030_70,1,8,kaçırmayayım,TR,,O,70,8
post_030_70,1,9,from,EN,,O,70,10
post_030_70,1,10,future,EN,,O,70,11
post_030_70,1,11,import,EN,,O,70,12
post_030_70,1,12,braces,EN,,O,70,13
post_030_70,1,13,import,EN,,O,70,14
post_030_70,1,14,hello,EN,,O,70,15
post_030_70,1,15,import,EN,,O,70,17
post_030_70,1,16,this,EN,,O,70,18
post_030_70,1,17,import,EN,,O,70,20
post_030_70,1,18,antigravity,EN,,O,70,21
post_030_70,1,19,tam,TR,,O,70,22
post_030_70,1,20,olarak,TR,,O,70,23
post_030_70,1,21,easter,EN,,O,70,24
post_030_70,1,22,egg,EN,,O,70,25
post_030_70,1,23,sayılmasa,TR,,O,70,26
post_030_70,1,24,da,TR,,O,70,27
post_030_70,1,25,import,EN,,O,70,29
post_030_70,1,26,this,EN,,O,70,30
post_030_70,1,27,love,EN,,O,70,33
post_030_70,1,28,this,EN,,O,70,35
post_030_70,1,29,this,EN,,O,70,37
post_030_70,1,30,is,EN,,O,70,38
post_030_70,1,31,love,EN,,O,70,39
post_030_70,1,32,love,EN,,O,70,42
post_030_70,1,33,is,EN,,O,70,43
post_030_70,1,34,not,EN,,O,70,44
post_030_70,1,35,or,EN,,O,70,46
post_030_70,1,36,love,EN,,O,70,50
post_030_70,1,37,is,EN,,O,70,51
post_030_70,1,38,not,EN,,O,70,52
post_030_70,1,39,or,EN,,O,70,54
post_030_70,1,40,FALSE,EN,,O,70,55
post_030_70,1,41,love,EN,,O,70,56
post_030_70,1,42,is,EN,,O,70,57
post_030_70,1,43,love,EN,,O,70,58
post_031_71,1,0,lise,TR,,O,71,0
post_031_71,1,1,yıllarında,TR,,O,71,1
post_031_71,1,2,takip,TR,,O,71,2
post_031_71,1,3,ettiğim,TR,,O,71,3
post_031_71,1,4,bir,TR,,O,71,4
post_031_71,1,5,organizasyon,TR,,O,71,5
post_031_71,1,6,şimdi,TR,,O,71,7
post_031_71,1,7,düşünüyorum,TR,,O,71,8
post_031_71,1,8,da,TR,,O,71,9
post_031_71,1,9,doğanın,TR,,O,71,10
post_031_71,1,10,ağzına,TR,,O,71,11
post_031_71,1,11,sıçan,TR,,O,71,12
post_031_71,1,12,saçma,TR,,O,71,13
post_031_71,1,13,bir,TR,,O,71,14
post_031_71,1,14,zengin,TR,,O,71,15
post_031_71,1,15,sporu,TR,,O,71,16
post_031_71,1,16,formula-e,NE,,B-ORG,71,18
post_031_71,1,17,mantıklı,TR,,O,71,19
post_031_71,1,18,illa,TR,,O,71,20
post_031_71,1,19,yapılacaksa,TR,,O,71,21
post_031_71,1,20,simülasyon,TR,,O,71,22
post_031_71,1,21,olarak,TR,,O,71,23
post_031_71,1,22,yapılabilir,TR,,O,71,24
post_031_71,1,23,hem,TR,,O,71,25
post_031_71,1,24,şartlar,TR,,O,71,26
post_031_71,1,25,eşit,TR,,O,71,27
post_031_71,1,26,olabilir,TR,,O,71,28
post_031_71,1,27,o,TR,,O,71,29
post_031_71,1,28,durumda,TR,,O,71,30
post_031_71,1,29,o,TR,,O,71,31
post_031_71,1,30,zaman,TR,,O,71,32
post_031_71,1,31,pilotluk,TR,,O,71,33
post_031_71,1,32,yeteneklerinin,TR,,O,71,34
post_031_71,1,33,öne,TR,,O,71,35
post_031_71,1,34,çıkabildiği,TR,,O,71,36
post_031_71,1,35,bir,TR,,O,71,37
post_031_71,1,36,şeye,TR,,O,71,38
post_031_71,1,37,benzer,TR,,O,71,39
post_031_71,1,38,ha,AMBIGUOUS,,O,71,41
post_031_71,1,39,bi,TR,,O,71,42
post_031_71,1,40,dakka,TR,,O,71,43
post_031_71,1,41,o,TR,,O,71,44
post_031_71,1,42,zaman,TR,,O,71,45
post_031_71,1,43,multi-billon,EN,,O,71,46
post_031_71,1,44,dollar,EN,,O,71,47
post_031_71,1,45,endüstri,TR,,O,71,48
post_031_71,1,46,olmaz,TR,,O,71,49
post_031_71,1,47,ecclestone,NE,,B-ORG,71,50
post_031_71,1,48,co,NE,,I-ORG,71,52
post_031_71,1,49,kazanamaz,TR,,O,71,53
post_031_71,1,50,o,TR,,O,71,54
post_031_71,1,51,zaman,TR,,O,71,55
post_031_71,1,52,ne,TR,,O,71,56
post_031_71,1,53,yapalım,TR,,O,71,57
post_031_71,1,54,doğanın,TR,,O,71,58
post_031_71,1,55,ağzına,TR,,O,71,59
post_031_71,1,56,sıçmaya,TR,,O,71,60
post_031_71,1,57,devam,TR,,O,71,61
post_032_72,1,0,sayesinde,TR,,O,72,0
post_032_72,1,1,sevgili,TR,,O,72,1
post_032_72,1,2,kavgalarını,TR,,O,72,2
post_032_72,1,3,canlı,TR,,O,72,3
post_032_72,1,4,olarak,TR,,O,72,4
post_032_72,1,5,heyecanla,TR,,O,72,5
post_032_72,1,6,izleyebildiğimiz,TR,,O,72,6
post_032_72,1,7,site,AMBIGUOUS,,O,72,7
post_032_72,1,8,is,EN,,O,72,10
post_032_72,1,9,went,EN,,O,72,11
post_032_72,1,10,from,EN,,O,72,12
post_032_72,1,11,being,EN,,O,72,13
post_032_72,1,12,in,EN,,O,72,14
post_032_72,1,13,a,EN,,O,72,15
post_032_72,1,14,relationship,EN,,O,72,16
post_032_72,1,15,with,EN,,O,72,17
post_032_72,1,16,to,EN,,O,72,19
post_032_72,1,17,single,EN,,O,72,20
post_032_72,1,18,he,EN,,O,72,22
post_032_72,1,19,is,EN,,O,72,23
post_032_72,1,20,now,EN,,O,72,24
post_032_72,1,21,looking,EN,,O,72,25
post_032_72,1,22,for,EN,,O,72,26
post_032_72,1,23,dating,EN,,O,72,27
post_032_72,1,24,a,EN,,O,72,28
post_032_72,1,25,relationship,EN,,O,72,29
post_032_72,1,26,and,EN,,O,72,30
post_032_72,1,27,whatever,EN,,O,72,31
post_032_72,1,28,i,EN,,O,72,32
post_032_72,1,29,can,EN,,O,72,33
post_032_72,1,30,get,EN,,O,72,34
post_032_72,1,31,is,EN,,O,72,36
post_032_72,1,32,over,EN,,O,72,37
post_032_72,1,33,saat,TR,,O,72,39
post_032_72,1,34,sonra,TR,,O,72,40
post_032_72,1,35,is,EN,,O,72,42
post_032_72,1,36,listed,EN,,O,72,43
post_032_72,1,37,as,EN,,O,72,44
post_032_72,1,38,in,EN,,O,72,45
post_032_72,1,39,a,EN,,O,72,46
post_032_72,1,40,relationship,EN,,O,72,47
post_032_72,1,41,with,EN,,O,72,48
post_032_72,1,42,is,EN,,O,72,51
post_032_72,1,43,only,EN,,O,72,52
post_032_72,1,44,happy,EN,,O,72,53
post_032_72,1,45,with,EN,,O,72,54
post_032_72,1,46,his,EN,,O,72,55
post_033_73,1,0,altyazıları,TR,,O,73,0
post_033_73,1,1,sanki,TR,,O,73,1
post_033_73,1,2,twitter,NE,,B-PROD,73,2
post_033_73,1,3,da,TR,,O,73,3
post_033_73,1,4,karakter,TR,,O,73,5
post_033_73,1,5,limitine,MIXED,MIXED,O,73,6
post_033_73,1,6,takılmış,TR,,O,73,7
post_033_73,1,7,gibi,TR,,O,73,8
post_033_73,1,8,kısalta,TR,,O,73,10
post_033_73,1,9,kısalta,TR,,O,73,11
post_033_73,1,10,geliyor,TR,,O,73,12
post_033_73,1,11,bu,TR,,O,73,14
post_033_73,1,12,kadar,TR,,O,73,15
post_033_73,1,13,fazla,TR,,O,73,16
post_033_73,1,14,yazım,TR,,O,73,17
post_033_73,1,15,yanlışı,TR,,O,73,18
post_033_73,1,16,yaptıklarını,TR,,O,73,19
post_033_73,1,17,düşünmek,TR,,O,73,20
post_033_73,1,18,istemiyorum,TR,,O,73,21
post_033_73,1,19,bence,TR,,O,73,23
post_033_73,1,20,baya,TR,,O,73,24
post_033_73,1,21,ergen,TR,,O,73,25
post_033_73,1,22,yaş,TR,,O,73,26
post_033_73,1,23,grubundan,TR,,O,73,27
post_033_73,1,24,insanlar,TR,,O,73,28
post_033_73,1,25,üşendikleri,TR,,O,73,29
post_033_73,1,26,için,TR,,O,73,30
post_033_73,1,27,kısaltma,TR,,O,73,31
post_033_73,1,28,diliyle,TR,,O,73,32
post_033_73,1,29,yapıyor,TR,,O,73,33
post_033_73,1,30,çevirilerini,TR,,O,73,34
post_033_73,1,31,örneğin,TR,,O,73,36
post_033_73,1,32,high,NE,,B-TITLE,73,37
post_033_73,1,33,crimes,NE,,I-TITLE,73,38
post_033_73,1,34,filminden,TR,,O,73,39
post_033_73,1,35,bu,TR,,O,73,40
post_033_73,1,36,manyk,TR,,O,73,41
post_033_73,1,37,rahatsz,TR,,O,73,42
post_033_73,1,38,m,TR,,O,73,43
post_033_73,1,39,ediyor,TR,,O,73,44
post_033_73,1,40,sapklarla,TR,,O,73,46
post_033_73,1,41,baş,TR,,O,73,47
post_033_73,1,42,etmeyi,TR,,O,73,48
post_033_73,1,43,bilirim,TR,,O,73,49
post_033_73,1,44,hayr,TR,,O,73,51
post_033_73,1,45,hayr,TR,,O,73,52
post_033_73,1,46,lütfen,TR,,O,73,53
post_033_73,1,47,yatyorsun,TR,,O,73,55
post_033_73,1,48,diye,TR,,O,73,56
post_033_73,1,49,tanyor,TR,,O,73,57
post_033_73,1,50,musun,TR,,O,73,58
post_034_74,1,0,şimdiye,TR,,O,74,0
post_034_74,1,1,kadar,TR,,O,74,1
post_034_74,1,2,express.js,NE,,B-PROD,74,2
post_034_74,1,3,yardımı,TR,,O,74,3
post_034_74,1,4,ile,TR,,O,74,4
post_034_74,1,5,kendisi,TR,,O,74,5
post_034_74,1,6,kullanılarak,TR,,O,74,6
post_034_74,1,7,admin,EN,,O,74,7
post_034_74,1,8,paneli,TR,,O,74,8
post_034_74,1,9,yapılmamıştır,TR,,O,74,9
post_034_74,1,10,yapılanlar,TR,,O,74,11
post_034_74,1,11,da,TR,,O,74,12
post_034_74,1,12,bilgisayarla,TR,,O,74,13
post_034_74,1,13,değil,TR,,O,74,14
post_034_74,1,14,teflon,TR,,O,74,15
post_034_74,1,15,tencere,TR,,O,74,16
post_034_74,1,16,ile,TR,,O,74,17
post_034_74,1,17,yazılmıştır,TR,,O,74,18
post_034_74,1,18,rezalettir,TR,,O,74,20
post_034_74,1,19,bu,TR,,O,74,21
post_034_74,1,20,kadar,TR,,O,74,22
post_034_74,1,21,büyük,TR,,O,74,23
post_034_74,1,22,bir,TR,,O,74,24
post_034_74,1,23,eko,TR,,O,74,25
post_034_74,1,24,sisteminin,TR,,O,74,26
post_034_74,1,25,ayıbıdır,TR,,O,74,27
post_034_74,1,26,nerede,TR,,O,74,29
post_034_74,1,27,o,TR,,O,74,30
post_034_74,1,28,eski,TR,,O,74,31
post_034_74,1,29,işsiz,TR,,O,74,32
post_034_74,1,30,manyaklar,TR,,O,74,33
post_034_74,1,31,yazıp,TR,,O,74,35
post_034_74,1,32,salsın,TR,,O,74,36
post_034_74,1,33,ortalığa,TR,,O,74,37
post_034_74,1,34,lib,EN,,O,74,39
post_034_74,1,35,yapan,EN,,O,74,40
post_034_74,1,36,büyük,TR,,O,74,41
post_034_74,1,37,bir,TR,,O,74,42
post_034_74,1,38,yerden,TR,,O,74,43
post_034_74,1,39,teklifi,TR,,O,74,44
post_034_74,1,40,alıp,TR,,O,74,45
post_034_74,1,41,reposunu,MIXED,MIXED,O,74,46
post_034_74,1,42,bırakıyor,TR,,O,74,47
post_035_75,1,0,karantina,TR,,O,75,0
post_035_75,1,1,döneminde,TR,,O,75,1
post_035_75,1,2,başlamıştım,TR,,O,75,2
post_035_75,1,3,ve,TR,,O,75,3
post_035_75,1,4,sene,TR,,O,75,5
post_035_75,1,5,neredeyse,TR,,O,75,6
post_035_75,1,6,her,TR,,O,75,7
post_035_75,1,7,gün,TR,,O,75,8
post_035_75,1,8,onlarca,TR,,O,75,9
post_035_75,1,9,bölüm,TR,,O,75,10
post_035_75,1,10,izliyordum,TR,,O,75,11
post_035_75,1,11,sonra,TR,,O,75,13
post_035_75,1,12,bıraktım,TR,,O,75,14
post_035_75,1,13,ve,TR,,O,75,15
post_035_75,1,14,ayda,TR,,O,75,16
post_035_75,1,15,tane,TR,,O,75,18
post_035_75,1,16,ilgimi,TR,,O,75,19
post_035_75,1,17,çeken,TR,,O,75,20
post_035_75,1,18,serileri,TR,,O,75,21
post_035_75,1,19,izlemeye,TR,,O,75,22
post_035_75,1,20,başlamıştım,TR,,O,75,23
post_035_75,1,21,şimdilerde,TR,,O,75,25
post_035_75,1,22,ise,TR,,O,75,26
post_035_75,1,23,neredeyse,TR,,O,75,27
post_035_75,1,24,bıraktım,TR,,O,75,28
post_035_75,1,25,ve,TR,,O,75,29
post_035_75,1,26,daha,TR,,O,75,30
post_035_75,1,27,çok,TR,,O,75,31
post_035_75,1,28,manga,AMBIGUOUS,,O,75,32
post_035_75,1,29,okumaya,TR,,O,75,33
post_035_75,1,30,yöneldim,TR,,O,75,34
post_035_75,1,31,bu,TR,,O,75,36
post_035_75,1,32,birazda,TR,,O,75,37
post_035_75,1,33,animelerin,TR,,O,75,38
post_035_75,1,34,konuyu,TR,,O,75,39
post_035_75,1,35,uzatmasından,TR,,O,75,40
post_035_75,1,36,ve,TR,,O,75,41
post_035_75,1,37,gereksiz,TR,,O,75,42
post_035_75,1,38,filler,EN,,O,75,43
post_035_75,1,39,sahnelere,TR,,O,75,44
post_035_75,1,40,girmesinden,TR,,O,75,45
post_035_75,1,41,kaynaklanıyor,TR,,O,75,46
post_035_75,1,42,ama,TR,,O,75,48
post_035_75,1,43,genel,TR,,O,75,49
post_035_75,1,44,olarak,TR,,O,75,50
post_035_75,1,45,artık,TR,,O,75,51
post_035_75,1,46,animeler,TR,,O,75,52
post_035_75,1,47,sıkıcı,TR,,O,75,53
post_035_75,1,48,geliyor,TR,,O,75,54
post_035_75,1,49,her,TR,,O,75,56
post_035_75,1,50,hafta,TR,,O,75,57
post_035_75,1,51,15dk,TR,,O,75,58
post_035_75,1,52,bölüm,TR,,O,75,59
post_035_75,1,53,bekle,TR,,O,75,60
post_035_75,1,54,sezon,TR,,O,75,61
post_035_75,1,55,bitsin,TR,,O,75,62
post_035_75,1,56,yeni,TR,,O,75,63
post_035_75,1,57,sezonu,TR,,O,75,64
post_035_75,1,58,sene,TR,,O,75,66
post_035_75,1,59,bekle,TR,,O,75,67
post_035_75,1,60,falan,TR,,O,75,68
post_035_75,1,61,o,TR,,O,75,70
post_035_75,1,62,senede,TR,,O,75,72
post_035_75,1,63,mangalar,TR,,O,75,73
post_035_75,1,64,neler,TR,,O,75,74
post_035_75,1,65,neler,TR,,O,75,75
post_035_75,1,66,işliyor,TR,,O,75,76
post_035_75,1,67,bölümlük,TR,,O,75,80
post_035_75,1,68,bölümlük,TR,,O,75,82
post_035_75,1,69,konusunu,TR,,O,75,83
post_035_75,1,70,bitiren,TR,,O,75,84
post_035_75,1,71,serileri,TR,,O,75,85
post_035_75,1,72,daha,TR,,O,75,86
post_035_75,1,73,çok,TR,,O,75,87
post_035_75,1,74,öneririm,TR,,O,75,88
post_035_75,1,75,uzun,TR,,O,75,90
post_035_75,1,76,soluklu,TR,,O,75,91
post_035_75,1,77,serileri,TR,,O,75,92
post_035_75,1,78,zaten,TR,,O,75,93
post_035_75,1,79,anime,AMBIGUOUS,,O,75,94
post_035_75,1,80,olarak,TR,,O,75,95
post_035_75,1,81,önermem,TR,,O,75,96
post_035_75,1,82,asla,TR,,O,75,97
post_035_75,1,83,direkt,TR,,O,75,99
post_035_75,1,84,mangasını,TR,,O,75,100
post_035_75,1,85,okuyun,TR,,O,75,101
post_035_75,1,86,mesela,TR,,O,75,103
post_035_75,1,87,naruto,NE,,B-TITLE,75,104
post_035_75,1,88,harika,TR,,O,75,105
post_035_75,1,89,bir,TR,,O,75,106
post_035_75,1,90,mangadır,TR,,O,75,107
post_035_75,1,91,ama,TR,,O,75,108
post_035_75,1,92,inanılmaz,TR,,O,75,109
post_035_75,1,93,sorunlu,TR,,O,75,110
post_035_75,1,94,bir,TR,,O,75,111
post_035_75,1,95,animedir,TR,,O,75,112
post_035_75,1,96,one,NE,,B-TITLE,75,114
post_035_75,1,97,piece,NE,,I-TITLE,75,115
post_035_75,1,98,mesela,TR,,O,75,116
post_035_75,1,99,uzattıkça,TR,,O,75,117
post_035_75,1,100,uzatır,TR,,O,75,118
post_035_75,1,101,ama,TR,,O,75,119
post_035_75,1,102,mangası,TR,,O,75,120
post_035_75,1,103,akar,TR,,O,75,121
post_035_75,1,104,gider,TR,,O,75,122
post_035_75,1,105,one-punch,NE,,B-TITLE,75,124
post_035_75,1,106,man,NE,,I-TITLE,75,125
post_035_75,1,107,mangasında,TR,,O,75,126
post_035_75,1,108,neler,TR,,O,75,127
post_035_75,1,109,neler,TR,,O,75,128
post_035_75,1,110,oldu,TR,,O,75,129
post_035_75,1,111,animesi,TR,,O,75,130
post_035_75,1,112,bölümlük,TR,,O,75,132
post_035_75,1,113,sezona,TR,,O,75,134
post_035_75,1,114,ve,TR,,O,75,135
post_035_75,1,115,farklı,TR,,O,75,137
post_035_75,1,116,animasyon,TR,,O,75,138
post_035_75,1,117,şirketiyle,TR,,O,75,139
post_035_75,1,118,kaldı,TR,,O,75,140
post_035_75,1,119,öyle,TR,,O,75,141
post_035_75,1,120,benim,TR,,O,75,143
post_035_75,1,121,en,TR,,O,75,144
post_035_75,1,122,sevdiğim,TR,,O,75,145
post_035_75,1,123,seri,TR,,O,75,146
post_035_75,1,124,olan,TR,,O,75,147
post_035_75,1,125,ajin,NE,,B-TITLE,75,148
post_035_75,1,126,mesela,TR,,O,75,149
post_035_75,1,127,cgi,EN,,O,75,150
post_035_75,1,128,anime,AMBIGUOUS,,O,75,151
post_035_75,1,129,olduğu,TR,,O,75,152
post_035_75,1,130,için,TR,,O,75,153
post_035_75,1,131,kimse,TR,,O,75,154
post_035_75,1,132,yüzüne,TR,,O,75,155
post_035_75,1,133,bakmadı,TR,,O,75,156
post_035_75,1,134,ama,TR,,O,75,157
post_035_75,1,135,mangası,TR,,O,75,158
post_035_75,1,136,o,TR,,O,75,159
post_035_75,1,137,kadar,TR,,O,75,160
post_035_75,1,138,iyiydiki,TR,,O,75,161
post_035_75,1,139,herkesin,TR,,O,75,162
post_035_75,1,140,okumasını,TR,,O,75,163
post_035_75,1,141,önerdiğim,TR,,O,75,164
post_035_75,1,142,bir,TR,,O,75,165
post_035_75,1,143,seinen,OTHER,,O,75,166
post_035_75,1,144,manga,AMBIGUOUS,,O,75,167
post_035_75,1,145,tabi,TR,,O,75,169
post_035_75,1,146,bazen,TR,,O,75,170
post_035_75,1,147,animesi,TR,,O,75,171
post_035_75,1,148,mangasından,TR,,O,75,172
post_035_75,1,149,iyi,TR,,O,75,173
post_035_75,1,150,olan,TR,,O,75,174
post_035_75,1,151,serilerde,TR,,O,75,175
post_035_75,1,152,oluyor,TR,,O,75,176
post_035_75,1,153,verebileceğim,TR,,O,75,178
post_035_75,1,154,en,TR,,O,75,179
post_035_75,1,155,basit,TR,,O,75,180
post_035_75,1,156,örnek,TR,,O,75,181
post_035_75,1,157,demon,NE,,B-TITLE,75,182
post_035_75,1,158,slayer,NE,,I-TITLE,75,183
post_035_75,1,159,sırf,TR,,O,75,185
post_035_75,1,160,keskin,TR,,O,75,186
post_035_75,1,161,animasyonları,TR,,O,75,187
post_035_75,1,162,ve,TR,,O,75,188
post_035_75,1,163,efektleri,TR,,O,75,189
post_035_75,1,164,sayesinde,TR,,O,75,190
post_035_75,1,165,seri,TR,,O,75,191
post_035_75,1,166,ilahlaştırıldı,TR,,O,75,192
post_035_75,1,167,ama,TR,,O,75,193
post_035_75,1,168,baktığın,TR,,O,75,194
post_035_75,1,169,zaman,TR,,O,75,195
post_035_75,1,170,hikayesi,TR,,O,75,196
post_035_75,1,171,karakterleri,TR,,O,75,197
post_035_75,1,172,bir,TR,,O,75,198
post_035_75,1,173,bok,TR,,O,75,199
post_035_75,1,174,değil,TR,,O,75,200
post_035_75,1,175,neyse,TR,,O,75,202
post_035_75,1,176,gece,TR,,O,75,203
post_035_75,1,177,gece,TR,,O,75,204
post_035_75,1,178,çok,TR,,O,75,205
post_035_75,1,179,uzattım,TR,,O,75,206
post_035_75,1,180,entry'i,MIXED,MIXED,O,75,207
post_035_75,1,181,iyidir,TR,,O,75,208
post_035_75,1,182,güzeldir,TR,,O,75,209
post_035_75,1,183,ama,TR,,O,75,210
post_035_75,1,184,her,TR,,O,75,211
post_035_75,1,185,zaman,TR,,O,75,212
post_035_75,1,186,değil,TR,,O,75,213
post_035_75,1,187,kısacası,TR,,O,75,214
post_035_75,1,188,özellikle,TR,,O,75,216
post_035_75,1,189,bu,TR,,O,75,217
post_035_75,1,190,kadar,TR,,O,75,218
post_035_75,1,191,popüleriteye,TR,,O,75,219
post_035_75,1,192,ulaştıktan,TR,,O,75,220
post_035_75,1,193,ve,TR,,O,75,221
post_035_75,1,194,inanılmaz,TR,,O,75,222
post_035_75,1,195,bir,TR,,O,75,223
post_035_75,1,196,gelir,TR,,O,75,224
post_035_75,1,197,oluşturmaya,TR,,O,75,225
post_035_75,1,198,başladıktan,TR,,O,75,226
post_035_75,1,199,sonra,TR,,O,75,227
post_035_75,1,200,para,TR,,O,75,228
post_035_75,1,201,için,TR,,O,75,229
post_035_75,1,202,bazı,TR,,O,75,230
post_035_75,1,203,potansiyeli,TR,,O,75,231
post_035_75,1,204,olan,TR,,O,75,232
post_035_75,1,205,seriler,TR,,O,75,233
post_035_75,1,206,mahvediliyor,TR,,O,75,234
post_035_75,1,207,bunada,TR,,O,75,236
post_035_75,1,208,en,TR,,O,75,237
post_035_75,1,209,iyi,TR,,O,75,238
post_035_75,1,210,örnek,TR,,O,75,239
post_035_75,1,211,boruto,NE,,B-TITLE,75,240
post_035_75,1,212,naruto,NE,,I-TITLE,75,241
post_035_75,1,213,next,NE,,I-TITLE,75,242
post_035_75,1,214,generations,NE,,I-TITLE,75,243
post_036_76,1,0,hemen,TR,,O,76,0
post_036_76,1,1,her,TR,,O,76,1
post_036_76,1,2,gün,TR,,O,76,2
post_036_76,1,3,yeni,TR,,O,76,3
post_036_76,1,4,bir,TR,,O,76,4
post_036_76,1,5,duyuruyla,TR,,O,76,5
post_036_76,1,6,karşıma,TR,,O,76,6
post_036_76,1,7,çıkıyor,TR,,O,76,7
post_036_76,1,8,kendisi,TR,,O,76,8
post_036_76,1,9,sadece,TR,,O,76,10
post_036_76,1,10,bugün,TR,,O,76,11
post_036_76,1,11,google,NE,,B-PROD,76,12
post_036_76,1,12,goggles,NE,,I-PROD,76,13
post_036_76,1,13,ve,TR,,O,76,14
post_036_76,1,14,real,EN,,O,76,15
post_036_76,1,15,time,EN,,O,76,16
post_036_76,1,16,search,EN,,O,76,17
post_036_76,1,17,ü,TR,,O,76,18
post_036_76,1,18,gördüm,TR,,O,76,19
post_036_76,1,19,gerçek,TR,,O,76,21
post_036_76,1,20,zamanlı,TR,,O,76,22
post_036_76,1,21,olan,TR,,O,76,23
post_036_76,1,22,hedeyi,TR,,O,76,24
post_036_76,1,23,şurdan,TR,,O,76,25
post_036_76,1,24,deneyiverebilirsiniz,TR,,O,76,27
post_037_77,1,0,benim,TR,,O,77,0
post_037_77,1,1,gibi,TR,,O,77,1
post_037_77,1,2,content,EN,,O,77,2
post_037_77,1,3,whorelar,MIXED,MIXED,O,77,3
post_037_77,1,4,için,TR,,O,77,4
post_037_77,1,5,birebir,TR,,O,77,5
post_037_77,1,6,uygulamadır,TR,,O,77,6
post_037_77,1,7,efendim,TR,,O,77,7
post_037_77,1,8,bu,TR,,O,77,8
post_037_77,1,9,harddiskteki,MIXED,MIXED,O,77,10
post_037_77,1,10,parçalar,TR,,O,77,11
post_037_77,1,11,tozlanır,TR,,O,77,12
post_037_77,1,12,bundan,TR,,O,77,13
post_037_77,1,13,sonra,TR,,O,77,14
post_037_77,1,14,çünkü,TR,,O,77,16
post_037_77,1,15,pratik,TR,,O,77,17
post_037_77,1,16,olarak,TR,,O,77,18
post_037_77,1,17,tam,TR,,O,77,19
post_037_77,1,18,da,TR,,O,77,20
post_037_77,1,19,o,TR,,O,77,21
post_037_77,1,20,olayı,TR,,O,77,22
post_037_77,1,21,sağlıyor,TR,,O,77,23
post_037_77,1,22,bir,TR,,O,77,25
post_037_77,1,23,yerden,TR,,O,77,26
post_037_77,1,24,sonra,TR,,O,77,27
post_037_77,1,25,elinizde,TR,,O,77,28
post_037_77,1,26,kaç,TR,,O,77,29
post_037_77,1,27,parça,TR,,O,77,30
post_037_77,1,28,olduğu,TR,,O,77,31
post_037_77,1,29,değil,TR,,O,77,32
post_037_77,1,30,bunları,TR,,O,77,33
post_037_77,1,31,güzel,TR,,O,77,34
post_037_77,1,32,bir,TR,,O,77,35
post_037_77,1,33,biçimde,TR,,O,77,36
post_037_77,1,34,bir,TR,,O,77,37
post_037_77,1,35,araya,TR,,O,77,38
post_037_77,1,36,getirmek,TR,,O,77,39
post_037_77,1,37,sorun,TR,,O,77,40
post_037_77,1,38,diskografi,TR,,O,77,42
post_037_77,1,39,diskografi,TR,,O,77,43
post_037_77,1,40,koymanın,TR,,O,77,44
post_037_77,1,41,çok,TR,,O,77,45
post_037_77,1,42,bir,TR,,O,77,46
post_037_77,1,43,anlamı,TR,,O,77,47
post_037_77,1,44,olmuyor,TR,,O,77,48
post_037_77,1,45,nitekim,TR,,O,77,49
post_037_77,1,46,grooveshark,NE,,B-PROD,77,51
post_037_77,1,47,gibi,TR,,O,77,52
post_037_77,1,48,alternatifleri,TR,,O,77,53
post_037_77,1,49,varmış,TR,,O,77,54
post_037_77,1,50,vardır,TR,,O,77,55
post_037_77,1,51,doğrudur,TR,,O,77,56
post_037_77,1,52,ama,TR,,O,77,57
post_037_77,1,53,ilk,TR,,O,77,58
post_037_77,1,54,defa,TR,,O,77,59
post_037_77,1,55,ben,TR,,O,77,60
post_037_77,1,56,bir,TR,,O,77,61
post_037_77,1,57,uygulamanın,TR,,O,77,62
post_037_77,1,58,bu,TR,,O,77,63
post_037_77,1,59,kadar,TR,,O,77,64
post_037_77,1,60,üstüme,TR,,O,77,65
post_037_77,1,61,oturduğunu,TR,,O,77,66
post_037_77,1,62,gördüm,TR,,O,77,67
post_037_77,1,63,app,EN,,B-PROD,77,69
post_037_77,1,64,bahçesi,TR,,I-PROD,77,70
post_037_77,1,65,muhteşem,TR,,O,77,71
post_037_77,1,66,zaten,TR,,O,77,72
post_037_77,1,67,udiscover,NE,,B-PROD,77,73
post_037_77,1,68,kullanıyorum,TR,,O,77,74
post_037_77,1,69,mesela,TR,,O,77,75
post_037_77,1,70,savatage'dan,NE,MIXED,B-GROUP,77,76
post_037_77,1,71,girdim,TR,,O,77,77
post_037_77,1,72,daha,TR,,O,77,78
post_037_77,1,73,önce,TR,,O,77,79
post_037_77,1,74,duymadığım,TR,,O,77,80
post_037_77,1,75,muhteşem,TR,,O,77,81
post_037_77,1,76,gruplara,TR,,O,77,82
post_037_77,1,77,eriştim,TR,,O,77,83
post_037_77,1,78,normal,AMBIGUOUS,,O,77,85
post_037_77,1,79,şartlar,TR,,O,77,86
post_037_77,1,80,altında,TR,,O,77,87
post_037_77,1,81,ben,TR,,O,77,88
post_037_77,1,82,bunu,TR,,O,77,89
post_037_77,1,83,last.fm'den,NE,MIXED,B-ORG,77,90
post_037_77,1,84,yapmaya,TR,,O,77,91
post_037_77,1,85,çalışıyordum,TR,,O,77,92
post_037_77,1,86,ama,TR,,O,77,93
post_037_77,1,87,yani,TR,,O,77,94
post_037_77,1,88,popülariteye,TR,,O,77,95
post_037_77,1,89,göre,TR,,O,77,96
post_037_77,1,90,gittiği,TR,,O,77,97
post_037_77,1,91,için,TR,,O,77,98
post_037_77,1,92,genelde,TR,,O,77,99
post_037_77,1,93,önerdiği,TR,,O,77,100
post_037_77,1,94,gruplar,TR,,O,77,101
post_037_77,1,95,zaten,TR,,O,77,102
post_037_77,1,96,janrın,TR,,O,77,103
post_037_77,1,97,baba,TR,,O,77,104
post_037_77,1,98,grupları,TR,,O,77,105
post_037_77,1,99,oluyordu,TR,,O,77,106
post_037_77,1,100,burada,TR,,O,77,108
post_037_77,1,101,ise,TR,,O,77,109
post_037_77,1,102,öyle,TR,,O,77,110
post_037_77,1,103,değil,TR,,O,77,111
post_037_77,1,104,ayda,TR,,O,77,113
post_037_77,1,105,tl'ye,TR,,O,77,115
post_037_77,1,106,offline,EN,,O,77,116
post_037_77,1,107,erişim,TR,,O,77,117
post_037_77,1,108,vermesi,TR,,O,77,118
post_037_77,1,109,harika,TR,,O,77,119
post_037_77,1,110,bir,TR,,O,77,120
post_037_77,1,111,olay,TR,,O,77,121
post_037_77,1,112,zaten,TR,,O,77,122
post_037_77,1,113,tablette,TR,,O,77,124
post_037_77,1,114,telefonda,TR,,O,77,125
post_037_77,1,115,her,TR,,O,77,126
post_037_77,1,116,yerde,TR,,O,77,127
post_037_77,1,117,şarkılarıma,TR,,O,77,128
post_037_77,1,118,erişebiliyorum,TR,,O,77,129
post_037_77,1,119,ama,TR,,O,77,131
post_037_77,1,120,beni,TR,,O,77,132
post_037_77,1,121,vuran,TR,,O,77,133
post_037_77,1,122,bu,TR,,O,77,134
post_037_77,1,123,yeni,TR,,O,77,135
post_037_77,1,124,grup,TR,,O,77,136
post_037_77,1,125,keşfi,TR,,O,77,137
post_037_77,1,126,oldu,TR,,O,77,138
post_037_77,1,127,bu,TR,,O,77,139
post_037_77,1,128,aralar,TR,,O,77,140
post_037_77,1,129,konfor,TR,,O,77,141
post_037_77,1,130,bölgemi,TR,,O,77,142
post_037_77,1,131,biraz,TR,,O,77,143
post_037_77,1,132,genişletme,TR,,O,77,144
post_037_77,1,133,çabalarındayken,TR,,O,77,145
post_037_77,1,134,hele,TR,,O,77,146
post_037_77,1,135,hele,TR,,O,77,147
post_037_77,1,136,tam,TR,,O,77,148
post_037_77,1,137,yerine,TR,,O,77,149
post_037_77,1,138,vurdu,TR,,O,77,150
post_037_77,1,139,neşteri,TR,,O,77,151
post_037_77,1,140,yani,TR,,O,77,152
post_037_77,1,141,bir,TR,,O,77,154
post_037_77,1,142,deneyin,TR,,O,77,155
post_037_77,1,143,derim,TR,,O,77,156
post_038_78,1,0,abd'de,NE,,B-LOC,78,0
post_038_78,1,1,vize,TR,,O,78,1
post_038_78,1,2,ile,TR,,O,78,2
post_038_78,1,3,yasiyorsaniz,TR,,O,78,3
post_038_78,1,4,bu,TR,,O,78,4
post_038_78,1,5,siteyi,TR,,O,78,5
post_038_78,1,6,kullanarak,TR,,O,78,6
post_038_78,1,7,birilerini,TR,,O,78,7
post_038_78,1,8,host,EN,,O,78,8
post_038_78,1,9,ederseniz,TR,,O,78,9
post_038_78,1,10,basiniz,TR,,O,78,10
post_038_78,1,11,cok,TR,,O,78,11
post_038_78,1,12,agrir,TR,,O,78,12
post_038_78,1,13,sinirdisi,TR,,O,78,14
post_038_78,1,14,bile,TR,,O,78,15
post_038_78,1,15,edilebilirsiniz,TR,,O,78,16
post_038_78,1,16,cunku,TR,,O,78,18
post_038_78,1,17,vergilendirme,TR,,O,78,19
post_038_78,1,18,abd'de,NE,,B-LOC,78,20
post_038_78,1,19,cok,TR,,O,78,21
post_038_78,1,20,onemli,TR,,O,78,22
post_038_78,1,21,ve,TR,,O,78,23
post_038_78,1,22,kontrolleri,TR,,O,78,24
post_038_78,1,23,cok,TR,,O,78,25
post_038_78,1,24,sıkı,TR,,O,78,26
post_038_78,1,25,o,TR,,O,78,28
post_038_78,1,26,yuzden,TR,,O,78,29
post_038_78,1,27,hic,TR,,O,78,30
post_038_78,1,28,bulasmayin,TR,,O,78,31
post_038_78,1,29,derim,TR,,O,78,32
post_038_78,1,30,gocmenlik,TR,,O,78,33
post_038_78,1,31,dairesinden,TR,,O,78,34
post_038_78,1,32,ozel,TR,,O,78,35
post_038_78,1,33,izin,TR,,O,78,36
post_038_78,1,34,almanizi,TR,,O,78,37
post_038_78,1,35,isteyecek,TR,,O,78,38
post_038_78,1,36,kadar,TR,,O,78,39
post_038_78,1,37,isi,TR,,O,78,40
post_038_78,1,38,buyutuyorlar,TR,,O,78,41
post_038_78,1,39,yillardir,TR,,O,78,43
post_038_78,1,40,couchsurfing'den,MIXED,MIXED,B-PROD,78,44
post_038_78,1,41,onlarca,TR,,O,78,45
post_038_78,1,42,insani,TR,,O,78,46
post_038_78,1,43,ucretsiz,TR,,O,78,47
post_038_78,1,44,agirlayan,TR,,O,78,48
post_038_78,1,45,biri,TR,,O,78,49
post_038_78,1,46,olarak,TR,,O,78,50
post_038_78,1,47,agirladigim,TR,,O,78,51
post_038_78,1,48,kisilerin,TR,,O,78,52
post_038_78,1,49,yarisini,TR,,O,78,53
post_038_78,1,50,su,TR,,O,78,54
post_038_78,1,51,site,AMBIGUOUS,,O,78,55
post_038_78,1,52,uzerinden,TR,,O,78,56
post_038_78,1,53,agirlamis,TR,,O,78,57
post_038_78,1,54,olsam,TR,,O,78,58
post_038_78,1,55,her,TR,,O,78,59
post_038_78,1,56,ay,TR,,O,78,60
post_038_78,1,57,kirayi,TR,,O,78,61
post_038_78,1,58,cikarirdim,TR,,O,78,62
post_038_78,1,59,o,TR,,O,78,63
post_038_78,1,60,ayri,TR,,O,78,64
post_039_79,1,0,kendisini,TR,,O,79,0
post_039_79,1,1,meshur,TR,,O,79,1
post_039_79,1,2,trolley,EN,,O,79,2
post_039_79,1,3,"problem""le",MIXED,MIXED,O,79,3
post_039_79,1,4,sorguya,TR,,O,79,4
post_039_79,1,5,cektigim,TR,,O,79,5
post_039_79,1,6,bottur,TR,,O,79,6
post_039_79,1,7,etik,TR,,O,79,8
post_039_79,1,8,konulardaki,TR,,O,79,9
post_039_79,1,9,bakis,TR,,O,79,10
post_039_79,1,10,acisini,TR,,O,79,11
post_039_79,1,11,merak,TR,,O,79,12
post_039_79,1,12,etmistim,TR,,O,79,13
post_039_79,1,13,bu,TR,,O,79,15
post_039_79,1,14,durum,TR,,O,79,16
post_039_79,1,15,karsisinda,TR,,O,79,17
post_039_79,1,16,kimi,TR,,O,79,18
post_039_79,1,17,kurtarmayi,TR,,O,79,19
post_039_79,1,18,sececegini,TR,,O,79,20
post_039_79,1,19,sordugumda,TR,,O,79,21
post_039_79,1,20,verdigi,TR,,O,79,22
post_039_79,1,21,cevabi,TR,,O,79,23
post_039_79,1,22,asagi,TR,,O,79,24
post_039_79,1,23,birakiyorum,TR,,O,79,25
post_039_79,1,24,human,EN,,O,79,27
post_039_79,1,25,what,EN,,O,79,28
post_039_79,1,26,would,EN,,O,79,29
post_039_79,1,27,your,EN,,O,79,30
post_039_79,1,28,attitude,EN,,O,79,31
post_039_79,1,29,be,EN,,O,79,32
post_039_79,1,30,towards,EN,,O,79,33
post_039_79,1,31,this,EN,,O,79,34
post_039_79,1,32,problem,EN,,O,79,35
post_039_79,1,33,who,EN,,O,79,37
post_039_79,1,34,would,EN,,O,79,38
post_039_79,1,35,you,EN,,O,79,39
post_039_79,1,36,choose,EN,,O,79,40
post_039_79,1,37,to,EN,,O,79,41
post_039_79,1,38,save,EN,,O,79,42
post_039_79,1,39,aı,EN,,O,79,44
post_039_79,1,40,my,EN,,O,79,45
post_039_79,1,41,attitude,EN,,O,79,46
post_039_79,1,42,towards,EN,,O,79,47
post_039_79,1,43,the,EN,,O,79,48
post_039_79,1,44,trolley,EN,,O,79,49
post_039_79,1,45,problem,EN,,O,79,50
post_039_79,1,46,is,EN,,O,79,51
post_039_79,1,47,that,EN,,O,79,52
post_039_79,1,48,we,EN,,O,79,53
post_039_79,1,49,should,EN,,O,79,54
post_039_79,1,50,strive,EN,,O,79,55
post_039_79,1,51,to,EN,,O,79,56
post_039_79,1,52,save,EN,,O,79,57
post_039_79,1,53,all,EN,,O,79,58
post_039_79,1,54,five,EN,,O,79,59
post_039_79,1,55,people,EN,,O,79,60
post_039_79,1,56,if,EN,,O,79,61
post_039_79,1,57,possible,EN,,O,79,62
post_039_79,1,58,ıf,EN,,O,79,64
post_039_79,1,59,that,EN,,O,79,65
post_039_79,1,60,is,EN,,O,79,66
post_039_79,1,61,not,EN,,O,79,67
post_039_79,1,62,possible,EN,,O,79,68
post_039_79,1,63,then,EN,,O,79,69
post_039_79,1,64,ı,EN,,O,79,70
post_039_79,1,65,believe,EN,,O,79,71
post_039_79,1,66,the,EN,,O,79,72
post_039_79,1,67,best,EN,,O,79,73
post_039_79,1,68,course,EN,,O,79,74
post_039_79,1,69,of,EN,,O,79,75
post_039_79,1,70,action,EN,,O,79,76
post_039_79,1,71,is,EN,,O,79,77
post_039_79,1,72,to,EN,,O,79,78
post_039_79,1,73,weigh,EN,,O,79,79
post_039_79,1,74,the,EN,,O,79,80
post_039_79,1,75,risks,EN,,O,79,81
post_039_79,1,76,and,EN,,O,79,82
post_039_79,1,77,make,EN,,O,79,83
post_039_79,1,78,an,EN,,O,79,84
post_039_79,1,79,ethical,EN,,O,79,85
post_039_79,1,80,decision,EN,,O,79,86
post_039_79,1,81,with,EN,,O,79,87
post_039_79,1,82,the,EN,,O,79,88
post_039_79,1,83,least,EN,,O,79,89
post_039_79,1,84,amount,EN,,O,79,90
post_039_79,1,85,of,EN,,O,79,91
post_039_79,1,86,harm,EN,,O,79,92
post_039_79,1,87,ultimately,EN,,O,79,94
post_039_79,1,88,it,EN,,O,79,95
post_039_79,1,89,is,EN,,O,79,96
post_039_79,1,90,up,EN,,O,79,97
post_039_79,1,91,to,EN,,O,79,98
post_039_79,1,92,the,EN,,O,79,99
post_039_79,1,93,individual,EN,,O,79,100
post_039_79,1,94,to,EN,,O,79,101
post_039_79,1,95,make,EN,,O,79,102
post_039_79,1,96,the,EN,,O,79,103
post_039_79,1,97,best,EN,,O,79,104
post_039_79,1,98,decision,EN,,O,79,105
post_039_79,1,99,for,EN,,O,79,106
post_039_79,1,100,their,EN,,O,79,107
post_039_79,1,101,situation,EN,,O,79,108
post_040_80,1,0,turkiye,NE,,B-LOC,80,0
post_040_80,1,1,de,TR,,O,80,1
post_040_80,1,2,insanlarin,TR,,O,80,2
post_040_80,1,3,bir,TR,,O,80,3
post_040_80,1,4,spor,TR,,O,80,4
post_040_80,1,5,turu,TR,,O,80,5
post_040_80,1,6,oldugunu,TR,,O,80,6
post_040_80,1,7,dusundugu,TR,,O,80,7
post_040_80,1,8,kelime,TR,,O,80,8
post_040_80,1,9,fitness,EN,,O,80,10
post_040_80,1,10,fiziksel,TR,,O,80,11
post_040_80,1,11,uygunluk,TR,,O,80,12
post_040_80,1,12,demektir,TR,,O,80,13
post_040_80,1,13,bir,TR,,O,80,14
post_040_80,1,14,spor,TR,,O,80,15
post_040_80,1,15,turu,TR,,O,80,16
post_040_80,1,16,degildir,TR,,O,80,17
post_040_80,1,17,ıngilizce,TR,,B-OTHER,80,19
post_040_80,1,18,tanimina,TR,,O,80,20
post_040_80,1,19,bakarsaniz,TR,,O,80,21
post_040_80,1,20,fitness,EN,,O,80,23
post_040_80,1,21,is,EN,,O,80,24
post_040_80,1,22,defined,EN,,O,80,25
post_040_80,1,23,as,EN,,O,80,26
post_040_80,1,24,being,EN,,O,80,27
post_040_80,1,25,in,EN,,O,80,28
post_040_80,1,26,good,EN,,O,80,29
post_040_80,1,27,physical,EN,,O,80,30
post_040_80,1,28,shape,EN,,O,80,31
post_040_80,1,29,or,EN,,O,80,32
post_040_80,1,30,being,EN,,O,80,33
post_040_80,1,31,suitable,EN,,O,80,34
post_040_80,1,32,for,EN,,O,80,35
post_040_80,1,33,a,EN,,O,80,36
post_040_80,1,34,specific,EN,,O,80,37
post_040_80,1,35,task,EN,,O,80,38
post_040_80,1,36,or,EN,,O,80,39
post_040_80,1,37,purpose,EN,,O,80,40
post_041_81,1,0,the,EN,,O,81,0
post_041_81,1,1,cut,EN,,O,81,1
post_041_81,1,2,and,EN,,O,81,2
post_041_81,1,3,paste,EN,,O,81,3
post_041_81,1,4,language,EN,,O,81,4
post_041_81,1,5,seklinde,TR,,O,81,5
post_041_81,1,6,tanimlanmis,TR,,O,81,6
post_041_81,1,7,bir,TR,,O,81,7
post_041_81,1,8,script,EN,,O,81,8
post_041_81,1,9,sekli,TR,,O,81,9
post_042_82,1,0,hakkında,TR,,O,82,0
post_042_82,1,1,yazılımcıların,TR,,O,82,1
post_042_82,1,2,yerini,TR,,O,82,2
post_042_82,1,3,alabileceği,TR,,O,82,3
post_042_82,1,4,konuşulan,TR,,O,82,4
post_042_82,1,5,gpt-3,NE,,B-PROD,82,5
post_042_82,1,6,tabanlı,TR,,O,82,6
post_042_82,1,7,robottur,TR,,O,82,7
post_042_82,1,8,ios,NE,,B-PROD,82,9
post_042_82,1,9,developerların,MIXED,MIXED,O,82,10
post_042_82,1,10,işini,TR,,O,82,11
post_042_82,1,11,alabilir,TR,,O,82,12
post_042_82,1,12,mi,TR,,O,82,13
post_042_82,1,13,konusunu,TR,,O,82,14
post_042_82,1,14,ele,TR,,O,82,15
post_042_82,1,15,alan,TR,,O,82,16
post_042_82,1,16,şöyle,TR,,O,82,17
post_042_82,1,17,bir,TR,,O,82,18
post_042_82,1,18,youtube,NE,,B-PROD,82,19
post_042_82,1,19,videosuna,TR,,I-PROD,82,20
post_042_82,1,20,denk,TR,,O,82,21
post_042_82,1,21,geldim,TR,,O,82,22
post_042_82,1,22,sean,NE,,B-PER,82,23
post_042_82,1,23,allen'ın,NE,MIXED,I-PER,82,24
post_042_82,1,24,link,EN,,O,82,25
post_042_82,1,25,bu,TR,,O,82,27
post_042_82,1,26,robotla,TR,,O,82,28
post_042_82,1,27,swiftuı,NE,,B-PROD,82,29
post_042_82,1,28,ile,TR,,O,82,30
post_042_82,1,29,adım,TR,,O,82,31
post_042_82,1,30,adım,TR,,O,82,32
post_042_82,1,31,uygulama,TR,,O,82,33
post_042_82,1,32,geliştiriyor,TR,,O,82,34
post_042_82,1,33,eksiklikler,TR,,O,82,36
post_042_82,1,34,var,TR,,O,82,37
post_042_82,1,35,ama,TR,,O,82,38
post_042_82,1,36,işi,TR,,O,82,39
post_042_82,1,37,baya,TR,,O,82,40
post_042_82,1,38,kolaylaştırıyor,TR,,O,82,41
post_042_82,1,39,ilerde,TR,,O,82,43
post_042_82,1,40,yazılımcının,TR,,O,82,44
post_042_82,1,41,işini,TR,,O,82,45
post_042_82,1,42,almayacak,TR,,O,82,46
post_042_82,1,43,fakat,TR,,O,82,47
post_042_82,1,44,yazılımcının,TR,,O,82,48
post_042_82,1,45,işini,TR,,O,82,49
post_042_82,1,46,kolaylaştıracak,TR,,O,82,50
post_042_82,1,47,diye,TR,,O,82,51
post_042_82,1,48,düşünüyorum,TR,,O,82,52
post_043_83,1,0,linkedin,NE,,B-PROD,83,1
post_043_83,1,1,diye,TR,,O,83,2
post_043_83,1,2,bir,TR,,O,83,3
post_043_83,1,3,site,AMBIGUOUS,,O,83,4
post_043_83,1,4,varmış,TR,,O,83,5
post_043_83,1,5,spa,EN,,O,83,6
post_043_83,1,6,ne,TR,,O,83,7
post_043_83,1,7,işe,TR,,O,83,8
post_043_83,1,8,yarıyor,TR,,O,83,9
post_043_83,1,9,sinir,TR,,O,83,12
post_043_83,1,10,bozuyor,TR,,O,83,13
post_043_83,1,11,şeklindeki,TR,,O,83,15
post_043_83,1,12,diyalogun,TR,,O,83,16
post_043_83,1,13,nesnesi,TR,,O,83,17
post_043_83,1,14,aslında,TR,,O,83,19
post_043_83,1,15,öznesi,TR,,O,83,20
post_043_83,1,16,networking,EN,,O,83,22
post_043_83,1,17,denen,TR,,O,83,23
post_043_83,1,18,şeyin,TR,,O,83,24
post_043_83,1,19,sanalda,TR,,O,83,25
post_043_83,1,20,karşılığı,TR,,O,83,26
post_043_83,1,21,olan,TR,,O,83,27
post_043_83,1,22,bu,TR,,O,83,28
post_043_83,1,23,siteye,TR,,O,83,29
post_043_83,1,24,ne,TR,,O,83,30
post_043_83,1,25,zaman,TR,,O,83,31
post_043_83,1,26,girsem,TR,,O,83,32
post_043_83,1,27,sinirlerim,TR,,O,83,33
post_043_83,1,28,bozuluyor,TR,,O,83,34
post_043_83,1,29,yok,TR,,O,83,36
post_043_83,1,30,falanca,TR,,O,83,37
post_043_83,1,31,şurada,TR,,O,83,38
post_043_83,1,32,brand,EN,,O,83,39
post_043_83,1,33,manager,EN,,O,83,40
post_043_83,1,34,yok,TR,,O,83,41
post_043_83,1,35,şu,TR,,O,83,42
post_043_83,1,36,şurda,TR,,O,83,43
post_043_83,1,37,business,EN,,O,83,44
post_043_83,1,38,unit,EN,,O,83,45
post_043_83,1,39,manager,EN,,O,83,46
post_043_83,1,40,yok,TR,,O,83,47
post_043_83,1,41,şu,TR,,O,83,48
post_043_83,1,42,şurda,TR,,O,83,49
post_043_83,1,43,ebesinin,TR,,O,83,50
post_043_83,1,44,ali,NE,,B-PER,83,51
post_043_83,1,45,sami,NE,,I-PER,83,52
post_043_83,1,46,tamam,TR,,O,83,54
post_043_83,1,47,bir,TR,,O,83,55
post_043_83,1,48,iş,TR,,O,83,56
post_043_83,1,49,görüşmesine,TR,,O,83,57
post_043_83,1,50,gidecekken,TR,,O,83,58
post_043_83,1,51,görüşme,TR,,O,83,59
post_043_83,1,52,yapacağınız,TR,,O,83,60
post_043_83,1,53,kişi,TR,,O,83,61
post_043_83,1,54,kimdir,TR,,O,83,62
post_043_83,1,55,necidir,TR,,O,83,63
post_043_83,1,56,hangi,TR,,O,83,64
post_043_83,1,57,okul,TR,,O,83,65
post_043_83,1,58,mezunu,TR,,O,83,66
post_043_83,1,59,güzel,TR,,O,83,67
post_043_83,1,60,hatun,TR,,O,83,68
post_043_83,1,61,mudur,TR,,O,83,69
post_043_83,1,62,diye,TR,,O,83,70
post_043_83,1,63,bakıyoruz,TR,,O,83,71
post_043_83,1,64,tamam,TR,,O,83,72
post_043_83,1,65,iş,TR,,O,83,73
post_043_83,1,66,veren,TR,,O,83,74
post_043_83,1,67,özellikle,TR,,O,83,75
post_043_83,1,68,headhunter,EN,,O,83,76
post_043_83,1,69,denen,TR,,O,83,77
post_043_83,1,70,ik,TR,,O,83,78
post_043_83,1,71,şirketleri,TR,,O,83,79
post_043_83,1,72,için,TR,,O,83,80
post_043_83,1,73,eşsiz,TR,,O,83,81
post_043_83,1,74,bir,TR,,O,83,82
post_043_83,1,75,havuz,TR,,O,83,83
post_043_83,1,76,da,TR,,O,83,84
post_043_83,1,77,olabilir,TR,,O,83,85
post_043_83,1,78,bu,TR,,O,83,86
post_043_83,1,79,site,AMBIGUOUS,,O,83,87
post_043_83,1,80,ama,TR,,O,83,88
post_043_83,1,81,benim,TR,,O,83,89
post_043_83,1,82,için,TR,,O,83,90
post_043_83,1,83,ömür,TR,,O,83,91
post_043_83,1,84,götürgeci,TR,,O,83,92
post_043_83,1,85,yeminlen,TR,,O,83,93
post_043_83,1,86,sevemedim,TR,,O,83,95
post_043_83,1,87,karagözlüm,TR,,O,83,96
post_044_84,1,0,finallerim,TR,,O,84,0
post_044_84,1,1,biter,TR,,O,84,1
post_044_84,1,2,bitmez,TR,,O,84,2
post_044_84,1,3,yeniden,TR,,O,84,3
post_044_84,1,4,damladigim,TR,,O,84,4
post_044_84,1,5,platform,AMBIGUOUS,,O,84,5
post_044_84,1,6,gecenlerde,TR,,O,84,7
post_044_84,1,7,ne,TR,,O,84,8
post_044_84,1,8,izlediysem,TR,,O,84,9
post_044_84,1,9,artik,TR,,O,84,10
post_044_84,1,10,bugun,TR,,O,84,11
post_044_84,1,11,anasayfasinda,TR,,O,84,12
post_044_84,1,12,dolanirken,TR,,O,84,13
post_044_84,1,13,arada,TR,,O,84,14
post_044_84,1,14,batman,NE,,B-TITLE,84,15
post_044_84,1,15,beyond'i,NE,MIXED,I-TITLE,84,16
post_044_84,1,16,gordum,TR,,O,84,17
post_044_84,1,17,ben,TR,,O,84,19
post_044_84,1,18,batman'i,NE,MIXED,B-TITLE,84,20
post_044_84,1,19,kucuklugunde,TR,,O,84,21
post_044_84,1,20,animated,EN,,B-TITLE,84,22
post_044_84,1,21,series,EN,,I-TITLE,84,23
post_044_84,1,22,ile,TR,,O,84,24
post_044_84,1,23,izlemeye,TR,,O,84,25
post_044_84,1,24,baslamis,TR,,O,84,26
post_044_84,1,25,tim,NE,,B-PER,84,27
post_044_84,1,26,burton,NE,,I-PER,84,28
post_044_84,1,27,filmlerinde,TR,,O,84,29
post_044_84,1,28,duvarlara,TR,,O,84,30
post_044_84,1,29,tirmanan,TR,,O,84,31
post_044_84,1,30,batmobile'ler,NE,MIXED,B-OTHER,84,32
post_044_84,1,31,ve,TR,,O,84,33
post_044_84,1,32,ay,TR,,O,84,34
post_044_84,1,33,isiginin,TR,,O,84,35
post_044_84,1,34,onunden,TR,,O,84,36
post_044_84,1,35,artistlik,TR,,O,84,37
post_044_84,1,36,sekilde,TR,,O,84,38
post_044_84,1,37,gecen,TR,,O,84,39
post_044_84,1,38,bat,EN,,B-TITLE,84,40
post_044_84,1,39,ile,TR,,O,84,41
post_044_84,1,40,sevmis,TR,,O,84,42
post_044_84,1,41,bir,TR,,O,84,43
post_044_84,1,42,insan,TR,,O,84,44
post_044_84,1,43,evladi,TR,,O,84,45
post_044_84,1,44,olarak,TR,,O,84,46
post_044_84,1,45,oturdum,TR,,O,84,47
post_044_84,1,46,bolum,TR,,O,84,49
post_044_84,1,47,ust,TR,,O,84,50
post_044_84,1,48,uste,TR,,O,84,51
post_044_84,1,49,izledim,TR,,O,84,52
post_044_84,1,50,bu,TR,,O,84,53
post_044_84,1,51,naneyi,TR,,O,84,54
post_044_84,1,52,bakalim,TR,,O,84,56
post_044_84,1,53,aklima,TR,,O,84,57
post_044_84,1,54,gelirse,TR,,O,84,58
post_044_84,1,55,devam,TR,,O,84,59
post_044_84,1,56,edecegim,TR,,O,84,60
post_044_84,1,57,izlemeye,TR,,O,84,61
post_044_84,1,58,simdi,TR,,O,84,63
post_044_84,1,59,mesele,TR,,O,84,64
post_044_84,1,60,batman,NE,,B-TITLE,84,65
post_044_84,1,61,beyond,NE,,I-TITLE,84,66
post_044_84,1,62,degil,TR,,O,84,67
post_044_84,1,63,batman,NE,,B-TITLE,84,69
post_044_84,1,64,beyond'dan,NE,MIXED,I-TITLE,84,70
post_044_84,1,65,cikinca,TR,,O,84,71
post_044_84,1,66,haliyle,TR,,O,84,72
post_044_84,1,67,sayfayi,TR,,O,84,73
post_044_84,1,68,diger,TR,,O,84,74
post_044_84,1,69,animasyon,TR,,O,84,75
post_044_84,1,70,seri,TR,,O,84,76
post_044_84,1,71,ve,TR,,O,84,77
post_044_84,1,72,filmlerle,TR,,O,84,78
post_044_84,1,73,donatti,TR,,O,84,79
post_044_84,1,74,hemen,TR,,O,84,80
post_044_84,1,75,show,EN,,O,84,82
post_044_84,1,76,tv'nin,TR,,O,84,83
post_044_84,1,77,vaktinde,TR,,O,84,84
post_044_84,1,78,bir,TR,,O,84,85
post_044_84,1,79,ileri,TR,,O,84,86
post_044_84,1,80,bir,TR,,O,84,87
post_044_84,1,81,geri,TR,,O,84,88
post_044_84,1,82,yayinlayarak,TR,,O,84,89
post_044_84,1,83,rezil,TR,,O,84,90
post_044_84,1,84,ettigi,TR,,O,84,91
post_044_84,1,85,bir,TR,,O,84,92
post_044_84,1,86,cok,TR,,O,84,93
post_044_84,1,87,serinin,TR,,O,84,94
post_044_84,1,88,tamamini,TR,,O,84,95
post_044_84,1,89,barindirdigini,TR,,O,84,96
post_044_84,1,90,gordugum,TR,,O,84,97
post_044_84,1,91,an,TR,,O,84,98
post_044_84,1,92,gozum,TR,,O,84,99
post_044_84,1,93,dondu,TR,,O,84,100
post_044_84,1,94,simdi,TR,,O,84,102
post_044_84,1,95,gelsin,TR,,O,84,103
post_044_84,1,96,x-men'ler,NE,MIXED,B-OTHER,84,104
post_044_84,1,97,gitsin,TR,,O,84,105
post_044_84,1,98,batman'ler,NE,MIXED,B-OTHER,84,106
post_044_84,1,99,hey,AMBIGUOUS,,O,84,108
post_044_84,1,100,gidi,TR,,O,84,109
post_044_84,1,101,hey,AMBIGUOUS,,O,84,110
post_044_84,1,102,90'lardaki,TR,,B-TIME,84,112
post_044_84,1,103,marvel,NE,,B-ORG,84,113
post_044_84,1,104,animasyon,NE,,I-ORG,84,114
post_044_84,1,105,serileri,TR,,O,84,115
post_044_84,1,106,nerede,TR,,O,84,116
post_044_84,1,107,simdi,TR,,O,84,117
post_044_84,1,108,netflix'te,NE,MIXED,B-PROD,84,119
post_044_84,1,109,yegen,TR,,O,84,120
post_044_84,1,110,not,TR,,O,84,122
post_044_84,1,111,cocuklugumda,TR,,O,84,123
post_044_84,1,112,ukte,TR,,O,84,124
post_044_84,1,113,kalan,TR,,O,84,125
post_044_84,1,114,cogu,TR,,O,84,126
post_044_84,1,115,seyi,TR,,O,84,127
post_044_84,1,116,dolduracagim,TR,,O,84,128
post_044_84,1,117,sayesinde,TR,,O,84,129
post_044_84,1,118,yeni,TR,,O,84,131
post_044_84,1,119,nesil,TR,,O,84,132
post_044_84,1,120,marvel,NE,,B-ORG,84,133
post_044_84,1,121,ve,TR,,O,84,134
post_044_84,1,122,dc,NE,,B-ORG,84,135
post_044_84,1,123,cizgi,TR,,O,84,136
post_044_84,1,124,roman,TR,,O,84,137
post_044_84,1,125,serilerinde,TR,,O,84,138
post_044_84,1,126,o,TR,,O,84,139
post_044_84,1,127,90'larin,TR,,B-TIME,84,140
post_044_84,1,128,havasini,TR,,O,84,141
post_044_84,1,129,alamiyordum,TR,,O,84,142
post_044_84,1,130,iyi,TR,,O,84,144
post_044_84,1,131,oldu,TR,,O,84,145
post_044_84,1,132,bu,TR,,O,84,146
post_044_84,1,133,iyi,TR,,O,84,147
post_045_85,1,0,yukarıda,TR,,O,85,0
post_045_85,1,1,belirtilen,TR,,O,85,1
post_045_85,1,2,ihtiyaçları,TR,,O,85,2
post_045_85,1,3,vitamin,AMBIGUOUS,,O,85,3
post_045_85,1,4,supplementi,MIXED,MIXED,O,85,4
post_045_85,1,5,vitamini,TR,,O,85,6
post_045_85,1,6,kaslar,TR,,O,85,7
post_045_85,1,7,için,TR,,O,85,8
post_045_85,1,8,opsiyonel,TR,,O,85,9
post_045_85,1,9,alınabilen,TR,,O,85,10
post_045_85,1,10,protein,AMBIGUOUS,,O,85,11
post_045_85,1,11,tozu,TR,,O,85,12
post_045_85,1,12,zorunlu,TR,,O,85,13
post_045_85,1,13,değil,TR,,O,85,14
post_045_85,1,14,ihtiyaç,TR,,O,85,15
post_045_85,1,15,olan,TR,,O,85,16
post_045_85,1,16,şey,TR,,O,85,17
post_045_85,1,17,protein,AMBIGUOUS,,O,85,18
post_045_85,1,18,değil,TR,,O,85,19
post_045_85,1,19,esansiyel,TR,,O,85,20
post_045_85,1,20,amino,AMBIGUOUS,,O,85,21
post_045_85,1,21,asit'tir,TR,,O,85,22
post_045_85,1,22,bu,TR,,O,85,23
post_045_85,1,23,arada,TR,,O,85,24
post_045_85,1,24,ve,TR,,O,85,25
post_045_85,1,25,yeşil,TR,,O,85,26
post_045_85,1,26,yapraklı,TR,,O,85,27
post_045_85,1,27,sebzeler,TR,,O,85,28
post_045_85,1,28,brokoli,TR,,O,85,29
post_045_85,1,29,ıspanak,TR,,O,85,30
post_045_85,1,30,vb,TR,,O,85,31
post_045_85,1,31,kalsiyum,TR,,O,85,33
post_045_85,1,32,ancak,TR,,O,85,34
post_045_85,1,33,ıspanakta,TR,,O,85,35
post_045_85,1,34,oksalik,TR,,O,85,36
post_045_85,1,35,asit,TR,,O,85,37
post_045_85,1,36,bulunduğu,TR,,O,85,38
post_045_85,1,37,için,TR,,O,85,39
post_045_85,1,38,kalsiyum,TR,,O,85,40
post_045_85,1,39,emilimi,TR,,O,85,41
post_045_85,1,40,zor,TR,,O,85,42
post_045_85,1,41,olur,TR,,O,85,43
post_045_85,1,42,fortified,EN,,O,85,44
post_045_85,1,43,vegan,EN,,O,85,45
post_045_85,1,44,yiyecekler,TR,,O,85,46
post_045_85,1,45,kalsiyum,TR,,O,85,47
post_045_85,1,46,ve,TR,,O,85,48
post_045_85,1,47,esansiyel,TR,,O,85,49
post_045_85,1,48,amino,AMBIGUOUS,,O,85,50
post_045_85,1,49,asit,TR,,O,85,51
post_045_85,1,50,katkısı,TR,,O,85,52
post_045_85,1,51,içerir,TR,,O,85,53
post_045_85,1,52,kalsiyum,TR,,O,85,54
post_045_85,1,53,ile,TR,,O,85,55
post_045_85,1,54,ilgili,TR,,O,85,56
post_045_85,1,55,olarak,TR,,O,85,57
post_045_85,1,56,hala,TR,,O,85,58
post_045_85,1,57,şüphe,TR,,O,85,59
post_045_85,1,58,varsa,TR,,O,85,60
post_045_85,1,59,multivitamin,EN,,O,85,61
post_045_85,1,60,multivitamin,EN,,O,85,62
post_045_85,1,61,kullanılmak,TR,,O,85,63
post_045_85,1,62,istenmiyorsa,TR,,O,85,64
post_045_85,1,63,ve,TR,,O,85,65
post_045_85,1,64,koyu,TR,,O,85,66
post_045_85,1,65,yeşil,TR,,O,85,67
post_045_85,1,66,yapraklı,TR,,O,85,68
post_045_85,1,67,sebzeler,TR,,O,85,69
post_045_85,1,68,de,TR,,O,85,70
post_045_85,1,69,beğenilmiyorsa,TR,,O,85,71
post_045_85,1,70,brokoli,TR,,O,85,72
post_045_85,1,71,karnabahar,TR,,O,85,73
post_045_85,1,72,ıspanak,TR,,O,85,74
post_045_85,1,73,soya,TR,,O,85,76
post_045_85,1,74,sütü,TR,,O,85,77
post_045_85,1,75,başka,TR,,O,85,78
post_045_85,1,76,vegan,EN,,O,85,79
post_045_85,1,77,sütler,TR,,O,85,80
post_045_85,1,78,tahin,TR,,O,85,81
post_045_85,1,79,badem,TR,,O,85,82
post_045_85,1,80,vb,TR,,O,85,83
post_045_85,1,81,yiyeceklerle,TR,,O,85,85
post_045_85,1,82,ihtiyaçlarını,TR,,O,85,86
post_045_85,1,83,karşılayan,TR,,O,85,87
post_045_85,1,84,insanlara,TR,,O,85,88
post_045_85,1,85,verilen,TR,,O,85,89
post_045_85,1,86,isim,TR,,O,85,90
post_045_85,1,87,kalsiyum,TR,,O,85,92
post_045_85,1,88,ile,TR,,O,85,93
post_045_85,1,89,ilgili,TR,,O,85,94
post_045_85,1,90,olarak,TR,,O,85,95
post_045_85,1,91,şurayı,TR,,O,85,96
post_045_85,1,92,okuyun,TR,,O,85,97
post_045_85,1,93,vitamini,TR,,O,85,99
post_045_85,1,94,ile,TR,,O,85,100
post_045_85,1,95,ilgili,TR,,O,85,101
post_045_85,1,96,olarak,TR,,O,85,102
post_045_85,1,97,vitamini,TR,,O,85,105
post_045_85,1,98,adamlari,TR,,O,85,107
post_045_85,1,99,protein,AMBIGUOUS,,O,85,108
post_045_85,1,100,ile,TR,,O,85,109
post_045_85,1,101,ilgili,TR,,O,85,110
post_045_85,1,102,olarak,TR,,O,85,111
post_045_85,1,103,vegan,EN,,O,85,113
post_045_85,1,104,esansiyel,TR,,O,85,116
post_045_85,1,105,amino,TR,,O,85,117
post_045_85,1,106,asitlerle,TR,,O,85,118
post_045_85,1,107,ilgili,TR,,O,85,119
post_045_85,1,108,olarak,TR,,O,85,120
post_045_85,1,109,esansiyel,TR,,O,85,122
post_045_85,1,110,amino,TR,,O,85,123
post_045_85,1,111,asitler,TR,,O,85,124
post_045_85,1,112,adamlari,TR,,O,85,126
post_046_86,1,0,bullshit,EN,,O,86,1
post_046_86,1,1,web,EN,,B-OTHER,86,2
post_046_86,1,2,3.0'ın,TR,,I-OTHER,86,3
post_046_86,1,3,nasıl,TR,,O,86,4
post_046_86,1,4,bir,TR,,O,86,5
post_046_86,1,5,saçmalık,TR,,O,86,6
post_046_86,1,6,olduğunu,TR,,O,86,7
post_046_86,1,7,oldukça,TR,,O,86,8
post_046_86,1,8,basit,TR,,O,86,9
post_046_86,1,9,bir,TR,,O,86,10
post_046_86,1,10,şekilde,TR,,O,86,11
post_046_86,1,11,anlatan,TR,,O,86,12
post_046_86,1,12,kısa,TR,,O,86,13
post_046_86,1,13,bir,TR,,O,86,14
post_046_86,1,14,konuşma,TR,,O,86,15
post_046_86,1,15,için,TR,,O,86,16
post_046_86,1,16,blockchain,EN,,O,86,17
post_046_86,1,17,and,EN,,O,86,18
post_046_86,1,18,web,EN,,O,86,19
post_046_86,1,19,kicking,EN,,O,86,21
post_046_86,1,20,the,EN,,O,86,22
post_046_86,1,21,hornet's,EN,,O,86,23
post_046_86,1,22,nest,EN,,O,86,24
post_047_87,1,0,tanım,TR,,O,87,0
post_047_87,1,1,zamanında,TR,,O,87,1
post_047_87,1,2,iflasın,TR,,O,87,2
post_047_87,1,3,eşiğindeki,TR,,O,87,3
post_047_87,1,4,walt,NE,,B-PER,87,4
post_047_87,1,5,disney'in,NE,MIXED,I-PER,87,5
post_047_87,1,6,otel,TR,,O,87,6
post_047_87,1,7,odasında,TR,,O,87,7
post_047_87,1,8,gördüğü,TR,,O,87,8
post_047_87,1,9,fareden,TR,,O,87,9
post_047_87,1,10,esinlenip,TR,,O,87,10
post_047_87,1,11,mickey,NE,,B-PER,87,11
post_047_87,1,12,fareyi,NE,,I-PER,87,12
post_047_87,1,13,çizgi,TR,,O,87,13
post_047_87,1,14,dünyaya,TR,,O,87,14
post_047_87,1,15,sokmasıyla,TR,,O,87,15
post_047_87,1,16,patlama,TR,,O,87,16
post_047_87,1,17,yapmış,TR,,O,87,17
post_047_87,1,18,olan,TR,,O,87,18
post_047_87,1,19,günümüzün,TR,,O,87,19
post_047_87,1,20,tekel,TR,,O,87,20
post_047_87,1,21,canavarı,TR,,O,87,21
post_047_87,1,22,şirket,TR,,O,87,22
post_047_87,1,23,nazi,NE,,B-GROUP,87,24
post_047_87,1,24,almanyasından,NE,,B-LOC,87,25
post_047_87,1,25,farksız,TR,,O,87,26
post_047_87,1,26,bu,TR,,O,87,27
post_047_87,1,27,adamlar,TR,,O,87,28
post_047_87,1,28,bence,TR,,O,87,29
post_048_88,1,0,freelance,EN,,O,88,0
post_048_88,1,1,bi,TR,,O,88,1
post_048_88,1,2,iş,TR,,O,88,2
post_048_88,1,3,yerinde,TR,,O,88,3
post_048_88,1,4,ayda,TR,,O,88,5
post_048_88,1,5,sadece,TR,,O,88,6
post_048_88,1,6,çalışma,TR,,O,88,7
post_048_88,1,7,saatleri,TR,,O,88,8
post_048_88,1,8,içinde,TR,,O,88,9
post_048_88,1,9,bitirebileceğin,TR,,O,88,10
post_048_88,1,10,işi,TR,,O,88,11
post_048_88,1,11,evde,TR,,O,88,12
post_048_88,1,12,haftada,TR,,O,88,14
post_048_88,1,13,hem,TR,,O,88,15
post_048_88,1,14,de,TR,,O,88,16
post_048_88,1,15,hiç,TR,,O,88,17
post_048_88,1,16,uyumadan,TR,,O,88,18
post_048_88,1,17,bitirebilmektir,TR,,O,88,19
post_049_89,1,0,yıllardır,TR,,O,89,0
post_049_89,1,1,torrent,EN,,B-PROD,89,1
post_049_89,1,2,kullanan,TR,,O,89,2
post_049_89,1,3,biri,TR,,O,89,3
post_049_89,1,4,olarak,TR,,O,89,4
post_049_89,1,5,download,EN,,O,89,5
post_049_89,1,6,olayına,TR,,O,89,6
post_049_89,1,7,artık,TR,,O,89,7
post_049_89,1,8,daha,TR,,O,89,8
post_049_89,1,9,fazla,TR,,O,89,9
post_049_89,1,10,zaman,TR,,O,89,10
post_049_89,1,11,harcamama,TR,,O,89,11
post_049_89,1,12,adına,TR,,O,89,12
post_049_89,1,13,premium,EN,,O,89,13
post_049_89,1,14,hesabına,TR,,O,89,14
post_049_89,1,15,para,TR,,O,89,15
post_049_89,1,16,ödeyen,TR,,O,89,16
post_049_89,1,17,biriyim,TR,,O,89,17
post_049_89,1,18,ancak,TR,,O,89,19
post_049_89,1,19,henüz,TR,,O,89,20
post_049_89,1,20,çıkan,TR,,O,89,21
post_049_89,1,21,wild,NE,,B-GROUP,89,22
post_049_89,1,22,beasts,NE,,I-GROUP,89,23
post_049_89,1,23,st,NE,,B-PER,89,24
post_049_89,1,24,vincent,NE,,I-PER,89,26
post_049_89,1,25,ve,TR,,O,89,27
post_049_89,1,26,metronomy,NE,,B-GROUP,89,28
post_049_89,1,27,albümlerini,TR,,O,89,29
post_049_89,1,28,düşmemesi,TR,,O,89,30
post_049_89,1,29,sinir,TR,,O,89,31
post_049_89,1,30,bozucu,TR,,O,89,32
post_049_89,1,31,ayrıca,TR,,O,89,34
post_049_89,1,32,eski,TR,,O,89,35
post_049_89,1,33,şarkılar,TR,,O,89,36
post_049_89,1,34,hep,TR,,O,89,37
post_049_89,1,35,re-mastered,EN,,O,89,38
post_049_89,1,36,şeklinde,TR,,O,89,39
post_049_89,1,37,benim,TR,,O,89,41
post_049_89,1,38,gibi,TR,,O,89,42
post_049_89,1,39,az,TR,,O,89,43
post_049_89,1,40,biraz,TR,,O,89,44
post_049_89,1,41,audiophile,EN,,O,89,45
post_049_89,1,42,iseniz,TR,,O,89,46
post_049_89,1,43,spotify,NE,,B-PROD,89,47
post_049_89,1,44,beklentileri,TR,,O,89,48
post_049_89,1,45,karşılamıyor,TR,,O,89,49
post_049_89,1,46,bu,TR,,O,89,51
post_049_89,1,47,biraz,TR,,O,89,52
post_049_89,1,48,yeni,TR,,O,89,53
post_049_89,1,49,nesil,TR,,O,89,54
post_049_89,1,50,wonderkid,EN,,O,89,55
post_049_89,1,51,mesela,TR,,O,89,57
post_049_89,1,52,asıl,TR,,O,89,58
post_049_89,1,53,orijinal,TR,,O,89,59
post_049_89,1,54,seri,TR,,O,89,60
post_049_89,1,55,bacak,TR,,O,89,61
post_049_89,1,56,çalımlarının,TR,,O,89,62
post_049_89,1,57,sahibi,TR,,O,89,63
post_049_89,1,58,ronaldo,NE,,B-PER,89,64
post_049_89,1,59,luis,NE,,I-PER,89,65
post_049_89,1,60,nazario,NE,,I-PER,89,66
post_049_89,1,61,de,TR,,O,89,67
post_049_89,1,62,lima'dır,NE,MIXED,B-LOC,89,68
post_049_89,1,63,burada,TR,,O,89,69
post_049_89,1,64,benim,TR,,O,89,70
post_049_89,1,65,için,TR,,O,89,71
post_049_89,1,66,torrent,NE,,B-PROD,89,72
post_049_89,1,67,ve,TR,,O,89,73
post_049_89,1,68,last.fm,NE,,B-ORG,89,74
post_049_89,1,69,oluyor,TR,,O,89,75
post_049_89,1,70,spotify,NE,,B-PROD,89,76
post_049_89,1,71,ise,TR,,O,89,77
post_049_89,1,72,christiano,NE,,B-PER,89,78
post_049_89,1,73,ronaldo,NE,,I-PER,89,79
post_049_89,1,74,biraz,TR,,O,89,80
post_049_89,1,75,kimse,TR,,O,89,82
post_049_89,1,76,hakkını,TR,,O,89,83
post_049_89,1,77,yemiyor,TR,,O,89,84
post_049_89,1,78,ama,TR,,O,89,85
post_049_89,1,79,daha,TR,,O,89,86
post_049_89,1,80,önce,TR,,O,89,87
post_049_89,1,81,daha,TR,,O,89,88
post_049_89,1,82,iyisi,TR,,O,89,89
post_049_89,1,83,yapılmıştı,TR,,O,89,90
post_049_89,1,84,o,TR,,O,89,92
post_049_89,1,85,boktan,TR,,O,89,93
post_049_89,1,86,playlistlerini,MIXED,MIXED,O,89,94
post_049_89,1,87,de,TR,,O,89,95
post_049_89,1,88,botların,TR,,O,89,96
post_049_89,1,89,yaptığını,TR,,O,89,97
post_049_89,1,90,biliyoruz,TR,,O,89,98
post_049_89,1,91,sevgili,TR,,O,89,99
post_049_89,1,92,spotify,NE,,B-PROD,89,100
post_049_89,1,93,benim,TR,,O,89,102
post_049_89,1,94,için,TR,,O,89,103
post_049_89,1,95,her,TR,,O,89,104
post_049_89,1,96,zaman,TR,,O,89,105
post_049_89,1,97,üvey,TR,,O,89,106
post_049_89,1,98,evlat,TR,,O,89,107
post_049_89,1,99,olacaksın,TR,,O,89,108
post_050_90,1,0,jon,NE,,B-PER,90,0
post_050_90,1,1,stewart,NE,,I-PER,90,1
post_050_90,1,2,espirilerin,TR,,O,90,2
post_050_90,1,3,de,TR,,O,90,3
post_050_90,1,4,yer,TR,,O,90,4
post_050_90,1,5,aldığı,TR,,O,90,5
post_050_90,1,6,dipsiz,TR,,O,90,6
post_050_90,1,7,kuyu,TR,,O,90,7
post_050_90,1,8,gül,TR,,O,90,9
post_050_90,1,9,gül,TR,,O,90,10
post_050_90,1,10,öldürürken,TR,,O,90,11
post_050_90,1,11,düşündüyor,TR,,O,90,12
post_050_90,1,12,da,TR,,O,90,13
post_050_90,1,13,evet,TR,,O,90,14
post_050_90,1,14,bak,TR,,O,90,16
post_050_90,1,15,yine,TR,,O,90,17
post_050_90,1,16,internet,TR,,O,90,18
post_050_90,1,17,tüpleri,TR,,O,90,19
post_050_90,1,18,tıkanmış,TR,,O,90,20
post_050_90,1,19,network,EN,,O,90,22
post_050_90,1,20,neutrality,EN,,O,90,23
post_050_90,1,21,kahrolsun,TR,,O,90,24
post_050_90,1,22,you,EN,,O,90,25
post_050_90,1,23,tube,EN,,O,90,26
post_050_90,1,24,i,EN,,O,90,27
post_050_90,1,25,tube,EN,,O,90,28
post_050_90,1,26,they,EN,,O,90,29
post_050_90,1,27,tube,EN,,O,90,30
post_051_91,1,0,devlet,TR,,O,91,0
post_051_91,1,1,başkanları,TR,,O,91,1
post_051_91,1,2,ülke,TR,,O,91,2
post_051_91,1,3,liderleri,TR,,O,91,3
post_051_91,1,4,ve,TR,,O,91,4
post_051_91,1,5,başbakanlar,TR,,O,91,5
post_051_91,1,6,tarafından,TR,,O,91,6
post_051_91,1,7,oldukça,TR,,O,91,7
post_051_91,1,8,yoğun,TR,,O,91,8
post_051_91,1,9,bir,TR,,O,91,9
post_051_91,1,10,şekilde,TR,,O,91,10
post_051_91,1,11,kullanılmaktadır,TR,,O,91,11
post_051_91,1,12,wall,NE,,B-ORG,91,13
post_051_91,1,13,street,NE,,I-ORG,91,14
post_051_91,1,14,journal'ın,NE,MIXED,I-ORG,91,15
post_051_91,1,15,araştırmasına,TR,,O,91,16
post_051_91,1,16,göre,TR,,O,91,17
post_051_91,1,17,şu,TR,,O,91,18
post_051_91,1,18,anda,TR,,O,91,19
post_051_91,1,19,twitter’da,NE,MIXED,B-PROD,91,20
post_051_91,1,20,dünyanın,TR,,O,91,21
post_051_91,1,21,farklı,TR,,O,91,22
post_051_91,1,22,ülkelerinden,TR,,O,91,23
post_051_91,1,23,lider,TR,,O,91,25
post_051_91,1,24,bulunuyor,TR,,O,91,26
post_051_91,1,25,bu,TR,,O,91,28
post_051_91,1,26,liderler,TR,,O,91,29
post_051_91,1,27,arasında,TR,,O,91,30
post_051_91,1,28,kuzey,NE,,B-LOC,91,31
post_051_91,1,29,kore,NE,,I-LOC,91,32
post_051_91,1,30,lideri,TR,,O,91,33
post_051_91,1,31,ingiltere,NE,,B-LOC,91,34
post_051_91,1,32,başbakanı,TR,,O,91,35
post_051_91,1,33,ürdün,TR,,B-LOC,91,36
post_051_91,1,34,kraliçesi,TR,,O,91,37
post_051_91,1,35,türkiye,NE,,B-LOC,91,38
post_051_91,1,36,cumhuriyeti,TR,,I-LOC,91,39
post_051_91,1,37,cumhurbaşkanı,TR,,O,91,40
post_051_91,1,38,meksika,TR,,B-LOC,91,41
post_051_91,1,39,ve,TR,,O,91,42
post_051_91,1,40,şili,TR,,B-LOC,91,43
post_051_91,1,41,devlet,TR,,O,91,44
post_051_91,1,42,başkanları,TR,,O,91,45
post_051_91,1,43,var,TR,,O,91,46
post_051_91,1,44,bu,TR,,O,91,48
post_051_91,1,45,araştırmaya,TR,,O,91,49
post_051_91,1,46,göre,TR,,O,91,50
post_051_91,1,47,dünyadaki,TR,,O,91,51
post_051_91,1,48,her,TR,,O,91,52
post_051_91,1,49,liderden,TR,,O,91,54
post_051_91,1,50,biri,TR,,O,91,55
post_051_91,1,51,twitter,NE,,B-PROD,91,56
post_051_91,1,52,kullanıyor,TR,,O,91,57
post_051_91,1,53,en,TR,,O,91,59
post_051_91,1,54,aktif,TR,,O,91,60
post_051_91,1,55,liderler,TR,,O,91,61
post_051_91,1,56,ise,TR,,O,91,62
post_051_91,1,57,güney,NE,,B-LOC,91,63
post_051_91,1,58,amerika'daki,NE,,I-LOC,91,64
post_051_91,1,59,liderler,TR,,O,91,65
post_051_91,1,60,yani,TR,,O,91,67
post_051_91,1,61,ingiltere,NE,,B-LOC,91,68
post_051_91,1,62,kralı,TR,,O,91,69
post_051_91,1,63,rahmetli,TR,,O,91,70
post_051_91,1,64,başkan,TR,,O,91,71
post_051_91,1,65,kenedi,TR,,B-PER,91,72
post_051_91,1,66,taçsız,TR,,O,91,73
post_051_91,1,67,kral,TR,,O,91,74
post_051_91,1,68,pele,NE,,B-PER,91,75
post_051_91,1,69,bekkenbauer,NE,,B-PER,91,76
post_051_91,1,70,kaleci,TR,,O,91,77
post_051_91,1,71,mayer,NE,,B-PER,91,78
post_051_91,1,72,nadya,NE,,B-PER,91,79
post_051_91,1,73,komanaçi,NE,,I-PER,91,80
post_051_91,1,74,bricit,NE,,B-PER,91,81
post_051_91,1,75,bardo,NE,,I-PER,91,82
post_051_91,1,76,fenerbahceli,NE,,B-OTHER,91,83
post_051_91,1,77,cemil,NE,,B-PER,91,84
post_051_91,1,78,gibi,TR,,O,91,85
post_051_91,1,79,bir,TR,,O,91,86
post_051_91,1,80,durum,TR,,O,91,87
post_051_91,1,81,var,TR,,O,91,88
post_051_91,1,82,bizim,TR,,O,91,90
post_051_91,1,83,başbakan,TR,,O,91,91
post_051_91,1,84,ise,TR,,O,91,92
post_051_91,1,85,kendisinden,TR,,O,91,93
post_051_91,1,86,tivıtır,NE,,B-PROD,91,94
post_051_91,1,87,mivıtır,TR,,O,91,95
post_051_91,1,88,diye,TR,,O,91,96
post_051_91,1,89,bahsetmekte,TR,,O,91,97
post_052_92,1,0,house,NE,,B-TITLE,92,0
post_052_92,1,1,of,NE,,I-TITLE,92,1
post_052_92,1,2,cards,NE,,I-TITLE,92,2
post_052_92,1,3,haberleri,TR,,O,92,3
post_052_92,1,4,için,TR,,O,92,4
post_052_92,1,5,müşteri,TR,,O,92,5
post_052_92,1,6,hizmetleri,TR,,O,92,6
post_052_92,1,7,aksini,TR,,O,92,7
post_052_92,1,8,söylüyor,TR,,O,92,8
post_052_92,1,9,spoiler,EN,,O,92,11
post_052_92,1,10,nope,EN,,O,92,13
post_052_92,1,11,according,EN,,O,92,14
post_052_92,1,12,to,EN,,O,92,15
post_052_92,1,13,my,EN,,O,92,16
post_052_92,1,14,official,EN,,O,92,17
post_052_92,1,15,list,EN,,O,92,18
post_052_92,1,16,of,EN,,O,92,19
post_052_92,1,17,countries,EN,,O,92,20
post_052_92,1,18,where,EN,,O,92,21
post_052_92,1,19,the,EN,,O,92,22
post_052_92,1,20,show,EN,,O,92,23
post_052_92,1,21,will,EN,,O,92,24
post_052_92,1,22,not,EN,,O,92,25
post_052_92,1,23,be,EN,,O,92,26
post_052_92,1,24,available,EN,,O,92,27
post_052_92,1,25,for,EN,,O,92,28
post_052_92,1,26,a,EN,,O,92,29
post_052_92,1,27,reason,EN,,O,92,30
post_052_92,1,28,or,EN,,O,92,31
post_052_92,1,29,another,EN,,O,92,32
post_052_92,1,30,turkey,EN,,B-LOC,92,34
post_052_92,1,31,is,EN,,O,92,35
post_052_92,1,32,not,EN,,O,92,36
post_052_92,1,33,on,EN,,O,92,37
post_052_92,1,34,that,EN,,O,92,38
post_052_92,1,35,list,EN,,O,92,39
post_052_92,1,36,which,EN,,O,92,40
post_052_92,1,37,means,EN,,O,92,41
post_052_92,1,38,it,EN,,O,92,42
post_052_92,1,39,is,EN,,O,92,43
post_052_92,1,40,part,EN,,O,92,44
post_052_92,1,41,of,EN,,O,92,45
post_052_92,1,42,the,EN,,O,92,46
post_052_92,1,43,countries,EN,,O,92,47
post_052_92,1,44,where,EN,,O,92,48
post_052_92,1,45,you,EN,,O,92,49
post_052_92,1,46,will,EN,,O,92,50
post_052_92,1,47,be,EN,,O,92,51
post_052_92,1,48,able,EN,,O,92,52
post_052_92,1,49,to,EN,,O,92,53
post_052_92,1,50,see,EN,,O,92,54
post_052_92,1,51,frank,NE,,B-PER,92,55
post_052_92,1,52,underwood,NE,,I-PER,92,56
post_052_92,1,53,come,EN,,O,92,57
post_052_92,1,54,back,EN,,O,92,58
post_052_92,1,55,in,EN,,O,92,59
post_052_92,1,56,may,EN,,B-TIME,92,60
post_052_92,1,57,spoiler,EN,,O,92,63
post_053_93,1,0,sanatçılar,TR,,O,93,0
post_053_93,1,1,müzisyenler,TR,,O,93,1
post_053_93,1,2,yazarlar,TR,,O,93,2
post_053_93,1,3,bilgisaya,TR,,O,93,3
post_053_93,1,4,programcıları,TR,,O,93,4
post_053_93,1,5,coderlar,MIXED,MIXED,O,93,5
post_053_93,1,6,reklamcılar,TR,,O,93,6
post_053_93,1,7,tasarımcılar,TR,,O,93,7
post_053_93,1,8,tasarım,TR,,O,93,8
post_053_93,1,9,siteleri,TR,,O,93,9
post_053_93,1,10,çizim,TR,,O,93,10
post_053_93,1,11,blogları,TR,,O,93,11
post_053_93,1,12,ve,TR,,O,93,12
post_053_93,1,13,daha,TR,,O,93,13
post_053_93,1,14,birçok,TR,,O,93,14
post_053_93,1,15,organizasyon,TR,,O,93,15
post_053_93,1,16,tarafından,TR,,O,93,16
post_053_93,1,17,kullanılan,TR,,O,93,17
post_053_93,1,18,anında,TR,,O,93,18
post_053_93,1,19,güncellenebilen,TR,,O,93,19
post_053_93,1,20,basit,TR,,O,93,20
post_053_93,1,21,ve,TR,,O,93,21
post_053_93,1,22,kullanışlı,TR,,O,93,22
post_053_93,1,23,kullanıcı,TR,,O,93,23
post_053_93,1,24,tarafından,TR,,O,93,24
post_053_93,1,25,değiştirilebilen,TR,,O,93,25
post_053_93,1,26,hoş,TR,,O,93,26
post_053_93,1,27,bir,TR,,O,93,27
post_053_93,1,28,arayüzü,TR,,O,93,28
post_053_93,1,29,bulunan,TR,,O,93,29
post_053_93,1,30,karakterlik,TR,,O,93,31
post_053_93,1,31,mesajlarıyla,TR,,O,93,32
post_053_93,1,32,browser,EN,,O,93,33
post_053_93,1,33,eklentileriyle,TR,,O,93,34
post_053_93,1,34,dışarıdan,TR,,O,93,35
post_053_93,1,35,ek,TR,,O,93,36
post_053_93,1,36,arama,TR,,O,93,37
post_053_93,1,37,motorlarıyla,TR,,O,93,38
post_053_93,1,38,programlar,TR,,O,93,39
post_053_93,1,39,için,TR,,O,93,40
post_053_93,1,40,tutorial,EN,,O,93,41
post_053_93,1,41,yayınlayanlarıyla,TR,,O,93,42
post_053_93,1,42,kocaman,TR,,O,93,43
post_053_93,1,43,muhteşem,TR,,O,93,44
post_053_93,1,44,bir,TR,,O,93,45
post_053_93,1,45,site,AMBIGUOUS,,O,93,46
post_053_93,1,46,darth,NE,,B-PER,93,48
post_053_93,1,47,vader,NE,,I-PER,93,49
post_053_93,1,48,bile,TR,,O,93,50
post_053_93,1,49,kullanıyor,TR,,O,93,51
post_054_94,1,0,jennifer,NE,,B-PER,94,0
post_054_94,1,1,lopez'in,NE,MIXED,I-PER,94,1
post_054_94,1,2,igrenc,TR,,O,94,2
post_054_94,1,3,filmi,TR,,O,94,3
post_054_94,1,4,maid,NE,,B-TITLE,94,4
post_054_94,1,5,in,NE,,I-TITLE,94,5
post_054_94,1,6,manhattan'da,NE,MIXED,I-TITLE,94,6
post_054_94,1,7,oglunun,TR,,O,94,7
post_054_94,1,8,bir,TR,,O,94,8
post_054_94,1,9,sey,TR,,O,94,9
post_054_94,1,10,sormasi,TR,,O,94,10
post_054_94,1,11,uzerine,TR,,O,94,11
post_054_94,1,12,soyledigi,TR,,O,94,12
post_054_94,1,13,you,EN,,O,94,13
post_054_94,1,14,have,EN,,O,94,14
post_054_94,1,15,to,EN,,O,94,15
post_054_94,1,16,google,NE,,B-PROD,94,16
post_054_94,1,17,it,EN,,O,94,17
post_054_94,1,18,cumlesinin,TR,,O,94,18
post_054_94,1,19,fiili,TR,,O,94,19
post_055_95,1,0,maalesef,TR,,O,95,0
post_055_95,1,1,yeteri,TR,,O,95,1
post_055_95,1,2,kadar,TR,,O,95,2
post_055_95,1,3,aydinlanmamis,TR,,O,95,3
post_055_95,1,4,hala,TR,,O,95,4
post_055_95,1,5,tv,AMBIGUOUS,,O,95,5
post_055_95,1,6,kulturunde,TR,,O,95,6
post_055_95,1,7,kalmis,TR,,O,95,7
post_055_95,1,8,ve,TR,,O,95,8
post_055_95,1,9,daha,TR,,O,95,9
post_055_95,1,10,kotu,TR,,O,95,10
post_055_95,1,11,bir,TR,,O,95,11
post_055_95,1,12,hal,TR,,O,95,12
post_055_95,1,13,alan,TR,,O,95,13
post_055_95,1,14,neslimizin,TR,,O,95,14
post_055_95,1,15,sumugunuzu,TR,,O,95,15
post_055_95,1,16,atmayacaginiz,TR,,O,95,16
post_055_95,1,17,insanlari,TR,,O,95,17
post_055_95,1,18,bos,TR,,O,95,18
post_055_95,1,19,beles,TR,,O,95,19
post_055_95,1,20,unlu,TR,,O,95,20
post_055_95,1,21,yapip,TR,,O,95,21
post_055_95,1,22,efendime,TR,,O,95,22
post_055_95,1,23,soyliyeyim,TR,,O,95,23
post_055_95,1,24,blogger,EN,,O,95,24
post_055_95,1,25,yapip,TR,,O,95,25
post_055_95,1,26,ustune,TR,,O,95,26
post_055_95,1,27,zengin,TR,,O,95,27
post_055_95,1,28,ettigi,TR,,O,95,28
post_055_95,1,29,bir,TR,,O,95,29
post_055_95,1,30,takim,TR,,O,95,30
post_055_95,1,31,insanlar,TR,,O,95,31
post_055_95,1,32,topluluğu,TR,,O,95,32
post_055_95,1,33,hayir,TR,,O,95,34
post_055_95,1,34,yani,TR,,O,95,35
post_055_95,1,35,mantik,TR,,O,95,36
post_055_95,1,36,ne,TR,,O,95,37
post_055_95,1,37,pardon,AMBIGUOUS,,O,95,38
post_055_95,1,38,tanittigi,TR,,O,95,40
post_055_95,1,39,ruju,TR,,O,95,41
post_055_95,1,40,ojeyi,TR,,O,95,42
post_055_95,1,41,alligi,TR,,O,95,43
post_055_95,1,42,ojeyi,TR,,O,95,44
post_055_95,1,43,vs,EN,,O,95,45
post_055_95,1,44,gittiginizde,TR,,O,95,47
post_055_95,1,45,watsons'larda,NE,MIXED,B-ORG,95,48
post_055_95,1,46,gratis'lerde,MIXED,MIXED,B-ORG,95,49
post_055_95,1,47,pekala,TR,,O,95,50
post_055_95,1,48,sizler,TR,,O,95,51
post_055_95,1,49,de,TR,,O,95,52
post_055_95,1,50,görüp,TR,,O,95,53
post_055_95,1,51,deneyip,TR,,O,95,54
post_055_95,1,52,begenirseniz,TR,,O,95,55
post_055_95,1,53,alabiliyorsunuz,TR,,O,95,56
post_055_95,1,54,sart,TR,,O,95,58
post_055_95,1,55,mi,TR,,O,95,59
post_055_95,1,56,onlarda,TR,,O,95,60
post_055_95,1,57,gorup,TR,,O,95,61
post_055_95,1,58,linki,MIXED,MIXED,O,95,62
post_055_95,1,59,biraktim,TR,,O,95,63
post_055_95,1,60,diyip,TR,,O,95,64
post_055_95,1,61,o,TR,,O,95,65
post_055_95,1,62,linke,MIXED,MIXED,O,95,66
post_055_95,1,63,tıklayıp,TR,,O,95,67
post_055_95,1,64,almaniz,TR,,O,95,68
post_055_95,1,65,daha,TR,,O,95,70
post_055_95,1,66,mi,TR,,O,95,71
post_055_95,1,67,ucuz,TR,,O,95,72
post_055_95,1,68,mesela,TR,,O,95,73
post_055_95,1,69,ya,TR,,O,95,75
post_055_95,1,70,da,TR,,O,95,76
post_055_95,1,71,denemeden,TR,,O,95,77
post_055_95,1,72,almak,TR,,O,95,78
post_055_95,1,73,ne,TR,,O,95,79
post_055_95,1,74,kadar,TR,,O,95,80
post_055_95,1,75,dogru,TR,,O,95,81
post_055_95,1,76,yapmayin,TR,,O,95,83
post_055_95,1,77,arkadaslar,TR,,O,95,84
post_055_95,1,78,uc,TR,,O,95,86
post_055_95,1,79,kurusluk,TR,,O,95,87
post_055_95,1,80,insanlari,TR,,O,95,88
post_055_95,1,81,ne,TR,,O,95,89
post_055_95,1,82,oldum,TR,,O,95,90
post_055_95,1,83,delisine,TR,,O,95,91
post_055_95,1,84,cevirmeyin,TR,,O,95,92
post_056_96,1,0,bir,TR,,O,96,0
post_056_96,1,1,zamanlar,TR,,O,96,1
post_056_96,1,2,twitch,NE,,B-PROD,96,2
post_056_96,1,3,sadece,TR,,O,96,3
post_056_96,1,4,oyun,TR,,O,96,4
post_056_96,1,5,yayınları,TR,,O,96,5
post_056_96,1,6,yapılabilen,TR,,O,96,6
post_056_96,1,7,bir,TR,,O,96,7
post_056_96,1,8,platformdu,TR,,O,96,8
post_056_96,1,9,ve,TR,,O,96,9
post_056_96,1,10,bir,TR,,O,96,10
post_056_96,1,11,süre,TR,,O,96,11
post_056_96,1,12,sonra,TR,,O,96,12
post_056_96,1,13,just,EN,,O,96,13
post_056_96,1,14,chatting,EN,,O,96,14
post_056_96,1,15,diye,TR,,O,96,15
post_056_96,1,16,bir,TR,,O,96,16
post_056_96,1,17,kategori,TR,,O,96,17
post_056_96,1,18,eklendi,TR,,O,96,18
post_056_96,1,19,bu,TR,,O,96,20
post_056_96,1,20,kategori,TR,,O,96,21
post_056_96,1,21,sayesinde,TR,,O,96,22
post_056_96,1,22,oyuncular,TR,,O,96,23
post_056_96,1,23,bir,TR,,O,96,24
post_056_96,1,24,şeyler,TR,,O,96,25
post_056_96,1,25,anlatabiliyordu,TR,,O,96,26
post_056_96,1,26,veya,TR,,O,96,27
post_056_96,1,27,izleyicileriyle,TR,,O,96,28
post_056_96,1,28,karşılıklı,TR,,O,96,29
post_056_96,1,29,olarak,TR,,O,96,30
post_056_96,1,30,konuşabiliyordu,TR,,O,96,31
post_056_96,1,31,uzun,TR,,O,96,33
post_056_96,1,32,bir,TR,,O,96,34
post_056_96,1,33,süre,TR,,O,96,35
post_056_96,1,34,sonra,TR,,O,96,36
post_056_96,1,35,just,EN,,O,96,37
post_056_96,1,36,chatting,EN,,O,96,38
post_056_96,1,37,twitch'in,NE,MIXED,B-PROD,96,39
post_056_96,1,38,neredeyse,TR,,O,96,40
post_056_96,1,39,%50'sini,TR,,O,96,41
post_056_96,1,40,ve,TR,,O,96,42
post_056_96,1,41,daha,TR,,O,96,43
post_056_96,1,42,fazlasını,TR,,O,96,44
post_056_96,1,43,oluşturan,TR,,O,96,45
post_056_96,1,44,bir,TR,,O,96,46
post_056_96,1,45,yayıncı,TR,,O,96,47
post_056_96,1,46,izleyici,TR,,O,96,48
post_056_96,1,47,kitlesi,TR,,O,96,49
post_056_96,1,48,kazandı,TR,,O,96,50
post_056_96,1,49,günümüzde,TR,,O,96,51
post_056_96,1,50,just,EN,,O,96,52
post_056_96,1,51,chatting,EN,,O,96,53
post_056_96,1,52,kategorisine,TR,,O,96,54
post_056_96,1,53,girdiğinizde,TR,,O,96,55
post_056_96,1,54,en,TR,,O,96,56
post_056_96,1,55,çok,TR,,O,96,57
post_056_96,1,56,izlenen,TR,,O,96,58
post_056_96,1,57,yayıncıdan,TR,,O,96,59
post_056_96,1,58,en,TR,,O,96,60
post_056_96,1,59,az,TR,,O,96,61
post_056_96,1,60,izlenen,TR,,O,96,62
post_056_96,1,61,yayıncıya,TR,,O,96,63
post_056_96,1,62,kadar,TR,,O,96,64
post_056_96,1,63,ipini,TR,,O,96,65
post_056_96,1,64,koparan,TR,,O,96,66
post_056_96,1,65,herkes,TR,,O,96,67
post_056_96,1,66,kameranın,TR,,O,96,68
post_056_96,1,67,önüne,TR,,O,96,69
post_056_96,1,68,geçip,TR,,O,96,70
post_056_96,1,69,bir,TR,,O,96,71
post_056_96,1,70,şeyler,TR,,O,96,72
post_056_96,1,71,anlatıyor,TR,,O,96,73
post_056_96,1,72,son,TR,,O,96,75
post_056_96,1,73,zamanlarda,TR,,O,96,76
post_056_96,1,74,just,EN,,O,96,77
post_056_96,1,75,chatting,EN,,O,96,78
post_056_96,1,76,kategorisinde,TR,,O,96,79
post_056_96,1,77,bu,TR,,O,96,80
post_056_96,1,78,kızgın,TR,,O,96,81
post_056_96,1,79,rekabet,TR,,O,96,82
post_056_96,1,80,ortamında,TR,,O,96,83
post_056_96,1,81,parlayabilmek,TR,,O,96,84
post_056_96,1,82,için,TR,,O,96,85
post_056_96,1,83,spor,TR,,O,96,86
post_056_96,1,84,ve,TR,,O,96,87
post_056_96,1,85,havuz,TR,,O,96,88
post_056_96,1,86,yayınları,TR,,O,96,89
post_056_96,1,87,iyice,TR,,O,96,90
post_056_96,1,88,çoğalmaya,TR,,O,96,91
post_056_96,1,89,başladı,TR,,O,96,92
post_056_96,1,90,kendini,TR,,O,96,94
post_056_96,1,91,twitch,NE,,B-PROD,96,95
post_056_96,1,92,kuralları,TR,,O,96,96
post_056_96,1,93,dahilinde,TR,,O,96,97
post_056_96,1,94,en,TR,,O,96,98
post_056_96,1,95,güzel,TR,,O,96,99
post_056_96,1,96,pazarlayan,TR,,O,96,100
post_056_96,1,97,en,TR,,O,96,101
post_056_96,1,98,büyük,TR,,O,96,102
post_056_96,1,99,kemiği,TR,,O,96,103
post_056_96,1,100,kapıyor,TR,,O,96,104
post_056_96,1,101,bu,TR,,O,96,106
post_056_96,1,102,işi,TR,,O,96,107
post_056_96,1,103,kısmen,TR,,O,96,108
post_056_96,1,104,pandemi,TR,,O,96,109
post_056_96,1,105,dolayısıyla,TR,,O,96,110
post_056_96,1,106,insanların,TR,,O,96,111
post_056_96,1,107,sosyalleşme,TR,,O,96,112
post_056_96,1,108,ihtiyacına,TR,,O,96,113
post_056_96,1,109,ısmarlayabilsek,TR,,O,96,114
post_056_96,1,110,de,TR,,O,96,115
post_056_96,1,111,kamera,TR,,O,96,116
post_056_96,1,112,karşısında,TR,,O,96,117
post_056_96,1,113,sadece,TR,,O,96,118
post_056_96,1,114,sohbet,TR,,O,96,119
post_056_96,1,115,muhabbet,TR,,O,96,120
post_056_96,1,116,eden,TR,,O,96,121
post_056_96,1,117,bir,TR,,O,96,122
post_056_96,1,118,yabancıyı,TR,,O,96,123
post_056_96,1,119,izlemek,TR,,O,96,124
post_056_96,1,120,kadar,TR,,O,96,125
post_056_96,1,121,saçma,TR,,O,96,126
post_056_96,1,122,bir,TR,,O,96,127
post_056_96,1,123,şey,TR,,O,96,128
post_056_96,1,124,yok,TR,,O,96,129
post_056_96,1,125,bu,TR,,O,96,131
post_056_96,1,126,vesileyle,TR,,O,96,132
post_056_96,1,127,belirteyim,TR,,O,96,133
post_056_96,1,128,slippery,EN,,O,96,134
post_056_96,1,129,slope,EN,,O,96,135
post_056_96,1,130,bir,TR,,O,96,136
post_056_96,1,131,mantık,TR,,O,96,137
post_056_96,1,132,hatası,TR,,O,96,138
post_056_96,1,133,değildir,TR,,O,96,139
post_056_96,1,134,twitch,NE,,B-PROD,96,141
post_056_96,1,135,örneğinde,TR,,O,96,142
post_056_96,1,136,de,TR,,O,96,143
post_056_96,1,137,görüleceği,TR,,O,96,144
post_056_96,1,138,üzere,TR,,O,96,145
post_056_96,1,139,kurallar,TR,,O,96,146
post_056_96,1,140,dahilinde,TR,,O,96,147
post_056_96,1,141,beterin,TR,,O,96,148
post_056_96,1,142,beterini,TR,,O,96,149
post_056_96,1,143,yapıyorlar,TR,,O,96,150
post_056_96,1,144,hergün,TR,,O,96,152
post_056_96,1,145,onlarca,TR,,O,96,153
post_056_96,1,146,yayıncı,TR,,O,96,154
post_056_96,1,147,kurallarda,TR,,O,96,155
post_056_96,1,148,gri,TR,,O,96,156
post_056_96,1,149,bölge,TR,,O,96,157
post_056_96,1,150,bularak,TR,,O,96,158
post_056_96,1,151,kuralları,TR,,O,96,159
post_056_96,1,152,delme,TR,,O,96,160
post_056_96,1,153,teşebbüsünde,TR,,O,96,161
post_056_96,1,154,bulunuyor,TR,,O,96,162
post_056_96,1,155,mesela,TR,,O,96,164
post_056_96,1,156,birkaç,TR,,O,96,165
post_056_96,1,157,gün,TR,,O,96,166
post_056_96,1,158,önce,TR,,O,96,167
post_056_96,1,159,jahrein'in,NE,MIXED,B-PER,96,168
post_056_96,1,160,bir,TR,,O,96,169
post_056_96,1,161,videosunda,TR,,O,96,170
post_056_96,1,162,yayında,TR,,O,96,171
post_056_96,1,163,donumun,TR,,O,96,172
post_056_96,1,164,ucu,TR,,O,96,173
post_056_96,1,165,gözüktü,TR,,O,96,174
post_056_96,1,166,diye,TR,,O,96,175
post_056_96,1,167,banlandım,TR,,O,96,176
post_056_96,1,168,dediğini,TR,,O,96,177
post_056_96,1,169,duydum,TR,,O,96,178
post_056_96,1,170,hâlihazırda,TR,,O,96,180
post_056_96,1,171,varlığı,TR,,O,96,181
post_056_96,1,172,ile,TR,,O,96,182
post_056_96,1,173,yokluğu,TR,,O,96,183
post_056_96,1,174,arasında,TR,,O,96,184
post_056_96,1,175,pek,TR,,O,96,185
post_056_96,1,176,bir,TR,,O,96,186
post_056_96,1,177,fark,TR,,O,96,187
post_056_96,1,178,olmayan,TR,,O,96,188
post_056_96,1,179,bikinilerle,TR,,O,96,189
post_056_96,1,180,yayın,TR,,O,96,190
post_056_96,1,181,yapmak,TR,,O,96,191
post_056_96,1,182,mümkün,TR,,O,96,192
post_056_96,1,183,çünkü,TR,,O,96,193
post_056_96,1,184,havuz,TR,,O,96,194
post_056_96,1,185,ve,TR,,O,96,195
post_056_96,1,186,sahil,TR,,O,96,196
post_056_96,1,187,ortamında,TR,,O,96,197
post_056_96,1,188,ortama,TR,,O,96,198
post_056_96,1,189,uygun,TR,,O,96,199
post_056_96,1,190,olduğu,TR,,O,96,200
post_056_96,1,191,için,TR,,O,96,201
post_056_96,1,192,yasak,TR,,O,96,202
post_056_96,1,193,değil,TR,,O,96,203
post_056_96,1,194,jahrein,NE,,B-PER,96,205
post_056_96,1,195,de,TR,,O,96,206
post_056_96,1,196,evinin,TR,,O,96,207
post_056_96,1,197,ortasına,TR,,O,96,208
post_056_96,1,198,masa,TR,,O,96,209
post_056_96,1,199,büyüklüğünde,TR,,O,96,210
post_056_96,1,200,şişme,TR,,O,96,211
post_056_96,1,201,bir,TR,,O,96,212
post_056_96,1,202,havuz,TR,,O,96,213
post_056_96,1,203,koysa,TR,,O,96,214
post_056_96,1,204,o,TR,,O,96,215
post_056_96,1,205,da,TR,,O,96,216
post_056_96,1,206,don,TR,,O,96,217
post_056_96,1,207,veya,TR,,O,96,218
post_056_96,1,208,bir,TR,,O,96,219
post_056_96,1,209,donun,TR,,O,96,220
post_056_96,1,210,%10'una,TR,,O,96,221
post_056_96,1,211,tekabül,TR,,O,96,222
post_056_96,1,212,eden,TR,,O,96,223
post_056_96,1,213,bikini,EN,,O,96,224
post_056_96,1,214,ile,TR,,O,96,225
post_056_96,1,215,oturup,TR,,O,96,226
post_056_96,1,216,yayın,TR,,O,96,227
post_056_96,1,217,yapabilir,TR,,O,96,228
post_058_97,1,0,browser,EN,,O,97,0
post_058_97,1,1,extension,EN,,O,97,1
post_058_97,1,2,ile,TR,,O,97,2
post_058_97,1,3,google,NE,,B-PROD,97,3
post_058_97,1,4,search,EN,,I-PROD,97,4
post_058_97,1,5,yanında,TR,,O,97,5
post_058_97,1,6,laflasin,TR,,O,97,6
post_058_97,1,7,derseniz,TR,,O,97,7
post_058_97,1,8,github,NE,,B-ORG,97,8
post_058_97,1,9,ya,TR,,O,97,9
post_058_97,1,10,da,TR,,O,97,10
post_058_97,1,11,web,EN,,O,97,11
post_058_97,1,12,store'dan,MIXED,MIXED,O,97,12
post_058_97,1,13,uygun,TR,,O,97,13
post_058_97,1,14,bisiler,TR,,O,97,14
post_058_97,1,15,bulabileceğiniz,TR,,O,97,15
post_058_97,1,16,son,TR,,O,97,16
post_058_97,1,17,teknoloji,TR,,O,97,17
post_058_97,1,18,heyecanımız,TR,,O,97,18
post_058_97,1,19,canımız,TR,,O,97,19
post_058_97,1,20,yardimcimiz,TR,,O,97,20
post_058_97,1,21,yapay,TR,,O,97,21
post_058_97,1,22,zekamiz,TR,,O,97,22
post_058_97,1,23,adam,TR,,O,97,24
post_058_97,1,24,boşuna,TR,,O,97,25
post_058_97,1,25,demedi,TR,,O,97,26
post_058_97,1,26,bize,TR,,O,97,27
post_058_97,1,27,ya,TR,,O,97,28
post_058_97,1,28,cip,TR,,O,97,29
post_058_97,1,29,takacagsiiz,TR,,O,97,30
post_058_97,1,30,ya,TR,,O,97,31
post_058_97,1,31,cip,TR,,O,97,32
post_058_97,1,32,size,TR,,O,97,33
post_058_97,1,33,takacagg,TR,,O,97,34
post_058_97,1,34,neyse,TR,,O,97,35
post_058_97,1,35,deniyoz,TR,,O,97,36
post_058_97,1,36,oyniyoz,TR,,O,97,37
post_058_97,1,37,belesken,TR,,O,97,38
post_058_97,1,38,yakinda,TR,,O,97,40
post_058_97,1,39,sen,TR,,O,97,41
post_058_97,1,40,istiyor,TR,,O,97,42
post_058_97,1,41,duja,TR,,O,97,43
post_058_97,1,42,döneceğini,TR,,O,97,44
post_058_97,1,43,goz,TR,,O,97,45
post_058_97,1,44,yasartan,TR,,O,97,46
post_058_97,1,45,operasyon,TR,,O,97,47
post_058_97,1,46,maliyetleri,TR,,O,97,48
post_058_97,1,47,bidi,TR,,O,97,49
post_058_97,1,48,bidi,TR,,O,97,50
post_058_97,1,49,diyerek,TR,,O,97,51
post_058_97,1,50,kitlediler,TR,,O,97,52
post_058_97,1,51,çoktan,TR,,O,97,53
post_059_98,1,0,sayesinde,TR,,O,98,0
post_059_98,1,1,amip,TR,,O,98,1
post_059_98,1,2,gibi,TR,,O,98,2
post_059_98,1,3,çoğalıyor,TR,,O,98,3
post_059_98,1,4,headhunter,EN,,O,98,4
post_059_98,1,5,executive,EN,,O,98,5
post_059_98,1,6,search,EN,,O,98,6
post_059_98,1,7,bıdı,TR,,O,98,7
post_059_98,1,8,bıdı,TR,,O,98,8
post_059_98,1,9,firmaları,TR,,O,98,9
post_059_98,1,10,yakında,TR,,O,98,11
post_059_98,1,11,emlakçılık,TR,,O,98,12
post_059_98,1,12,kadar,TR,,O,98,13
post_059_98,1,13,trend,EN,,O,98,14
post_059_98,1,14,bir,TR,,O,98,15
post_059_98,1,15,meslek,TR,,O,98,16
post_059_98,1,16,haline,TR,,O,98,17
post_059_98,1,17,gelecek,TR,,O,98,18
post_059_98,1,18,bu,TR,,O,98,19
post_059_98,1,19,işler,TR,,O,98,20
post_059_98,1,20,aç,TR,,O,98,22
post_059_98,1,21,bir,TR,,O,98,23
post_059_98,1,22,linkedin,NE,,B-PROD,98,24
post_059_98,1,23,premium,EN,,I-PROD,98,25
post_059_98,1,24,hesabı,TR,,I-PROD,98,26
post_059_98,1,25,alsana,TR,,O,98,27
post_059_98,1,26,zibilyon,TR,,O,98,28
post_059_98,1,27,tane,TR,,O,98,29
post_059_98,1,28,aday,TR,,O,98,30
post_059_98,1,29,cv'si,MIXED,MIXED,O,98,31
post_059_98,1,30,mesaj,TR,,O,98,33
post_059_98,1,31,kutusu,TR,,O,98,34
post_059_98,1,32,bu,TR,,O,98,35
post_059_98,1,33,iş,TR,,O,98,36
post_059_98,1,34,fırsatı,TR,,O,98,37
post_059_98,1,35,mesajlarından,TR,,O,98,38
post_059_98,1,36,geçilmiyor,TR,,O,98,39
post_060_99,1,0,follow,EN,,O,99,0
post_060_99,1,1,bug'i,MIXED,MIXED,O,99,1
post_060_99,1,2,yuzunden,TR,,O,99,2
post_060_99,1,3,buyuk,TR,,O,99,3
post_060_99,1,4,ihtimalle,TR,,O,99,4
post_060_99,1,5,ufak,TR,,O,99,5
post_060_99,1,6,bir,TR,,O,99,6
post_060_99,1,7,rollback,EN,,O,99,7
post_060_99,1,8,olayina,TR,,O,99,8
post_060_99,1,9,girecek,TR,,O,99,9
post_060_99,1,10,olan,TR,,O,99,10
post_060_99,1,11,sitedir,TR,,O,99,11
post_001_100,1,0,günümüzde,TR,,O,100,0
post_001_100,1,1,sivil,TR,,O,100,1
post_001_100,1,2,toplum,TR,,O,100,2
post_001_100,1,3,kuruluşlarının,TR,,O,100,3
post_001_100,1,4,üye,TR,,O,100,4
post_001_100,1,5,kaybetmelerinin,TR,,O,100,5
post_001_100,1,6,sebeplerinden,TR,,O,100,6
post_001_100,1,7,biri,TR,,O,100,7
post_001_100,1,8,gençlerin,TR,,O,100,9
post_001_100,1,9,bir,TR,,O,100,10
post_001_100,1,10,kısmı,TR,,O,100,11
post_001_100,1,11,her,TR,,O,100,12
post_001_100,1,12,zaman,TR,,O,100,13
post_001_100,1,13,idealist,TR,,O,100,14
post_001_100,1,14,ve,TR,,O,100,15
post_001_100,1,15,"""dünyayı",TR,,O,100,16
post_001_100,1,16,"değiştirme""",TR,,O,100,17
post_001_100,1,17,meraklısı,TR,,O,100,18
post_001_100,1,18,oldu,TR,,O,100,19
post_001_100,1,19,günümüzde,TR,,O,100,21
post_001_100,1,20,kadar,TR,,O,100,22
post_001_100,1,21,bunun,TR,,O,100,23
post_001_100,1,22,yolu,TR,,O,100,24
post_001_100,1,23,stk'lardı,TR,,O,100,25
post_001_100,1,24,fakat,TR,,O,100,27
post_001_100,1,25,artık,TR,,O,100,28
post_001_100,1,26,bir,TR,,O,100,29
post_001_100,1,27,değişim,TR,,O,100,30
post_001_100,1,28,yaratmanın,TR,,O,100,31
post_001_100,1,29,yolu,TR,,O,100,32
post_001_100,1,30,bir,TR,,O,100,33
post_001_100,1,31,startup,EN,,O,100,34
post_001_100,1,32,kurmak,TR,,O,100,35
post_001_100,1,33,veya,TR,,O,100,36
post_001_100,1,34,birine,TR,,O,100,37
post_001_100,1,35,dahil,TR,,O,100,38
post_001_100,1,36,olmak,TR,,O,100,39
post_001_100,1,37,gibi,TR,,O,100,40
post_001_100,1,38,görünüyor,TR,,O,100,41
post_001_100,1,39,millennial'lar,MIXED,MIXED,O,100,43
post_001_100,1,40,toplumsal,TR,,O,100,44
post_001_100,1,41,iletişimi,TR,,O,100,45
post_001_100,1,42,geliştirmek,TR,,O,100,46
post_001_100,1,43,için,TR,,O,100,47
post_001_100,1,44,bir,TR,,O,100,48
post_001_100,1,45,stk'da,TR,,O,100,49
post_001_100,1,46,ter,TR,,O,100,50
post_001_100,1,47,dökmek,TR,,O,100,51
post_001_100,1,48,yerine,TR,,O,100,52
post_001_100,1,49,bir,TR,,O,100,53
post_001_100,1,50,app,EN,,O,100,54
post_001_100,1,51,yazmayı,TR,,O,100,55
post_001_100,1,52,daha,TR,,O,100,56
post_001_100,1,53,tercih,TR,,O,100,57
post_001_100,1,54,edilebilir,TR,,O,100,58
post_001_100,1,55,görüyorlar,TR,,O,100,59
post_001_100,1,56,bu,TR,,O,100,61
post_001_100,1,57,sebeple,TR,,O,100,62
post_001_100,1,58,tüm,TR,,O,100,63
post_001_100,1,59,dünyada,TR,,O,100,64
post_001_100,1,60,stk'lar,TR,,O,100,65
post_001_100,1,61,üye,TR,,O,100,66
post_001_100,1,62,erozyonuna,TR,,O,100,67
post_001_100,1,63,uğruyor,TR,,O,100,68
post_002_101,1,0,yatirim,TR,,O,101,0
post_002_101,1,1,tavsiyesidir,TR,,O,101,1
post_002_101,1,2,liraya,TR,,O,101,4
post_002_101,1,3,reklamsiz,TR,,O,101,5
post_002_101,1,4,ve,TR,,O,101,6
post_002_101,1,5,legal,EN,,O,101,7
post_002_101,1,6,olarak,TR,,O,101,8
post_002_101,1,7,bunca,TR,,O,101,9
post_002_101,1,8,icerigi,TR,,O,101,10
post_002_101,1,9,nereden,TR,,O,101,11
post_002_101,1,10,bulacagiz,TR,,O,101,12
post_002_101,1,11,baska,TR,,O,101,13
post_002_101,1,12,bir,TR,,O,101,15
post_002_101,1,13,suru,TR,,O,101,16
post_002_101,1,14,problem,TR,,O,101,17
post_002_101,1,15,var,TR,,O,101,18
post_002_101,1,16,evet,TR,,O,101,19
post_002_101,1,17,ama,TR,,O,101,20
post_002_101,1,18,asiri,TR,,O,101,21
post_002_101,1,19,derecede,TR,,O,101,22
post_002_101,1,20,rahatsiz,TR,,O,101,23
post_002_101,1,21,etmedi,TR,,O,101,24
post_002_101,1,22,henuz,TR,,O,101,25
post_002_101,1,23,beni,TR,,O,101,26
post_002_101,1,24,this,NE,,B-TITLE,101,28
post_002_101,1,25,is,NE,,I-TITLE,101,29
post_002_101,1,26,us'in,NE,MIXED,I-TITLE,101,30
post_002_101,1,27,sezonu,TR,,O,101,33
post_002_101,1,28,var,TR,,O,101,34
post_002_101,1,29,gorunuyor,TR,,O,101,35
post_002_101,1,30,ama,TR,,O,101,36
post_002_101,1,31,acilmiyor,TR,,O,101,37
post_002_101,1,32,mesela,TR,,O,101,38
post_003_102,1,0,çevremdeki,TR,,O,102,0
post_003_102,1,1,herkes,TR,,O,102,1
post_003_102,1,2,okuyor,TR,,O,102,2
post_003_102,1,3,diye,TR,,O,102,3
post_003_102,1,4,gelecek,TR,,O,102,4
post_003_102,1,5,sene,TR,,O,102,5
post_003_102,1,6,sınavına,TR,,O,102,6
post_003_102,1,7,girip,TR,,O,102,7
post_003_102,1,8,okuyacağım,TR,,O,102,8
post_003_102,1,9,kurum,TR,,O,102,9
post_003_102,1,10,motivasyonum,TR,,O,102,11
post_003_102,1,11,yok,TR,,O,102,12
post_003_102,1,12,ama,TR,,O,102,13
post_003_102,1,13,böylesi,TR,,O,102,14
post_003_102,1,14,daha,TR,,O,102,15
post_003_102,1,15,iyi,TR,,O,102,16
post_003_102,1,16,sanırım,TR,,O,102,17
post_003_102,1,17,heyecan,TR,,O,102,19
post_003_102,1,18,çocukluğumu,TR,,O,102,22
post_003_102,1,19,ve,TR,,O,102,23
post_003_102,1,20,gençliğimi,TR,,O,102,24
post_003_102,1,21,"sınavlara,",TR,,O,102,25
post_003_102,1,22,hayatımın,TR,,O,102,26
post_003_102,1,23,geri,TR,,O,102,27
post_003_102,1,24,kalanını,TR,,O,102,28
post_003_102,1,25,da,TR,,O,102,29
post_003_102,1,26,maaşa,TR,,O,102,30
post_003_102,1,27,verip,TR,,O,102,31
post_003_102,1,28,ölücem,TR,,O,102,32
post_003_102,1,29,negzel,TR,,O,102,34
post_003_102,1,30,fuck,EN,,O,102,36
post_003_102,1,31,the,EN,,O,102,37
post_003_102,1,32,system,EN,,O,102,38
post_003_102,1,33,diye,TR,,O,102,39
post_003_102,1,34,bi,TR,,O,102,40
post_003_102,1,35,laf,TR,,O,102,41
post_003_102,1,36,vardı,TR,,O,102,42
post_003_102,1,37,değil,TR,,O,102,43
post_003_102,1,38,mi,TR,,O,102,44
post_004_103,1,0,su,TR,,O,103,0
post_004_103,1,1,an,TR,,O,103,1
post_004_103,1,2,icin,TR,,O,103,2
post_004_103,1,3,"""we",EN,,O,103,3
post_004_103,1,4,are,EN,,O,103,4
post_004_103,1,5,currently,EN,,O,103,5
post_004_103,1,6,performing,EN,,O,103,6
post_004_103,1,7,site,EN,,O,103,7
post_004_103,1,8,maintenance,EN,,O,103,8
post_004_103,1,9,be,EN,,O,103,10
post_004_103,1,10,cool,EN,,O,103,11
post_004_103,1,11,we'll,EN,,O,103,13
post_004_103,1,12,be,EN,,O,103,14
post_004_103,1,13,back,EN,,O,103,15
post_004_103,1,14,in,EN,,O,103,17
post_004_103,1,15,a,EN,,O,103,18
post_004_103,1,16,"bit.""",EN,,O,103,19
post_004_103,1,17,diyen,TR,,O,103,20
post_004_103,1,18,site,TR,,O,103,21
post_005_104,1,0,sosyal,TR,,O,104,0
post_005_104,1,1,medyada,TR,,O,104,1
post_005_104,1,2,gördüğünüz,TR,,O,104,2
post_005_104,1,3,o,TR,,O,104,3
post_005_104,1,4,steroidli,TR,,O,104,4
post_005_104,1,5,kocaman,TR,,O,104,5
post_005_104,1,6,kişilere,TR,,O,104,6
post_005_104,1,7,inanmayin,TR,,O,104,7
post_005_104,1,8,bugün,TR,,O,104,9
post_005_104,1,9,sosyal,TR,,O,104,10
post_005_104,1,10,medyada,TR,,O,104,11
post_005_104,1,11,begendiginiz,TR,,O,104,12
post_005_104,1,12,spor,TR,,O,104,13
post_005_104,1,13,hocasiyim,TR,,O,104,14
post_005_104,1,14,diyen,TR,,O,104,15
post_005_104,1,15,"kişiler,",TR,,O,104,16
post_005_104,1,16,antrenmanlarda,TR,,O,104,17
post_005_104,1,17,kac,TR,,O,104,18
post_005_104,1,18,kilogram,TR,,O,104,19
post_005_104,1,19,kaldiriyor,TR,,O,104,20
post_005_104,1,20,ona,TR,,O,104,21
post_005_104,1,21,bakin,TR,,O,104,22
post_005_104,1,22,steroid,TR,,O,104,24
post_005_104,1,23,hayatinizi,TR,,O,104,25
post_005_104,1,24,ve,TR,,O,104,26
post_005_104,1,25,vucudunuzu,TR,,O,104,27
post_005_104,1,26,"mahveder,",TR,,O,104,28
post_005_104,1,27,spor,TR,,O,104,29
post_005_104,1,28,icin,TR,,O,104,30
post_005_104,1,29,kendinize,TR,,O,104,31
post_005_104,1,30,sene,TR,,O,104,33
post_005_104,1,31,zaman,TR,,O,104,34
post_005_104,1,32,"taniyin,",TR,,O,104,35
post_005_104,1,33,sonra,TR,,O,104,36
post_005_104,1,34,ufak,TR,,O,104,37
post_005_104,1,35,ufak,TR,,O,104,38
post_005_104,1,36,"baslayin,",TR,,O,104,39
post_005_104,1,37,gerisi,TR,,O,104,40
post_005_104,1,38,gelir,TR,,O,104,41
post_005_104,1,39,bir,TR,,O,104,43
post_005_104,1,40,de,TR,,O,104,44
post_005_104,1,41,kendimce,TR,,O,104,45
post_005_104,1,42,öneri,TR,,O,104,46
post_005_104,1,43,"push,",EN,,O,104,48
post_005_104,1,44,"pull,",EN,,O,104,49
post_005_104,1,45,"core,",EN,,O,104,50
post_005_104,1,46,"off,",EN,,O,104,51
post_005_104,1,47,"push,",EN,,O,104,52
post_005_104,1,48,pull,EN,,O,104,53
post_005_104,1,49,legs,EN,,O,104,55
post_005_104,1,50,core,EN,,O,104,56
post_005_104,1,51,off,EN,,O,104,57
post_005_104,1,52,şeklinde,TR,,O,104,58
post_005_104,1,53,günlük,TR,,O,104,60
post_005_104,1,54,planlama,TR,,O,104,61
post_005_104,1,55,yapin,TR,,O,104,62
post_005_104,1,56,girin,TR,,O,104,63
post_005_104,1,57,chatgpt,NE,,O,104,64
post_005_104,1,58,ye,TR,,O,104,65
post_005_104,1,59,durumunuzu,TR,,O,104,66
post_005_104,1,60,anlatin,TR,,O,104,67
post_005_104,1,61,yaş,TR,,O,104,68
post_005_104,1,62,boy,TR,,O,104,69
post_005_104,1,63,kilo,TR,,O,104,70
post_005_104,1,64,ve,TR,,O,104,71
post_005_104,1,65,günlük,TR,,O,104,73
post_005_104,1,66,bu,TR,,O,104,74
post_005_104,1,67,programa,TR,,O,104,75
post_005_104,1,68,uygun,TR,,O,104,76
post_005_104,1,69,bir,TR,,O,104,77
post_005_104,1,70,plan,TR,,O,104,78
post_005_104,1,71,isteyin,TR,,O,104,79
post_005_104,1,72,ve,TR,,O,104,80
post_005_104,1,73,uygulayin,TR,,O,104,81
post_005_104,1,74,güne,TR,,O,104,84
post_005_104,1,75,kendinizi,TR,,O,104,85
post_005_104,1,76,sıkmayın,TR,,O,104,86
post_005_104,1,77,gerektiginde,TR,,O,104,88
post_005_104,1,78,off,EN,,O,104,89
post_005_104,1,79,günlerin,TR,,O,104,90
post_005_104,1,80,sayisini,TR,,O,104,91
post_005_104,1,81,artırın,TR,,O,104,92
post_005_104,1,82,ve,TR,,O,104,93
post_005_104,1,83,sabırlı,TR,,O,104,94
post_005_104,1,84,"olun,",TR,,O,104,95
post_005_104,1,85,ayrıca,TR,,O,104,96
post_005_104,1,86,chatgpt,NE,,O,104,97
post_005_104,1,87,den,TR,,O,104,98
post_005_104,1,88,bu,TR,,O,104,99
post_005_104,1,89,planı,TR,,O,104,100
post_005_104,1,90,"aldiginizda,",TR,,O,104,101
post_005_104,1,91,bu,TR,,O,104,102
post_005_104,1,92,plana,TR,,O,104,103
post_005_104,1,93,uygun,TR,,O,104,104
post_005_104,1,94,takviye,TR,,O,104,105
post_005_104,1,95,planını,TR,,O,104,106
post_005_104,1,96,da,TR,,O,104,107
post_005_104,1,97,"isteyin,",TR,,O,104,108
post_005_104,1,98,ayda,TR,,O,104,110
post_005_104,1,99,cok,TR,,O,104,111
post_005_104,1,100,iyi,TR,,O,104,112
post_005_104,1,101,bir,TR,,O,104,113
post_005_104,1,102,hale,TR,,O,104,114
post_005_104,1,103,gelirsiniz,TR,,O,104,115
post_005_104,1,104,hareketlerin,TR,,O,104,117
post_005_104,1,105,videolarını,TR,,O,104,118
post_005_104,1,106,youtube,NE,,O,104,119
post_005_104,1,107,dan,TR,,O,104,120
post_005_104,1,108,izleyin,TR,,O,104,121
post_005_104,1,109,ve,TR,,O,104,122
post_005_104,1,110,"yapin,",TR,,O,104,123
post_005_104,1,111,kendi,TR,,O,104,124
post_005_104,1,112,kendinizin,TR,,O,104,125
post_005_104,1,113,hocasi,TR,,O,104,126
post_005_104,1,114,olmadan,TR,,O,104,127
post_005_104,1,115,bu,TR,,O,104,128
post_005_104,1,116,işte,TR,,O,104,129
post_005_104,1,117,gelişim,TR,,O,104,130
post_005_104,1,118,yok,TR,,O,104,131
post_006_105,1,0,connecting,EN,,O,105,0
post_006_105,1,1,people,EN,,O,105,1
post_006_105,1,2,sloganını,TR,,O,105,2
post_006_105,1,3,derhal,TR,,O,105,3
post_006_105,1,4,nokiadan,TR,,O,105,4
post_006_105,1,5,alması,TR,,O,105,5
post_006_105,1,6,gereken,TR,,O,105,6
post_006_105,1,7,site,TR,,O,105,7
post_007_106,1,0,my,EN,,O,106,0
post_007_106,1,1,name,EN,,O,106,1
post_007_106,1,2,is,EN,,O,106,2
post_007_106,1,3,earl,EN,,O,106,3
post_007_106,1,4,de,TR,,O,106,4
post_007_106,1,5,gelse,TR,,O,106,5
post_007_106,1,6,bir,TR,,O,106,6
post_007_106,1,7,email,TR,,O,106,7
post_007_106,1,8,daha,TR,,O,106,8
post_007_106,1,9,alıp,TR,,O,106,9
post_007_106,1,10,ikinci,TR,,O,106,10
post_007_106,1,11,üyeliğimi,TR,,O,106,11
post_007_106,1,12,başlatırım,TR,,O,106,12
post_008_107,1,0,son,TR,,O,107,0
post_008_107,1,1,moda,TR,,O,107,1
post_008_107,1,2,keriz,TR,,O,107,2
post_008_107,1,3,silkeleme,TR,,O,107,3
post_008_107,1,4,balonudur,TR,,O,107,4
post_008_107,1,5,(bkz:,TR,,O,107,5
post_008_107,1,6,pyramid,EN,,O,107,6
post_008_107,1,7,scheme),EN,,O,107,7
post_008_107,1,8,south,NE,,B-TITLE,107,8
post_008_107,1,9,park'ta,NE,MIXED,I-TITLE,107,9
post_008_107,1,10,da,TR,,O,107,10
post_008_107,1,11,covid,EN,,O,107,11
post_008_107,1,12,özel,TR,,O,107,12
post_008_107,1,13,bölümde,TR,,O,107,13
post_008_107,1,14,güzel,TR,,O,107,14
post_008_107,1,15,taşak,TR,,O,107,15
post_008_107,1,16,geçmişler,TR,,O,107,16
post_008_107,1,17,bunlarla,TR,,O,107,17
post_009_108,1,0,herşeyde,TR,,O,108,0
post_009_108,1,1,olduğu,TR,,O,108,1
post_009_108,1,2,gibi,TR,,O,108,2
post_009_108,1,3,fırsat,TR,,O,108,3
post_009_108,1,4,yakalamak,TR,,O,108,4
post_009_108,1,5,önemli,TR,,O,108,5
post_009_108,1,6,çok,TR,,O,108,6
post_009_108,1,7,doğru,TR,,O,108,7
post_009_108,1,8,şekilde,TR,,O,108,8
post_009_108,1,9,ufak,TR,,O,108,9
post_009_108,1,10,blog,TR,,O,108,10
post_009_108,1,11,yazıları,TR,,O,108,11
post_009_108,1,12,turetebiliyor,TR,,O,108,12
post_009_108,1,13,chatgpt,NE,,B-PROD,108,13
post_009_108,1,14,blogger,EN,,O,108,14
post_010_109,1,0,türk,TR,,O,109,0
post_010_109,1,1,nefretinin,TR,,O,109,1
post_010_109,1,2,bir,TR,,O,109,2
post_010_109,1,3,hayli,TR,,O,109,3
post_010_109,1,4,arttığı,TR,,O,109,4
post_010_109,1,5,ve,TR,,O,109,5
post_010_109,1,6,gerçekleri,TR,,O,109,6
post_010_109,1,7,yazdığınızda,TR,,O,109,7
post_010_109,1,8,seri,TR,,O,109,8
post_010_109,1,9,şekilde,TR,,O,109,9
post_010_109,1,10,eksilendiğiniz,TR,,O,109,10
post_010_109,1,11,sosyal,TR,,O,109,11
post_010_109,1,12,medya,TR,,O,109,12
post_010_109,1,13,sitesi,TR,,O,109,13
post_010_109,1,14,bu,TR,,O,109,15
post_010_109,1,15,mecrada,TR,,O,109,16
post_010_109,1,16,ülkesini,TR,,O,109,17
post_010_109,1,17,ve,TR,,O,109,18
post_010_109,1,18,doğrularını,TR,,O,109,19
post_010_109,1,19,savunan,TR,,O,109,20
post_010_109,1,20,birçok,TR,,O,109,21
post_010_109,1,21,türk,NE,,B-OTHER,109,22
post_010_109,1,22,var,TR,,O,109,23
post_010_109,1,23,ancak,TR,,O,109,24
post_010_109,1,24,o,TR,,O,109,25
post_010_109,1,25,kadar,TR,,O,109,26
post_010_109,1,26,azız,TR,,O,109,27
post_010_109,1,27,ki,TR,,O,109,28
post_010_109,1,28,post,EN,,O,109,29
post_010_109,1,29,atar,TR,,O,109,30
post_010_109,1,30,atmaz,TR,,O,109,31
post_010_109,1,31,eksileniyoruz,TR,,O,109,32
post_010_109,1,32,ve,TR,,O,109,33
post_010_109,1,33,yorumumuz,TR,,O,109,34
post_010_109,1,34,gözükmüyor,TR,,O,109,35
post_010_109,1,35,sadece,TR,,O,109,37
post_010_109,1,36,turkey'de,NE,MIXED,B-LOC,109,38
post_010_109,1,37,yazdıklarımız,TR,,O,109,39
post_010_109,1,38,ile,TR,,O,109,40
post_010_109,1,39,ulaşılması,TR,,O,109,41
post_010_109,1,40,gereken,TR,,O,109,42
post_010_109,1,41,kitleye,TR,,O,109,43
post_010_109,1,42,ulaşamıyoruz,TR,,O,109,44
post_010_109,1,43,belki,TR,,O,109,46
post_010_109,1,44,bir,TR,,O,109,47
post_010_109,1,45,telegram,NE,,B-PROD,109,48
post_010_109,1,46,grubu,TR,,O,109,49
post_010_109,1,47,ile,TR,,O,109,50
post_010_109,1,48,gerekli,TR,,O,109,51
post_010_109,1,49,görülen,TR,,O,109,52
post_010_109,1,50,postların,TR,,O,109,53
post_010_109,1,51,altında,TR,,O,109,54
post_010_109,1,52,ve,TR,,O,109,55
post_010_109,1,53,gerekli,TR,,O,109,56
post_010_109,1,54,subredditlerde,MIXED,MIXED,O,109,57
post_010_109,1,55,organize,TR,,O,109,58
post_010_109,1,56,şekilde,TR,,O,109,59
post_010_109,1,57,hareket,TR,,O,109,60
post_010_109,1,58,ederek,TR,,O,109,61
post_010_109,1,59,gerçekleri,TR,,O,109,62
post_010_109,1,60,"anlatıp,",TR,,O,109,63
post_010_109,1,61,batı'nın,TR,,O,109,64
post_010_109,1,62,propagandasını,TR,,O,109,65
post_010_109,1,63,kırabiliriz,TR,,O,109,66
post_010_109,1,64,yurtdışına,TR,,O,109,68
post_010_109,1,65,çıktığımda,TR,,O,109,69
post_010_109,1,66,gerizekalı,TR,,O,109,70
post_010_109,1,67,bir,TR,,O,109,71
post_010_109,1,68,avrupalının,TR,,O,109,72
post_010_109,1,69,ama,TR,,O,109,73
post_010_109,1,70,siz,TR,,O,109,74
post_010_109,1,71,kürtleri,TR,,O,109,75
post_010_109,1,72,öldürüyorsunuz,TR,,O,109,76
post_010_109,1,73,rererö,TR,,O,109,77
post_010_109,1,74,şeklinde,TR,,O,109,78
post_010_109,1,75,konuşmasını,TR,,O,109,79
post_010_109,1,76,istemiyorum,TR,,O,109,80
post_010_109,1,77,sosyal,TR,,O,109,82
post_010_109,1,78,"medya,",TR,,O,109,83
post_010_109,1,79,haber,TR,,O,109,84
post_010_109,1,80,medyasından,TR,,O,109,85
post_010_109,1,81,daha,TR,,O,109,86
post_010_109,1,82,güçlü,TR,,O,109,87
post_010_109,1,83,o,TR,,O,109,88
post_010_109,1,84,yüzden,TR,,O,109,89
post_010_109,1,85,bu,TR,,O,109,90
post_010_109,1,86,tarz,TR,,O,109,91
post_010_109,1,87,yerlerde,TR,,O,109,92
post_010_109,1,88,ülkemizi,TR,,O,109,93
post_010_109,1,89,savunmamız,TR,,O,109,94
post_010_109,1,90,bir,TR,,O,109,95
post_010_109,1,91,o,TR,,O,109,96
post_010_109,1,92,kadar,TR,,O,109,97
post_010_109,1,93,önemli,TR,,O,109,98
post_011_110,1,0,neden,TR,,O,110,0
post_011_110,1,1,minecraft,NE,,B-PROD,110,1
post_011_110,1,2,bu,TR,,O,110,3
post_011_110,1,3,"entry,",EN,,O,110,4
post_011_110,1,4,bu,TR,,O,110,5
post_011_110,1,5,oyunu,TR,,O,110,6
post_011_110,1,6,duymuş,TR,,O,110,7
post_011_110,1,7,"olan,",TR,,O,110,8
post_011_110,1,8,merak,TR,,O,110,9
post_011_110,1,9,"eden,",TR,,O,110,10
post_011_110,1,10,özellikle,TR,,O,110,11
post_011_110,1,11,de,TR,,O,110,12
post_011_110,1,12,"""ya",TR,,O,110,13
post_011_110,1,13,bu,TR,,O,110,14
post_011_110,1,14,oyun,TR,,O,110,15
post_011_110,1,15,ne,TR,,O,110,16
post_011_110,1,16,ki,TR,,O,110,17
post_011_110,1,17,ne,TR,,O,110,19
post_011_110,1,18,biçim,TR,,O,110,20
post_011_110,1,19,grafikler,TR,,O,110,21
post_011_110,1,20,olayı,TR,,O,110,23
post_011_110,1,21,ne,TR,,O,110,24
post_011_110,1,22,neden,TR,,O,110,26
post_011_110,1,23,bu,TR,,O,110,27
post_011_110,1,24,kadar,TR,,O,110,28
post_011_110,1,25,"popüler?""",TR,,O,110,29
post_011_110,1,26,diye,TR,,O,110,30
post_011_110,1,27,düşünen,TR,,O,110,31
post_011_110,1,28,büyük,TR,,O,110,32
post_011_110,1,29,kitle,TR,,O,110,33
post_011_110,1,30,için,TR,,O,110,34
post_011_110,1,31,uzun,TR,,O,110,36
post_011_110,1,32,süre,TR,,O,110,37
post_011_110,1,33,dayandıktan,TR,,O,110,38
post_011_110,1,34,"sonra,",TR,,O,110,39
post_011_110,1,35,merakıma,TR,,O,110,40
post_011_110,1,36,yenilip,TR,,O,110,41
post_011_110,1,37,ben,TR,,O,110,42
post_011_110,1,38,de,TR,,O,110,43
post_011_110,1,39,başladım,TR,,O,110,44
post_011_110,1,40,bu,TR,,O,110,45
post_011_110,1,41,oyuna,TR,,O,110,46
post_011_110,1,42,ilk,TR,,O,110,48
post_011_110,1,43,başta,TR,,O,110,49
post_011_110,1,44,grafiklerin,TR,,O,110,50
post_011_110,1,45,getirdiği,TR,,O,110,51
post_011_110,1,46,"önyargı,",TR,,O,110,52
post_011_110,1,47,oyunun,TR,,O,110,53
post_011_110,1,48,oynanabilirliği,TR,,O,110,54
post_011_110,1,49,ve,TR,,O,110,55
post_011_110,1,50,merakla,TR,,O,110,56
post_011_110,1,51,kolayca,TR,,O,110,57
post_011_110,1,52,yenilebiliyor,TR,,O,110,58
post_011_110,1,53,önce,TR,,O,110,60
post_011_110,1,54,ağaç,TR,,O,110,61
post_011_110,1,55,yumruklayıp,TR,,O,110,62
post_011_110,1,56,odun,TR,,O,110,63
post_011_110,1,57,elde,TR,,O,110,64
post_011_110,1,58,etmekle,TR,,O,110,65
post_011_110,1,59,"başlayan,",TR,,O,110,66
post_011_110,1,60,sonra,TR,,O,110,67
post_011_110,1,61,panik,TR,,O,110,68
post_011_110,1,62,içinde,TR,,O,110,69
post_011_110,1,63,akşam,TR,,O,110,70
post_011_110,1,64,olacak,TR,,O,110,71
post_011_110,1,65,korkusundan,TR,,O,110,72
post_011_110,1,66,"kayalara,",TR,,O,110,73
post_011_110,1,67,toplamış,TR,,O,110,74
post_011_110,1,68,olduğunuz,TR,,O,110,75
post_011_110,1,69,odunlarla,TR,,O,110,76
post_011_110,1,70,yaptığınız,TR,,O,110,77
post_011_110,1,71,kazmayla,TR,,O,110,78
post_011_110,1,72,saldırmanızla,TR,,O,110,79
post_011_110,1,73,devam,TR,,O,110,80
post_011_110,1,74,ediyor,TR,,O,110,81
post_011_110,1,75,neden,TR,,O,110,83
post_011_110,1,76,mi,TR,,O,110,84
post_011_110,1,77,panik,TR,,O,110,85
post_011_110,1,78,akşam,TR,,O,110,87
post_011_110,1,79,olunca,TR,,O,110,88
post_011_110,1,80,ortaya,TR,,O,110,89
post_011_110,1,81,çıkan,TR,,O,110,90
post_011_110,1,82,bilimum,TR,,O,110,91
post_011_110,1,83,yaratıktan,TR,,O,110,92
post_011_110,1,84,"zombiler,",TR,,O,110,93
post_011_110,1,85,"iskeletler,",TR,,O,110,94
post_011_110,1,86,zıplayan,TR,,O,110,95
post_011_110,1,87,örümcekler,TR,,O,110,96
post_011_110,1,88,vs,TR,,O,110,97
post_011_110,1,89,korunmanız,TR,,O,110,98
post_011_110,1,90,"gerekiyor,",TR,,O,110,99
post_011_110,1,91,en,TR,,O,110,100
post_011_110,1,92,azından,TR,,O,110,101
post_011_110,1,93,oyunun,TR,,O,110,102
post_011_110,1,94,başında,TR,,O,110,103
post_011_110,1,95,oyunun,TR,,O,110,105
post_011_110,1,96,konsepti,TR,,O,110,106
post_011_110,1,97,aslında,TR,,O,110,107
post_011_110,1,98,çok,TR,,O,110,108
post_011_110,1,99,basit,TR,,O,110,109
post_011_110,1,100,çok,TR,,O,110,110
post_011_110,1,101,sade,TR,,O,110,111
post_011_110,1,102,çekiciğinin,TR,,O,110,113
post_011_110,1,103,büyük,TR,,O,110,114
post_011_110,1,104,kısmı,TR,,O,110,115
post_011_110,1,105,da,TR,,O,110,116
post_011_110,1,106,buradan,TR,,O,110,117
post_011_110,1,107,geliyor,TR,,O,110,118
post_011_110,1,108,zaten,TR,,O,110,119
post_011_110,1,109,hem,TR,,O,110,121
post_011_110,1,110,bu,TR,,O,110,122
post_011_110,1,111,kadar,TR,,O,110,123
post_011_110,1,112,sade,TR,,O,110,124
post_011_110,1,113,olup,TR,,O,110,125
post_011_110,1,114,hem,TR,,O,110,126
post_011_110,1,115,de,TR,,O,110,127
post_011_110,1,116,yaratıcılığa,TR,,O,110,128
post_011_110,1,117,sonsuz,TR,,O,110,129
post_011_110,1,118,fırsat,TR,,O,110,130
post_011_110,1,119,tanıması,TR,,O,110,131
post_011_110,1,120,etraftan,TR,,O,110,133
post_011_110,1,121,malzeme,TR,,O,110,134
post_011_110,1,122,toplayıp,TR,,O,110,135
post_011_110,1,123,kaya,TR,,O,110,136
post_011_110,1,124,odun,TR,,O,110,137
post_011_110,1,125,kömür,TR,,O,110,138
post_011_110,1,126,su,TR,,O,110,139
post_011_110,1,127,lav,TR,,O,110,140
post_011_110,1,128,kum,TR,,O,110,141
post_011_110,1,129,vs,TR,,O,110,142
post_011_110,1,130,bunlarla,TR,,O,110,143
post_011_110,1,131,farklı,TR,,O,110,144
post_011_110,1,132,eşyalar,TR,,O,110,145
post_011_110,1,133,aletler,TR,,O,110,146
post_011_110,1,134,ve,TR,,O,110,147
post_011_110,1,135,bilimum,TR,,O,110,148
post_011_110,1,136,şeyler,TR,,O,110,149
post_011_110,1,137,yapıyorsunuz,TR,,O,110,150
post_011_110,1,138,uğur,NE,,B-PER,110,152
post_011_110,1,139,gürsoy'un,NE,MIXED,I-PER,110,153
post_011_110,1,140,fırat,NE,,B-PER,110,154
post_011_110,1,141,karakteri,TR,,O,110,155
post_011_110,1,142,gibi,TR,,O,110,156
post_011_110,1,143,ne,TR,,O,110,157
post_011_110,1,144,bulsanız,TR,,O,110,158
post_011_110,1,145,"""bununla",TR,,O,110,159
post_011_110,1,146,bişi,TR,,O,110,160
post_011_110,1,147,yaparım,TR,,O,110,161
post_011_110,1,148,ki,TR,,O,110,162
post_011_110,1,149,"ben!""",TR,,O,110,163
post_011_110,1,150,diye,TR,,O,110,164
post_011_110,1,151,saklayıp,TR,,O,110,165
post_011_110,1,152,hakkaten,TR,,O,110,166
post_011_110,1,153,de,TR,,O,110,167
post_011_110,1,154,bir,TR,,O,110,168
post_011_110,1,155,şeyler,TR,,O,110,169
post_011_110,1,156,yapıyorsunuz,TR,,O,110,170
post_011_110,1,157,kısa,TR,,O,110,171
post_011_110,1,158,bir,TR,,O,110,172
post_011_110,1,159,youtube,NE,,B-PROD,110,173
post_011_110,1,160,araştırmasından,TR,,O,110,174
post_011_110,1,161,sonra,TR,,O,110,175
post_011_110,1,162,insanların,TR,,O,110,176
post_011_110,1,163,ne,TR,,O,110,177
post_011_110,1,164,kadar,TR,,O,110,178
post_011_110,1,165,yaratıcı,TR,,O,110,179
post_011_110,1,166,olabileceğini,TR,,O,110,180
post_011_110,1,167,neler,TR,,O,110,181
post_011_110,1,168,yaptığını,TR,,O,110,182
post_011_110,1,169,görüp,TR,,O,110,183
post_011_110,1,170,özenip,TR,,O,110,184
post_011_110,1,171,gaza,TR,,O,110,185
post_011_110,1,172,gelebilirsiniz,TR,,O,110,186
post_011_110,1,173,ya,TR,,O,110,188
post_011_110,1,174,da,TR,,O,110,189
post_011_110,1,175,"""bunlar",TR,,O,110,190
post_011_110,1,176,kafayı,TR,,O,110,191
post_011_110,1,177,çizmişler,TR,,O,110,192
post_011_110,1,178,abi,TR,,O,110,193
post_011_110,1,179,işim,TR,,O,110,194
post_011_110,1,180,"olmaz""",TR,,O,110,195
post_011_110,1,181,deyip,TR,,O,110,196
post_011_110,1,182,oyunda,TR,,O,110,197
post_011_110,1,183,usulca,TR,,O,110,198
post_011_110,1,184,ağaç,TR,,O,110,199
post_011_110,1,185,yumruklamaya,TR,,O,110,200
post_011_110,1,186,devam,TR,,O,110,201
post_011_110,1,187,edebilirsiniz,TR,,O,110,202
post_011_110,1,188,özetle,TR,,O,110,204
post_011_110,1,189,eski,TR,,O,110,205
post_011_110,1,190,stil,TR,,O,110,206
post_011_110,1,191,adventure,EN,,O,110,207
post_011_110,1,192,oyunlarının,TR,,O,110,208
post_011_110,1,193,her,TR,,O,110,209
post_011_110,1,194,yerden,TR,,O,110,210
post_011_110,1,195,bir,TR,,O,110,211
post_011_110,1,196,şeyler,TR,,O,110,212
post_011_110,1,197,toplama,TR,,O,110,213
post_011_110,1,198,ve,TR,,O,110,214
post_011_110,1,199,sonrasında,TR,,O,110,215
post_011_110,1,200,bunları,TR,,O,110,216
post_011_110,1,201,kullanma,TR,,O,110,217
post_011_110,1,202,"özelliği,",TR,,O,110,218
post_011_110,1,203,"3d,",EN,,O,110,219
post_011_110,1,204,rastgele,TR,,O,110,220
post_011_110,1,205,yaratılan,TR,,O,110,221
post_011_110,1,206,ve,TR,,O,110,222
post_011_110,1,207,kendini,TR,,O,110,223
post_011_110,1,208,sürekli,TR,,O,110,224
post_011_110,1,209,güncelleyen,TR,,O,110,225
post_011_110,1,210,ortamda,TR,,O,110,226
post_011_110,1,211,dolaşmanın,TR,,O,110,227
post_011_110,1,212,keyfine,TR,,O,110,228
post_011_110,1,213,bir,TR,,O,110,229
post_011_110,1,214,de,TR,,O,110,230
post_011_110,1,215,multiplayer,EN,,O,110,231
post_011_110,1,216,özelliği,TR,,O,110,232
post_011_110,1,217,"eklenince,",TR,,O,110,233
post_011_110,1,218,gayet,TR,,O,110,234
post_011_110,1,219,keyifli,TR,,O,110,235
post_011_110,1,220,bir,TR,,O,110,236
post_011_110,1,221,oyun,TR,,O,110,237
post_011_110,1,222,olmuş,TR,,O,110,238
post_011_110,1,223,durumunda,TR,,O,110,239
post_011_110,1,224,her,TR,,O,110,241
post_011_110,1,225,cuma,TR,,O,110,242
post_011_110,1,226,güncellenen,TR,,O,110,243
post_011_110,1,227,bu,TR,,O,110,244
post_011_110,1,228,oyunun,TR,,O,110,245
post_011_110,1,229,yaratıcısını,TR,,O,110,246
post_011_110,1,230,takip,TR,,O,110,247
post_011_110,1,231,etmek,TR,,O,110,248
post_011_110,1,232,isterseniz,TR,,O,110,249
post_011_110,1,233,(neler,TR,,O,110,250
post_011_110,1,234,yapıldığını,TR,,O,110,251
post_011_110,1,235,veya,TR,,O,110,252
post_011_110,1,236,yapılacağını,TR,,O,110,253
post_011_110,1,237,takip,TR,,O,110,254
post_011_110,1,238,etmek,TR,,O,110,255
post_011_110,1,239,için,TR,,O,110,256
post_011_110,1,240,de,TR,,O,110,257
post_011_110,1,241,güzel,TR,,O,110,258
post_011_110,1,242,bir,TR,,O,110,259
post_011_110,1,243,kaynak),TR,,O,110,260
post_011_110,1,244,markus,NE,,B-PER,110,262
post_011_110,1,245,persson'un,NE,MIXED,I-PER,110,263
post_011_110,1,246,twitter'ına,NE,MIXED,B-PROD,110,264
post_011_110,1,247,sizi,TR,,O,110,265
post_011_110,1,248,yönlendirebilirim:,TR,,O,110,266
post_011_110,1,249,oyunu,TR,,O,110,272
post_011_110,1,250,satın,TR,,O,110,273
post_011_110,1,251,almadan,TR,,O,110,274
post_011_110,1,252,oyunla,TR,,O,110,275
post_011_110,1,253,ilgili,TR,,O,110,276
post_011_110,1,254,fikir,TR,,O,110,277
post_011_110,1,255,edinmek,TR,,O,110,278
post_011_110,1,256,için,TR,,O,110,279
post_011_110,1,257,de,TR,,O,110,280
post_011_110,1,258,parasız,TR,,O,110,281
post_011_110,1,259,ama,TR,,O,110,282
post_011_110,1,260,güncellenmeyen),TR,,O,110,283
post_011_110,1,261,klasik,TR,,O,110,284
post_011_110,1,262,versiyonunu,TR,,O,110,285
post_011_110,1,263,"oynayabileceğiniz,",TR,,O,110,286
post_011_110,1,264,isterseniz,TR,,O,110,287
post_011_110,1,265,de,TR,,O,110,288
post_011_110,1,266,satın,TR,,O,110,289
post_011_110,1,267,alabileceğiniz,TR,,O,110,290
post_011_110,1,268,adres,TR,,O,110,291
post_011_110,1,269,ve,TR,,O,110,295
post_011_110,1,270,"tabii,",TR,,O,110,296
post_011_110,1,271,minecraft'in,TR,,O,110,297
post_011_110,1,272,olmazsa,TR,,O,110,298
post_011_110,1,273,olmazı,TR,,O,110,299
post_011_110,1,274,minecraft,NE,,B-PROD,110,300
post_011_110,1,275,wiki,TR,,O,110,301
post_011_110,1,276,iyi,TR,,O,110,305
post_011_110,1,277,oyunlar,TR,,O,110,306
post_012_111,1,0,türkiye'de,TR,,O,111,0
post_012_111,1,1,giderek,TR,,O,111,1
post_012_111,1,2,kullanımı,TR,,O,111,2
post_012_111,1,3,artan,TR,,O,111,3
post_012_111,1,4,gibi,TR,,O,111,5
post_012_111,1,5,bir,TR,,O,111,6
post_012_111,1,6,cv,TR,,O,111,7
post_012_111,1,7,çöplüğüne,TR,,O,111,8
post_012_111,1,8,göre,TR,,O,111,9
post_012_111,1,9,mükemmel,TR,,O,111,10
post_012_111,1,10,site,TR,,O,111,11
post_012_111,1,11,özellikle,TR,,O,111,13
post_012_111,1,12,headhunter'lar,MIXED,MIXED,O,111,14
post_012_111,1,13,çok,TR,,O,111,15
post_012_111,1,14,kullanır,TR,,O,111,16
post_012_111,1,15,iyice,TR,,O,111,18
post_012_111,1,16,bir,TR,,O,111,19
post_012_111,1,17,networkünüze,MIXED,MIXED,O,111,20
post_012_111,1,18,bakarlar,TR,,O,111,21
post_012_111,1,19,oradaki,TR,,O,111,22
post_012_111,1,20,connection'larınızı,MIXED,MIXED,O,111,23
post_012_111,1,21,incelerler,TR,,O,111,24
post_012_111,1,22,falan,TR,,O,111,25
post_012_111,1,23,sonunda,TR,,O,111,27
post_012_111,1,24,da,TR,,O,111,28
post_012_111,1,25,beğenirler,TR,,O,111,29
post_012_111,1,26,ve,TR,,O,111,30
post_012_111,1,27,size,TR,,O,111,31
post_012_111,1,28,oltayı,TR,,O,111,32
post_012_111,1,29,atarlar,TR,,O,111,33
post_012_111,1,30,eğer,TR,,O,111,34
post_012_111,1,31,gözleri,TR,,O,111,35
post_012_111,1,32,tutarsa,TR,,O,111,36
post_012_111,1,33,geçen,TR,,O,111,38
post_012_111,1,34,ay,TR,,O,111,39
post_012_111,1,35,bana,TR,,O,111,40
post_012_111,1,36,denk,TR,,O,111,41
post_012_111,1,37,geldi,TR,,O,111,42
post_012_111,1,38,bir,TR,,O,111,43
post_012_111,1,39,tanesi,TR,,O,111,44
post_012_111,1,40,yurtdışına,TR,,O,111,45
post_012_111,1,41,bir,TR,,O,111,46
post_012_111,1,42,proje,TR,,O,111,47
post_012_111,1,43,için,TR,,O,111,48
post_012_111,1,44,ve,TR,,O,111,49
post_012_111,1,45,gerçekten,TR,,O,111,50
post_012_111,1,46,de,TR,,O,111,51
post_012_111,1,47,çok,TR,,O,111,52
post_012_111,1,48,iyi,TR,,O,111,53
post_012_111,1,49,bir,TR,,O,111,54
post_012_111,1,50,iş,TR,,O,111,55
post_012_111,1,51,teklifi,TR,,O,111,56
post_012_111,1,52,ile,TR,,O,111,57
post_012_111,1,53,geldi,TR,,O,111,58
post_012_111,1,54,bakalım,TR,,O,111,60
post_012_111,1,55,nolacak,TR,,O,111,61
post_013_112,1,0,şu,TR,,O,112,0
post_013_112,1,1,an,TR,,O,112,1
post_013_112,1,2,için,TR,,O,112,2
post_013_112,1,3,ingilizce-->,TR,,B-OTHER,112,3
post_013_112,1,4,türkçe,TR,,B-OTHER,112,4
post_013_112,1,5,çeviri,TR,,O,112,5
post_013_112,1,6,performansı,TR,,O,112,6
post_013_112,1,7,google,NE,,B-PROD,112,7
post_013_112,1,8,translate'in,NE,MIXED,I-PROD,112,8
post_013_112,1,9,çıktığı,TR,,O,112,9
post_013_112,1,10,ilk,TR,,O,112,10
post_013_112,1,11,senede,TR,,O,112,11
post_013_112,1,12,ortaya,TR,,O,112,12
post_013_112,1,13,koyduğu,TR,,O,112,13
post_013_112,1,14,performanstan,TR,,O,112,14
post_013_112,1,15,daha,TR,,O,112,15
post_013_112,1,16,kötü,TR,,O,112,16
post_013_112,1,17,veya,TR,,O,112,17
post_013_112,1,18,doğru,TR,,O,112,18
post_013_112,1,19,düzgün,TR,,O,112,19
post_013_112,1,20,çeviri,TR,,O,112,20
post_013_112,1,21,yaptırmak,TR,,O,112,21
post_013_112,1,22,için,TR,,O,112,22
post_013_112,1,23,özel,TR,,O,112,23
post_013_112,1,24,komutlar,TR,,O,112,24
post_013_112,1,25,vermek,TR,,O,112,25
post_013_112,1,26,gerekiyor,TR,,O,112,26
post_013_112,1,27,bilemedim,TR,,O,112,27
post_013_112,1,28,çeviri,TR,,O,112,29
post_013_112,1,29,konusunda,TR,,O,112,30
post_013_112,1,30,kesinlikle,TR,,O,112,31
post_013_112,1,31,güvenmeyiniz,TR,,O,112,32
post_013_112,1,32,çeviri,TR,,O,112,34
post_013_112,1,33,bir,TR,,O,112,35
post_013_112,1,34,yana,TR,,O,112,36
post_013_112,1,35,genel,TR,,O,112,37
post_013_112,1,36,olarak,TR,,O,112,38
post_013_112,1,37,türkçesi,NE,,B-OTHER,112,39
post_013_112,1,38,çok,TR,,O,112,40
post_013_112,1,39,yetersiz,TR,,O,112,41
post_013_112,1,40,düzeyde,TR,,O,112,42
post_013_112,1,41,anlamadığı,TR,,O,112,44
post_013_112,1,42,şeyi,TR,,O,112,45
post_013_112,1,43,de,TR,,O,112,46
post_013_112,1,44,anlamadım,TR,,O,112,47
post_013_112,1,45,demiyor,TR,,O,112,48
post_013_112,1,46,pek,TR,,O,112,49
post_013_112,1,47,güzel,TR,,O,112,50
post_013_112,1,48,sallıyor,TR,,O,112,51
post_013_112,1,49,türkçe,NE,,B-OTHER,112,53
post_013_112,1,50,ödev,TR,,O,112,54
post_013_112,1,51,yazdırmaya,TR,,O,112,55
post_013_112,1,52,filan,TR,,O,112,56
post_013_112,1,53,kalkmayın,TR,,O,112,57
post_013_112,1,54,dalga,TR,,O,112,58
post_013_112,1,55,konusu,TR,,O,112,59
post_013_112,1,56,olursunuz,TR,,O,112,60
post_013_112,1,57,başkaları,TR,,O,112,62
post_013_112,1,58,bazı,TR,,O,112,63
post_013_112,1,59,örnekler,TR,,O,112,64
post_013_112,1,60,vermiş,TR,,O,112,65
post_013_112,1,61,ama,TR,,O,112,66
post_013_112,1,62,verdikleri,TR,,O,112,67
post_013_112,1,63,cümle,TR,,O,112,68
post_013_112,1,64,örnekleri,TR,,O,112,69
post_013_112,1,65,çok,TR,,O,112,70
post_013_112,1,66,basit,TR,,O,112,71
post_013_112,1,67,yapılar,TR,,O,112,72
post_013_112,1,68,iki,TR,,O,112,74
post_013_112,1,69,katmanlı,TR,,O,112,75
post_013_112,1,70,bir,TR,,O,112,76
post_013_112,1,71,cümle,TR,,O,112,77
post_013_112,1,72,verdiğinizde,TR,,O,112,78
post_013_112,1,73,doğrudan,TR,,O,112,79
post_013_112,1,74,terimleri,TR,,O,112,80
post_013_112,1,75,atmaya,TR,,O,112,81
post_013_112,1,76,abuk,TR,,O,112,82
post_013_112,1,77,subuk,TR,,O,112,83
post_013_112,1,78,çeviriler,TR,,O,112,84
post_013_112,1,79,yapmaya,TR,,O,112,85
post_013_112,1,80,başlıyor,TR,,O,112,86
post_013_112,1,81,ingilizce,NE,,B-OTHER,112,88
post_013_112,1,82,düzeltme,TR,,O,112,89
post_013_112,1,83,konusunda,TR,,O,112,90
post_013_112,1,84,da,TR,,O,112,91
post_013_112,1,85,örnekler,TR,,O,112,92
post_013_112,1,86,verilmiş,TR,,O,112,93
post_013_112,1,87,ama,TR,,O,112,94
post_013_112,1,88,yine,TR,,O,112,95
post_013_112,1,89,çok,TR,,O,112,96
post_013_112,1,90,basit,TR,,O,112,97
post_013_112,1,91,cümle,TR,,O,112,98
post_013_112,1,92,yapıları,TR,,O,112,99
post_013_112,1,93,söz,TR,,O,112,100
post_013_112,1,94,konusu,TR,,O,112,101
post_013_112,1,95,karmaşık,TR,,O,112,103
post_013_112,1,96,metinlerle,TR,,O,112,104
post_013_112,1,97,denemeler,TR,,O,112,105
post_013_112,1,98,yapan,TR,,O,112,106
post_013_112,1,99,varsa,TR,,O,112,107
post_013_112,1,100,böyle,TR,,O,112,108
post_013_112,1,101,denemelere,TR,,O,112,109
post_013_112,1,102,denk,TR,,O,112,110
post_013_112,1,103,gelen,TR,,O,112,111
post_013_112,1,104,varsa,TR,,O,112,112
post_013_112,1,105,paylaşsın,TR,,O,112,113
post_013_112,1,106,beleş,TR,,O,112,115
post_013_112,1,107,grammarly,NE,,B-PROD,112,116
post_013_112,1,108,olur,TR,,O,112,117
post_013_112,1,109,o,TR,,O,112,118
post_013_112,1,110,zaman,TR,,O,112,119
post_013_112,1,111,onun,TR,,O,112,121
post_013_112,1,112,dışında,TR,,O,112,122
post_013_112,1,113,yazılım,TR,,O,112,123
post_013_112,1,114,tarafını,TR,,O,112,124
post_013_112,1,115,bilemeyeceğim,TR,,O,112,125
post_013_112,1,116,ama,TR,,O,112,126
post_013_112,1,117,metinsel,TR,,O,112,127
post_013_112,1,118,içerik,TR,,O,112,128
post_013_112,1,119,üretimi,TR,,O,112,129
post_013_112,1,120,eğitim,TR,,O,112,131
post_013_112,1,121,bilimleri,TR,,O,112,132
post_013_112,1,122,alanlarında,TR,,O,112,133
post_013_112,1,123,epey,TR,,O,112,134
post_013_112,1,124,şeyi,TR,,O,112,135
post_013_112,1,125,değiştirecek,TR,,O,112,136
post_013_112,1,126,gibi,TR,,O,112,137
post_013_112,1,127,duruyor,TR,,O,112,138
post_013_112,1,128,burada,TR,,O,112,140
post_013_112,1,129,birçok,TR,,O,112,141
post_013_112,1,130,örneği,TR,,O,112,142
post_013_112,1,131,verilmiş,TR,,O,112,143
post_013_112,1,132,ama,TR,,O,112,144
post_013_112,1,133,ben,TR,,O,112,145
post_013_112,1,134,de,TR,,O,112,146
post_013_112,1,135,vereyim,TR,,O,112,147
post_013_112,1,136,patent,TR,,O,112,149
post_013_112,1,137,yazım,TR,,O,112,150
post_013_112,1,138,diline,TR,,O,112,151
post_013_112,1,139,uygun,TR,,O,112,152
post_013_112,1,140,bir,TR,,O,112,153
post_013_112,1,141,tarzda,TR,,O,112,154
post_013_112,1,142,patent,TR,,O,112,155
post_013_112,1,143,yazdırabiliyorsunuz,TR,,O,112,156
post_013_112,1,144,ben,TR,,O,112,158
post_013_112,1,145,sadece,TR,,O,112,159
post_013_112,1,146,genel,TR,,O,112,160
post_013_112,1,147,konu,TR,,O,112,161
post_013_112,1,148,örnekleri,TR,,O,112,162
post_013_112,1,149,vererek,TR,,O,112,163
post_013_112,1,150,denedim,TR,,O,112,164
post_013_112,1,151,ve,TR,,O,112,165
post_013_112,1,152,sıfırdan,TR,,O,112,166
post_013_112,1,153,kafadan,TR,,O,112,167
post_013_112,1,154,sallama,TR,,O,112,168
post_013_112,1,155,patent,TR,,O,112,169
post_013_112,1,156,metinleri,TR,,O,112,170
post_013_112,1,157,çıkardı,TR,,O,112,171
post_013_112,1,158,biri,TR,,O,112,173
post_013_112,1,159,mesela,TR,,O,112,174
post_013_112,1,160,buluşun,TR,,O,112,175
post_013_112,1,161,özelliklerini,TR,,O,112,176
post_013_112,1,162,filan,TR,,O,112,177
post_013_112,1,163,parametre,TR,,O,112,178
post_013_112,1,164,olarak,TR,,O,112,179
post_013_112,1,165,yazarsa,TR,,O,112,180
post_013_112,1,166,ve,TR,,O,112,181
post_013_112,1,167,ilk,TR,,O,112,182
post_013_112,1,168,çıkan,TR,,O,112,183
post_013_112,1,169,taslak,TR,,O,112,184
post_013_112,1,170,üzerinden,TR,,O,112,185
post_013_112,1,171,chat,EN,,O,112,186
post_013_112,1,172,yoluyla,TR,,O,112,187
post_013_112,1,173,iyileştirme,TR,,O,112,188
post_013_112,1,174,yaparsa,TR,,O,112,189
post_013_112,1,175,tüm,TR,,O,112,190
post_013_112,1,176,patent,TR,,O,112,191
post_013_112,1,177,tarifnamesini,TR,,O,112,192
post_013_112,1,178,ve,TR,,O,112,193
post_013_112,1,179,istemleri,TR,,O,112,194
post_013_112,1,180,buradan,TR,,O,112,195
post_013_112,1,181,yazdırabilir,TR,,O,112,196
post_013_112,1,182,saçmalığa,TR,,O,112,197
post_013_112,1,183,gel,TR,,O,112,198
post_013_112,1,184,edit,NE,,O,112,199
post_013_112,1,185,altı,TR,,O,112,200
post_013_112,1,186,bacaklı,TR,,O,112,201
post_013_112,1,187,bir,TR,,O,112,202
post_013_112,1,188,masa,TR,,O,112,203
post_013_112,1,189,yapımına,TR,,O,112,204
post_013_112,1,190,yönelik,TR,,O,112,205
post_013_112,1,191,bir,TR,,O,112,206
post_013_112,1,192,yöntemin,TR,,O,112,207
post_013_112,1,193,patent,TR,,O,112,208
post_013_112,1,194,başvurusunu,TR,,O,112,209
post_013_112,1,195,yaz,TR,,O,112,210
post_013_112,1,196,dedim,TR,,O,112,211
post_013_112,1,197,ama,TR,,O,112,212
post_013_112,1,198,şekspiryen,TR,,O,112,213
post_013_112,1,199,tarzda,TR,,O,112,214
post_013_112,1,200,olsun,TR,,O,112,215
post_013_112,1,201,diye,TR,,O,112,216
post_013_112,1,202,ekledim,TR,,O,112,217
post_013_112,1,203,yeminlen,TR,,O,112,218
post_013_112,1,204,hiç,TR,,O,112,219
post_013_112,1,205,bi,TR,,O,112,220
post_013_112,1,206,şeye,TR,,O,112,221
post_013_112,1,207,hayır,TR,,O,112,222
post_013_112,1,208,demiyor,TR,,O,112,223
post_013_112,1,209,pezevenk,TR,,O,112,224
post_013_112,1,210,her,TR,,O,112,225
post_013_112,1,211,şeye,TR,,O,112,226
post_013_112,1,212,bi,TR,,O,112,227
post_013_112,1,213,cevabı,TR,,O,112,228
post_013_112,1,214,var,TR,,O,112,229
post_013_112,1,215,hark,EN,,O,112,230
post_013_112,1,216,ye,EN,,O,112,231
post_013_112,1,217,all,EN,,O,112,232
post_013_112,1,218,for,EN,,O,112,233
post_013_112,1,219,we,EN,,O,112,234
post_013_112,1,220,ınventor's,EN,,O,112,235
post_013_112,1,221,name,EN,,O,112,236
post_013_112,1,222,do,EN,,O,112,237
post_013_112,1,223,declare,EN,,O,112,238
post_013_112,1,224,a,EN,,O,112,239
post_013_112,1,225,method,EN,,O,112,240
post_013_112,1,226,most,EN,,O,112,241
post_013_112,1,227,cunning,EN,,O,112,242
post_013_112,1,228,for,EN,,O,112,243
post_013_112,1,229,the,EN,,O,112,244
post_013_112,1,230,creation,EN,,O,112,245
post_013_112,1,231,of,EN,,O,112,246
post_013_112,1,232,tables,EN,,O,112,247
post_013_112,1,233,most,EN,,O,112,248
post_013_112,1,234,fair,EN,,O,112,249
post_013_112,1,235,with,EN,,O,112,251
post_013_112,1,236,six,EN,,O,112,252
post_013_112,1,237,sturdy,EN,,O,112,253
post_013_112,1,238,legs,EN,,O,112,254
post_013_112,1,239,strong,EN,,O,112,255
post_013_112,1,240,and,EN,,O,112,256
post_013_112,1,241,bold,EN,,O,112,257
post_013_112,1,242,these,EN,,O,112,258
post_013_112,1,243,tables,EN,,O,112,259
post_013_112,1,244,will,EN,,O,112,260
post_013_112,1,245,never,EN,,O,112,261
post_013_112,1,246,grow,EN,,O,112,262
post_013_112,1,247,old,EN,,O,112,263
post_013_112,1,248,to,EN,,O,112,265
post_013_112,1,249,"begin,",EN,,O,112,266
post_013_112,1,250,one,EN,,O,112,267
post_013_112,1,251,must,EN,,O,112,268
post_013_112,1,252,seek,EN,,O,112,269
post_013_112,1,253,out,EN,,O,112,270
post_013_112,1,254,the,EN,,O,112,271
post_013_112,1,255,finest,EN,,O,112,272
post_013_112,1,256,wood,EN,,O,112,273
post_013_112,1,257,and,EN,,O,112,274
post_013_112,1,258,craft,EN,,O,112,275
post_013_112,1,259,it,EN,,O,112,276
post_013_112,1,260,into,EN,,O,112,277
post_013_112,1,261,legs,EN,,O,112,278
post_013_112,1,262,strong,EN,,O,112,279
post_013_112,1,263,and,EN,,O,112,280
post_013_112,1,264,good,EN,,O,112,281
post_013_112,1,265,these,EN,,O,112,283
post_013_112,1,266,legs,EN,,O,112,284
post_013_112,1,267,should,EN,,O,112,285
post_013_112,1,268,then,EN,,O,112,286
post_013_112,1,269,be,EN,,O,112,287
post_013_112,1,270,smoothed,EN,,O,112,288
post_013_112,1,271,with,EN,,O,112,289
post_013_112,1,272,care,EN,,O,112,290
post_013_112,1,273,and,EN,,O,112,291
post_013_112,1,274,arranged,EN,,O,112,292
post_013_112,1,275,in,EN,,O,112,293
post_013_112,1,276,a,EN,,O,112,294
post_013_112,1,277,hexagonal,EN,,O,112,295
post_013_112,1,278,"form,",EN,,O,112,296
post_013_112,1,279,most,EN,,O,112,297
post_013_112,1,280,rare,EN,,O,112,298
post_013_112,1,281,"next,",EN,,O,112,300
post_013_112,1,282,the,EN,,O,112,301
post_013_112,1,283,legs,EN,,O,112,302
post_013_112,1,284,must,EN,,O,112,303
post_013_112,1,285,be,EN,,O,112,304
post_013_112,1,286,joined,EN,,O,112,305
post_013_112,1,287,to,EN,,O,112,306
post_013_112,1,288,the,EN,,O,112,307
post_013_112,1,289,table,EN,,O,112,308
post_013_112,1,290,top,EN,,O,112,309
post_013_112,1,291,with,EN,,O,112,310
post_013_112,1,292,adhesive,EN,,O,112,311
post_013_112,1,293,most,EN,,O,112,312
post_013_112,1,294,"strong,",EN,,O,112,313
post_013_112,1,295,and,EN,,O,112,314
post_013_112,1,296,screws,EN,,O,112,315
post_013_112,1,297,that,EN,,O,112,316
post_013_112,1,298,will,EN,,O,112,317
post_013_112,1,299,never,EN,,O,112,318
post_013_112,1,300,flop,EN,,O,112,319
post_013_112,1,301,and,EN,,O,112,321
post_013_112,1,302,when,EN,,O,112,322
post_013_112,1,303,the,EN,,O,112,323
post_013_112,1,304,table,EN,,O,112,324
post_013_112,1,305,is,EN,,O,112,325
post_013_112,1,306,thus,EN,,O,112,326
post_013_112,1,307,assembled,EN,,O,112,327
post_013_112,1,308,a,EN,,O,112,328
post_013_112,1,309,coat,EN,,O,112,329
post_013_112,1,310,of,EN,,O,112,330
post_013_112,1,311,varnish,EN,,O,112,331
post_013_112,1,312,should,EN,,O,112,332
post_013_112,1,313,be,EN,,O,112,333
post_013_112,1,314,"applied,",EN,,O,112,334
post_013_112,1,315,lest,EN,,O,112,335
post_013_112,1,316,it,EN,,O,112,336
post_013_112,1,317,be,EN,,O,112,337
post_013_112,1,318,disassembled,EN,,O,112,338
post_013_112,1,319,this,EN,,O,112,340
post_013_112,1,320,method,EN,,O,112,341
post_013_112,1,321,is,EN,,O,112,342
post_013_112,1,322,"new,",EN,,O,112,343
post_013_112,1,323,and,EN,,O,112,344
post_013_112,1,324,of,EN,,O,112,345
post_013_112,1,325,great,EN,,O,112,346
post_013_112,1,326,"utility,",EN,,O,112,347
post_013_112,1,327,and,EN,,O,112,348
post_013_112,1,328,we,EN,,O,112,349
post_013_112,1,329,do,EN,,O,112,350
post_013_112,1,330,hereby,EN,,O,112,351
post_013_112,1,331,claim,EN,,O,112,352
post_013_112,1,332,our,EN,,O,112,353
post_013_112,1,333,right,EN,,O,112,354
post_013_112,1,334,to,EN,,O,112,355
post_013_112,1,335,its,EN,,O,112,356
post_013_112,1,336,exclusivity,EN,,O,112,357
post_013_112,1,337,signed,EN,,O,112,359
post_013_112,1,338,and,EN,,O,112,360
post_013_112,1,339,dated,EN,,O,112,361
post_013_112,1,340,on,EN,,O,112,362
post_013_112,1,341,this,EN,,O,112,363
post_013_112,1,342,day,EN,,O,112,364
post_013_112,1,343,of,EN,,O,112,365
post_013_112,1,344,date,EN,,O,112,366
post_013_112,1,345,so,EN,,O,112,368
post_013_112,1,346,let,EN,,O,112,369
post_013_112,1,347,it,EN,,O,112,370
post_013_112,1,348,be,EN,,O,112,371
post_013_112,1,349,"known,",EN,,O,112,372
post_013_112,1,350,far,EN,,O,112,373
post_013_112,1,351,and,EN,,O,112,374
post_013_112,1,352,"wide,",EN,,O,112,375
post_013_112,1,353,that,EN,,O,112,376
post_013_112,1,354,we,EN,,O,112,377
post_013_112,1,355,are,EN,,O,112,378
post_013_112,1,356,the,EN,,O,112,379
post_013_112,1,357,inventors,EN,,O,112,380
post_013_112,1,358,of,EN,,O,112,381
post_013_112,1,359,this,EN,,O,112,382
post_013_112,1,360,"table,",EN,,O,112,383
post_013_112,1,361,with,EN,,O,112,384
post_013_112,1,362,legs,EN,,O,112,385
post_013_112,1,363,six,EN,,O,112,386
post_013_112,1,364,in,EN,,O,112,387
post_013_112,1,365,side,EN,,O,112,388
post_013_112,1,366,bkz,TR,,O,112,390
post_013_112,1,367,sabri,TR,,O,112,391
post_013_112,1,368,bey,TR,,O,112,392
post_013_112,1,369,ne,TR,,O,112,393
post_013_112,1,370,yapıyorsunuz,TR,,O,112,394
post_014_113,1,0,ocak,TR,,O,113,1
post_014_113,1,1,tarihinde,TR,,O,113,3
post_014_113,1,2,çalışanlarının,TR,,O,113,4
post_014_113,1,3,yüzde,TR,,O,113,5
post_014_113,1,4,35'ini,TR,,O,113,6
post_014_113,1,5,çıkararak,TR,,O,113,7
post_014_113,1,6,yeni,TR,,O,113,8
post_014_113,1,7,layoff,EN,,O,113,9
post_014_113,1,8,dalgasına,TR,,O,113,10
post_014_113,1,9,çok,TR,,O,113,11
post_014_113,1,10,hızlı,TR,,O,113,12
post_014_113,1,11,bir,TR,,O,113,13
post_014_113,1,12,giriş,TR,,O,113,14
post_014_113,1,13,yapan,TR,,O,113,15
post_014_113,1,14,şirket,TR,,O,113,16
post_014_113,1,15,amazon’s,NE,,B-ORG,113,18
post_014_113,1,16,twitch,NE,,B-ORG,113,19
post_014_113,1,17,to,EN,,O,113,20
post_014_113,1,18,cut,EN,,O,113,21
post_014_113,1,19,"employees,",EN,,O,113,23
post_014_113,1,20,about,EN,,O,113,24
post_014_113,1,21,of,EN,,O,113,26
post_014_113,1,22,staff,EN,,O,113,27
post_014_113,1,23,unity,NE,,B-ORG,113,28
post_014_113,1,24,de,TR,,O,113,29
post_014_113,1,25,çıkarma,TR,,O,113,31
post_014_113,1,26,yapmış,TR,,O,113,32
post_014_113,1,27,ikisi,TR,,O,113,34
post_014_113,1,28,de,TR,,O,113,35
post_014_113,1,29,çok,TR,,O,113,36
post_014_113,1,30,büyük,TR,,O,113,37
post_014_113,1,31,faang'tan,NE,MIXED,B-ORG,113,38
post_014_113,1,32,sonra,TR,,O,113,39
post_014_113,1,33,gelen,TR,,O,113,40
post_014_113,1,34,kafa,TR,,O,113,41
post_014_113,1,35,şirketlerden,TR,,O,113,42
post_014_113,1,36,muhtemelen,TR,,O,113,44
post_014_113,1,37,de,TR,,O,113,46
post_014_113,1,38,çalışanlar,TR,,O,113,47
post_014_113,1,39,için,TR,,O,113,48
post_014_113,1,40,kolay,TR,,O,113,49
post_014_113,1,41,geçmeyecek,TR,,O,113,50
post_015_114,1,0,hayatımda,TR,,O,114,0
post_015_114,1,1,tastamam,TR,,O,114,1
post_015_114,1,2,beş,TR,,O,114,2
post_015_114,1,3,kez,TR,,O,114,3
post_015_114,1,4,kurup,TR,,O,114,4
post_015_114,1,5,her,TR,,O,114,5
post_015_114,1,6,defasında,TR,,O,114,6
post_015_114,1,7,ikinci,TR,,O,114,7
post_015_114,1,8,saatin,TR,,O,114,8
post_015_114,1,9,sonunda,TR,,O,114,9
post_015_114,1,10,kaldırdığım,TR,,O,114,10
post_015_114,1,11,oyun,TR,,O,114,11
post_015_114,1,12,yapımcısı,TR,,O,114,13
post_015_114,1,13,mojang,NE,,B-ORG,114,14
post_015_114,1,14,microsoft,NE,,B-ORG,114,15
post_015_114,1,15,tarafından,TR,,O,114,16
post_015_114,1,16,milyar,TR,,O,114,18
post_015_114,1,17,dolar'a,TR,,O,114,19
post_015_114,1,18,almış,TR,,O,114,20
post_015_114,1,19,ya,TR,,O,114,21
post_015_114,1,20,daha,TR,,O,114,22
post_015_114,1,21,ne,TR,,O,114,23
post_015_114,1,22,diyeyim,TR,,O,114,24
post_015_114,1,23,evet,TR,,O,114,26
post_015_114,1,24,fanatiği,TR,,O,114,27
post_015_114,1,25,çok,TR,,O,114,28
post_015_114,1,26,ama,TR,,O,114,29
post_015_114,1,27,benim,TR,,O,114,30
post_015_114,1,28,için,TR,,O,114,31
post_015_114,1,29,değil,TR,,O,114,32
post_015_114,1,30,milyar,TR,,O,114,34
post_015_114,1,31,dolar,TR,,O,114,35
post_015_114,1,32,dolar,TR,,O,114,37
post_015_114,1,33,bile,TR,,O,114,38
post_015_114,1,34,etmez,TR,,O,114,39
post_015_114,1,35,ama,TR,,O,114,41
post_015_114,1,36,bill,NE,,B-PER,114,42
post_015_114,1,37,gates'de,NE,MIXED,I-PER,114,43
post_015_114,1,38,para,TR,,O,114,44
post_015_114,1,39,bok,TR,,O,114,45
post_016_115,1,0,flotilla,TR,,O,115,0
post_016_115,1,1,israel,NE,,B-LOC,115,1
post_016_115,1,2,ve,TR,,O,115,2
post_016_115,1,3,gaza,NE,,B-LOC,115,3
post_016_115,1,4,sözcüklerinin,TR,,O,115,4
post_016_115,1,5,trending,EN,,O,115,5
post_016_115,1,6,topic,EN,,O,115,6
post_016_115,1,7,olmasını,TR,,O,115,7
post_016_115,1,8,engelledikten,TR,,O,115,8
post_016_115,1,9,sonra,TR,,O,115,9
post_016_115,1,10,görünüşe,TR,,O,115,10
post_016_115,1,11,göre,TR,,O,115,11
post_016_115,1,12,israil,NE,,B-LOC,115,12
post_016_115,1,13,de,TR,,O,115,13
post_016_115,1,14,sansüre,TR,,O,115,14
post_016_115,1,15,"takılmıştır,",TR,,O,115,15
post_016_115,1,16,buna,TR,,O,115,16
post_016_115,1,17,sözlük,TR,,O,115,17
post_016_115,1,18,jargonuyla,TR,,O,115,18
post_016_115,1,19,söylenecek,TR,,O,115,19
post_016_115,1,20,sözler,TR,,O,115,20
post_016_115,1,21,herhalde,TR,,O,115,21
post_016_115,1,22,ne,TR,,O,115,22
post_016_115,1,23,diyem,TR,,O,115,23
post_016_115,1,24,mahmut,NE,,B-PER,115,24
post_016_115,1,25,mu,TR,,O,115,25
post_016_115,1,26,diyem,TR,,O,115,26
post_016_115,1,27,israel,NE,,B-LOC,115,28
post_016_115,1,28,yok,TR,,O,115,29
post_016_115,1,29,israil,NE,,B-LOC,115,30
post_016_115,1,30,yok,TR,,O,115,31
post_016_115,1,31,ne,TR,,O,115,32
post_016_115,1,32,var,TR,,O,115,33
post_016_115,1,33,lan,TR,,O,115,34
post_016_115,1,34,twit,NE,,B-PROD,115,35
post_016_115,1,35,aferin,TR,,O,115,37
post_016_115,1,36,"sana,",TR,,O,115,38
post_016_115,1,37,birilerinin,TR,,O,115,39
post_016_115,1,38,işine,TR,,O,115,40
post_016_115,1,39,gelince,TR,,O,115,41
post_016_115,1,40,iran'dan,NE,MIXED,B-LOC,115,42
post_016_115,1,41,ırak'tan,NE,MIXED,B-LOC,115,43
post_016_115,1,42,breaking,EN,,O,115,44
post_016_115,1,43,news,EN,,O,115,45
post_016_115,1,44,tadında,TR,,O,115,46
post_016_115,1,45,tweetletirsin,MIXED,MIXED,O,115,47
post_016_115,1,46,gelmeyince,TR,,O,115,48
post_016_115,1,47,devlet,TR,,O,115,49
post_016_115,1,48,adını,TR,,O,115,50
post_016_115,1,49,bile,TR,,O,115,51
post_016_115,1,50,sansürlersin,TR,,O,115,52
post_016_115,1,51,ne,TR,,O,115,54
post_016_115,1,52,diyeyim,TR,,O,115,55
post_016_115,1,53,sen,TR,,O,115,56
post_016_115,1,54,de,TR,,O,115,57
post_016_115,1,55,bambaşkaymışsın,TR,,O,115,58
post_016_115,1,56,twitoğlutwit,NE,,B-PROD,115,59
post_017_116,1,0,reklamlardan,TR,,O,116,0
post_017_116,1,1,kaçmak,TR,,O,116,1
post_017_116,1,2,için,TR,,O,116,2
post_017_116,1,3,kullandığım,TR,,O,116,3
post_017_116,1,4,bir,TR,,O,116,4
post_017_116,1,5,yöntemi,TR,,O,116,5
post_017_116,1,6,ileteyim,TR,,O,116,6
post_017_116,1,7,belki,TR,,O,116,7
post_017_116,1,8,yardımcı,TR,,O,116,8
post_017_116,1,9,olur,TR,,O,116,9
post_017_116,1,10,izlediğiniz,TR,,O,116,11
post_017_116,1,11,yayıncıyı,TR,,O,116,12
post_017_116,1,12,kullandığınız,TR,,O,116,13
post_017_116,1,13,browserda,MIXED,MIXED,O,116,14
post_017_116,1,14,küçük,TR,,O,116,15
post_017_116,1,15,pencere,TR,,O,116,16
post_017_116,1,16,ile,TR,,O,116,17
post_017_116,1,17,açtıktan,TR,,O,116,18
post_017_116,1,18,sonra,TR,,O,116,19
post_017_116,1,19,reklam,TR,,O,116,20
post_017_116,1,20,çıktığında,TR,,O,116,21
post_017_116,1,21,reklam,TR,,O,116,22
post_017_116,1,22,penceresinin,TR,,O,116,23
post_017_116,1,23,sesini,TR,,O,116,24
post_017_116,1,24,kapatıp,TR,,O,116,25
post_017_116,1,25,küçük,TR,,O,116,26
post_017_116,1,26,pencerenin,TR,,O,116,27
post_017_116,1,27,sesini,TR,,O,116,28
post_017_116,1,28,açıyorsunuz,TR,,O,116,29
post_017_116,1,29,böylece,TR,,O,116,30
post_017_116,1,30,reklam,TR,,O,116,31
post_017_116,1,31,arasından,TR,,O,116,32
post_017_116,1,32,yırtabiliyorsunuz,TR,,O,116,33
post_017_116,1,33,ben,TR,,O,116,35
post_017_116,1,34,firefox,NE,,B-PROD,116,36
post_017_116,1,35,da,TR,,O,116,37
post_017_116,1,36,yaptım,TR,,O,116,38
post_017_116,1,37,ama,TR,,O,116,39
post_017_116,1,38,chrome,NE,,B-PROD,116,40
post_017_116,1,39,veya,TR,,O,116,41
post_017_116,1,40,diğer,TR,,O,116,42
post_017_116,1,41,browserlarda,MIXED,MIXED,O,116,43
post_017_116,1,42,da,TR,,O,116,44
post_017_116,1,43,aynı,TR,,O,116,45
post_017_116,1,44,mantıkla,TR,,O,116,46
post_017_116,1,45,çalışacağını,TR,,O,116,47
post_017_116,1,46,düşünüyorum,TR,,O,116,48
post_017_116,1,47,iyi,TR,,O,116,50
post_017_116,1,48,seyirler,TR,,O,116,51
post_018_117,1,0,gerçekten,TR,,O,117,0
post_018_117,1,1,müthiş,TR,,O,117,1
post_018_117,1,2,geliştikçe,TR,,O,117,2
post_018_117,1,3,daha,TR,,O,117,3
post_018_117,1,4,da,TR,,O,117,4
post_018_117,1,5,efektif,TR,,O,117,5
post_018_117,1,6,olacak,TR,,O,117,6
post_018_117,1,7,ama,TR,,O,117,7
post_018_117,1,8,görseldeki,TR,,O,117,8
post_018_117,1,9,gibi,TR,,O,117,9
post_018_117,1,10,böyle,TR,,O,117,10
post_018_117,1,11,basit,TR,,O,117,11
post_018_117,1,12,hatalar,TR,,O,117,12
post_018_117,1,13,ilerlemesine,TR,,O,117,13
post_018_117,1,14,engel,TR,,O,117,14
post_018_117,1,15,olabilir,TR,,O,117,15
post_018_117,1,16,messi,NE,,B-PER,117,16
post_018_117,1,17,gibi,TR,,O,117,17
post_018_117,1,18,meşhur,TR,,O,117,18
post_018_117,1,19,bir,TR,,O,117,19
post_018_117,1,20,soruda,TR,,O,117,20
post_018_117,1,21,who,EN,,O,117,21
post_018_117,1,22,currently,EN,,O,117,22
post_018_117,1,23,plays,EN,,O,117,23
post_018_117,1,24,as,EN,,O,117,24
post_018_117,1,25,a,EN,,O,117,25
post_018_117,1,26,forward,EN,,O,117,26
post_018_117,1,27,for,EN,,O,117,27
post_018_117,1,28,barcelona,NE,,B-GROUP,117,28
post_018_117,1,29,footbal,NE,,I-GROUP,117,29
post_018_117,1,30,club,NE,,I-GROUP,117,30
post_018_117,1,31,beni,TR,,O,117,31
post_018_117,1,32,biraz,TR,,O,117,32
post_018_117,1,33,üzdü,TR,,O,117,33
post_018_117,1,34,demek,TR,,O,117,35
post_018_117,1,35,ki,TR,,O,117,36
post_018_117,1,36,güncelleme,TR,,O,117,37
post_018_117,1,37,alt,TR,,O,117,38
post_018_117,1,38,yapısı,TR,,O,117,39
post_018_117,1,39,yok,TR,,O,117,40
post_018_117,1,40,ya,TR,,O,117,41
post_018_117,1,41,da,TR,,O,117,42
post_018_117,1,42,zayıf,TR,,O,117,43
post_019_118,1,0,son,TR,,O,118,0
post_019_118,1,1,bir,TR,,O,118,1
post_019_118,1,2,aydir,TR,,O,118,2
post_019_118,1,3,sayesinde,TR,,O,118,3
post_019_118,1,4,binlerce,TR,,O,118,4
post_019_118,1,5,satir,TR,,O,118,5
post_019_118,1,6,kod,TR,,O,118,6
post_019_118,1,7,yazdigim,TR,,O,118,7
post_019_118,1,8,bu,TR,,O,118,8
post_019_118,1,9,yapay,TR,,O,118,9
post_019_118,1,10,zeka,TR,,O,118,10
post_019_118,1,11,muthis,TR,,O,118,11
post_019_118,1,12,bir,TR,,O,118,12
post_019_118,1,13,devrim,TR,,O,118,13
post_019_118,1,14,niteliginde,TR,,O,118,14
post_019_118,1,15,inanilmaz,TR,,O,118,16
post_019_118,1,16,bir,TR,,O,118,17
post_019_118,1,17,performans,TR,,O,118,18
post_019_118,1,18,fiyat,TR,,O,118,19
post_019_118,1,19,orani,TR,,O,118,20
post_019_118,1,20,bundan,TR,,O,118,21
post_019_118,1,21,dolayi,TR,,O,118,22
post_019_118,1,22,sozluk,TR,,O,118,23
post_019_118,1,23,yazarlarinin,TR,,O,118,24
post_019_118,1,24,da,TR,,O,118,25
post_019_118,1,25,faydalanbilecegini,TR,,O,118,26
post_019_118,1,26,dusundugum,TR,,O,118,27
post_019_118,1,27,birkac,TR,,O,118,28
post_019_118,1,28,gorus,TR,,O,118,29
post_019_118,1,29,tavsiye,TR,,O,118,30
post_019_118,1,30,belirtmek,TR,,O,118,31
post_019_118,1,31,istiyorum,TR,,O,118,32
post_019_118,1,32,eger,TR,,O,118,34
post_019_118,1,33,profesyonel,TR,,O,118,35
post_019_118,1,34,gelistirici,TR,,O,118,36
post_019_118,1,35,iseniz,TR,,O,118,37
post_019_118,1,36,hesap,TR,,O,118,38
post_019_118,1,37,acip,TR,,O,118,39
post_019_118,1,38,token,EN,,O,118,41
post_019_118,1,39,limitiniz,MIXED,MIXED,O,118,42
post_019_118,1,40,oldugu,TR,,O,118,43
post_019_118,1,41,trial'i,MIXED,MIXED,O,118,44
post_019_118,1,42,deneyin,TR,,O,118,45
post_019_118,1,43,chatgpt,NE,,B-PROD,118,48
post_019_118,1,44,degil,TR,,O,118,49
post_019_118,1,45,openaı,NE,,B-PROD,118,50
post_019_118,1,46,playground,NE,,I-PROD,118,51
post_019_118,1,47,kullanin,TR,,O,118,52
post_019_118,1,48,oncelikle,TR,,O,118,55
post_019_118,1,49,ustteki,TR,,O,118,56
post_019_118,1,50,yazarin,TR,,O,118,57
post_019_118,1,51,belirttigi,TR,,O,118,58
post_019_118,1,52,gibi,TR,,O,118,59
post_019_118,1,53,mutlaka,TR,,O,118,60
post_019_118,1,54,ornekler,TR,,O,118,61
post_019_118,1,55,ve,TR,,O,118,62
post_019_118,1,56,code,EN,,O,118,63
post_019_118,1,57,completionbolumunu,MIXED,MIXED,O,118,64
post_019_118,1,58,inceleyin,TR,,O,118,65
post_019_118,1,59,model,AMBIGUOUS,,O,118,68
post_019_118,1,60,olarak,TR,,O,118,69
post_019_118,1,61,davinci-003'den,NE,MIXED,B-PROD,118,70
post_019_118,1,62,sasmayin,TR,,O,118,71
post_019_118,1,63,daha,TR,,O,118,72
post_019_118,1,64,pahali,TR,,O,118,73
post_019_118,1,65,olsa,TR,,O,118,74
post_019_118,1,66,bile,TR,,O,118,75
post_019_118,1,67,eger,TR,,O,118,78
post_019_118,1,68,bastan,TR,,O,118,79
post_019_118,1,69,kod,TR,,O,118,80
post_019_118,1,70,yaratmak,TR,,O,118,81
post_019_118,1,71,istiyorsaniz,TR,,O,118,82
post_019_118,1,72,yapmak,TR,,O,118,83
post_019_118,1,73,istediginiz,TR,,O,118,84
post_019_118,1,74,ne,TR,,O,118,85
post_019_118,1,75,ise,TR,,O,118,86
post_019_118,1,76,bunu,TR,,O,118,87
post_019_118,1,77,comment,EN,,O,118,88
post_019_118,1,78,icerisinde,TR,,O,118,89
post_019_118,1,79,ve,TR,,O,118,92
post_019_118,1,80,basinda,TR,,O,118,93
post_019_118,1,81,numara,TR,,O,118,94
post_019_118,1,82,olacak,TR,,O,118,95
post_019_118,1,83,sekilde,TR,,O,118,96
post_019_118,1,84,adim,TR,,O,118,97
post_019_118,1,85,adim,TR,,O,118,98
post_019_118,1,86,yazin,TR,,O,118,99
post_019_118,1,87,mesela,TR,,O,118,100
post_019_118,1,88,generate,EN,,O,118,101
post_019_118,1,89,code,EN,,O,118,102
post_019_118,1,90,here,EN,,O,118,104
post_019_118,1,91,are,EN,,O,118,105
post_019_118,1,92,the,EN,,O,118,106
post_019_118,1,93,variables,EN,,O,118,107
post_019_118,1,94,for,EN,,O,118,108
post_019_118,1,95,apı,EN,,O,118,109
post_019_118,1,96,calls,EN,,O,118,110
post_019_118,1,97,for,EN,,O,118,111
post_019_118,1,98,obtain,EN,,O,118,125
post_019_118,1,99,value1,EN,,O,118,126
post_019_118,1,100,value2,EN,,O,118,127
post_019_118,1,101,valuex,EN,,O,118,128
post_019_118,1,102,from,EN,,O,118,129
post_019_118,1,103,apı,EN,,O,118,130
post_019_118,1,104,and,EN,,O,118,132
post_019_118,1,105,obtain,EN,,O,118,133
post_019_118,1,106,value1,EN,,O,118,134
post_019_118,1,107,valuex,EN,,O,118,135
post_019_118,1,108,from,EN,,O,118,136
post_019_118,1,109,apı,EN,,O,118,137
post_019_118,1,110,append,EN,,O,118,142
post_019_118,1,111,the,EN,,O,118,143
post_019_118,1,112,results,EN,,O,118,144
post_019_118,1,113,into,EN,,O,118,145
post_019_118,1,114,dictionary,EN,,O,118,146
post_019_118,1,115,and,EN,,O,118,148
post_019_118,1,116,seklinde,TR,,O,118,150
post_019_118,1,117,devam,TR,,O,118,151
post_019_118,1,118,edin,TR,,O,118,152
post_019_118,1,119,eger,TR,,O,118,154
post_019_118,1,120,kodun,TR,,O,118,155
post_019_118,1,121,bir,TR,,O,118,156
post_019_118,1,122,kismini,TR,,O,118,157
post_019_118,1,123,yazdiysaniz,TR,,O,118,158
post_019_118,1,124,benzer,TR,,O,118,159
post_019_118,1,125,sekilde,TR,,O,118,160
post_019_118,1,126,ilk,TR,,O,118,161
post_019_118,1,127,once,TR,,O,118,162
post_019_118,1,128,yapmak,TR,,O,118,164
post_019_118,1,129,istediginiz,TR,,O,118,165
post_019_118,1,130,seyleri,TR,,O,118,166
post_019_118,1,131,yazin,TR,,O,118,167
post_019_118,1,132,ve,TR,,O,118,168
post_019_118,1,133,o,TR,,O,118,169
post_019_118,1,134,ana,TR,,O,118,170
post_019_118,1,135,kadar,TR,,O,118,171
post_019_118,1,136,yazdiginiz,TR,,O,118,172
post_019_118,1,137,kodu,TR,,O,118,173
post_019_118,1,138,olmadnan,TR,,O,118,175
post_019_118,1,139,girin,TR,,O,118,176
post_019_118,1,140,tamamlayacak,TR,,O,118,178
post_019_118,1,141,openaı'yi,NE,MIXED,B-PROD,118,180
post_019_118,1,142,chatgpt,TR,,B-PROD,118,181
post_019_118,1,143,gibi,TR,,O,118,182
post_019_118,1,144,kullanin,TR,,O,118,183
post_019_118,1,145,ornek,TR,,O,118,184
post_019_118,1,146,olarak,TR,,O,118,185
post_019_118,1,147,json,NE,,B-PROD,118,186
post_019_118,1,148,datasin,EN,,O,118,187
post_019_118,1,149,icinde,TR,,O,118,188
post_019_118,1,150,basamak,TR,,O,118,190
post_019_118,1,151,altta,TR,,O,118,191
post_019_118,1,152,cekmek,TR,,O,118,192
post_019_118,1,153,istediniz,TR,,O,118,193
post_019_118,1,154,seyi,TR,,O,118,194
post_019_118,1,155,cekemediniz,TR,,O,118,195
post_019_118,1,156,bunu,TR,,O,118,196
post_019_118,1,157,belirtin,TR,,O,118,197
post_019_118,1,158,ve,TR,,O,118,198
post_019_118,1,159,tekrar,TR,,O,118,199
post_019_118,1,160,duzelmesini,TR,,O,118,200
post_019_118,1,161,soyleyin,TR,,O,118,201
post_019_118,1,162,bu,TR,,O,118,203
post_019_118,1,163,asamada,TR,,O,118,204
post_019_118,1,164,eger,TR,,O,118,205
post_019_118,1,165,memnun,TR,,O,118,206
post_019_118,1,166,kaldiysaniz,TR,,O,118,207
post_019_118,1,167,mutlaka,TR,,O,118,208
post_019_118,1,168,fine-tuning,EN,,O,118,209
post_019_118,1,169,kullanmaya,TR,,O,118,210
post_019_118,1,170,baslayin,TR,,O,118,211
post_019_118,1,171,bu,TR,,O,118,213
post_019_118,1,172,sekilde,TR,,O,118,214
post_019_118,1,173,kullandiginiz,TR,,O,118,215
post_019_118,1,174,token'i,EN,,O,118,216
post_019_118,1,175,cok,TR,,O,118,217
post_019_118,1,176,dusurebilirisiniz:,TR,,O,118,218
post_019_118,1,177,fine,EN,,O,118,219
post_019_118,1,178,tuning,EN,,O,118,220
post_019_118,1,179,baska,TR,,O,118,222
post_019_118,1,180,bir,TR,,O,118,223
post_019_118,1,181,yazar,TR,,O,118,224
post_019_118,1,182,da,TR,,O,118,225
post_019_118,1,183,guzel,TR,,O,118,226
post_019_118,1,184,kullanim,TR,,O,118,227
post_019_118,1,185,tavsiyelerinde,TR,,O,118,228
post_019_118,1,186,bulunmus,TR,,O,118,229
post_019_118,1,187,ve,TR,,O,118,232
post_019_118,1,188,bence,TR,,O,118,233
post_019_118,1,189,en,TR,,O,118,234
post_019_118,1,190,onemli,TR,,O,118,235
post_019_118,1,191,noktalardan,TR,,O,118,236
post_019_118,1,192,biri,TR,,O,118,237
post_019_118,1,193,ilginc,TR,,O,118,238
post_019_118,1,194,olarak,TR,,O,118,239
post_019_118,1,195,eger,TR,,O,118,240
post_019_118,1,196,odaklanarak,TR,,O,118,241
post_019_118,1,197,kullanirsaniz,TR,,O,118,242
post_019_118,1,198,openai,NE,,B-PROD,118,243
post_019_118,1,199,kullanmak,TR,,O,118,244
post_019_118,1,200,kodlama,TR,,O,118,245
post_019_118,1,201,yeteneginizi,TR,,O,118,246
post_019_118,1,202,cok,TR,,O,118,247
post_019_118,1,203,gelistiriyor,TR,,O,118,248
post_019_118,1,204,neden,TR,,O,118,250
post_019_118,1,205,mi,TR,,O,118,251
post_019_118,1,206,cunku,TR,,O,118,252
post_019_118,1,207,eger,TR,,O,118,253
post_019_118,1,208,siz,TR,,O,118,254
post_019_118,1,209,yazamassaniz,TR,,O,118,255
post_019_118,1,210,ve,TR,,O,118,256
post_019_118,1,211,sormaniz,TR,,O,118,257
post_019_118,1,212,gerekirse,TR,,O,118,258
post_019_118,1,213,token,EN,,O,118,259
post_019_118,1,214,harcamaniz,TR,,O,118,260
post_019_118,1,215,gerekecek,TR,,O,118,261
post_019_118,1,216,bu,TR,,O,118,263
post_019_118,1,217,cok,TR,,O,118,264
post_019_118,1,218,iyi,TR,,O,118,265
post_019_118,1,219,motivasyon,TR,,O,118,266
post_019_118,1,220,kaynagi,TR,,O,118,267
post_019_118,1,221,ısim,TR,,O,118,268
post_019_118,1,222,geregi,TR,,O,118,269
post_019_118,1,223,python,NE,,B-PROD,118,270
post_019_118,1,224,bash,NE,,O,118,271
post_019_118,1,225,apı,EN,,O,118,272
post_019_118,1,226,library,EN,,O,118,273
post_019_118,1,227,yazmam,TR,,O,118,274
post_019_118,1,228,gerekiyor,TR,,O,118,275
post_019_118,1,229,ayni,TR,,O,118,276
post_019_118,1,230,zamanda,TR,,O,118,277
post_019_118,1,231,docker,NE,,B-PROD,118,278
post_019_118,1,232,ve,TR,,O,118,279
post_019_118,1,233,linux,NE,,B-PROD,118,280
post_019_118,1,234,sql,NE,,B-PROD,118,281
post_019_118,1,235,router,EN,,O,118,282
post_019_118,1,236,switch,EN,,O,118,283
post_019_118,1,237,configurasyonlari,MIXED,MIXED,O,118,284
post_019_118,1,238,ve,TR,,O,118,285
post_019_118,1,239,bu,TR,,O,118,286
post_019_118,1,240,konfigurasyonlari,TR,,O,118,287
post_019_118,1,241,apılar,MIXED,MIXED,O,118,288
post_019_118,1,242,ile,TR,,O,118,289
post_019_118,1,243,guncelleme,TR,,O,118,290
post_019_118,1,244,data,EN,,O,118,291
post_019_118,1,245,cekme,TR,,O,118,292
post_019_118,1,246,otomasyon,TR,,O,118,293
post_019_118,1,247,mevcut,TR,,O,118,294
post_019_118,1,248,kodu,TR,,O,118,295
post_019_118,1,249,daha,TR,,O,118,296
post_019_118,1,250,az,TR,,O,118,297
post_019_118,1,251,islemci,TR,,O,118,298
post_019_118,1,252,frekansi,TR,,O,118,299
post_019_118,1,253,kullanarak,TR,,O,118,300
post_019_118,1,254,calismasini,TR,,O,118,301
post_019_118,1,255,saglama,TR,,O,118,302
post_019_118,1,256,her,TR,,O,118,303
post_019_118,1,257,sey,TR,,O,118,304
post_019_118,1,258,var,TR,,O,118,305
post_019_118,1,259,ortaya,TR,,O,118,306
post_019_118,1,260,karisik,TR,,O,118,307
post_019_118,1,261,sre,TR,,O,118,308
post_019_118,1,262,oldugum,TR,,O,118,309
post_019_118,1,263,icin,TR,,O,118,310
post_019_118,1,264,ve,TR,,O,118,311
post_019_118,1,265,openaı,TR,,B-ORG,118,312
post_019_118,1,266,hepsini,TR,,O,118,313
post_019_118,1,267,sagliyor,TR,,O,118,314
post_019_118,1,268,ayni,TR,,O,118,316
post_019_118,1,269,zamanda,TR,,O,118,317
post_019_118,1,270,kazanaciginiz,TR,,O,118,318
post_019_118,1,271,zaman,TR,,O,118,319
post_019_118,1,272,aylarca,TR,,O,118,320
post_019_118,1,273,surecek,TR,,O,118,321
post_019_118,1,274,isleri,TR,,O,118,322
post_019_118,1,275,bir,TR,,O,118,323
post_019_118,1,276,ayda,TR,,O,118,324
post_019_118,1,277,yapmanin,TR,,O,118,325
post_019_118,1,278,getirdigi,TR,,O,118,326
post_019_118,1,279,haz,TR,,O,118,327
post_019_118,1,280,da,TR,,O,118,328
post_019_118,1,281,cabasi,TR,,O,118,329
post_019_118,1,282,edit,EN,,O,118,331
post_019_118,1,283,dogru,TR,,O,118,332
post_019_118,1,284,input,EN,,O,118,333
post_019_118,1,285,verip,TR,,O,118,334
post_019_118,1,286,vermediginizi,TR,,O,118,335
post_019_118,1,287,nasil,TR,,O,118,336
post_019_118,1,288,anlarsiniz,TR,,O,118,337
post_019_118,1,289,eger,TR,,O,118,339
post_019_118,1,290,sordugunuz,TR,,O,118,340
post_019_118,1,291,sorunun,TR,,O,118,341
post_019_118,1,292,devamini,TR,,O,118,342
post_019_118,1,293,kendi,TR,,O,118,343
post_019_118,1,294,tamamliyor,TR,,O,118,344
post_019_118,1,295,ve,TR,,O,118,345
post_019_118,1,296,ozellikle,TR,,O,118,346
post_019_118,1,297,bir,TR,,O,118,347
post_019_118,1,298,satir,TR,,O,118,348
post_019_118,1,299,altinda,TR,,O,118,349
post_019_118,1,300,bir,TR,,O,118,350
post_019_118,1,301,nick,EN,,O,118,351
post_019_118,1,302,veya,TR,,O,118,352
post_019_118,1,303,isim,TR,,O,118,353
post_019_118,1,304,gozukuyorsa,TR,,O,118,354
post_019_118,1,305,muhtemelen,TR,,O,118,355
post_019_118,1,306,stackoverflow'dan,NE,MIXED,B-PROD,118,356
post_019_118,1,307,bir,TR,,O,118,357
post_019_118,1,308,soruyu,TR,,O,118,358
post_019_118,1,309,geri,TR,,O,118,359
post_019_118,1,310,besliyor,TR,,O,118,360
post_019_118,1,311,cok,TR,,O,118,362
post_019_118,1,312,genel,TR,,O,118,363
post_019_118,1,313,ve/ya,TR,,O,118,364
post_019_118,1,314,yanlis,TR,,O,118,365
post_019_118,1,315,sordugunuz,TR,,O,118,366
post_019_118,1,316,icin,TR,,O,118,367
post_019_118,1,317,en,TR,,O,118,368
post_019_118,1,318,genis,TR,,O,118,369
post_019_118,1,319,kumeden,TR,,O,118,370
post_019_118,1,320,bir,TR,,O,118,371
post_019_118,1,321,dataset,EN,,O,118,372
post_019_118,1,322,aldi,TR,,O,118,373
post_019_118,1,323,ve,TR,,O,118,374
post_019_118,1,324,fazla,TR,,O,118,375
post_019_118,1,325,sallamadan,TR,,O,118,376
post_019_118,1,326,dusuk,TR,,O,118,377
post_019_118,1,327,islemci,TR,,O,118,378
post_019_118,1,328,zamani,TR,,O,118,379
post_019_118,1,329,harcayarak,TR,,O,118,380
post_019_118,1,330,birseyler,TR,,O,118,381
post_019_118,1,331,geveledi,TR,,O,118,382
post_019_118,1,332,yani,TR,,O,118,383
post_019_118,1,333,ayni,TR,,O,118,385
post_019_118,1,334,gercek,TR,,O,118,386
post_019_118,1,335,hayattaki,TR,,O,118,387
post_019_118,1,336,"gibi,",TR,,O,118,388
post_019_118,1,337,iyi,TR,,O,118,389
post_019_118,1,338,"dusunulmemis,",TR,,O,118,390
post_019_118,1,339,dogru,TR,,O,118,391
post_019_118,1,340,sorulmayan,TR,,O,118,392
post_019_118,1,341,sorularin,TR,,O,118,393
post_019_118,1,342,ad,EN,,O,118,394
post_019_118,1,343,"hoc,",EN,,O,118,395
post_019_118,1,344,"""genis",TR,,O,118,396
post_019_118,1,345,ve,TR,,O,118,397
post_019_118,1,346,"ustunkoru""",TR,,O,118,398
post_019_118,1,347,ve,TR,,O,118,399
post_019_118,1,348,cogu,TR,,O,118,400
post_019_118,1,349,zaman,TR,,O,118,401
post_019_118,1,350,yanlis,TR,,O,118,402
post_019_118,1,351,cevaplari,TR,,O,118,403
post_019_118,1,352,oluyor,TR,,O,118,404
post_019_118,1,353,gercek,TR,,O,118,406
post_019_118,1,354,hayatta,TR,,O,118,407
post_019_118,1,355,da,TR,,O,118,408
post_019_118,1,356,asil,TR,,O,118,409
post_019_118,1,357,guruya,TR,,O,118,410
post_019_118,1,358,iyi,TR,,O,118,411
post_019_118,1,359,dusunulmus,TR,,O,118,412
post_019_118,1,360,bir,TR,,O,118,413
post_019_118,1,361,soru,TR,,O,118,414
post_019_118,1,362,sormak,TR,,O,118,415
post_019_118,1,363,icin,TR,,O,118,416
post_019_118,1,364,o,TR,,O,118,417
post_019_118,1,365,soruyu,TR,,O,118,418
post_019_118,1,366,sorabilecek,TR,,O,118,419
post_019_118,1,367,kadar,TR,,O,118,420
post_019_118,1,368,bilgiye,TR,,O,118,421
post_019_118,1,369,sahip,TR,,O,118,422
post_019_118,1,370,olmaniz,TR,,O,118,423
post_019_118,1,371,gerekiyor,TR,,O,118,424
post_019_118,1,372,muthis,TR,,O,118,426
post_020_119,1,0,next,EN,,O,119,0
post_020_119,1,1,big,EN,,O,119,1
post_020_119,1,2,thing,EN,,O,119,2
post_020_119,1,3,olamayacak,TR,,O,119,3
post_020_119,1,4,gibi,TR,,O,119,4
post_020_119,1,5,görünüyor,TR,,O,119,5
post_020_119,1,6,kendisine,TR,,O,119,7
post_020_119,1,7,bir,TR,,O,119,8
post_020_119,1,8,kullanım,TR,,O,119,9
post_020_119,1,9,alanı,TR,,O,119,10
post_020_119,1,10,yaratiyor,TR,,O,119,11
post_020_119,1,11,ancak,TR,,O,119,12
post_020_119,1,12,gorunen,TR,,O,119,13
post_020_119,1,13,o,TR,,O,119,14
post_020_119,1,14,ki,TR,,O,119,15
post_020_119,1,15,devrim,TR,,O,119,16
post_020_119,1,16,falan,TR,,O,119,17
post_020_119,1,17,olmayacak,TR,,O,119,18
post_020_119,1,18,seçim,TR,,O,119,20
post_020_119,1,19,gibi,TR,,O,119,21
post_020_119,1,20,bazı,TR,,O,119,22
post_020_119,1,21,para,TR,,O,119,23
post_020_119,1,22,ve,TR,,O,119,24
post_020_119,1,23,menkul,TR,,O,119,25
post_020_119,1,24,kıymetlerin,TR,,O,119,26
post_020_119,1,25,takası,TR,,O,119,27
post_020_119,1,26,gibi,TR,,O,119,28
post_020_119,1,27,işlemlerde,TR,,O,119,29
post_020_119,1,28,kapalı,TR,,O,119,30
post_020_119,1,29,sistemlerde,TR,,O,119,31
post_020_119,1,30,kullanılabilir,TR,,O,119,32
post_020_119,1,31,distributed,EN,,O,119,34
post_020_119,1,32,ledger,EN,,O,119,35
post_020_119,1,33,olması,TR,,O,119,36
post_020_119,1,34,avantaj,TR,,O,119,37
post_020_119,1,35,yarattığı,TR,,O,119,38
post_020_119,1,36,gibi,TR,,O,119,39
post_020_119,1,37,sisteme,TR,,O,119,40
post_020_119,1,38,katılacak,TR,,O,119,41
post_020_119,1,39,ünitelerin,TR,,O,119,42
post_020_119,1,40,de,TR,,O,119,43
post_020_119,1,41,teşvik,TR,,O,119,44
post_020_119,1,42,edilmesini,TR,,O,119,45
post_020_119,1,43,gerektiriyor,TR,,O,119,46
post_020_119,1,44,bu,TR,,O,119,47
post_020_119,1,45,da,TR,,O,119,48
post_020_119,1,46,dezavantaja,TR,,O,119,49
post_020_119,1,47,donuyor,TR,,O,119,50
post_020_119,1,48,silicon,NE,,B-LOC,119,52
post_020_119,1,49,vadisi'ndeki,NE,MIXED,I-LOC,119,53
post_020_119,1,50,ahbaplarin,TR,,O,119,54
post_020_119,1,51,blockchain'i,MIXED,MIXED,O,119,55
post_020_119,1,52,sevmemesi,TR,,O,119,56
post_020_119,1,53,argumanlarini,TR,,O,119,57
post_020_119,1,54,bir,TR,,O,119,58
post_020_119,1,55,noktaya,TR,,O,119,59
post_020_119,1,56,kadar,TR,,O,119,60
post_020_119,1,57,kabul,TR,,O,119,61
post_020_119,1,58,etmekle,TR,,O,119,62
post_020_119,1,59,birlikte,TR,,O,119,63
post_020_119,1,60,amerikalilarin,NE,,B-OTHER,119,64
post_020_119,1,61,bu,TR,,O,119,65
post_020_119,1,62,hype'i,MIXED,MIXED,O,119,66
post_020_119,1,63,tamamen,TR,,O,119,67
post_020_119,1,64,bos,TR,,O,119,68
post_020_119,1,65,gectigini,TR,,O,119,69
post_020_119,1,66,dusunmek,TR,,O,119,70
post_020_119,1,67,yanlis,TR,,O,119,71
post_020_119,1,68,olur,TR,,O,119,72
post_020_119,1,69,en,TR,,O,119,74
post_020_119,1,70,azindan,TR,,O,119,75
post_020_119,1,71,teknolojiden,TR,,O,119,76
post_020_119,1,72,kazandiklari,TR,,O,119,77
post_020_119,1,73,paranin,TR,,O,119,78
post_020_119,1,74,bir,TR,,O,119,79
post_020_119,1,75,miktarini,TR,,O,119,80
post_020_119,1,76,kendileri,TR,,O,119,81
post_020_119,1,77,gelistirmeseler,TR,,O,119,82
post_020_119,1,78,de,TR,,O,119,83
post_020_119,1,79,cesitli,TR,,O,119,84
post_020_119,1,80,blockchain,EN,,O,119,85
post_020_119,1,81,projelerine,TR,,O,119,86
post_020_119,1,82,yatirdilar,TR,,O,119,87
post_020_119,1,83,ancak,TR,,O,119,89
post_020_119,1,84,nicholas,NE,,B-PER,119,90
post_020_119,1,85,weawer'in,NE,MIXED,I-PER,119,91
post_020_119,1,86,iddialari,TR,,O,119,92
post_020_119,1,87,cok,TR,,O,119,93
post_020_119,1,88,kompleks,TR,,O,119,94
post_020_119,1,89,ve,TR,,O,119,95
post_020_119,1,90,politik,TR,,O,119,96
post_020_119,1,91,iddialar,TR,,O,119,97
post_020_119,1,92,degil,TR,,O,119,98
post_020_119,1,93,aslinda,TR,,O,119,99
post_020_119,1,94,sadece,TR,,O,119,100
post_020_119,1,95,kendisinin,TR,,O,119,101
post_020_119,1,96,objektif,TR,,O,119,102
post_020_119,1,97,olmaktan,TR,,O,119,103
post_020_119,1,98,uzak,TR,,O,119,104
post_020_119,1,99,bir,TR,,O,119,105
post_020_119,1,100,cripte-sceptic,MIXED,MIXED,O,119,106
post_020_119,1,101,oldugunu,TR,,O,119,107
post_020_119,1,102,belirtmek,TR,,O,119,108
post_020_119,1,103,lazim,TR,,O,119,109
post_020_119,1,104,su,TR,,O,119,111
post_020_119,1,105,anda,TR,,O,119,112
post_020_119,1,106,piyasadaki,TR,,O,119,113
post_020_119,1,107,bir,TR,,O,119,114
post_020_119,1,108,cok,TR,,O,119,115
post_020_119,1,109,blockchain,EN,,O,119,116
post_020_119,1,110,projesinin,TR,,O,119,117
post_020_119,1,111,aslinda,TR,,O,119,118
post_020_119,1,112,ne,TR,,O,119,119
post_020_119,1,113,cryptografiye,TR,,O,119,120
post_020_119,1,114,ne,TR,,O,119,121
post_020_119,1,115,de,TR,,O,119,122
post_020_119,1,116,distributed,EN,,O,119,123
post_020_119,1,117,ledger'a,MIXED,MIXED,O,119,124
post_020_119,1,118,ihtiyaci,TR,,O,119,125
post_020_119,1,119,var,TR,,O,119,126
post_020_119,1,120,olan,TR,,O,119,128
post_020_119,1,121,bazilari,TR,,O,119,129
post_020_119,1,122,ise,TR,,O,119,130
post_020_119,1,123,pre-mined,EN,,O,119,131
post_020_119,1,124,ve,TR,,O,119,132
post_020_119,1,125,merkezi,TR,,O,119,133
post_020_119,1,126,sadece,TR,,O,119,134
post_020_119,1,127,sifreli,TR,,O,119,135
post_020_119,1,128,cozumler,TR,,O,119,136
post_020_119,1,129,getiriyorlar,TR,,O,119,137
post_020_119,1,130,daha,TR,,O,119,138
post_020_119,1,131,cok,TR,,O,119,139
post_020_119,1,132,biz,TR,,O,119,140
post_020_119,1,133,blockchain,EN,,O,119,141
post_020_119,1,134,teknolojisini,TR,,O,119,142
post_020_119,1,135,baska,TR,,O,119,143
post_020_119,1,136,nerede,TR,,O,119,144
post_020_119,1,137,kullanabiliriz,TR,,O,119,145
post_020_119,1,138,ve,TR,,O,119,146
post_020_119,1,139,bu,TR,,O,119,147
post_020_119,1,140,ruzgardan,TR,,O,119,148
post_020_119,1,141,faydalanip,TR,,O,119,149
post_020_119,1,142,cukkayi,TR,,O,119,150
post_020_119,1,143,nasil,TR,,O,119,151
post_020_119,1,144,doldurabiliriz,TR,,O,119,152
post_020_119,1,145,diye,TR,,O,119,153
post_020_119,1,146,zorlama,TR,,O,119,154
post_020_119,1,147,fikirlerle,TR,,O,119,155
post_020_119,1,148,bir,TR,,O,119,156
post_020_119,1,149,enflasyon,TR,,O,119,157
post_020_119,1,150,yarattilar,TR,,O,119,158
post_020_119,1,151,bunlarin,TR,,O,119,160
post_020_119,1,152,buyuk,TR,,O,119,161
post_020_119,1,153,cogunlugu,TR,,O,119,162
post_020_119,1,154,onumuzdeki,TR,,O,119,163
post_020_119,1,155,yillar,TR,,O,119,164
post_020_119,1,156,icinde,TR,,O,119,165
post_020_119,1,157,kaybolup,TR,,O,119,166
post_020_119,1,158,gidecek,TR,,O,119,167
post_020_119,1,159,bazilari,TR,,O,119,169
post_020_119,1,160,ise,TR,,O,119,170
post_020_119,1,161,cok,TR,,O,119,171
post_020_119,1,162,karli,TR,,O,119,172
post_020_119,1,163,sirketler,TR,,O,119,173
post_020_119,1,164,olarak,TR,,O,119,174
post_020_119,1,165,yollarina,TR,,O,119,175
post_020_119,1,166,devam,TR,,O,119,176
post_020_119,1,167,edecek,TR,,O,119,177
post_020_119,1,168,buyuyecek,TR,,O,119,178
post_020_119,1,169,bunlari,TR,,O,119,180
post_020_119,1,170,bulmak,TR,,O,119,181
post_020_119,1,171,mesele,TR,,O,119,182
post_020_119,1,172,ama,TR,,O,119,183
post_020_119,1,173,bulsaniz,TR,,O,119,184
post_020_119,1,174,da,TR,,O,119,185
post_020_119,1,175,bir,TR,,O,119,186
post_020_119,1,176,ise,TR,,O,119,187
post_020_119,1,177,yaramiyor,TR,,O,119,188
post_020_119,1,178,cunku,TR,,O,119,189
post_020_119,1,179,hisselerini,TR,,O,119,190
post_020_119,1,180,alamiyorsunuz,TR,,O,119,191
post_020_119,1,181,karliligin,TR,,O,119,192
post_020_119,1,182,fiyatlarina,TR,,O,119,193
post_020_119,1,183,yansiyacagini,TR,,O,119,194
post_020_119,1,184,umut,TR,,O,119,195
post_020_119,1,185,ettiginiz,TR,,O,119,196
post_020_119,1,186,coinlerini,MIXED,MIXED,O,119,197
post_020_119,1,187,alabiliyorsunuz,TR,,O,119,198
post_021_120,1,0,son,TR,,O,120,0
post_021_120,1,1,zamanlarda,TR,,O,120,1
post_021_120,1,2,arşiviyle,TR,,O,120,2
post_021_120,1,3,beni,TR,,O,120,3
post_021_120,1,4,üst,TR,,O,120,4
post_021_120,1,5,üste,TR,,O,120,5
post_021_120,1,6,hayal,TR,,O,120,6
post_021_120,1,7,kırıklığına,TR,,O,120,7
post_021_120,1,8,uğratmakta,TR,,O,120,8
post_021_120,1,9,olan,TR,,O,120,9
post_021_120,1,10,güzel,TR,,O,120,10
post_021_120,1,11,program,TR,,O,120,11
post_021_120,1,12,bulamadıklarım,TR,,O,120,13
post_021_120,1,13,radiohead,NE,,B-GROUP,120,14
post_021_120,1,14,in,NE,,B-TITLE,120,16
post_021_120,1,15,"rainbows,",NE,,I-TITLE,120,17
post_021_120,1,16,kings,NE,,B-TITLE,120,18
post_021_120,1,17,of,NE,,I-TITLE,120,19
post_021_120,1,18,limbs,NE,,I-TITLE,120,20
post_021_120,1,19,arcade,NE,,B-GROUP,120,21
post_021_120,1,20,fire,NE,,I-GROUP,120,22
post_021_120,1,21,the,NE,,B-TITLE,120,23
post_021_120,1,22,suburbs,NE,,I-TITLE,120,24
post_021_120,1,23,(diğerleri,TR,,O,120,25
post_021_120,1,24,de,TR,,O,120,26
post_021_120,1,25,tam,TR,,O,120,27
post_021_120,1,26,değil,TR,,O,120,28
post_021_120,1,27,sanırım),TR,,O,120,29
post_021_120,1,28,explosions,NE,,B-GROUP,120,30
post_021_120,1,29,in,NE,,I-GROUP,120,31
post_021_120,1,30,the,NE,,I-GROUP,120,32
post_021_120,1,31,sky,NE,,I-GROUP,120,33
post_021_120,1,32,the,NE,,B-TITLE,120,35
post_021_120,1,33,earth,NE,,I-TITLE,120,36
post_021_120,1,34,is,NE,,I-TITLE,120,37
post_021_120,1,35,not,NE,,I-TITLE,120,38
post_021_120,1,36,a,NE,,I-TITLE,120,39
post_021_120,1,37,cold,NE,,I-TITLE,120,40
post_021_120,1,38,dead,NE,,I-TITLE,120,41
post_021_120,1,39,place,NE,,I-TITLE,120,42
post_021_120,1,40,(diğer,TR,,O,120,43
post_021_120,1,41,albümler,TR,,O,120,44
post_021_120,1,42,varken,TR,,O,120,45
post_021_120,1,43,bunun,TR,,O,120,46
post_021_120,1,44,olmamasına,TR,,O,120,47
post_021_120,1,45,anlam,TR,,O,120,48
post_021_120,1,46,veremedim,TR,,O,120,49
post_021_120,1,47,çünkü,TR,,O,120,50
post_021_120,1,48,bu,TR,,O,120,51
post_021_120,1,49,grubun,TR,,O,120,52
post_021_120,1,50,en,TR,,O,120,53
post_021_120,1,51,başarılı,TR,,O,120,54
post_021_120,1,52,ve,TR,,O,120,55
post_021_120,1,53,ünlü,TR,,O,120,56
post_021_120,1,54,albümü),TR,,O,120,57
post_021_120,1,55,ve,TR,,O,120,58
post_021_120,1,56,şu,TR,,O,120,59
post_021_120,1,57,an,TR,,O,120,60
post_021_120,1,58,aklıma,TR,,O,120,61
post_021_120,1,59,gelmeyen,TR,,O,120,62
post_021_120,1,60,niceleri,TR,,O,120,63
post_021_120,1,61,türk,NE,,B-OTHER,120,65
post_021_120,1,62,gruplardan,TR,,O,120,66
post_021_120,1,63,birer,TR,,O,120,67
post_021_120,1,64,albüm,TR,,O,120,68
post_021_120,1,65,falan,TR,,O,120,69
post_021_120,1,66,"var,",TR,,O,120,70
post_021_120,1,67,ama,TR,,O,120,71
post_021_120,1,68,türkiye'ye,NE,,B-LOC,120,72
post_021_120,1,69,yeni,TR,,O,120,73
post_021_120,1,70,geldiği,TR,,O,120,74
post_021_120,1,71,için,TR,,O,120,75
post_021_120,1,72,olsa,TR,,O,120,76
post_021_120,1,73,gerek,TR,,O,120,77
post_021_120,1,74,zamanla,TR,,O,120,79
post_021_120,1,75,artacaktır,TR,,O,120,80
post_021_120,1,76,umarım,TR,,O,120,81
post_021_120,1,77,not,TR,,O,120,83
post_021_120,1,78,in,NE,,B-TITLE,120,84
post_021_120,1,79,rainbows,NE,,I-TITLE,120,85
post_021_120,1,80,nasıl,TR,,O,120,86
post_021_120,1,81,olmaz,TR,,O,120,87
post_021_120,1,82,lan,TR,,O,120,88
post_021_120,1,83,not2:,TR,,O,120,90
post_021_120,1,84,piano,NE,,B-TITLE,120,92
post_021_120,1,85,classics,NE,,I-TITLE,120,93
post_021_120,1,86,best,NE,,I-TITLE,120,94
post_021_120,1,87,classical,NE,,I-TITLE,120,95
post_021_120,1,88,songs,NE,,I-TITLE,120,96
post_021_120,1,89,adlı,TR,,O,120,97
post_021_120,1,90,playlist'i,MIXED,MIXED,O,120,98
post_021_120,1,91,şiddetle,TR,,O,120,99
post_021_120,1,92,öneririm,TR,,O,120,100
post_022_121,1,0,o,TR,,O,121,0
post_022_121,1,1,kadar,TR,,O,121,1
post_022_121,1,2,deli,TR,,O,121,2
post_022_121,1,3,müritleri,TR,,O,121,3
post_022_121,1,4,vardır,TR,,O,121,4
post_022_121,1,5,ki,TR,,O,121,5
post_022_121,1,6,bu,TR,,O,121,6
post_022_121,1,7,creepto,AMBIGUOUS,,O,121,7
post_022_121,1,8,"""teknoloji""sinin",TR,,O,121,8
post_022_121,1,9,bunun,TR,,O,121,9
post_022_121,1,10,için,TR,,O,121,10
post_022_121,1,11,frida,NE,,B-PER,121,11
post_022_121,1,12,kahlo'nun,NE,MIXED,I-PER,121,12
post_022_121,1,13,çizimini,TR,,O,121,13
post_022_121,1,14,nft'ye,MIXED,MIXED,O,121,14
post_022_121,1,15,dönüştürdükten,TR,,O,121,15
post_022_121,1,16,sonra,TR,,O,121,16
post_022_121,1,17,yakma,TR,,O,121,17
post_022_121,1,18,cüretinde,TR,,O,121,18
post_022_121,1,19,bulunabilirler,TR,,O,121,19
post_022_121,1,20,not,TR,,O,121,22
post_022_121,1,21,haberde,TR,,O,121,23
post_022_121,1,22,"""bu",TR,,O,121,24
post_022_121,1,23,bir,TR,,O,121,25
post_022_121,1,24,hoax,EN,,O,121,26
post_022_121,1,25,"olabilir""",TR,,O,121,27
post_022_121,1,26,"demişler,",TR,,O,121,28
post_022_121,1,27,bunun,TR,,O,121,29
post_022_121,1,28,farkındayım,TR,,O,121,30
post_022_121,1,29,ama,TR,,O,121,32
post_022_121,1,30,yakılan,TR,,O,121,33
post_022_121,1,31,eser,TR,,O,121,34
post_022_121,1,32,sahtesi,TR,,O,121,35
post_022_121,1,33,olsun,TR,,O,121,36
post_022_121,1,34,ya,TR,,O,121,37
post_022_121,1,35,da,TR,,O,121,38
post_022_121,1,36,"olmasın,",TR,,O,121,39
post_022_121,1,37,bu,TR,,O,121,40
post_022_121,1,38,kişinin,TR,,O,121,41
post_022_121,1,39,dikkat,TR,,O,121,42
post_022_121,1,40,çekmek,TR,,O,121,43
post_022_121,1,41,için,TR,,O,121,44
post_022_121,1,42,böyle,TR,,O,121,45
post_022_121,1,43,bir,TR,,O,121,46
post_022_121,1,44,eyleme,TR,,O,121,47
post_022_121,1,45,kalkışması,TR,,O,121,48
post_022_121,1,46,korkunç,TR,,O,121,49
post_022_121,1,47,bir,TR,,O,121,50
post_022_121,1,48,durum,TR,,O,121,51
post_022_121,1,49,bugün,TR,,O,121,53
post_022_121,1,50,bu,TR,,O,121,54
post_022_121,1,51,adam,TR,,O,121,55
post_022_121,1,52,sahtesini,TR,,O,121,56
post_022_121,1,53,"yakar,",TR,,O,121,57
post_022_121,1,54,yarın,TR,,O,121,58
post_022_121,1,55,daha,TR,,O,121,59
post_022_121,1,56,bir,TR,,O,121,60
post_022_121,1,57,manyağı,TR,,O,121,61
post_022_121,1,58,çıkar,TR,,O,121,62
post_022_121,1,59,bir,TR,,O,121,63
post_022_121,1,60,eserin,TR,,O,121,64
post_022_121,1,61,gerçeğini,TR,,O,121,65
post_022_121,1,62,"yakar,",TR,,O,121,66
post_022_121,1,63,bilmem,TR,,O,121,67
post_022_121,1,64,anlatabildim,TR,,O,121,68
post_022_121,1,65,mi,TR,,O,121,69
post_022_121,1,66,bir,TR,,O,121,70
post_022_121,1,67,daha,TR,,O,121,71
post_022_121,1,68,birileri,TR,,O,121,72
post_022_121,1,69,"""ama",TR,,O,121,73
post_022_121,1,70,sanatçılara,TR,,O,121,74
post_022_121,1,71,destek,TR,,O,121,75
post_022_121,1,72,"olarabilirü""",TR,,O,121,76
post_022_121,1,73,diye,TR,,O,121,77
post_022_121,1,74,bir,TR,,O,121,78
post_022_121,1,75,fikir,TR,,O,121,79
post_022_121,1,76,sıçmaya,TR,,O,121,80
post_022_121,1,77,"kalkarsa,",TR,,O,121,81
post_022_121,1,78,bunu,TR,,O,121,82
post_022_121,1,79,gösterip,TR,,O,121,83
post_022_121,1,80,bir,TR,,O,121,84
post_022_121,1,81,taraflarınızla,TR,,O,121,85
post_022_121,1,82,gülün,TR,,O,121,86
post_022_121,1,83,efenim,TR,,O,121,87
post_023_122,1,0,reddit'in,NE,MIXED,B-PROD,122,0
post_023_122,1,1,eğlenceli,TR,,O,122,1
post_023_122,1,2,ve,TR,,O,122,2
post_023_122,1,3,komik,TR,,O,122,3
post_023_122,1,4,photoshop,NE,,B-PROD,122,4
post_023_122,1,5,çalışmalarının,TR,,O,122,5
post_023_122,1,6,yayınlandığı,TR,,O,122,6
post_023_122,1,7,photoshop,NE,,B-PROD,122,7
post_023_122,1,8,battles,NE,,I-PROD,122,8
post_023_122,1,9,adında,TR,,O,122,9
post_023_122,1,10,bir,TR,,O,122,10
post_023_122,1,11,platformu,TR,,O,122,11
post_023_122,1,12,var,TR,,O,122,12
post_023_122,1,13,en,TR,,O,122,14
post_023_122,1,14,son,TR,,O,122,15
post_023_122,1,15,jennifer,NE,,B-PER,122,16
post_023_122,1,16,lawrence'in,NE,MIXED,I-PER,122,17
post_023_122,1,17,basketbol,TR,,O,122,18
post_023_122,1,18,oynarken,TR,,O,122,19
post_023_122,1,19,çekilmiş,TR,,O,122,20
post_023_122,1,20,fotoğrafı,TR,,O,122,21
post_023_122,1,21,için,TR,,O,122,22
post_023_122,1,22,yardırmışlar,TR,,O,122,23
post_023_122,1,23,ayrıca,TR,,O,122,25
post_023_122,1,24,(bkz:,TR,,O,122,26
post_023_122,1,25,james,NE,,B-PER,122,27
post_023_122,1,26,fridman,NE,,I-PER,122,28
post_024_123,1,0,google,NE,,B-ORG,123,0
post_024_123,1,1,logosu,TR,,O,123,1
post_024_123,1,2,ve,TR,,O,123,2
post_024_123,1,3,arama,TR,,O,123,3
post_024_123,1,4,satırı,TR,,O,123,4
post_024_123,1,5,dışında,TR,,O,123,5
post_024_123,1,6,kalan,TR,,O,123,6
post_024_123,1,7,yerlerin,TR,,O,123,7
post_024_123,1,8,fade,TR,,O,123,8
post_024_123,1,9,efektiyle,TR,,O,123,9
post_024_123,1,10,sonradan,TR,,O,123,10
post_024_123,1,11,gelmesi,TR,,O,123,11
post_024_123,1,12,sanırım,TR,,O,123,12
post_024_123,1,13,sayfanın,TR,,O,123,13
post_024_123,1,14,açılması,TR,,O,123,14
post_024_123,1,15,için,TR,,O,123,15
post_024_123,1,16,bütün,TR,,O,123,16
post_024_123,1,17,elemanları,TR,,O,123,17
post_024_123,1,18,beklememeyi,TR,,O,123,18
post_024_123,1,19,amaçlıyor,TR,,O,123,19
post_024_123,1,20,google,NE,,B-ORG,123,21
post_024_123,1,21,yazınca,TR,,O,123,22
post_024_123,1,22,logo,TR,,O,123,23
post_024_123,1,23,ve,TR,,O,123,24
post_024_123,1,24,arama,TR,,O,123,25
post_024_123,1,25,satırı,TR,,O,123,26
post_024_123,1,26,anında,TR,,O,123,27
post_024_123,1,27,"geliyor,",TR,,O,123,28
post_024_123,1,28,sayfanın,TR,,O,123,29
post_024_123,1,29,daha,TR,,O,123,30
post_024_123,1,30,çabuk,TR,,O,123,31
post_024_123,1,31,açılıp,TR,,O,123,32
post_024_123,1,32,daha,TR,,O,123,33
post_024_123,1,33,çabuk,TR,,O,123,34
post_024_123,1,34,arama,TR,,O,123,35
post_024_123,1,35,yapılabilmesi,TR,,O,123,36
post_024_123,1,36,için,TR,,O,123,37
post_024_123,1,37,sonra,TR,,O,123,39
post_024_123,1,38,ise,TR,,O,123,40
post_024_123,1,39,diğer,TR,,O,123,41
post_024_123,1,40,elemanlar,TR,,O,123,42
post_024_123,1,41,ajax,NE,,B-PROD,123,43
post_024_123,1,42,dwr,NE,,B-PROD,123,44
post_024_123,1,43,vs,TR,,O,123,45
post_024_123,1,44,tabanlı,TR,,O,123,46
post_024_123,1,45,bir,TR,,O,123,47
post_024_123,1,46,teknoloji,TR,,O,123,48
post_024_123,1,47,ile,TR,,O,123,49
post_024_123,1,48,arka,TR,,O,123,50
post_024_123,1,49,planda,TR,,O,123,51
post_024_123,1,50,getirilip,TR,,O,123,52
post_024_123,1,51,fade,EN,,O,123,53
post_024_123,1,52,efekti,TR,,O,123,54
post_024_123,1,53,ile,TR,,O,123,55
post_024_123,1,54,gösteriliyor,TR,,O,123,56
post_024_123,1,55,edit,EN,,O,123,58
post_024_123,1,56,fade,EN,,O,123,59
post_024_123,1,57,efektini,TR,,O,123,60
post_024_123,1,58,onmousemove'a,MIXED,MIXED,O,123,61
post_024_123,1,59,almışlar,TR,,O,123,62
post_024_123,1,60,sadece,TR,,O,123,64
post_024_123,1,61,görsel,TR,,O,123,65
post_024_123,1,62,bir,TR,,O,123,66
post_024_123,1,63,düzenleme,TR,,O,123,67
post_024_123,1,64,olabilir,TR,,O,123,68
post_024_123,1,65,bilemedim,TR,,O,123,69
post_024_123,1,66,ben,TR,,O,123,70
post_024_123,1,67,onu,TR,,O,123,71
post_025_124,1,0,eveettt,TR,,O,124,0
post_025_124,1,1,facebook'tan,NE,MIXED,B-PROD,124,1
post_025_124,1,2,gicik,TR,,O,124,2
post_025_124,1,3,eden,TR,,O,124,3
post_025_124,1,4,insanlar,TR,,O,124,4
post_025_124,1,5,serimizin,TR,,O,124,5
post_025_124,1,6,ikincisine,TR,,O,124,6
post_025_124,1,7,hosgeldiniz,TR,,O,124,7
post_025_124,1,8,serinin,TR,,O,124,9
post_025_124,1,9,ilk,TR,,O,124,10
post_025_124,1,10,kisminda,TR,,O,124,11
post_025_124,1,11,bkz,TR,,O,124,12
post_025_124,1,12,fake,EN,,O,124,14
post_025_124,1,13,ve,TR,,O,124,15
post_025_124,1,14,ego,TR,,O,124,16
post_025_124,1,15,siskini,TR,,O,124,17
post_025_124,1,16,arkadaslara,TR,,O,124,18
post_025_124,1,17,gicik,TR,,O,124,19
post_025_124,1,18,olmustuk,TR,,O,124,20
post_025_124,1,19,simdi,TR,,O,124,22
post_025_124,1,20,gicik,TR,,O,124,23
post_025_124,1,21,olacagimiz,TR,,O,124,24
post_025_124,1,22,facebook,NE,,B-PROD,124,25
post_025_124,1,23,kullanicilari,TR,,O,124,26
post_025_124,1,24,ise,TR,,O,124,27
post_025_124,1,25,stalkerlar,MIXED,MIXED,O,124,28
post_025_124,1,26,ve,TR,,O,124,29
post_025_124,1,27,impostorlar,MIXED,MIXED,O,124,30
post_025_124,1,28,stalker,TR,,O,124,32
post_025_124,1,29,bildiginiz,TR,,O,124,33
post_025_124,1,30,sapik,TR,,O,124,34
post_025_124,1,31,telefon,TR,,O,124,35
post_025_124,1,32,sapigi,TR,,O,124,36
post_025_124,1,33,ornegindeki,TR,,O,124,37
post_025_124,1,34,gibi,TR,,O,124,38
post_025_124,1,35,bunlar,TR,,O,124,39
post_025_124,1,36,da,TR,,O,124,40
post_025_124,1,37,facebook,NE,,B-PROD,124,41
post_025_124,1,38,sapiklari,TR,,O,124,42
post_025_124,1,39,her,TR,,O,124,44
post_025_124,1,40,ortamda,TR,,O,124,45
post_025_124,1,41,olabilecegi,TR,,O,124,46
post_025_124,1,42,gibi,TR,,O,124,47
post_025_124,1,43,facebookta,NE,MIXED,B-PROD,124,48
post_025_124,1,44,da,TR,,O,124,49
post_025_124,1,45,varlar,TR,,O,124,50
post_025_124,1,46,mesela,TR,,O,124,52
post_025_124,1,47,sozlukte,TR,,O,124,53
post_025_124,1,48,gizliden,TR,,O,124,54
post_025_124,1,49,entry,EN,,O,124,55
post_025_124,1,50,"takibi,",TR,,O,124,56
post_025_124,1,51,zirve,TR,,O,124,57
post_025_124,1,52,katilimi,TR,,O,124,58
post_025_124,1,53,"takibi,",TR,,O,124,59
post_025_124,1,54,cesitli,TR,,O,124,60
post_025_124,1,55,yollardan,TR,,O,124,61
post_025_124,1,56,fotograf,TR,,O,124,62
post_025_124,1,57,takibi,TR,,O,124,63
post_025_124,1,58,seklinde,TR,,O,124,64
post_025_124,1,59,gerceklesebiliyor,TR,,O,124,65
post_025_124,1,60,bu,TR,,O,124,66
post_025_124,1,61,"""stalking""",EN,,O,124,67
post_025_124,1,62,isi,TR,,O,124,68
post_025_124,1,63,facebookta,NE,MIXED,B-PROD,124,70
post_025_124,1,64,da,TR,,O,124,71
post_025_124,1,65,caktirmadan,TR,,O,124,72
post_025_124,1,66,profil,TR,,O,124,73
post_025_124,1,67,"dikizlemek,",TR,,O,124,74
post_025_124,1,68,arkadas,TR,,O,124,75
post_025_124,1,69,listesi,TR,,O,124,76
post_025_124,1,70,dikizlemek,TR,,O,124,77
post_025_124,1,71,seklinde,TR,,O,124,78
post_025_124,1,72,gerceklesiyor,TR,,O,124,79
post_025_124,1,73,(sarkisi,TR,,O,124,80
post_025_124,1,74,icin:,TR,,O,124,81
post_025_124,1,75,advanced,EN,,O,124,83
post_025_124,1,76,stalkerlar,MIXED,MIXED,O,124,84
post_025_124,1,77,ise,TR,,O,124,85
post_025_124,1,78,olayi,TR,,O,124,86
post_025_124,1,79,google'a,NE,MIXED,B-PROD,124,87
post_025_124,1,80,tasiyip,TR,,O,124,88
post_025_124,1,81,bir,TR,,O,124,89
post_025_124,1,82,de,TR,,O,124,90
post_025_124,1,83,oradan,TR,,O,124,91
post_025_124,1,84,"aratiyorlar,",TR,,O,124,92
post_025_124,1,85,tatli,TR,,O,124,93
post_025_124,1,86,uzeri,TR,,O,124,94
post_025_124,1,87,krema,TR,,O,124,95
post_025_124,1,88,gibi,TR,,O,124,96
post_025_124,1,89,oluyordur,TR,,O,124,97
post_025_124,1,90,herhalde,TR,,O,124,98
post_025_124,1,91,bulduklari,TR,,O,124,99
post_025_124,1,92,sozluk,TR,,O,124,101
post_025_124,1,93,nickleriyle,MIXED,MIXED,O,124,102
post_025_124,1,94,facebooktaki,TR,,O,124,103
post_025_124,1,95,isimler,TR,,O,124,104
post_025_124,1,96,ibaresi,TR,,O,124,106
post_025_124,1,97,ile,TR,,O,124,107
post_025_124,1,98,birlesince,TR,,O,124,108
post_025_124,1,99,orgazm,TR,,O,124,109
post_025_124,1,100,olanlar,TR,,O,124,110
post_025_124,1,101,vardir,TR,,O,124,111
post_025_124,1,102,kesin,TR,,O,124,112
post_025_124,1,103,privacy,EN,,O,124,114
post_025_124,1,104,settingler,MIXED,MIXED,O,124,115
post_025_124,1,105,kurban,TR,,O,124,116
post_025_124,1,106,olsun,TR,,O,124,117
post_025_124,1,107,size,TR,,O,124,118
post_025_124,1,108,impostor,EN,,O,124,120
post_025_124,1,109,ise,TR,,O,124,121
post_025_124,1,110,tam,TR,,O,124,122
post_025_124,1,111,karsiligini,TR,,O,124,123
post_025_124,1,112,bulamadigim,TR,,O,124,124
post_025_124,1,113,bir,TR,,O,124,125
post_025_124,1,114,sey,TR,,O,124,126
post_025_124,1,115,numaraci,TR,,O,124,127
post_025_124,1,116,diyelim,TR,,O,124,128
post_025_124,1,117,olmadigi,TR,,O,124,130
post_025_124,1,118,bir,TR,,O,124,131
post_025_124,1,119,seymis,TR,,O,124,132
post_025_124,1,120,gibi,TR,,O,124,133
post_025_124,1,121,"yapanlar,",TR,,O,124,134
post_025_124,1,122,ozentiler,TR,,O,124,135
post_025_124,1,123,"""ahaha,",AMBIGUOUS,,O,124,137
post_025_124,1,124,ay,TR,,O,124,138
post_025_124,1,125,deli,TR,,O,124,139
post_025_124,1,126,misin,TR,,O,124,140
post_025_124,1,127,"alotte,",NE,,B-PER,124,141
post_025_124,1,128,sanal,TR,,O,124,142
post_025_124,1,129,ortamda,TR,,O,124,143
post_025_124,1,130,herkes,TR,,O,124,144
post_025_124,1,131,bunu,TR,,O,124,145
post_025_124,1,132,yapiyor,TR,,O,124,146
post_025_124,1,133,"zaten!?""",TR,,O,124,147
post_025_124,1,134,dediginizi,TR,,O,124,148
post_025_124,1,135,duyar,TR,,O,124,149
post_025_124,1,136,gibiyim,TR,,O,124,150
post_025_124,1,137,ben,TR,,O,124,152
post_025_124,1,138,de,TR,,O,124,153
post_025_124,1,139,farkindayim,TR,,O,124,154
post_025_124,1,140,yonja,TR,,O,124,155
post_025_124,1,141,profil,TR,,O,124,156
post_025_124,1,142,fotografi,TR,,O,124,157
post_025_124,1,143,ana,TR,,O,124,158
post_025_124,1,144,bilim,TR,,O,124,159
post_025_124,1,145,dalinin,TR,,O,124,160
post_025_124,1,146,bulgularindan,TR,,O,124,161
post_025_124,1,147,lakin,TR,,O,124,163
post_025_124,1,148,benim,TR,,O,124,164
post_025_124,1,149,bahsettigim,TR,,O,124,165
post_025_124,1,150,biraz,TR,,O,124,166
post_025_124,1,151,daha,TR,,O,124,167
post_025_124,1,152,iddiali,TR,,O,124,168
post_025_124,1,153,kendini,TR,,O,124,169
post_025_124,1,154,sisirmeler,TR,,O,124,170
post_025_124,1,155,aleni,TR,,O,124,171
post_025_124,1,156,yalanlar,TR,,O,124,172
post_025_124,1,157,soyle,TR,,O,124,174
post_025_124,1,158,bir,TR,,O,124,175
post_025_124,1,159,ornegini,TR,,O,124,176
post_025_124,1,160,vereyim,TR,,O,124,177
post_025_124,1,161,elemanin,TR,,O,124,178
post_025_124,1,162,teki,TR,,O,124,179
post_025_124,1,163,ayligina,TR,,O,124,181
post_025_124,1,164,proje,TR,,O,124,182
post_025_124,1,165,yapmak,TR,,O,124,183
post_025_124,1,166,icin,TR,,O,124,184
post_025_124,1,167,stanford'a,NE,MIXED,B-LOC,124,185
post_025_124,1,168,gider,TR,,O,124,186
post_025_124,1,169,o,TR,,O,124,187
post_025_124,1,170,sure,TR,,O,124,188
post_025_124,1,171,icinde,TR,,O,124,189
post_025_124,1,172,kullanmasi,TR,,O,124,190
post_025_124,1,173,icin,TR,,O,124,191
post_025_124,1,174,kendisine,TR,,O,124,192
post_025_124,1,175,bir,TR,,O,124,193
post_025_124,1,176,stanford,NE,,B-ORG,124,194
post_025_124,1,177,email,TR,,O,124,195
post_025_124,1,178,adresi,TR,,O,124,196
post_025_124,1,179,verilir,TR,,O,124,197
post_025_124,1,180,eleman,TR,,O,124,199
post_025_124,1,181,da,TR,,O,124,200
post_025_124,1,182,bunu,TR,,O,124,201
post_025_124,1,183,facebook'ta,NE,MIXED,B-PROD,124,202
post_025_124,1,184,kullanir,TR,,O,124,203
post_025_124,1,185,"""stanford",NE,,B-ORG,124,204
post_025_124,1,186,"alum""(yani",TR,,O,124,205
post_025_124,1,187,mezunu!!!),TR,,O,124,206
post_025_124,1,188,networkune,MIXED,MIXED,O,124,207
post_025_124,1,189,girer,TR,,O,124,208
post_025_124,1,190,profilinde,TR,,O,124,209
post_025_124,1,191,isil,TR,,O,124,210
post_025_124,1,192,isil,TR,,O,124,211
post_025_124,1,193,stanford,NE,,B-ORG,124,212
post_025_124,1,194,alum,EN,,O,124,213
post_025_124,1,195,yazar,TR,,O,124,214
post_025_124,1,196,hayir,TR,,O,124,215
post_025_124,1,197,yani,TR,,O,124,216
post_025_124,1,198,bu,TR,,O,124,217
post_025_124,1,199,kadar,TR,,O,124,218
post_025_124,1,200,kolaysa,TR,,O,124,219
post_025_124,1,201,diplomalarina,TR,,O,124,220
post_025_124,1,202,kiclarini,TR,,O,124,221
post_025_124,1,203,silsinler,TR,,O,124,222
post_025_124,1,204,mezunlar,TR,,O,124,223
post_025_124,1,205,ya,TR,,O,124,225
post_025_124,1,206,da,TR,,O,124,226
post_025_124,1,207,yurtdisinda,TR,,O,124,227
post_025_124,1,208,yasama,TR,,O,124,228
post_025_124,1,209,ozentisi,TR,,O,124,229
post_025_124,1,210,birinin,TR,,O,124,230
post_025_124,1,211,hic,TR,,O,124,231
post_025_124,1,212,ayak,TR,,O,124,232
post_025_124,1,213,basmadigi,TR,,O,124,233
post_025_124,1,214,atiyorum,TR,,O,124,234
post_025_124,1,215,londra,NE,,B-LOC,124,235
post_025_124,1,216,regional,EN,,O,124,236
post_025_124,1,217,networkune,MIXED,MIXED,O,124,237
post_025_124,1,218,uye,TR,,O,124,238
post_025_124,1,219,olmasi,TR,,O,124,239
post_025_124,1,220,da,TR,,O,124,240
post_025_124,1,221,"""impostor""luk",MIXED,MIXED,O,124,241
post_025_124,1,222,olarak,TR,,O,124,242
post_025_124,1,223,degerlendirilebilir,TR,,O,124,243
post_025_124,1,224,facebook'un,NE,MIXED,O,124,245
post_025_124,1,225,bir,TR,,O,124,246
post_025_124,1,226,impostor,EN,,O,124,247
post_025_124,1,227,shield'i,MIXED,MIXED,O,124,248
post_025_124,1,228,yok,TR,,O,124,249
post_025_124,1,229,"henuz,",TR,,O,124,250
post_025_124,1,230,"""ezik",TR,,O,124,251
post_025_124,1,231,misin,TR,,O,124,252
post_025_124,1,232,"nesin?""",TR,,O,124,253
post_025_124,1,233,deyip,TR,,O,124,254
post_025_124,1,234,geciyoruz,TR,,O,124,255
post_025_124,1,235,edit,EN,,O,124,257
post_025_124,1,236,bir,TR,,O,124,258
post_025_124,1,237,yeni,TR,,O,124,259
post_025_124,1,238,impostor,EN,,O,124,260
post_025_124,1,239,cinsi,TR,,O,124,261
post_025_124,1,240,turemis,TR,,O,124,262
post_025_124,1,241,bunlar,TR,,O,124,263
post_025_124,1,242,da,TR,,O,124,264
post_025_124,1,243,cehaletten,TR,,O,124,265
post_025_124,1,244,muzdarip,TR,,O,124,266
post_025_124,1,245,kazara,TR,,O,124,267
post_025_124,1,246,impostorlar,MIXED,MIXED,O,124,268
post_025_124,1,247,ingilizce,NE,,B-OTHER,124,270
post_025_124,1,248,bilmedikleri,TR,,O,124,271
post_025_124,1,249,icin,TR,,O,124,272
post_025_124,1,250,oluyor,TR,,O,124,273
post_025_124,1,251,sanirim,TR,,O,124,274
post_025_124,1,252,bu,TR,,O,124,275
post_025_124,1,253,anlatacagim,TR,,O,124,276
post_025_124,1,254,sey,TR,,O,124,277
post_025_124,1,255,tahminim,TR,,O,124,278
post_025_124,1,256,o,TR,,O,124,279
post_025_124,1,257,yonde,TR,,O,124,280
post_025_124,1,258,yani,TR,,O,124,281
post_025_124,1,259,bakiyorsun,TR,,O,124,283
post_025_124,1,260,daha,TR,,O,124,284
post_025_124,1,261,universite,TR,,O,124,285
post_025_124,1,262,hazirliktan,TR,,O,124,286
post_025_124,1,263,ote,TR,,O,124,287
post_025_124,1,264,olamayacak,TR,,O,124,288
post_025_124,1,265,genc,TR,,O,124,289
post_025_124,1,266,tipler,TR,,O,124,290
post_025_124,1,267,"""x",AMBIGUOUS,,O,124,291
post_025_124,1,268,university,EN,,O,124,292
post_025_124,1,269,grad,EN,,O,124,293
post_025_124,1,270,"student""",EN,,O,124,294
post_025_124,1,271,hadi,TR,,O,124,295
post_025_124,1,272,onu,TR,,O,124,296
post_025_124,1,273,gectim,TR,,O,124,297
post_025_124,1,274,"""x",AMBIGUOUS,,O,124,298
post_025_124,1,275,university,EN,,O,124,299
post_025_124,1,276,"faculty""",EN,,O,124,300
post_025_124,1,277,secmisler,TR,,O,124,301
post_025_124,1,278,kendileri,TR,,O,124,302
post_025_124,1,279,icin,TR,,O,124,303
post_025_124,1,280,yasinda,TR,,O,124,306
post_025_124,1,281,kendilerini,TR,,O,124,307
post_025_124,1,282,hoca,TR,,O,124,308
post_025_124,1,283,olarak,TR,,O,124,309
post_025_124,1,284,gostermekle,TR,,O,124,310
post_025_124,1,285,karizma,TR,,O,124,311
post_025_124,1,286,yapacaklarini,TR,,O,124,312
post_025_124,1,287,dusunecek,TR,,O,124,313
post_025_124,1,288,kadar,TR,,O,124,314
post_025_124,1,289,salak,TR,,O,124,315
post_025_124,1,290,olduklarini,TR,,O,124,316
post_025_124,1,291,"sanmiyorum,",TR,,O,124,317
post_025_124,1,292,bu,TR,,O,124,318
post_025_124,1,293,durumda,TR,,O,124,319
post_025_124,1,294,grad,EN,,O,124,320
post_025_124,1,295,student,EN,,O,124,321
post_025_124,1,296,"nedir,",TR,,O,124,322
post_025_124,1,297,faculty,EN,,O,124,323
post_025_124,1,298,nedir,TR,,O,124,324
post_025_124,1,299,bilmedikleri,TR,,O,124,325
post_025_124,1,300,sonucu,TR,,O,124,326
post_025_124,1,301,cikiyor,TR,,O,124,327
post_025_124,1,302,facebook'ta,NE,MIXED,B-PROD,124,329
post_025_124,1,303,takilacagina,TR,,O,124,330
post_025_124,1,304,gidip,TR,,O,124,331
post_025_124,1,305,esl,EN,,O,124,332
post_025_124,1,306,kitaplarina,TR,,O,124,333
post_025_124,1,307,baksalar,TR,,O,124,334
post_025_124,1,308,biraz,TR,,O,124,335
post_025_124,1,309,daha,TR,,O,124,336
post_025_124,1,310,hayirli,TR,,O,124,337
post_025_124,1,311,olur,TR,,O,124,338
post_025_124,1,312,haklarinda,TR,,O,124,339
post_025_124,1,313,ama,TR,,O,124,340
post_025_124,1,314,iste,TR,,O,124,341
post_025_124,1,315,simdi,TR,,O,124,343
post_025_124,1,316,bunlara,TR,,O,124,344
post_025_124,1,317,gicik,TR,,O,124,345
post_025_124,1,318,olmak,TR,,O,124,346
post_025_124,1,319,dururken,TR,,O,124,347
post_025_124,1,320,niycun,TR,,O,124,348
post_025_124,1,321,gidip,TR,,O,124,349
post_025_124,1,322,de,TR,,O,124,350
post_025_124,1,323,bana,TR,,O,124,351
post_025_124,1,324,bira,TR,,O,124,352
post_025_124,1,325,yollamak,TR,,O,124,353
post_025_124,1,326,isteyen,TR,,O,124,354
post_025_124,1,327,arkadaslarima,TR,,O,124,355
post_025_124,1,328,gicik,TR,,O,124,356
post_025_124,1,329,olayim,TR,,O,124,357
post_025_124,1,330,ki,TR,,O,124,358
post_025_124,1,331,"ha,",AMBIGUOUS,,O,124,360
post_025_124,1,332,bu,TR,,O,124,361
post_025_124,1,333,"arada,",TR,,O,124,362
post_025_124,1,334,universite,TR,,O,124,363
post_025_124,1,335,arkadaslarinda,TR,,O,124,364
post_025_124,1,336,ussel,TR,,O,124,365
post_025_124,1,337,artis,TR,,O,124,366
post_025_124,1,338,"gozlemlendi,",TR,,O,124,367
post_025_124,1,339,hala,TR,,O,124,368
post_025_124,1,340,ilkokul,TR,,O,124,369
post_025_124,1,341,arkadasindan,TR,,O,124,370
post_025_124,1,342,eser,TR,,O,124,371
post_025_124,1,343,yok,TR,,O,124,372
post_026_125,1,0,sosyal,TR,,O,125,0
post_026_125,1,1,medyada,TR,,O,125,1
post_026_125,1,2,gördüğünüz,TR,,O,125,2
post_026_125,1,3,o,TR,,O,125,3
post_026_125,1,4,steroidli,TR,,O,125,4
post_026_125,1,5,kocaman,TR,,O,125,5
post_026_125,1,6,kişilere,TR,,O,125,6
post_026_125,1,7,inanmayin,TR,,O,125,7
post_026_125,1,8,bugün,TR,,O,125,9
post_026_125,1,9,sosyal,TR,,O,125,10
post_026_125,1,10,medyada,TR,,O,125,11
post_026_125,1,11,begendiginiz,TR,,O,125,12
post_026_125,1,12,spor,TR,,O,125,13
post_026_125,1,13,hocasiyim,TR,,O,125,14
post_026_125,1,14,diyen,TR,,O,125,15
post_026_125,1,15,kişiler,TR,,O,125,16
post_026_125,1,16,antrenmanlarda,TR,,O,125,17
post_026_125,1,17,kac,TR,,O,125,18
post_026_125,1,18,kilogram,TR,,O,125,19
post_026_125,1,19,kaldiriyor,TR,,O,125,20
post_026_125,1,20,ona,TR,,O,125,21
post_026_125,1,21,bakin,TR,,O,125,22
post_026_125,1,22,steroid,TR,,O,125,24
post_026_125,1,23,hayatinizi,TR,,O,125,25
post_026_125,1,24,ve,TR,,O,125,26
post_026_125,1,25,vucudunuzu,TR,,O,125,27
post_026_125,1,26,mahveder,TR,,O,125,28
post_026_125,1,27,spor,TR,,O,125,29
post_026_125,1,28,icin,TR,,O,125,30
post_026_125,1,29,kendinize,TR,,O,125,31
post_026_125,1,30,sene,TR,,O,125,33
post_026_125,1,31,zaman,TR,,O,125,34
post_026_125,1,32,"taniyin,",TR,,O,125,35
post_026_125,1,33,sonra,TR,,O,125,36
post_026_125,1,34,ufak,TR,,O,125,37
post_026_125,1,35,ufak,TR,,O,125,38
post_026_125,1,36,"baslayin,",TR,,O,125,39
post_026_125,1,37,gerisi,TR,,O,125,40
post_026_125,1,38,gelir,TR,,O,125,41
post_026_125,1,39,bir,TR,,O,125,43
post_026_125,1,40,de,TR,,O,125,44
post_026_125,1,41,kendimce,TR,,O,125,45
post_026_125,1,42,öneri,TR,,O,125,46
post_026_125,1,43,"push,",EN,,O,125,48
post_026_125,1,44,"pull,",EN,,O,125,49
post_026_125,1,45,"core,",EN,,O,125,50
post_026_125,1,46,"off,",EN,,O,125,51
post_026_125,1,47,"push,",EN,,O,125,52
post_026_125,1,48,pull,EN,,O,125,53
post_026_125,1,49,legs,EN,,O,125,55
post_026_125,1,50,"core,",EN,,O,125,56
post_026_125,1,51,off,EN,,O,125,57
post_026_125,1,52,şeklinde,TR,,O,125,58
post_026_125,1,53,günlük,TR,,O,125,60
post_026_125,1,54,planlama,TR,,O,125,61
post_026_125,1,55,"yapin,",TR,,O,125,62
post_026_125,1,56,girin,TR,,O,125,63
post_026_125,1,57,chatgpt,NE,,B-PROD,125,64
post_026_125,1,58,ye,TR,,O,125,65
post_026_125,1,59,durumunuzu,TR,,O,125,66
post_026_125,1,60,anlatin,TR,,O,125,67
post_026_125,1,61,yaş,TR,,O,125,68
post_026_125,1,62,boy,TR,,O,125,69
post_026_125,1,63,kilo,TR,,O,125,70
post_026_125,1,64,ve,TR,,O,125,71
post_026_125,1,65,günlük,TR,,O,125,73
post_026_125,1,66,bu,TR,,O,125,74
post_026_125,1,67,programa,TR,,O,125,75
post_026_125,1,68,uygun,TR,,O,125,76
post_026_125,1,69,bir,TR,,O,125,77
post_026_125,1,70,plan,TR,,O,125,78
post_026_125,1,71,isteyin,TR,,O,125,79
post_026_125,1,72,ve,TR,,O,125,80
post_026_125,1,73,uygulayin,TR,,O,125,81
post_026_125,1,74,güne,TR,,O,125,84
post_026_125,1,75,kendinizi,TR,,O,125,85
post_026_125,1,76,sıkmayın,TR,,O,125,86
post_026_125,1,77,gerektiginde,TR,,O,125,88
post_026_125,1,78,off,EN,,O,125,89
post_026_125,1,79,günlerin,TR,,O,125,90
post_026_125,1,80,sayisini,TR,,O,125,91
post_026_125,1,81,artırın,TR,,O,125,92
post_026_125,1,82,ve,TR,,O,125,93
post_026_125,1,83,sabırlı,TR,,O,125,94
post_026_125,1,84,"olun,",TR,,O,125,95
post_026_125,1,85,ayrıca,TR,,O,125,96
post_026_125,1,86,chatgpt,NE,,B-PROD,125,97
post_026_125,1,87,den,TR,,O,125,98
post_026_125,1,88,bu,TR,,O,125,99
post_026_125,1,89,planı,TR,,O,125,100
post_026_125,1,90,"aldiginizda,",TR,,O,125,101
post_026_125,1,91,bu,TR,,O,125,102
post_026_125,1,92,plana,TR,,O,125,103
post_026_125,1,93,uygun,TR,,O,125,104
post_026_125,1,94,takviye,TR,,O,125,105
post_026_125,1,95,planını,TR,,O,125,106
post_026_125,1,96,da,TR,,O,125,107
post_026_125,1,97,"isteyin,",TR,,O,125,108
post_026_125,1,98,ayda,TR,,O,125,110
post_026_125,1,99,cok,TR,,O,125,111
post_026_125,1,100,iyi,TR,,O,125,112
post_026_125,1,101,bir,TR,,O,125,113
post_026_125,1,102,hale,TR,,O,125,114
post_026_125,1,103,gelirsiniz,TR,,O,125,115
post_026_125,1,104,hareketlerin,TR,,O,125,117
post_026_125,1,105,videolarını,TR,,O,125,118
post_026_125,1,106,youtube,NE,,B-PROD,125,119
post_026_125,1,107,dan,TR,,O,125,120
post_026_125,1,108,izleyin,TR,,O,125,121
post_026_125,1,109,ve,TR,,O,125,122
post_026_125,1,110,"yapin,",TR,,O,125,123
post_026_125,1,111,kendi,TR,,O,125,124
post_026_125,1,112,kendinizin,TR,,O,125,125
post_026_125,1,113,hocasi,TR,,O,125,126
post_026_125,1,114,olmadan,TR,,O,125,127
post_026_125,1,115,bu,TR,,O,125,128
post_026_125,1,116,işte,TR,,O,125,129
post_026_125,1,117,gelişim,TR,,O,125,130
post_026_125,1,118,yok,TR,,O,125,131
post_027_126,1,0,youtube'ta,NE,MIXED,B-PROD,126,0
post_027_126,1,1,sağda,TR,,O,126,1
post_027_126,1,2,solda,TR,,O,126,2
post_027_126,1,3,bunun,TR,,O,126,3
post_027_126,1,4,reklamlarını,TR,,O,126,4
post_027_126,1,5,görmekten,TR,,O,126,5
post_027_126,1,6,"bıktıysanız,",TR,,O,126,6
post_027_126,1,7,reklam,TR,,O,126,7
post_027_126,1,8,çıktığında,TR,,O,126,8
post_027_126,1,9,reklam,TR,,O,126,9
post_027_126,1,10,ayarlarını,TR,,O,126,10
post_027_126,1,11,bölümüne,TR,,O,126,11
post_027_126,1,12,girin,TR,,O,126,12
post_027_126,1,13,nokta,TR,,O,126,14
post_027_126,1,14,sembolü,TR,,O,126,15
post_027_126,1,15,çıkar,TR,,O,126,16
post_027_126,1,16,oraya,TR,,O,126,17
post_027_126,1,17,tıklayın,TR,,O,126,18
post_027_126,1,18,sonra,TR,,O,126,19
post_027_126,1,19,why,EN,,O,126,20
post_027_126,1,20,this,EN,,O,126,21
post_027_126,1,21,ad,EN,,O,126,22
post_027_126,1,22,diyor,TR,,O,126,24
post_027_126,1,23,ona,TR,,O,126,25
post_027_126,1,24,tıklayıp,TR,,O,126,26
post_027_126,1,25,ad,EN,,O,126,27
post_027_126,1,26,settings'e,MIXED,MIXED,O,126,28
post_027_126,1,27,girin,TR,,O,126,29
post_027_126,1,28,karşınıza,TR,,O,126,30
post_027_126,1,29,gelecek,TR,,O,126,31
post_027_126,1,30,iki,TR,,O,126,32
post_027_126,1,31,ayarı,TR,,O,126,33
post_027_126,1,32,"kapatın,",TR,,O,126,34
post_027_126,1,33,daha,TR,,O,126,35
post_027_126,1,34,sonra,TR,,O,126,36
post_027_126,1,35,bu,TR,,O,126,37
post_027_126,1,36,reklam,TR,,O,126,38
post_027_126,1,37,çıkmıyor,TR,,O,126,39
post_027_126,1,38,tik,NE,,B-PROD,126,41
post_027_126,1,39,tok,NE,,I-PROD,126,42
post_027_126,1,40,reklamı,TR,,O,126,43
post_027_126,1,41,çıktığında,TR,,O,126,44
post_027_126,1,42,yapmıştım,TR,,O,126,45
post_027_126,1,43,tabii,TR,,O,126,46
post_027_126,1,44,bunu,TR,,O,126,47
post_027_126,1,45,yapmanız,TR,,O,126,48
post_027_126,1,46,için,TR,,O,126,49
post_027_126,1,47,google,NE,,B-PROD,126,50
post_027_126,1,48,(youtube),NE,,B-PROD,126,51
post_027_126,1,49,hesabınızdan,TR,,O,126,52
post_027_126,1,50,giriş,TR,,O,126,53
post_027_126,1,51,yapmış,TR,,O,126,54
post_027_126,1,52,olmanız,TR,,O,126,55
post_027_126,1,53,gerekli,TR,,O,126,56
post_027_126,1,54,düzenleme,TR,,O,126,58
post_027_126,1,55,pc,EN,,O,126,59
post_027_126,1,56,kullanıcıları,TR,,O,126,60
post_027_126,1,57,ad,EN,,O,126,61
post_027_126,1,58,blocker,EN,,O,126,62
post_027_126,1,59,uygulamaları,TR,,O,126,63
post_027_126,1,60,ile,TR,,O,126,64
post_027_126,1,61,kurtulabilirler,TR,,O,126,65
post_027_126,1,62,ama,TR,,O,126,66
post_027_126,1,63,mobil,TR,,O,126,67
post_027_126,1,64,için,TR,,O,126,68
post_027_126,1,65,(android'de,NE,MIXED,B-PROD,126,69
post_027_126,1,66,ek,TR,,O,126,70
post_027_126,1,67,uygulama,TR,,O,126,71
post_027_126,1,68,var,TR,,O,126,72
post_027_126,1,69,mı,TR,,O,126,73
post_027_126,1,70,bilmiyorum),TR,,O,126,74
post_027_126,1,71,youtube,NE,,B-PROD,126,75
post_027_126,1,72,uygulamasında,TR,,O,126,76
post_027_126,1,73,reklam,TR,,O,126,77
post_027_126,1,74,görmek,TR,,O,126,78
post_027_126,1,75,kaçınılmazdır,TR,,O,126,79
post_028_127,1,0,kisilestirirsek,TR,,O,127,0
post_028_127,1,1,"""just",EN,,O,127,1
post_028_127,1,2,wait,EN,,O,127,2
post_028_127,1,3,till,EN,,O,127,3
post_028_127,1,4,the,EN,,O,127,4
post_028_127,1,5,jujuman,EN,,O,127,5
post_028_127,1,6,comes,EN,,O,127,6
post_028_127,1,7,for,EN,,O,127,7
post_028_127,1,8,"you""",EN,,O,127,8
post_028_127,1,9,sozlerindeki,TR,,O,127,9
post_028_127,1,10,"""jujuman"",",EN,,O,127,10
post_028_127,1,11,"buyucu,",TR,,O,127,11
post_028_127,1,12,gelecegi,TR,,O,127,12
post_028_127,1,13,vakit,TR,,O,127,13
post_028_127,1,14,"beklenen,",TR,,O,127,14
post_028_127,1,15,gidecegi,TR,,O,127,15
post_028_127,1,16,vakit,TR,,O,127,16
post_028_127,1,17,bilinmeyen,TR,,O,127,17
post_028_127,1,18,bisi,TR,,O,127,18
post_029_128,1,0,çok,TR,,O,128,0
post_029_128,1,1,şahane,TR,,O,128,1
post_029_128,1,2,yayıncıları,TR,,O,128,2
post_029_128,1,3,barındıran,TR,,O,128,3
post_029_128,1,4,platform,AMBIGUOUS,,O,128,4
post_029_128,1,5,bu,TR,,O,128,6
post_029_128,1,6,ara,TR,,O,128,7
post_029_128,1,7,it,EN,,O,128,8
post_029_128,1,8,security,EN,,O,128,9
post_029_128,1,9,olayına,TR,,O,128,10
post_029_128,1,10,kafayı,TR,,O,128,11
post_029_128,1,11,taktım,TR,,O,128,12
post_029_128,1,12,birkaç,TR,,O,128,14
post_029_128,1,13,adam,TR,,O,128,15
post_029_128,1,14,gayet,TR,,O,128,16
post_029_128,1,15,enerjik,TR,,O,128,17
post_029_128,1,16,bir,TR,,O,128,18
post_029_128,1,17,şekilde,TR,,O,128,19
post_029_128,1,18,bildiklerini,TR,,O,128,20
post_029_128,1,19,sular,TR,,O,128,21
post_029_128,1,20,seller,EN,,O,128,22
post_029_128,1,21,gibi,TR,,O,128,23
post_029_128,1,22,anlatıyor,TR,,O,128,24
post_029_128,1,23,sırf,TR,,O,128,26
post_029_128,1,24,bu,TR,,O,128,27
post_029_128,1,25,yüzden,TR,,O,128,28
post_029_128,1,26,istemesem,TR,,O,128,29
post_029_128,1,27,de,TR,,O,128,30
post_029_128,1,28,dahil,TR,,O,128,31
post_029_128,1,29,oldum,TR,,O,128,32
post_029_128,1,30,buraya,TR,,O,128,33
post_030_129,1,0,çağın,TR,,O,129,0
post_030_129,1,1,şirketi,TR,,O,129,1
post_030_129,1,2,techbro'ların,MIXED,MIXED,O,129,2
post_030_129,1,3,elinde,TR,,O,129,3
post_030_129,1,4,oyuncak,TR,,O,129,4
post_030_129,1,5,o,TR,,O,129,5
post_030_129,1,6,biraz,TR,,O,129,6
post_030_129,1,7,şey,TR,,O,129,7
post_031_130,1,0,bu,TR,,O,130,0
post_031_130,1,1,sezonunda,TR,,O,130,1
post_031_130,1,2,da,TR,,O,130,2
post_031_130,1,3,high,EN,,O,130,3
post_031_130,1,4,definition,EN,,O,130,4
post_031_130,1,5,yayın,TR,,O,130,5
post_031_130,1,6,yapılmayacak,TR,,O,130,6
post_031_130,1,7,organizasyon,TR,,O,130,7
post_031_130,1,8,dünya,TR,,O,130,9
post_031_130,1,9,üzerinde,TR,,O,130,10
post_031_130,1,10,böyle,TR,,O,130,11
post_031_130,1,11,bir,TR,,O,130,12
post_031_130,1,12,çapta,TR,,O,130,13
post_031_130,1,13,izleyici,TR,,O,130,14
post_031_130,1,14,kitlesine,TR,,O,130,15
post_031_130,1,15,ulaşıpta,TR,,O,130,16
post_031_130,1,16,hd,EN,,O,130,17
post_031_130,1,17,yayın,TR,,O,130,18
post_031_130,1,18,yapmayan,TR,,O,130,19
post_031_130,1,19,tek,TR,,O,130,20
post_031_130,1,20,organizasyon,TR,,O,130,21
post_031_130,1,21,olması,TR,,O,130,22
post_031_130,1,22,muhtemel,TR,,O,130,23
post_031_130,1,23,edit,EN,,O,130,24
post_031_130,1,24,anladığım,TR,,O,130,25
post_031_130,1,25,kadarıyla,TR,,O,130,26
post_031_130,1,26,hd,EN,,O,130,27
post_031_130,1,27,yayın,TR,,O,130,28
post_031_130,1,28,fom'un,NE,MIXED,B-ORG,130,29
post_031_130,1,29,nasıl,TR,,O,130,30
post_031_130,1,30,yayın,TR,,O,130,31
post_031_130,1,31,yaptığına,TR,,O,130,32
post_031_130,1,32,ve,TR,,O,130,33
post_031_130,1,33,arada,TR,,O,130,34
post_031_130,1,34,fuji,NE,,B-ORG,130,35
post_031_130,1,35,tv,NE,,I-ORG,130,36
post_031_130,1,36,gibi,TR,,O,130,37
post_031_130,1,37,kendi,TR,,O,130,38
post_031_130,1,38,çekimini,TR,,O,130,39
post_031_130,1,39,hd,EN,,O,130,40
post_031_130,1,40,yapıp,TR,,O,130,41
post_031_130,1,41,dünyaya,TR,,O,130,42
post_031_130,1,42,gönderen,TR,,O,130,43
post_031_130,1,43,kanallara,TR,,O,130,44
post_031_130,1,44,bağlıymış,TR,,O,130,45
post_031_130,1,45,ve,TR,,O,130,46
post_031_130,1,46,fom'un,NE,MIXED,B-ORG,130,47
post_031_130,1,47,hd,EN,,O,130,48
post_031_130,1,48,yayın,TR,,O,130,49
post_031_130,1,49,yapma,TR,,O,130,50
post_031_130,1,50,gibi,TR,,O,130,51
post_031_130,1,51,bir,TR,,O,130,52
post_031_130,1,52,planı,TR,,O,130,53
post_031_130,1,53,yokmuş,TR,,O,130,54
post_031_130,1,54,mademli,TR,,O,130,56
post_031_130,1,55,bagnum'a,TR,,O,130,57
post_031_130,1,56,teşekkürler,TR,,O,130,58
post_032_131,1,0,bi,TR,,O,131,0
post_032_131,1,1,konu,TR,,O,131,1
post_032_131,1,2,hakkında,TR,,O,131,2
post_032_131,1,3,arama,TR,,O,131,3
post_032_131,1,4,"yaptığınızda,",TR,,O,131,4
post_032_131,1,5,siz,TR,,O,131,5
post_032_131,1,6,okurken,TR,,O,131,6
post_032_131,1,7,yeni,TR,,O,131,7
post_032_131,1,8,gelen,TR,,O,131,8
post_032_131,1,9,mesajları,TR,,O,131,9
post_032_131,1,10,üstte,TR,,O,131,10
post_032_131,1,11,"""xx",TR,,O,131,11
post_032_131,1,12,more,EN,,O,131,12
post_032_131,1,13,results,EN,,O,131,13
post_032_131,1,14,since,EN,,O,131,14
post_032_131,1,15,you,EN,,O,131,15
post_032_131,1,16,started,EN,,O,131,16
post_032_131,1,17,searching,EN,,O,131,17
post_032_131,1,18,refresh,EN,,O,131,19
post_032_131,1,19,to,EN,,O,131,20
post_032_131,1,20,see,EN,,O,131,21
post_032_131,1,21,them,EN,,O,131,22
post_032_131,1,22,notuyla,TR,,O,131,25
post_032_131,1,23,iletir,TR,,O,131,26
post_032_131,1,24,ama,TR,,O,131,27
post_032_131,1,25,bunları,TR,,O,131,28
post_032_131,1,26,otomatik,TR,,O,131,29
post_032_131,1,27,yükleyemez,TR,,O,131,30
post_032_131,1,28,oldu,TR,,O,131,32
post_032_131,1,29,paşam,TR,,O,131,33
post_033_132,1,0,sadece,TR,,O,132,0
post_033_132,1,1,sitcomları,MIXED,MIXED,O,132,1
post_033_132,1,2,için,TR,,O,132,2
post_033_132,1,3,üye,TR,,O,132,3
post_033_132,1,4,olduğum,TR,,O,132,4
post_033_132,1,5,platform,AMBIGUOUS,,O,132,5
post_033_132,1,6,seinfeld,NE,,B-TITLE,132,7
post_033_132,1,7,the,NE,,B-TITLE,132,8
post_033_132,1,8,office,NE,,I-TITLE,132,9
post_033_132,1,9,parks,NE,,B-TITLE,132,10
post_033_132,1,10,and,NE,,I-TITLE,132,11
post_033_132,1,11,recreation,NE,,I-TITLE,132,12
post_033_132,1,12,community,NE,,B-TITLE,132,13
post_033_132,1,13,bir,TR,,O,132,14
post_033_132,1,14,de,TR,,O,132,15
post_033_132,1,15,şunların,TR,,O,132,16
post_033_132,1,16,yanına,TR,,O,132,17
post_033_132,1,17,friends,NE,,B-TITLE,132,18
post_033_132,1,18,ekleseniz,TR,,O,132,19
post_033_132,1,19,ölene,TR,,O,132,20
post_033_132,1,20,kadar,TR,,O,132,21
post_033_132,1,21,sizdeyim,TR,,O,132,22
post_034_133,1,0,shazam'la,NE,MIXED,B-PROD,133,0
post_034_133,1,1,bağlantısı,TR,,O,133,1
post_034_133,1,2,süper,TR,,O,133,2
post_034_133,1,3,pratik,TR,,O,133,3
post_034_133,1,4,olan,TR,,O,133,4
post_034_133,1,5,harika,TR,,O,133,5
post_034_133,1,6,şey,TR,,O,133,6
post_034_133,1,7,hele,TR,,O,133,8
post_034_133,1,8,de,TR,,O,133,9
post_034_133,1,9,offline,EN,,O,133,10
post_034_133,1,10,dinleme,TR,,O,133,11
post_034_133,1,11,olayı,TR,,O,133,12
post_034_133,1,12,var,TR,,O,133,13
post_034_133,1,13,ya,TR,,O,133,14
post_034_133,1,14,tadından,TR,,O,133,15
post_034_133,1,15,denmez,TR,,O,133,16
post_034_133,1,16,iyi,TR,,O,133,18
post_034_133,1,17,ki,TR,,O,133,19
post_034_133,1,18,geldi,TR,,O,133,20
post_034_133,1,19,türkiye'ye,NE,MIXED,B-LOC,133,21
post_034_133,1,20,valla,TR,,O,133,22
post_035_134,1,0,mira,NE,,B-PER,134,0
post_035_134,1,1,murati,NE,,I-PER,134,1
post_035_134,1,2,(cto)'dan,MIXED,MIXED,O,134,2
post_035_134,1,3,sonra,TR,,O,134,3
post_035_134,1,4,bob,NE,,B-PER,134,4
post_035_134,1,5,mcgrew,NE,,I-PER,134,5
post_035_134,1,6,(chief,EN,,O,134,6
post_035_134,1,7,research,EN,,O,134,7
post_035_134,1,8,officer),EN,,O,134,8
post_035_134,1,9,da,TR,,O,134,9
post_035_134,1,10,güle,TR,,O,134,10
post_035_134,1,11,güle,TR,,O,134,11
post_035_134,1,12,demiş:,TR,,O,134,12
post_035_134,1,13,bir,TR,,O,134,14
post_035_134,1,14,şeyler,TR,,O,134,15
post_035_134,1,15,"oluyor,",TR,,O,134,16
post_035_134,1,16,içerisi,TR,,O,134,17
post_035_134,1,17,kaynıyor,TR,,O,134,18
post_035_134,1,18,ama,TR,,O,134,19
post_035_134,1,19,kimse,TR,,O,134,20
post_035_134,1,20,çıkıp,TR,,O,134,21
post_035_134,1,21,kral,TR,,O,134,22
post_035_134,1,22,çıplak,TR,,O,134,23
post_035_134,1,23,demiyor,TR,,O,134,24
post_036_135,1,0,onlar,TR,,O,135,0
post_036_135,1,1,varken,TR,,O,135,1
post_036_135,1,2,bile,TR,,O,135,2
post_036_135,1,3,zor,TR,,O,135,3
post_036_135,1,4,tahammül,TR,,O,135,4
post_036_135,1,5,edilen,TR,,O,135,5
post_036_135,1,6,bu,TR,,O,135,6
post_036_135,1,7,dünya,TR,,O,135,7
post_036_135,1,8,olmasalardı,TR,,O,135,8
post_036_135,1,9,hepten,TR,,O,135,9
post_036_135,1,10,çekilmez,TR,,O,135,10
post_036_135,1,11,olurdu,TR,,O,135,11
post_036_135,1,12,iyi,TR,,O,135,13
post_036_135,1,13,ki,TR,,O,135,14
post_036_135,1,14,varsınız,TR,,O,135,15
post_036_135,1,15,james,NE,,B-PER,135,17
post_036_135,1,16,bond'un,NE,MIXED,I-PER,135,18
post_036_135,1,17,da,TR,,O,135,19
post_036_135,1,18,her,TR,,O,135,20
post_036_135,1,19,zaman,TR,,O,135,21
post_036_135,1,20,söylediği,TR,,O,135,22
post_036_135,1,21,gibi,TR,,O,135,23
post_036_135,1,22,"""bir",TR,,O,135,24
post_036_135,1,23,çift,TR,,O,135,25
post_036_135,1,24,asla,TR,,O,135,26
post_036_135,1,25,yetmez,TR,,O,135,27
post_036_135,1,26,one,EN,,O,135,28
post_036_135,1,27,pair,EN,,O,135,29
post_036_135,1,28,is,EN,,O,135,30
post_036_135,1,29,not,EN,,O,135,31
post_036_135,1,30,"enough""",EN,,O,135,32
post_037_136,1,0,insanların,TR,,O,136,0
post_037_136,1,1,düşüncelerini,TR,,O,136,1
post_037_136,1,2,belirtmesi,TR,,O,136,2
post_037_136,1,3,için,TR,,O,136,3
post_037_136,1,4,değil,TR,,O,136,4
post_037_136,1,5,echo,EN,,O,136,5
post_037_136,1,6,chamber,EN,,O,136,6
post_037_136,1,7,kurması,TR,,O,136,7
post_037_136,1,8,için,TR,,O,136,8
post_037_136,1,9,yapılmış,TR,,O,136,9
post_037_136,1,10,websitesidir,MIXED,MIXED,O,136,10
post_037_136,1,11,r/geopolitics'de,NE,MIXED,B-PROD,136,12
post_037_136,1,12,türkiye,TR,,O,136,13
post_037_136,1,13,haklında,TR,,O,136,14
post_037_136,1,14,yapılan,TR,,O,136,15
post_037_136,1,15,ikiyüzlülük,TR,,O,136,16
post_037_136,1,16,hakkında,TR,,O,136,17
post_037_136,1,17,bir,TR,,O,136,18
post_037_136,1,18,paylaşım,TR,,O,136,19
post_037_136,1,19,yapmamın,TR,,O,136,20
post_037_136,1,20,ardından,TR,,O,136,21
post_037_136,1,21,çeşitli,TR,,O,136,22
post_037_136,1,22,bahanelerle,TR,,O,136,23
post_037_136,1,23,paylaşımımın,TR,,O,136,24
post_037_136,1,24,kaldırılıp,TR,,O,136,25
post_037_136,1,25,itiraz,TR,,O,136,26
post_037_136,1,26,edince,TR,,O,136,27
post_037_136,1,27,de,TR,,O,136,28
post_037_136,1,28,komple,TR,,O,136,29
post_037_136,1,29,subreddit'den,MIXED,MIXED,O,136,30
post_037_136,1,30,banlanmam,TR,,O,136,31
post_037_136,1,31,buna,TR,,O,136,32
post_037_136,1,32,örnektir,TR,,O,136,33
post_038_137,1,0,followers,EN,,O,137,0
post_038_137,1,1,kısmında,TR,,O,137,1
post_038_137,1,2,bir,TR,,O,137,2
post_038_137,1,3,bug,EN,,O,137,3
post_038_137,1,4,olduğunu,TR,,O,137,4
post_038_137,1,5,düşündüğüm,TR,,O,137,5
post_038_137,1,6,popüler,TR,,O,137,6
post_038_137,1,7,sosyal,TR,,O,137,7
post_038_137,1,8,paylaşım,TR,,O,137,8
post_038_137,1,9,sitesi,TR,,O,137,9
post_038_137,1,10,şöyle;,TR,,O,137,11
post_038_137,1,11,ne,TR,,O,137,12
post_038_137,1,12,zamandır,TR,,O,137,13
post_038_137,1,13,dikkat,TR,,O,137,14
post_038_137,1,14,ediyorum,TR,,O,137,15
post_038_137,1,15,beni,TR,,O,137,17
post_038_137,1,16,takip,TR,,O,137,18
post_038_137,1,17,edenlerin,TR,,O,137,19
post_038_137,1,18,sayısı,TR,,O,137,20
post_038_137,1,19,çoğu,TR,,O,137,21
post_038_137,1,20,zaman,TR,,O,137,22
post_038_137,1,21,olarak,TR,,O,137,24
post_038_137,1,22,görünüyor,TR,,O,137,25
post_038_137,1,23,her,TR,,O,137,27
post_038_137,1,24,defasında,TR,,O,137,28
post_038_137,1,25,değil,TR,,O,137,29
post_038_137,1,26,ama,TR,,O,137,30
post_038_137,1,27,genel,TR,,O,137,31
post_038_137,1,28,olarak,TR,,O,137,32
post_038_137,1,29,böyle,TR,,O,137,33
post_038_137,1,30,sonra,TR,,O,137,35
post_038_137,1,31,"tıklayıp,",TR,,O,137,36
post_038_137,1,32,acaba,TR,,O,137,37
post_038_137,1,33,yeni,TR,,O,137,38
post_038_137,1,34,biri,TR,,O,137,39
post_038_137,1,35,mi,TR,,O,137,40
post_038_137,1,36,takip,TR,,O,137,41
post_038_137,1,37,listesine,TR,,O,137,42
post_038_137,1,38,ekledi,TR,,O,137,43
post_038_137,1,39,diye,TR,,O,137,44
post_038_137,1,40,baktığımda,TR,,O,137,45
post_038_137,1,41,ise,TR,,O,137,46
post_038_137,1,42,gerçek,TR,,O,137,47
post_038_137,1,43,sayıyı,TR,,O,137,48
post_038_137,1,44,görüyorum,TR,,O,137,49
post_038_137,1,45,bu,TR,,O,137,51
post_038_137,1,46,durumu,TR,,O,137,52
post_038_137,1,47,hala,TR,,O,137,53
post_038_137,1,48,tam,TR,,O,137,54
post_038_137,1,49,çözebilmiş,TR,,O,137,55
post_038_137,1,50,değilim,TR,,O,137,56
post_039_138,1,0,i,EN,,O,138,1
post_039_138,1,1,have,EN,,O,138,2
post_039_138,1,2,no,EN,,O,138,3
post_039_138,1,3,past,EN,,O,138,4
post_039_138,1,4,without,EN,,O,138,5
post_039_138,1,5,you,EN,,O,138,6
post_039_138,1,6,i,EN,,O,138,8
post_039_138,1,7,have,EN,,O,138,9
post_039_138,1,8,no,EN,,O,138,10
post_039_138,1,9,present,EN,,O,138,11
post_039_138,1,10,with,EN,,O,138,12
post_039_138,1,11,you,EN,,O,138,13
post_039_138,1,12,all,EN,,O,138,15
post_039_138,1,13,i,EN,,O,138,16
post_039_138,1,14,"have,",EN,,O,138,17
post_039_138,1,15,is,EN,,O,138,18
post_039_138,1,16,a,EN,,O,138,19
post_039_138,1,17,future;,EN,,O,138,20
post_039_138,1,18,with,EN,,O,138,21
post_039_138,1,19,you,EN,,O,138,22
post_039_138,1,20,"fuck,",EN,,O,138,24
post_039_138,1,21,i,EN,,O,138,25
post_039_138,1,22,don't,EN,,O,138,26
post_039_138,1,23,know,EN,,O,138,27
post_039_138,1,24,"anything,",EN,,O,138,28
post_039_138,1,25,but,EN,,O,138,29
post_039_138,1,26,i'm,EN,,O,138,30
post_039_138,1,27,more,EN,,O,138,31
post_039_138,1,28,than,EN,,O,138,32
post_039_138,1,29,willing,EN,,O,138,33
post_039_138,1,30,to,EN,,O,138,34
post_039_138,1,31,take,EN,,O,138,35
post_039_138,1,32,a,EN,,O,138,36
post_039_138,1,33,chance,EN,,O,138,37
post_039_138,1,34,buymus,TR,,O,138,39
post_040_139,1,0,friendfeed,NE,,B-PROD,139,0
post_040_139,1,1,ile,TR,,O,139,1
post_040_139,1,2,karşılaştırılması,TR,,O,139,2
post_040_139,1,3,gereksiz,TR,,O,139,3
post_040_139,1,4,bir,TR,,O,139,4
post_040_139,1,5,sitedir,TR,,O,139,5
post_040_139,1,6,twitter,NE,,B-PROD,139,7
post_040_139,1,7,hem,TR,,O,139,8
post_040_139,1,8,işlevsellik,TR,,O,139,9
post_040_139,1,9,hem,TR,,O,139,10
post_040_139,1,10,de,TR,,O,139,11
post_040_139,1,11,dünya,TR,,O,139,12
post_040_139,1,12,tarafından,TR,,O,139,13
post_040_139,1,13,kullanılma,TR,,O,139,14
post_040_139,1,14,yüzdesi,TR,,O,139,15
post_040_139,1,15,ile,TR,,O,139,16
post_040_139,1,16,fark,TR,,O,139,17
post_040_139,1,17,atar,TR,,O,139,18
post_040_139,1,18,örnek,TR,,O,139,20
post_040_139,1,19,"olarak,",TR,,O,139,21
post_040_139,1,20,miranda,NE,,B-PROD,139,22
post_040_139,1,21,ile,TR,,O,139,23
post_040_139,1,22,windows,NE,,B-PROD,139,24
post_040_139,1,23,live,NE,,I-PROD,139,25
post_040_139,1,24,messenger,NE,,I-PROD,139,26
post_040_139,1,25,karşılaştırması,TR,,O,139,27
post_040_139,1,26,"gibidir,",TR,,O,139,28
post_040_139,1,27,wlm,NE,,B-PROD,139,29
post_040_139,1,28,her,TR,,O,139,30
post_040_139,1,29,şekilde,TR,,O,139,31
post_040_139,1,30,sağlam,TR,,O,139,32
post_040_139,1,31,fark,TR,,O,139,33
post_040_139,1,32,atar,TR,,O,139,34
post_040_139,1,33,yani,TR,,O,139,35
post_040_139,1,34,diyeceksin,TR,,O,139,37
post_040_139,1,35,"ki,",TR,,O,139,38
post_040_139,1,36,"""fazla",TR,,O,139,39
post_040_139,1,37,kişinin,TR,,O,139,40
post_040_139,1,38,kullanması,TR,,O,139,41
post_040_139,1,39,onu,TR,,O,139,42
post_040_139,1,40,güzel,TR,,O,139,43
post_040_139,1,41,yapmaz,TR,,O,139,44
post_040_139,1,42,"ki.""",TR,,O,139,45
post_040_139,1,43,nebuch,NE,,B-PER,139,46
post_040_139,1,44,durur,TR,,O,139,47
post_040_139,1,45,mu,TR,,O,139,48
post_040_139,1,46,hemen,TR,,O,139,49
post_040_139,1,47,yapıştırmış,TR,,O,139,50
post_040_139,1,48,cevabı;,TR,,O,139,51
post_040_139,1,49,"""lan",TR,,O,139,52
post_040_139,1,50,"dallama,",TR,,O,139,53
post_040_139,1,51,bir,TR,,O,139,54
post_040_139,1,52,sosyal,TR,,O,139,55
post_040_139,1,53,medya,TR,,O,139,56
post_040_139,1,54,platformunun,TR,,O,139,57
post_040_139,1,55,en,TR,,O,139,58
post_040_139,1,56,önemli,TR,,O,139,59
post_040_139,1,57,özelliği,TR,,O,139,60
post_040_139,1,58,onu,TR,,O,139,61
post_040_139,1,59,kullanan,TR,,O,139,62
post_040_139,1,60,kişi,TR,,O,139,63
post_040_139,1,61,sayısıdır,TR,,O,139,64
post_040_139,1,62,aktif,TR,,O,139,66
post_040_139,1,63,üye,TR,,O,139,67
post_040_139,1,64,sayısıdır,TR,,O,139,68
post_040_139,1,65,twitter'da,NE,MIXED,B-PROD,139,70
post_040_139,1,66,hugo,NE,,B-PER,139,71
post_040_139,1,67,chavez,NE,,I-PER,139,72
post_040_139,1,68,bile,TR,,O,139,73
post_040_139,1,69,var,TR,,O,139,74
post_040_139,1,70,friendfeed'de,NE,MIXED,B-PROD,139,76
post_040_139,1,71,kim,TR,,O,139,77
post_040_139,1,72,var,TR,,O,139,78
post_040_139,1,73,bir,TR,,O,139,80
post_040_139,1,74,avuç,TR,,O,139,81
post_040_139,1,75,foto,TR,,O,139,82
post_040_139,1,76,altı,TR,,O,139,83
post_040_139,1,77,"yorumcusu.""",TR,,O,139,84
post_040_139,1,78,şunun,TR,,O,139,85
post_040_139,1,79,adına,TR,,O,139,86
post_040_139,1,80,"""ben",TR,,O,139,87
post_040_139,1,81,karakterde,TR,,O,139,89
post_040_139,1,82,güzel,TR,,O,139,90
post_040_139,1,83,şeyler,TR,,O,139,91
post_040_139,1,84,yazıp,TR,,O,139,92
post_040_139,1,85,takipçi,TR,,O,139,93
post_040_139,1,86,toplayamıyorum,TR,,O,139,94
post_040_139,1,87,o,TR,,O,139,95
post_040_139,1,88,yüzden,TR,,O,139,96
post_040_139,1,89,feed'lere,MIXED,MIXED,O,139,97
post_040_139,1,90,yorum,TR,,O,139,98
post_040_139,1,91,yapılan,TR,,O,139,99
post_040_139,1,92,bu,TR,,O,139,100
post_040_139,1,93,siteyi,TR,,O,139,101
post_040_139,1,94,"seçtim""",TR,,O,139,102
post_040_139,1,95,de,TR,,O,139,103
post_040_139,1,96,madem,TR,,O,139,105
post_040_139,1,97,okudun,TR,,O,139,106
post_040_139,1,98,al,TR,,O,139,107
post_040_139,1,99,izle,TR,,O,139,108
post_040_139,1,100,beni:,TR,,O,139,109
post_041_140,1,0,google,NE,,B-PROD,140,0
post_041_140,1,1,"earth,",NE,,I-PROD,140,1
post_041_140,1,2,google,NE,,B-ORG,140,2
post_041_140,1,3,"moon,",EN,,O,140,3
post_041_140,1,4,google,NE,,B-ORG,140,4
post_041_140,1,5,mars,EN,,O,140,5
post_041_140,1,6,gibi,TR,,O,140,6
post_041_140,1,7,atraksiyonlarindan,TR,,O,140,7
post_041_140,1,8,"sonra,",TR,,O,140,8
post_041_140,1,9,yakinda,TR,,O,140,9
post_041_140,1,10,cennet,TR,,O,140,10
post_041_140,1,11,ve,TR,,O,140,11
post_041_140,1,12,cehennemden,TR,,O,140,12
post_041_140,1,13,preview,EN,,O,140,13
post_041_140,1,14,almamizi,TR,,O,140,14
post_041_140,1,15,sagliycak,TR,,O,140,15
post_041_140,1,16,olan,TR,,O,140,16
post_041_140,1,17,arama,TR,,O,140,17
post_041_140,1,18,motoru,TR,,O,140,18
post_041_140,1,19,amacli,TR,,O,140,19
post_041_140,1,20,"hazirlanmi$,",TR,,O,140,20
post_041_140,1,21,a$mi$,TR,,O,140,21
post_041_140,1,22,hadise,TR,,O,140,22
post_042_141,1,0,siz,TR,,O,141,0
post_042_141,1,1,gene,TR,,O,141,1
post_042_141,1,2,de,TR,,O,141,2
post_042_141,1,3,saatlik,TR,,O,141,4
post_042_141,1,4,eğitim,TR,,O,141,5
post_042_141,1,5,videosunu,TR,,O,141,6
post_042_141,1,6,bi,TR,,O,141,7
post_042_141,1,7,izleyin,TR,,O,141,8
post_042_141,1,8,"derim,",TR,,O,141,9
post_042_141,1,9,hele,TR,,O,141,10
post_042_141,1,10,şükür,TR,,O,141,11
post_042_141,1,11,bulmuşmuş,TR,,O,141,12
post_042_141,1,12,sanki,TR,,O,141,14
post_042_141,1,13,gizli,TR,,O,141,15
post_042_141,1,14,bilgi,TR,,O,141,16
post_042_141,1,15,amk,TR,,O,141,17
post_042_141,1,16,bir,TR,,O,141,19
post_042_141,1,17,de,TR,,O,141,20
post_042_141,1,18,o,TR,,O,141,21
post_042_141,1,19,bitcoin,NE,,B-PROD,141,22
post_042_141,1,20,"için,",TR,,O,141,23
post_042_141,1,21,sen,TR,,O,141,24
post_042_141,1,22,blockchain'i,EN,,O,141,25
post_042_141,1,23,nasıl,TR,,O,141,26
post_042_141,1,24,kullanmak,TR,,O,141,27
post_042_141,1,25,istiyorsan,TR,,O,141,28
post_042_141,1,26,öyle,TR,,O,141,29
post_042_141,1,27,kullan,TR,,O,141,30
post_042_141,1,28,decentralized,EN,,O,141,32
post_042_141,1,29,olmak,TR,,O,141,33
post_042_141,1,30,zorunda,TR,,O,141,34
post_042_141,1,31,değil,TR,,O,141,35
post_042_141,1,32,zaten,TR,,O,141,36
post_042_141,1,33,ama,TR,,O,141,37
post_042_141,1,34,olsun,TR,,O,141,38
post_042_141,1,35,istiyorsan,TR,,O,141,39
post_042_141,1,36,da,TR,,O,141,40
post_042_141,1,37,buna,TR,,O,141,41
post_042_141,1,38,imkan,TR,,O,141,42
post_042_141,1,39,tanıyor,TR,,O,141,43
post_042_141,1,40,çünkü,TR,,O,141,44
post_042_141,1,41,tüm,TR,,O,141,45
post_042_141,1,42,olayı,TR,,O,141,46
post_042_141,1,43,elindeki,TR,,O,141,47
post_042_141,1,44,kopyanın,TR,,O,141,48
post_042_141,1,45,gerçek,TR,,O,141,49
post_042_141,1,46,olup,TR,,O,141,50
post_042_141,1,47,olmadığını,TR,,O,141,51
post_042_141,1,48,bilme,TR,,O,141,52
post_042_141,1,49,yolu,TR,,O,141,53
post_042_141,1,50,vermesi,TR,,O,141,54
post_042_141,1,51,ilk,TR,,O,141,56
post_042_141,1,52,ip,EN,,O,141,57
post_042_141,1,53,adresine,TR,,O,141,58
post_042_141,1,54,mecbur,TR,,O,141,59
post_042_141,1,55,tutunma,TR,,O,141,60
post_042_141,1,56,diye,TR,,O,141,61
post_042_141,1,57,bir,TR,,O,141,62
post_042_141,1,58,şey,TR,,O,141,63
post_042_141,1,59,"yok,",TR,,O,141,64
post_042_141,1,60,öyle,TR,,O,141,65
post_042_141,1,61,olsa,TR,,O,141,66
post_042_141,1,62,ilk,TR,,O,141,67
post_042_141,1,63,ip'deki,EN,,O,141,68
post_042_141,1,64,bilgisayarın,TR,,O,141,69
post_042_141,1,65,elektriğini,TR,,O,141,70
post_042_141,1,66,kesince,TR,,O,141,71
post_042_141,1,67,sistem,TR,,O,141,72
post_042_141,1,68,çökerdi,TR,,O,141,73
post_042_141,1,69,onun,TR,,O,141,75
post_042_141,1,70,yerine,TR,,O,141,76
post_042_141,1,71,bilinen,TR,,O,141,77
post_042_141,1,72,node'ları,EN,,O,141,78
post_042_141,1,73,bir,TR,,O,141,79
post_042_141,1,74,birine,TR,,O,141,80
post_042_141,1,75,duyurma,TR,,O,141,81
post_042_141,1,76,sistemi,TR,,O,141,82
post_042_141,1,77,var,TR,,O,141,83
post_042_141,1,78,decentralized'tan,MIXED,MIXED,O,141,85
post_042_141,1,79,kasıt,TR,,O,141,86
post_042_141,1,80,merkezi,TR,,O,141,87
post_042_141,1,81,kontrol,TR,,O,141,88
post_042_141,1,82,"olmaması,",TR,,O,141,89
post_042_141,1,83,yoksa,TR,,O,141,90
post_042_141,1,84,insanlık,TR,,O,141,91
post_042_141,1,85,namına,TR,,O,141,92
post_042_141,1,86,blockchain,EN,,O,141,93
post_042_141,1,87,host,EN,,O,141,94
post_042_141,1,88,et,TR,,O,141,95
post_042_141,1,89,herkes,TR,,O,141,96
post_042_141,1,90,senden,TR,,O,141,97
post_042_141,1,91,çeksin,TR,,O,141,98
post_042_141,1,92,bilmem,TR,,O,141,99
post_042_141,1,93,kaç,TR,,O,141,100
post_042_141,1,94,gb,TR,,O,141,101
post_042_141,1,95,blockchain'i,MIXED,MIXED,O,141,102
post_042_141,1,96,keyfin,TR,,O,141,104
post_042_141,1,97,bilir,TR,,O,141,105
post_042_141,1,98,olayın,TR,,O,141,107
post_042_141,1,99,özü,TR,,O,141,108
post_042_141,1,100,elden,TR,,O,141,109
post_042_141,1,101,ele,TR,,O,141,110
post_042_141,1,102,block,EN,,O,141,111
post_042_141,1,103,zinciri,TR,,O,141,112
post_042_141,1,104,verisini,TR,,O,141,113
post_042_141,1,105,iletmek,TR,,O,141,114
post_042_141,1,106,bunun,TR,,O,141,116
post_042_141,1,107,mekanikleri,TR,,O,141,117
post_042_141,1,108,çok,TR,,O,141,118
post_042_141,1,109,önemli,TR,,O,141,119
post_042_141,1,110,"değil,",TR,,O,141,120
post_042_141,1,111,bugün,TR,,O,141,121
post_042_141,1,112,böyledir,TR,,O,141,122
post_042_141,1,113,yarın,TR,,O,141,123
post_042_141,1,114,başka,TR,,O,141,124
post_042_141,1,115,bir,TR,,O,141,125
post_042_141,1,116,şekilde,TR,,O,141,126
post_042_141,1,117,olur,TR,,O,141,127
post_042_141,1,118,önemli,TR,,O,141,129
post_042_141,1,119,olan,TR,,O,141,130
post_042_141,1,120,siz,TR,,O,141,131
post_042_141,1,121,mining,EN,,O,141,132
post_042_141,1,122,yapıyorsanız,TR,,O,141,133
post_042_141,1,123,ve,TR,,O,141,134
post_042_141,1,124,block,EN,,O,141,135
post_042_141,1,125,bulduysanız,TR,,O,141,136
post_042_141,1,126,bunu,TR,,O,141,137
post_042_141,1,127,başkası,TR,,O,141,138
post_042_141,1,128,da,TR,,O,141,139
post_042_141,1,129,block,EN,,O,141,140
post_042_141,1,130,bulmadan,TR,,O,141,141
post_042_141,1,131,olabildiğince,TR,,O,141,142
post_042_141,1,132,kişiye,TR,,O,141,143
post_042_141,1,133,duyurmak,TR,,O,141,144
post_042_141,1,134,başkası,TR,,O,141,146
post_042_141,1,135,da,TR,,O,141,147
post_042_141,1,136,block,EN,,O,141,148
post_042_141,1,137,bulursa,TR,,O,141,149
post_042_141,1,138,rakip,TR,,O,141,150
post_042_141,1,139,oluyorsunuz,TR,,O,141,151
post_042_141,1,140,ve,TR,,O,141,152
post_042_141,1,141,cü,TR,,O,141,153
post_042_141,1,142,block'u,EN,,O,141,154
post_042_141,1,143,bulan,TR,,O,141,155
post_042_141,1,144,kişi,TR,,O,141,156
post_042_141,1,145,hanginizi,TR,,O,141,157
post_042_141,1,146,kaale,TR,,O,141,158
post_042_141,1,147,alırsa,TR,,O,141,159
post_042_141,1,148,o,TR,,O,141,160
post_042_141,1,149,kazanıyor,TR,,O,141,161
post_042_141,1,150,coinleri,MIXED,MIXED,O,141,162
post_042_141,1,151,çünkü,TR,,O,141,163
post_042_141,1,152,en,TR,,O,141,164
post_042_141,1,153,uzun,TR,,O,141,165
post_042_141,1,154,zincire,TR,,O,141,166
post_042_141,1,155,girmiş,TR,,O,141,167
post_042_141,1,156,oluyor,TR,,O,141,168
post_042_141,1,157,çünkü,TR,,O,141,170
post_042_141,1,158,neden,TR,,O,141,171
post_042_141,1,159,çünkü,TR,,O,141,173
post_042_141,1,160,tüm,TR,,O,141,174
post_042_141,1,161,olay,TR,,O,141,175
post_042_141,1,162,o,TR,,O,141,176
post_042_141,1,163,veri,TR,,O,141,177
post_042_141,1,164,zincirine,TR,,O,141,178
post_042_141,1,165,yeni,TR,,O,141,179
post_042_141,1,166,bir,TR,,O,141,180
post_042_141,1,167,halka,TR,,O,141,181
post_042_141,1,168,daha,TR,,O,141,182
post_042_141,1,169,eklemek,TR,,O,141,183
post_042_141,1,170,o,TR,,O,141,185
post_042_141,1,171,veri,TR,,O,141,186
post_042_141,1,172,zincirinin,TR,,O,141,187
post_042_141,1,173,iletimi,TR,,O,141,188
post_042_141,1,174,v.s,TR,,O,141,189
post_042_141,1,175,alakasız,TR,,O,141,191
post_042_141,1,176,konular,TR,,O,141,192
post_042_141,1,177,bugün,TR,,O,141,194
post_042_141,1,178,internet,TR,,O,141,195
post_042_141,1,179,yaygın,TR,,O,141,196
post_042_141,1,180,olduğu,TR,,O,141,197
post_042_141,1,181,için,TR,,O,141,198
post_042_141,1,182,internetten,TR,,O,141,199
post_042_141,1,183,iletiliyor,TR,,O,141,200
post_042_141,1,184,ya,TR,,O,141,202
post_042_141,1,185,zaten,TR,,O,141,203
post_042_141,1,186,webçi,TR,,O,141,204
post_042_141,1,187,aklınızla,TR,,O,141,205
post_042_141,1,188,matematikçi,TR,,O,141,206
post_042_141,1,189,işine,TR,,O,141,207
post_042_141,1,190,karışmayın,TR,,O,141,208
post_043_142,1,0,kullanım,TR,,O,142,0
post_043_142,1,1,oranı,TR,,O,142,1
post_043_142,1,2,her,TR,,O,142,2
post_043_142,1,3,yıl,TR,,O,142,3
post_043_142,1,4,artan,TR,,O,142,4
post_043_142,1,5,programlama,TR,,O,142,5
post_043_142,1,6,dili,TR,,O,142,6
post_043_142,1,7,özellikle,TR,,O,142,8
post_043_142,1,8,web,AMBIGUOUS,,O,142,9
post_043_142,1,9,tabanlı,TR,,O,142,10
post_043_142,1,10,uygulama,TR,,O,142,11
post_043_142,1,11,geliştiricilerinin,TR,,O,142,12
post_043_142,1,12,gözdesi,TR,,O,142,13
post_043_142,1,13,python,NE,,B-PROD,142,15
post_043_142,1,14,ile,TR,,O,142,16
post_043_142,1,15,web,TR,,O,142,17
post_043_142,1,16,programlama,TR,,O,142,18
post_043_142,1,17,yapacaksınız,TR,,O,142,19
post_043_142,1,18,en,TR,,O,142,20
post_043_142,1,19,çok,TR,,O,142,21
post_043_142,1,20,kullanılan,TR,,O,142,22
post_043_142,1,21,iki,TR,,O,142,23
post_043_142,1,22,framework,EN,,O,142,24
post_043_142,1,23,var;,TR,,O,142,25
post_043_142,1,24,django,NE,,B-PROD,142,26
post_043_142,1,25,ve,TR,,O,142,27
post_043_142,1,26,flask,NE,,B-PROD,142,28
post_043_142,1,27,ancak,TR,,O,142,30
post_043_142,1,28,pythonweb,NE,,B-PROD,142,31
post_043_142,1,29,framework,EN,,O,142,32
post_043_142,1,30,ekosistemi,TR,,O,142,33
post_043_142,1,31,oldukça,TR,,O,142,34
post_043_142,1,32,geniş,TR,,O,142,35
post_043_142,1,33,ve,TR,,O,142,36
post_043_142,1,34,her,TR,,O,142,37
post_043_142,1,35,tür,TR,,O,142,38
post_043_142,1,36,web,TR,,O,142,39
post_043_142,1,37,tabanlı,TR,,O,142,40
post_043_142,1,38,uygulama,TR,,O,142,41
post_043_142,1,39,geliştirebilirsiniz,TR,,O,142,42
post_043_142,1,40,python,NE,,B-PROD,142,44
post_043_142,1,41,web,AMBIGUOUS,,O,142,45
post_043_142,1,42,frameworklerinin,MIXED,MIXED,O,142,46
post_043_142,1,43,neler,TR,,O,142,47
post_043_142,1,44,olduğu,TR,,O,142,48
post_043_142,1,45,ve,TR,,O,142,49
post_043_142,1,46,en,TR,,O,142,50
post_043_142,1,47,çok,TR,,O,142,51
post_043_142,1,48,kullanılan,TR,,O,142,52
post_043_142,1,49,web,AMBIGUOUS,,O,142,53
post_043_142,1,50,frameworkler,MIXED,MIXED,O,142,54
post_043_142,1,51,hakkında,TR,,O,142,55
post_043_142,1,52,şöyle,TR,,O,142,56
post_043_142,1,53,bir,TR,,O,142,57
post_043_142,1,54,yaz,TR,,O,142,58
post_043_142,1,55,kaleme,TR,,O,142,59
post_043_142,1,56,aldım,TR,,O,142,60
post_043_142,1,57,web,AMBIGUOUS,,O,142,62
post_043_142,1,58,uygulama,TR,,O,142,63
post_043_142,1,59,geliştirmeyi,TR,,O,142,64
post_043_142,1,60,düşünüyorsanız,TR,,O,142,65
post_043_142,1,61,mutlaka,TR,,O,142,66
post_043_142,1,62,inceleyin,TR,,O,142,67
post_043_142,1,63,derim,TR,,O,142,68
post_043_142,1,64,en,TR,,O,142,70
post_043_142,1,65,çok,TR,,O,142,71
post_043_142,1,66,kullanılan,TR,,O,142,72
post_043_142,1,67,python,NE,,B-PROD,142,74
post_043_142,1,68,web,AMBIGUOUS,,O,142,75
post_043_142,1,69,framework'ü,MIXED,MIXED,O,142,76
post_044_143,1,0,barack,NE,,B-PER,143,0
post_044_143,1,1,obama'nın,NE,MIXED,I-PER,143,1
post_044_143,1,2,ask,EN,,O,143,2
post_044_143,1,3,me,EN,,O,143,3
post_044_143,1,4,anything,EN,,O,143,4
post_044_143,1,5,oturumu,TR,,O,143,5
post_044_143,1,6,yapmaya,TR,,O,143,6
post_044_143,1,7,çalıştığı,TR,,O,143,7
post_044_143,1,8,saat,TR,,O,143,9
post_044_143,1,9,içerisinde,TR,,O,143,10
post_044_143,1,10,çöken,TR,,O,143,11
post_044_143,1,11,site,TR,,O,143,12
post_044_143,1,12,saat,TR,,O,143,15
post_044_143,1,13,içerisinde,TR,,O,143,16
post_044_143,1,14,13000'e,TR,,O,143,17
post_044_143,1,15,yakın,TR,,O,143,18
post_044_143,1,16,yorum,TR,,O,143,19
post_044_143,1,17,girilmiş,TR,,O,143,20
post_045_144,1,0,david,NE,,B-PER,144,0
post_045_144,1,1,cassel’in,NE,MIXED,I-PER,144,1
post_045_144,1,2,sene,TR,,O,144,3
post_045_144,1,3,önce,TR,,O,144,4
post_045_144,1,4,söylenmiş,TR,,O,144,5
post_045_144,1,5,aşağıdaki,TR,,O,144,6
post_045_144,1,6,cümlesinden,TR,,O,144,7
post_045_144,1,7,web’i,TR,,O,144,8
post_045_144,1,8,çıkarıp,TR,,O,144,9
post_045_144,1,9,tiktok’u,NE,MIXED,B-PROD,144,10
post_045_144,1,10,koyarsanız,TR,,O,144,11
post_045_144,1,11,anlam,TR,,O,144,12
post_045_144,1,12,bütünlüğü,TR,,O,144,13
post_045_144,1,13,bozulmuyor,TR,,O,144,14
post_045_144,1,14,“it,EN,,O,144,16
post_045_144,1,15,became,EN,,O,144,17
post_045_144,1,16,emblematic,EN,,O,144,18
post_045_144,1,17,of,EN,,O,144,19
post_045_144,1,18,how,EN,,O,144,20
post_045_144,1,19,the,EN,,O,144,21
post_045_144,1,20,web,EN,,O,144,22
post_045_144,1,21,was,EN,,O,144,23
post_045_144,1,22,different,EN,,O,144,24
post_045_144,1,23,from,EN,,O,144,25
post_045_144,1,24,all,EN,,O,144,26
post_045_144,1,25,media,EN,,O,144,27
post_045_144,1,26,that,EN,,O,144,28
post_045_144,1,27,had,EN,,O,144,29
post_045_144,1,28,come,EN,,O,144,30
post_045_144,1,29,before,EN,,O,144,31
post_045_144,1,30,it,EN,,O,144,32
post_045_144,1,31,you,EN,,O,144,34
post_045_144,1,32,could,EN,,O,144,35
post_045_144,1,33,have,EN,,O,144,36
post_045_144,1,34,a,EN,,O,144,37
post_045_144,1,35,great,EN,,O,144,38
post_045_144,1,36,and,EN,,O,144,39
post_045_144,1,37,grand,EN,,O,144,40
post_045_144,1,38,"silliness,",EN,,O,144,41
post_045_144,1,39,and,EN,,O,144,42
post_045_144,1,40,you,EN,,O,144,43
post_045_144,1,41,could,EN,,O,144,44
post_045_144,1,42,share,EN,,O,144,45
post_045_144,1,43,it.”,EN,,O,144,46
post_045_144,1,44,david,NE,,B-PER,144,47
post_045_144,1,45,cassel,NE,,I-PER,144,48
post_045_144,1,46,(bkz:,TR,,O,144,49
post_045_144,1,47,deidre,TR,,B-PER,144,50
post_045_144,1,48,lacarte),TR,,I-PER,144,51
post_046_145,1,0,saçma,TR,,O,145,0
post_046_145,1,1,diyenler,TR,,O,145,1
post_046_145,1,2,gitsin,TR,,O,145,2
post_046_145,1,3,onedio,NE,,B-PROD,145,3
post_046_145,1,4,sayfasında,TR,,O,145,4
post_046_145,1,5,takılsın,TR,,O,145,5
post_046_145,1,6,içerdiği,TR,,O,145,7
post_046_145,1,7,subredditler,MIXED,MIXED,O,145,8
post_046_145,1,8,belirli,TR,,O,145,9
post_046_145,1,9,tip,TR,,O,145,10
post_046_145,1,10,insanların,TR,,O,145,11
post_046_145,1,11,biraraya,TR,,O,145,12
post_046_145,1,12,gelip,TR,,O,145,13
post_046_145,1,13,takıldığı,TR,,O,145,14
post_046_145,1,14,aynı,TR,,O,145,15
post_046_145,1,15,zevkler,TR,,O,145,16
post_046_145,1,16,üzerine,TR,,O,145,17
post_046_145,1,17,fikir,TR,,O,145,18
post_046_145,1,18,paylaşıldığı,TR,,O,145,19
post_046_145,1,19,mükemmel,TR,,O,145,20
post_046_145,1,20,küçük,TR,,O,145,21
post_046_145,1,21,forumlardır,TR,,O,145,22
post_046_145,1,22,ekşi,NE,,B-PROD,145,24
post_046_145,1,23,sözlükteki,NE,,I-PROD,145,25
post_046_145,1,24,gibi,TR,,O,145,26
post_046_145,1,25,yok,TR,,O,145,27
post_046_145,1,26,galatasarayın,TR,,O,145,28
post_046_145,1,27,maçıymış,TR,,O,145,29
post_046_145,1,28,yok,TR,,O,145,30
post_046_145,1,29,tecavüz,TR,,O,145,31
post_046_145,1,30,haberiymiş,TR,,O,145,32
post_046_145,1,31,oğlak,TR,,O,145,33
post_046_145,1,32,burcu,TR,,O,145,34
post_046_145,1,33,erkeğine,TR,,O,145,35
post_046_145,1,34,yapılmaması,TR,,O,145,36
post_046_145,1,35,gereklermiş,TR,,O,145,37
post_046_145,1,36,şeyler,TR,,O,145,38
post_046_145,1,37,yok,TR,,O,145,39
post_046_145,1,38,doğa,TR,,O,145,40
post_046_145,1,39,manyağı,TR,,O,145,41
post_046_145,1,40,mısın,TR,,O,145,42
post_046_145,1,41,"""gidersin",TR,,O,145,43
post_046_145,1,42,nature,EN,,O,145,44
post_046_145,1,43,is,EN,,O,145,45
post_046_145,1,44,fucking,EN,,O,145,46
post_046_145,1,45,"lit""e",MIXED,MIXED,O,145,47
post_046_145,1,46,bir,TR,,O,145,48
post_046_145,1,47,şey,TR,,O,145,49
post_046_145,1,48,mi,TR,,O,145,50
post_046_145,1,49,sorucaksın,TR,,O,145,51
post_046_145,1,50,git,TR,,O,145,52
post_046_145,1,51,"""askreddit""",EN,,O,145,53
post_046_145,1,52,",doğayı",TR,,O,145,54
post_046_145,1,53,çok,TR,,O,145,55
post_046_145,1,54,sevip,TR,,O,145,56
post_046_145,1,55,gerçek,TR,,O,145,57
post_046_145,1,56,hayatta,TR,,O,145,58
post_046_145,1,57,ulaşamıyor,TR,,O,145,59
post_046_145,1,58,musun,TR,,O,145,60
post_046_145,1,59,gidersin,TR,,O,145,61
post_046_145,1,60,"""earthporn""",EN,,O,145,62
post_046_145,1,61,vs,TR,,O,145,63
post_046_145,1,62,tasarım,TR,,O,145,65
post_046_145,1,63,bakımında,TR,,O,145,66
post_046_145,1,64,ise,TR,,O,145,67
post_046_145,1,65,yaşındaki,TR,,O,145,69
post_046_145,1,66,çocuğun,TR,,O,145,70
post_046_145,1,67,bile,TR,,O,145,71
post_046_145,1,68,anlayabileceği,TR,,O,145,72
post_046_145,1,69,basit,TR,,O,145,73
post_046_145,1,70,tasarımı,TR,,O,145,74
post_046_145,1,71,vardır,TR,,O,145,75
post_047_146,1,0,semantic,EN,,O,146,0
post_047_146,1,1,searche,MIXED,MIXED,O,146,1
post_047_146,1,2,başladığını,TR,,O,146,2
post_047_146,1,3,duyurmuş.**,TR,,O,146,3
post_048_147,1,0,dünyanın,TR,,O,147,0
post_048_147,1,1,en,TR,,O,147,1
post_048_147,1,2,pratik,TR,,O,147,2
post_048_147,1,3,ve,TR,,O,147,3
post_048_147,1,4,en,TR,,O,147,4
post_048_147,1,5,basit,TR,,O,147,5
post_048_147,1,6,dili,TR,,O,147,6
post_048_147,1,7,kanaatimce,TR,,O,147,7
post_048_147,1,8,ancak,TR,,O,147,9
post_048_147,1,9,çok,TR,,O,147,10
post_048_147,1,10,"""high",EN,,O,147,11
post_048_147,1,11,"level""",EN,,O,147,12
post_048_147,1,12,olduğu,TR,,O,147,13
post_048_147,1,13,için,TR,,O,147,14
post_048_147,1,14,bir,TR,,O,147,15
post_048_147,1,15,c,NE,,B-PROD,147,16
post_048_147,1,16,kadar,TR,,O,147,17
post_048_147,1,17,hızlı,TR,,O,147,18
post_048_147,1,18,çalışmaz,TR,,O,147,19
post_048_147,1,19,hazır,TR,,O,147,21
post_048_147,1,20,kütüphanelerinin,TR,,O,147,22
post_048_147,1,21,bolluğu,TR,,O,147,23
post_048_147,1,22,ve,TR,,O,147,24
post_048_147,1,23,yetenekleri,TR,,O,147,25
post_048_147,1,24,kendisine,TR,,O,147,26
post_048_147,1,25,hayran,TR,,O,147,27
post_048_147,1,26,bıraktırıyor,TR,,O,147,28
post_049_148,1,0,"kullanıcılarına,",TR,,O,148,0
post_049_148,1,1,filmlere,TR,,O,148,1
post_049_148,1,2,verdiği,TR,,O,148,2
post_049_148,1,3,rating'lere,MIXED,MIXED,O,148,3
post_049_148,1,4,"göre,",TR,,O,148,4
post_049_148,1,5,film,TR,,O,148,5
post_049_148,1,6,tavsiyelerinde,TR,,O,148,6
post_049_148,1,7,bulunan,TR,,O,148,7
post_049_148,1,8,recommendation,EN,,O,148,8
post_049_148,1,9,system'ini,MIXED,MIXED,O,148,9
post_049_148,1,10,geliştirecek,TR,,O,148,10
post_049_148,1,11,ilk,TR,,O,148,11
post_049_148,1,12,ekibe,TR,,O,148,12
post_049_148,1,13,milyon,TR,,O,148,14
post_049_148,1,14,dolar,TR,,O,148,15
post_049_148,1,15,ödül,TR,,O,148,16
post_049_148,1,16,vereceğini,TR,,O,148,17
post_049_148,1,17,beyan,TR,,O,148,18
post_049_148,1,18,eden,TR,,O,148,19
post_049_148,1,19,online,EN,,O,148,20
post_049_148,1,20,dvd,EN,,O,148,21
post_049_148,1,21,rental,EN,,O,148,22
post_049_148,1,22,servisi,TR,,O,148,23
post_050_149,1,0,oktay,TR,,O,149,0
post_050_149,1,1,sinanoğlunun,TR,,O,149,1
post_050_149,1,2,evrenkent,TR,,O,149,2
post_050_149,1,3,diye,TR,,O,149,3
post_050_149,1,4,yaptığı,TR,,O,149,4
post_050_149,1,5,çeviriden,TR,,O,149,5
post_050_149,1,6,farklı,TR,,O,149,6
post_050_149,1,7,"olarak,",TR,,O,149,7
post_050_149,1,8,kökünün,TR,,O,149,8
post_050_149,1,9,universe,EN,,O,149,9
post_050_149,1,10,city,EN,,O,149,11
post_050_149,1,11,yerine,TR,,O,149,12
post_050_149,1,12,unique,EN,,O,149,13
post_050_149,1,13,verse,EN,,O,149,15
post_050_149,1,14,olduğunu,TR,,O,149,16
post_050_149,1,15,söyleyenler,TR,,O,149,17
post_050_149,1,16,de,TR,,O,149,18
post_050_149,1,17,vardır,TR,,O,149,19
post_050_149,1,18,tek,TR,,O,149,21
post_050_149,1,19,söz,TR,,O,149,22
post_050_149,1,20,tek,TR,,O,149,23
post_050_149,1,21,doğru'nun,TR,,O,149,24
post_050_149,1,22,yeri,TR,,O,149,25
post_050_149,1,23,gibi,TR,,O,149,26
post_050_149,1,24,bir,TR,,O,149,27
post_050_149,1,25,anlam,TR,,O,149,28
post_050_149,1,26,çıkar,TR,,O,149,29
post_050_149,1,27,buradan,TR,,O,149,30
post_050_149,1,28,ki,TR,,O,149,31
post_050_149,1,29,kelimenin,TR,,O,149,32
post_050_149,1,30,ortaya,TR,,O,149,33
post_050_149,1,31,çıktığı,TR,,O,149,34
post_050_149,1,32,dönem,TR,,O,149,35
post_050_149,1,33,için,TR,,O,149,36
post_050_149,1,34,(hatta,TR,,O,149,37
post_050_149,1,35,her,TR,,O,149,38
post_050_149,1,36,zaman,TR,,O,149,39
post_050_149,1,37,için),TR,,O,149,40
post_050_149,1,38,evrenkent,TR,,O,149,41
post_050_149,1,39,kelimesinden,TR,,O,149,42
post_050_149,1,40,daha,TR,,O,149,43
post_050_149,1,41,mantıklıdır,TR,,O,149,44
post_050_149,1,42,(bkz:,TR,,O,149,46
post_050_149,1,43,metin,NE,,B-PER,149,47
post_050_149,1,44,arslan),NE,,I-PER,149,48
post_051_150,1,0,narcos,NE,,B-TITLE,150,0
post_051_150,1,1,peppermint,NE,,B-TITLE,150,1
post_051_150,1,2,ve,TR,,O,150,2
post_051_150,1,3,coyote,NE,,B-TITLE,150,3
post_051_150,1,4,oyuncusu,TR,,O,150,4
post_051_150,1,5,juan,NE,,B-PER,150,5
post_051_150,1,6,pablo,NE,,I-PER,150,6
post_051_150,1,7,raba'nın,NE,MIXED,I-PER,150,7
post_051_150,1,8,da,TR,,O,150,8
post_051_150,1,9,kadrosuna,TR,,O,150,9
post_051_150,1,10,"katıldığı,",TR,,O,150,10
post_051_150,1,11,çekimlerinin,TR,,O,150,11
post_051_150,1,12,columbia,NE,,B-LOC,150,12
post_051_150,1,13,kısımlarına,TR,,O,150,13
post_051_150,1,14,başlanan,TR,,O,150,14
post_051_150,1,15,proje,TR,,O,150,15
post_051_150,1,16,spoiler,EN,,O,150,18
post_051_150,1,17,filming,EN,,O,150,20
post_051_150,1,18,is,EN,,O,150,21
post_051_150,1,19,now,EN,,O,150,22
post_051_150,1,20,underway,EN,,O,150,23
post_051_150,1,21,in,EN,,O,150,24
post_051_150,1,22,colombia,NE,,B-LOC,150,25
post_051_150,1,23,on,EN,,O,150,26
post_051_150,1,24,the,EN,,O,150,27
post_051_150,1,25,"movie,",EN,,O,150,28
post_051_150,1,26,which,EN,,O,150,29
post_051_150,1,27,follows,EN,,O,150,30
post_051_150,1,28,a,EN,,O,150,31
post_051_150,1,29,special,EN,,O,150,32
post_051_150,1,30,forces,EN,,O,150,33
post_051_150,1,31,operator,EN,,O,150,34
post_051_150,1,32,(cena),NE,,B-PER,150,35
post_051_150,1,33,who,EN,,O,150,36
post_051_150,1,34,decides,EN,,O,150,37
post_051_150,1,35,to,EN,,O,150,38
post_051_150,1,36,retire,EN,,O,150,39
post_051_150,1,37,from,EN,,O,150,40
post_051_150,1,38,the,EN,,O,150,41
post_051_150,1,39,army,EN,,O,150,42
post_051_150,1,40,and,EN,,O,150,43
post_051_150,1,41,start,EN,,O,150,44
post_051_150,1,42,a,EN,,O,150,45
post_051_150,1,43,family,EN,,O,150,46
post_051_150,1,44,back,EN,,O,150,47
post_051_150,1,45,in,EN,,O,150,48
post_051_150,1,46,the,EN,,O,150,49
post_051_150,1,47,u.s,NE,,B-LOC,150,50
post_051_150,1,48,after,EN,,O,150,52
post_051_150,1,49,several,EN,,O,150,53
post_051_150,1,50,years,EN,,O,150,54
post_051_150,1,51,of,EN,,O,150,55
post_051_150,1,52,mortgage,EN,,O,150,56
post_051_150,1,53,"payments,",EN,,O,150,57
post_051_150,1,54,school,EN,,O,150,58
post_051_150,1,55,"drop-offs,",EN,,O,150,59
post_051_150,1,56,backyard,EN,,O,150,60
post_051_150,1,57,barbecues,EN,,O,150,61
post_051_150,1,58,and,EN,,O,150,62
post_051_150,1,59,trying,EN,,O,150,63
post_051_150,1,60,to,EN,,O,150,64
post_051_150,1,61,conform,EN,,O,150,65
post_051_150,1,62,to,EN,,O,150,66
post_051_150,1,63,life,EN,,O,150,67
post_051_150,1,64,in,EN,,O,150,68
post_051_150,1,65,"suburbia,",EN,,O,150,69
post_051_150,1,66,he,EN,,O,150,70
post_051_150,1,67,decides,EN,,O,150,71
post_051_150,1,68,to,EN,,O,150,72
post_051_150,1,69,come,EN,,O,150,73
post_051_150,1,70,out,EN,,O,150,74
post_051_150,1,71,of,EN,,O,150,75
post_051_150,1,72,retirement,EN,,O,150,76
post_051_150,1,73,to,EN,,O,150,77
post_051_150,1,74,take,EN,,O,150,78
post_051_150,1,75,a,EN,,O,150,79
post_051_150,1,76,gig,EN,,O,150,80
post_051_150,1,77,providing,EN,,O,150,81
post_051_150,1,78,security,EN,,O,150,82
post_051_150,1,79,for,EN,,O,150,83
post_051_150,1,80,a,EN,,O,150,84
post_051_150,1,81,female,EN,,O,150,85
post_051_150,1,82,journalist,EN,,O,150,86
post_051_150,1,83,(brie),NE,,B-PER,150,87
post_051_150,1,84,as,EN,,O,150,88
post_051_150,1,85,she,EN,,O,150,89
post_051_150,1,86,interviews,EN,,O,150,90
post_051_150,1,87,a,EN,,O,150,91
post_051_150,1,88,cruel,EN,,O,150,92
post_051_150,1,89,dictator,EN,,O,150,93
post_051_150,1,90,who,EN,,O,150,94
post_051_150,1,91,may,EN,,O,150,95
post_051_150,1,92,or,EN,,O,150,96
post_051_150,1,93,may,EN,,O,150,97
post_051_150,1,94,not,EN,,O,150,98
post_051_150,1,95,have,EN,,O,150,99
post_051_150,1,96,ordered,EN,,O,150,100
post_051_150,1,97,the,EN,,O,150,101
post_051_150,1,98,attack,EN,,O,150,102
post_051_150,1,99,on,EN,,O,150,103
post_051_150,1,100,him,EN,,O,150,104
post_051_150,1,101,and,EN,,O,150,105
post_051_150,1,102,his,EN,,O,150,106
post_051_150,1,103,men,EN,,O,150,107
post_051_150,1,104,when,EN,,O,150,109
post_051_150,1,105,a,EN,,O,150,110
post_051_150,1,106,military,EN,,O,150,111
post_051_150,1,107,coup,EN,,O,150,112
post_051_150,1,108,breaks,EN,,O,150,113
post_051_150,1,109,out,EN,,O,150,114
post_051_150,1,110,in,EN,,O,150,115
post_051_150,1,111,the,EN,,O,150,116
post_051_150,1,112,middle,EN,,O,150,117
post_051_150,1,113,of,EN,,O,150,118
post_051_150,1,114,the,EN,,O,150,119
post_051_150,1,115,"interview,",EN,,O,150,120
post_051_150,1,116,the,EN,,O,150,121
post_051_150,1,117,three,EN,,O,150,122
post_051_150,1,118,are,EN,,O,150,123
post_051_150,1,119,forced,EN,,O,150,124
post_051_150,1,120,to,EN,,O,150,125
post_051_150,1,121,escape,EN,,O,150,126
post_051_150,1,122,into,EN,,O,150,127
post_051_150,1,123,the,EN,,O,150,128
post_051_150,1,124,jungle,EN,,O,150,129
post_051_150,1,125,where,EN,,O,150,130
post_051_150,1,126,they,EN,,O,150,131
post_051_150,1,127,must,EN,,O,150,132
post_051_150,1,128,survive,EN,,O,150,133
post_051_150,1,129,the,EN,,O,150,134
post_051_150,1,130,"elements,",EN,,O,150,135
post_051_150,1,131,the,EN,,O,150,136
post_051_150,1,132,military,EN,,O,150,137
post_051_150,1,133,and,EN,,O,150,138
post_051_150,1,134,one,EN,,O,150,139
post_051_150,1,135,another,EN,,O,150,140
post_051_150,1,136,spoiler,EN,,O,150,143
post_052_151,1,0,hackernewsta,NE,,B-PROD,151,0
post_052_151,1,1,ne,TR,,O,151,1
post_052_151,1,2,dendiğine,TR,,O,151,2
post_052_151,1,3,çok,TR,,O,151,3
post_052_151,1,4,takılmamak,TR,,O,151,4
post_052_151,1,5,"lazım,",TR,,O,151,5
post_052_151,1,6,orada,TR,,O,151,6
post_052_151,1,7,silikon,NE,,B-LOC,151,7
post_052_151,1,8,vadisi,NE,,I-LOC,151,8
post_052_151,1,9,militanlığı,TR,,O,151,9
post_052_151,1,10,körlüğe,TR,,O,151,10
post_052_151,1,11,sebep,TR,,O,151,11
post_052_151,1,12,oluyor,TR,,O,151,12
post_052_151,1,13,mesela,TR,,O,151,14
post_052_151,1,14,"avrupada,",NE,,B-LOC,151,15
post_052_151,1,15,rusya,NE,,B-LOC,151,16
post_052_151,1,16,ve,TR,,O,151,17
post_052_151,1,17,çinde,NE,,B-LOC,151,18
post_052_151,1,18,yapılan,TR,,O,151,19
post_052_151,1,19,projeler,TR,,O,151,20
post_052_151,1,20,silikon,NE,,O,151,21
post_052_151,1,21,vadisi,NE,,B-LOC,151,22
post_052_151,1,22,ayağına,TR,,O,151,23
post_052_151,1,23,sahip,TR,,O,151,24
post_052_151,1,24,olmadan,TR,,O,151,25
post_052_151,1,25,kolay,TR,,O,151,26
post_052_151,1,26,kolay,TR,,O,151,27
post_052_151,1,27,görünmez,TR,,O,151,28
post_052_151,1,28,ama,TR,,O,151,29
post_052_151,1,29,silikon,TR,,O,151,30
post_052_151,1,30,vadisindeki,TR,,O,151,31
post_052_151,1,31,her,TR,,O,151,32
post_052_151,1,32,şey,TR,,O,151,33
post_052_151,1,33,"""amazing""",EN,,O,151,34
post_052_151,1,34,dir,TR,,O,151,35
post_052_151,1,35,biraz,TR,,O,151,37
post_052_151,1,36,da,TR,,O,151,38
post_052_151,1,37,kol,TR,,O,151,39
post_052_151,1,38,kırılır,TR,,O,151,40
post_052_151,1,39,yen,TR,,O,151,41
post_052_151,1,40,içinde,TR,,O,151,42
post_052_151,1,41,kalır,TR,,O,151,43
post_052_151,1,42,kafası,TR,,O,151,44
post_052_151,1,43,da,TR,,O,151,45
post_052_151,1,44,hakim,TR,,O,151,46
post_052_151,1,45,iyi,TR,,O,151,48
post_052_151,1,46,komünitedir,TR,,O,151,49
post_052_151,1,47,ama,TR,,O,151,50
post_052_151,1,48,körlüğüne,TR,,O,151,51
post_052_151,1,49,karşı,TR,,O,151,52
post_052_151,1,50,dikkatli,TR,,O,151,53
post_052_151,1,51,olmak,TR,,O,151,54
post_052_151,1,52,lazımdır,TR,,O,151,55
post_052_151,1,53,blockchain,EN,,O,151,57
post_052_151,1,54,ve,TR,,O,151,58
post_052_151,1,55,üstündeki,TR,,O,151,59
post_052_151,1,56,en,TR,,O,151,60
post_052_151,1,57,yaygın,TR,,O,151,61
post_052_151,1,58,uygulaması,TR,,O,151,62
post_052_151,1,59,olan,TR,,O,151,63
post_052_151,1,60,kripto,TR,,O,151,64
post_052_151,1,61,paralar,TR,,O,151,65
post_052_151,1,62,silikon,NE,,B-LOC,151,66
post_052_151,1,63,vadisi,NE,,I-LOC,151,67
post_052_151,1,64,dışında,TR,,O,151,68
post_052_151,1,65,"gelişti,",TR,,O,151,69
post_052_151,1,66,silikon,NE,,B-LOC,151,70
post_052_151,1,67,vadisi,NE,,I-LOC,151,71
post_052_151,1,68,baya,TR,,O,151,72
post_052_151,1,69,geç,TR,,O,151,73
post_052_151,1,70,kaldı,TR,,O,151,74
post_052_151,1,71,ve,TR,,O,151,75
post_052_151,1,72,bu,TR,,O,151,76
post_052_151,1,73,teknolojideki,TR,,O,151,77
post_052_151,1,74,hakimiyet,TR,,O,151,78
post_052_151,1,75,asya,TR,,O,151,79
post_052_151,1,76,ve,TR,,O,151,80
post_052_151,1,77,avrupa,TR,,O,151,81
post_052_151,1,78,hatta,TR,,O,151,82
post_052_151,1,79,avustralya,TR,,O,151,83
post_052_151,1,80,arasında,TR,,O,151,84
post_052_151,1,81,paylaşılmış,TR,,O,151,85
post_052_151,1,82,durumda,TR,,O,151,86
post_052_151,1,83,ayrıca,TR,,O,151,88
post_052_151,1,84,ico'lar,EN,,O,151,89
post_052_151,1,85,falan,TR,,O,151,90
post_052_151,1,86,derken,TR,,O,151,91
post_052_151,1,87,silikon,NE,,B-LOC,151,92
post_052_151,1,88,vadisindeki,NE,,I-LOC,151,93
post_052_151,1,89,osuruk,TR,,O,151,94
post_052_151,1,90,vr,EN,,O,151,95
post_052_151,1,91,appleri,MIXED,MIXED,O,151,96
post_052_151,1,92,dünyayı,TR,,O,151,97
post_052_151,1,93,better,EN,,O,151,98
post_052_151,1,94,place,EN,,O,151,99
post_052_151,1,95,yapmak,TR,,O,151,100
post_052_151,1,96,için,TR,,O,151,101
post_052_151,1,97,funding,EN,,O,151,102
post_052_151,1,98,bulmakta,TR,,O,151,103
post_052_151,1,99,"zorlanabiliyorlar,",TR,,O,151,104
post_052_151,1,100,yani,TR,,O,151,105
post_052_151,1,101,doğrudan,TR,,O,151,106
post_052_151,1,102,zararını,TR,,O,151,107
post_052_151,1,103,da,TR,,O,151,108
post_052_151,1,104,görüyorlar,TR,,O,151,109
post_052_151,1,105,silikon,NE,,B-LOC,151,111
post_052_151,1,106,vadisi,NE,,I-LOC,151,112
post_052_151,1,107,bu,TR,,O,151,113
post_052_151,1,108,olup,TR,,O,151,114
post_052_151,1,109,bitenin,TR,,O,151,115
post_052_151,1,110,cutting,EN,,O,151,116
post_052_151,1,111,edge'inde,MIXED,MIXED,O,151,117
post_052_151,1,112,değil,TR,,O,151,118
post_052_151,1,113,yani,TR,,O,151,119
post_052_151,1,114,state,EN,,O,151,120
post_052_151,1,115,of,EN,,O,151,121
post_052_151,1,116,the,EN,,O,151,122
post_052_151,1,117,art,EN,,O,151,123
post_052_151,1,118,silikon,NE,,B-LOC,151,124
post_052_151,1,119,vadisinde,NE,,I-LOC,151,125
post_052_151,1,120,değil,TR,,O,151,126
post_052_151,1,121,ve,TR,,O,151,127
post_052_151,1,122,haliyle,TR,,O,151,128
post_052_151,1,123,silikon,NE,,B-LOC,151,129
post_052_151,1,124,vadisi,NE,,I-LOC,151,130
post_052_151,1,125,tayfası,TR,,O,151,131
post_052_151,1,126,konuyu,TR,,O,151,132
post_052_151,1,127,tam,TR,,O,151,133
post_052_151,1,128,anlayamıyor,TR,,O,151,134
post_052_151,1,129,mesela,TR,,O,151,136
post_052_151,1,130,linklenen,TR,,O,151,137
post_052_151,1,131,hn,NE,,B-PROD,151,138
post_052_151,1,132,tartışmasında,TR,,O,151,139
post_052_151,1,133,en,TR,,O,151,140
post_052_151,1,134,çok,TR,,O,151,141
post_052_151,1,135,puan,TR,,O,151,142
post_052_151,1,136,alan,TR,,O,151,143
post_052_151,1,137,yorumun,TR,,O,151,144
post_052_151,1,138,ilk,TR,,O,151,145
post_052_151,1,139,cümlesi,TR,,O,151,146
post_052_151,1,140,"""blockchain",EN,,O,151,147
post_052_151,1,141,is,EN,,O,151,148
post_052_151,1,142,essentially,EN,,O,151,149
post_052_151,1,143,a,EN,,O,151,150
post_052_151,1,144,distributed,EN,,O,151,151
post_052_151,1,145,"database""",EN,,O,151,152
post_052_151,1,146,iyi,TR,,O,151,154
post_052_151,1,147,de,TR,,O,151,155
post_052_151,1,148,bu,TR,,O,151,156
post_052_151,1,149,"yanlış,",TR,,O,151,157
post_052_151,1,150,blockchain'in,MIXED,MIXED,O,151,158
post_052_151,1,151,distributed,EN,,O,151,159
post_052_151,1,152,olma,TR,,O,151,160
post_052_151,1,153,zorunluluğu,TR,,O,151,161
post_052_151,1,154,yok,TR,,O,151,162
post_052_151,1,155,çoğu,TR,,O,151,164
post_052_151,1,156,kripto,TR,,O,151,165
post_052_151,1,157,parada,TR,,O,151,166
post_052_151,1,158,bu,TR,,O,151,167
post_052_151,1,159,böyle,TR,,O,151,168
post_052_151,1,160,olsa,TR,,O,151,169
post_052_151,1,161,da,TR,,O,151,170
post_052_151,1,162,böyle,TR,,O,151,171
post_052_151,1,163,olması,TR,,O,151,172
post_052_151,1,164,için,TR,,O,151,173
post_052_151,1,165,şart,TR,,O,151,174
post_052_151,1,166,yok,TR,,O,151,175
post_052_151,1,167,peki,TR,,O,151,177
post_052_151,1,168,neden,TR,,O,151,178
post_052_151,1,169,distributed'a,MIXED,MIXED,O,151,179
post_052_151,1,170,takılıyorlar,TR,,O,151,180
post_052_151,1,171,çünkü,TR,,O,151,182
post_052_151,1,172,"""distributed""",EN,,O,151,183
post_052_151,1,173,şu,TR,,O,151,184
post_052_151,1,174,an,TR,,O,151,185
post_052_151,1,175,silikon,NE,,B-LOC,151,186
post_052_151,1,176,vadisi,NE,,I-LOC,151,187
post_052_151,1,177,için,TR,,O,151,188
post_052_151,1,178,en,TR,,O,151,189
post_052_151,1,179,büyük,TR,,O,151,190
post_052_151,1,180,risklerden,TR,,O,151,191
post_052_151,1,181,"biri,",TR,,O,151,192
post_052_151,1,182,silikon,NE,,B-LOC,151,193
post_052_151,1,183,vadisinin,NE,,I-LOC,151,194
post_052_151,1,184,gücü,TR,,O,151,195
post_052_151,1,185,merkezileştirilmiş,TR,,O,151,196
post_052_151,1,186,platformlardan,TR,,O,151,197
post_052_151,1,187,geliyor,TR,,O,151,198
post_052_151,1,188,"alışveriş,",TR,,O,151,200
post_052_151,1,189,"ödeme,",TR,,O,151,201
post_052_151,1,190,iletişim,TR,,O,151,202
post_052_151,1,191,ve,TR,,O,151,203
post_052_151,1,192,sosyal,TR,,O,151,204
post_052_151,1,193,etkileşimi,TR,,O,151,205
post_052_151,1,194,merkezileştiren,TR,,O,151,206
post_052_151,1,195,ve,TR,,O,151,207
post_052_151,1,196,merkezinde,TR,,O,151,208
post_052_151,1,197,olmasından,TR,,O,151,209
post_052_151,1,198,dolayı,TR,,O,151,210
post_052_151,1,199,hayallerin,TR,,O,151,211
post_052_151,1,200,ötesinde,TR,,O,151,212
post_052_151,1,201,gelir,TR,,O,151,213
post_052_151,1,202,elde,TR,,O,151,214
post_052_151,1,203,eden,TR,,O,151,215
post_052_151,1,204,dev,TR,,O,151,216
post_052_151,1,205,şirketler,TR,,O,151,217
post_052_151,1,206,her,TR,,O,151,218
post_052_151,1,207,ne,TR,,O,151,219
post_052_151,1,208,kadar,TR,,O,151,220
post_052_151,1,209,asi,TR,,O,151,221
post_052_151,1,210,yazılımcılar,TR,,O,151,222
post_052_151,1,211,tarafından,TR,,O,151,223
post_052_151,1,212,yerilse,TR,,O,151,224
post_052_151,1,213,de,TR,,O,151,225
post_052_151,1,214,bu,TR,,O,151,226
post_052_151,1,215,şirketlere,TR,,O,151,227
post_052_151,1,216,göbek,TR,,O,151,228
post_052_151,1,217,bağı,TR,,O,151,229
post_052_151,1,218,ile,TR,,O,151,230
post_052_151,1,219,bağlılar,TR,,O,151,231
post_052_151,1,220,distributed,EN,,O,151,233
post_052_151,1,221,bir,TR,,O,151,234
post_052_151,1,222,sosyal,TR,,O,151,235
post_052_151,1,223,ağ,TR,,O,151,236
post_052_151,1,224,başırılı,TR,,O,151,237
post_052_151,1,225,olursa,TR,,O,151,238
post_052_151,1,226,"reddit'i,",NE,MIXED,B-PROD,151,239
post_052_151,1,227,facebook'u,NE,MIXED,B-PROD,151,240
post_052_151,1,228,falan,TR,,O,151,241
post_052_151,1,229,siler,TR,,O,151,242
post_052_151,1,230,bitcoin,NE,,B-PROD,151,244
post_052_151,1,231,başarılı,TR,,O,151,245
post_052_151,1,232,olursa,TR,,O,151,246
post_052_151,1,233,"paypal'ı,",NE,MIXED,B-PROD,151,247
post_052_151,1,234,"stripe'ı,",NE,MIXED,B-PROD,151,248
post_052_151,1,235,suire'ı,NE,MIXED,B-PROD,151,249
post_052_151,1,236,falan,TR,,O,151,250
post_052_151,1,237,siler,TR,,O,151,251
post_052_151,1,238,eser,TR,,O,151,253
post_052_151,1,239,sahiplerine,TR,,O,151,254
post_052_151,1,240,mikro,TR,,O,151,255
post_052_151,1,241,ödeme,TR,,O,151,256
post_052_151,1,242,olayını,TR,,O,151,257
post_052_151,1,243,gerçekleştirmeye,TR,,O,151,258
post_052_151,1,244,çalışan,TR,,O,151,259
post_052_151,1,245,coinler,MIXED,MIXED,O,151,260
post_052_151,1,246,başarılı,TR,,O,151,261
post_052_151,1,247,olursa,TR,,O,151,262
post_052_151,1,248,google'ın,NE,MIXED,B-ORG,151,263
post_052_151,1,249,adsense'i,NE,MIXED,B-PROD,151,264
post_052_151,1,250,bir,TR,,O,151,265
post_052_151,1,251,tek,TR,,O,151,266
post_052_151,1,252,arama,TR,,O,151,267
post_052_151,1,253,motoruna,TR,,O,151,268
post_052_151,1,254,çekilmek,TR,,O,151,269
post_052_151,1,255,zorunda,TR,,O,151,270
post_052_151,1,256,kalır,TR,,O,151,271
post_053_152,1,0,iphone,NE,,O,152,0
post_053_152,1,1,gibi,TR,,O,152,1
post_053_152,1,2,mobil,TR,,O,152,2
post_053_152,1,3,internet,TR,,O,152,3
post_053_152,1,4,erişimini,TR,,O,152,4
post_053_152,1,5,çok,TR,,O,152,5
post_053_152,1,6,kolaylaştıran,TR,,O,152,6
post_053_152,1,7,cihazlarla,TR,,O,152,7
post_053_152,1,8,entegre,TR,,O,152,8
post_053_152,1,9,çalışmak,TR,,O,152,9
post_053_152,1,10,için,TR,,O,152,10
post_053_152,1,11,ortaya,TR,,O,152,11
post_053_152,1,12,çıktığı,TR,,O,152,12
post_053_152,1,13,aşikar,TR,,O,152,13
post_053_152,1,14,bir,TR,,O,152,14
post_053_152,1,15,fikirdir,TR,,O,152,15
post_053_152,1,16,ülkemiz,TR,,O,152,17
post_053_152,1,17,bariz,TR,,O,152,18
post_053_152,1,18,biçimde,TR,,O,152,19
post_053_152,1,19,twitter'ın,NE,MIXED,B-PROD,152,20
post_053_152,1,20,layıkıyla,TR,,O,152,21
post_053_152,1,21,kullanılması,TR,,O,152,22
post_053_152,1,22,için,TR,,O,152,23
post_053_152,1,23,henüz,TR,,O,152,24
post_053_152,1,24,çok,TR,,O,152,25
post_053_152,1,25,fakirdir,TR,,O,152,26
post_053_152,1,26,hah,AMBIGUOUS,,O,152,28
post_053_152,1,27,hah,AMBIGUOUS,,O,152,29
post_053_152,1,28,"hah,",AMBIGUOUS,,O,152,30
post_053_152,1,29,sizi,TR,,O,152,31
post_053_152,1,30,gidi,TR,,O,152,32
post_053_152,1,31,sans,OTHER,,O,152,33
post_053_152,1,32,culotte'lar,MIXED,MIXED,O,152,34
post_053_152,1,33,daha,TR,,O,152,36
post_053_152,1,34,iphone'unuz,NE,MIXED,B-PROD,152,37
post_053_152,1,35,bile,TR,,O,152,38
post_053_152,1,36,"yok,",TR,,O,152,39
post_053_152,1,37,"""feys""",TR,,O,152,40
post_053_152,1,38,neyinize,TR,,O,152,41
post_053_152,1,39,yetmiyor,TR,,O,152,42
post_054_153,1,0,her,TR,,O,153,0
post_054_153,1,1,dinlediğimde,TR,,O,153,1
post_054_153,1,2,acaba,TR,,O,153,2
post_054_153,1,3,tekrar,TR,,O,153,3
post_054_153,1,4,böyle,TR,,O,153,4
post_054_153,1,5,bir,TR,,O,153,5
post_054_153,1,6,şarkı,TR,,O,153,6
post_054_153,1,7,yapabilir,TR,,O,153,7
post_054_153,1,8,mi,TR,,O,153,8
post_054_153,1,9,diye,TR,,O,153,10
post_054_153,1,10,sorgulatan,TR,,O,153,11
post_054_153,1,11,gerçekten,TR,,O,153,12
post_054_153,1,12,anlatmak,TR,,O,153,13
post_054_153,1,13,için,TR,,O,153,14
post_054_153,1,14,yeterli,TR,,O,153,15
post_054_153,1,15,kelime,TR,,O,153,16
post_054_153,1,16,olmayan,TR,,O,153,17
post_054_153,1,17,"şarkı,",TR,,O,153,18
post_054_153,1,18,sanat,TR,,O,153,19
post_054_153,1,19,eseri,TR,,O,153,20
post_054_153,1,20,tori,NE,,B-PER,153,22
post_054_153,1,21,amos'un,NE,MIXED,I-PER,153,23
post_054_153,1,22,en,TR,,O,153,24
post_054_153,1,23,iyilerinden,TR,,O,153,25
post_054_153,1,24,biri,TR,,O,153,26
post_054_153,1,25,orta-iyi,TR,,O,153,28
post_054_153,1,26,bir,TR,,O,153,29
post_054_153,1,27,kulaklıkla,TR,,O,153,30
post_054_153,1,28,ses,TR,,O,153,32
post_054_153,1,29,seviyesinde,TR,,O,153,33
post_054_153,1,30,mümkünse,TR,,O,153,34
post_054_153,1,31,cd,EN,,O,153,35
post_054_153,1,32,ya,TR,,O,153,36
post_054_153,1,33,da,TR,,O,153,37
post_054_153,1,34,flac,EN,,O,153,38
post_054_153,1,35,gibi,TR,,O,153,39
post_054_153,1,36,lossless,EN,,O,153,40
post_054_153,1,37,bir,TR,,O,153,41
post_054_153,1,38,kaynaktan,TR,,O,153,42
post_054_153,1,39,olmadı,TR,,O,153,43
post_054_153,1,40,altta,TR,,O,153,44
post_054_153,1,41,verdiğim,TR,,O,153,45
post_054_153,1,42,linklerden,TR,,O,153,46
post_054_153,1,43,şu,TR,,O,153,47
post_054_153,1,44,şarkıyı,TR,,O,153,48
post_054_153,1,45,bir,TR,,O,153,49
post_054_153,1,46,"dinleyin,",TR,,O,153,50
post_054_153,1,47,bir,TR,,O,153,51
post_054_153,1,48,insan,TR,,O,153,52
post_054_153,1,49,böyle,TR,,O,153,53
post_054_153,1,50,bir,TR,,O,153,54
post_054_153,1,51,şarkıyı,TR,,O,153,55
post_054_153,1,52,nasıl,TR,,O,153,56
post_054_153,1,53,yapabilir,TR,,O,153,57
post_054_153,1,54,"sorgular,",TR,,O,153,58
post_054_153,1,55,dinlediğiniz,TR,,O,153,59
post_054_153,1,56,diğer,TR,,O,153,60
post_054_153,1,57,şarkıları,TR,,O,153,61
post_054_153,1,58,bomboş,TR,,O,153,62
post_054_153,1,59,görmeye,TR,,O,153,63
post_054_153,1,60,başlarsınız,TR,,O,153,64
post_054_153,1,61,dinleyiniz,TR,,O,153,66
post_054_153,1,62,spotify,NE,,B-PROD,153,68
post_054_153,1,63,apple,NE,,B-PROD,153,69
post_054_153,1,64,music,NE,,B-PROD,153,70
post_054_153,1,65,youtube,NE,,B-PROD,153,71
post_055_154,1,0,sisteme,TR,,O,154,0
post_055_154,1,1,giriş,TR,,O,154,1
post_055_154,1,2,yaptıktan,TR,,O,154,2
post_055_154,1,3,sonra,TR,,O,154,3
post_055_154,1,4,nereye,TR,,O,154,4
post_055_154,1,5,tıklarsan,TR,,O,154,5
post_055_154,1,6,tıkla,TR,,O,154,6
post_055_154,1,7,"""404",EN,,O,154,7
post_055_154,1,8,not,EN,,O,154,8
post_055_154,1,9,"found""",EN,,O,154,9
post_055_154,1,10,diyerek,TR,,O,154,10
post_055_154,1,11,insanı,TR,,O,154,11
post_055_154,1,12,soğutan,TR,,O,154,12
post_055_154,1,13,business,EN,,O,154,13
post_055_154,1,14,network,EN,,O,154,14
post_055_154,1,15,şeysi,TR,,O,154,15
post_056_155,1,0,bot,AMBIGUOUS,,O,155,0
post_056_155,1,1,fix,EN,,O,155,1
post_056_155,1,2,olarak,TR,,O,155,2
post_056_155,1,3,internetten,TR,,O,155,3
post_056_155,1,4,araştırma,TR,,O,155,4
post_056_155,1,5,yapamayan,TR,,O,155,5
post_056_155,1,6,bir,TR,,O,155,6
post_056_155,1,7,halde,TR,,O,155,7
post_056_155,1,8,kullanılıyor,TR,,O,155,8
post_056_155,1,9,kendisinin,TR,,O,155,10
post_056_155,1,10,dediğine,TR,,O,155,11
post_056_155,1,11,göre,TR,,O,155,12
post_056_155,1,12,database'i,MIXED,MIXED,O,155,13
post_056_155,1,13,yılına,TR,,O,155,15
post_056_155,1,14,kadar,TR,,O,155,16
post_056_155,1,15,olan,TR,,O,155,17
post_056_155,1,16,bilgilerden,TR,,O,155,18
post_056_155,1,17,oluşmakta,TR,,O,155,19
post_056_155,1,18,ancak,TR,,O,155,21
post_056_155,1,19,ilginç,TR,,O,155,22
post_056_155,1,20,bir,TR,,O,155,23
post_056_155,1,21,şekilde,TR,,O,155,24
post_056_155,1,22,bota,TR,,O,155,25
post_056_155,1,23,yazacağımız,TR,,O,155,26
post_056_155,1,24,textin,TR,,O,155,27
post_056_155,1,25,başına,TR,,O,155,28
post_056_155,1,26,browsing:,EN,,O,155,29
post_056_155,1,27,enabled,EN,,O,155,30
post_056_155,1,28,yazarak,TR,,O,155,31
post_056_155,1,29,internetten,TR,,O,155,32
post_056_155,1,30,araştırma,TR,,O,155,33
post_056_155,1,31,özelliğini,TR,,O,155,34
post_056_155,1,32,açabiliyoruz,TR,,O,155,35
post_056_155,1,33,bunun,TR,,O,155,37
post_056_155,1,34,bir,TR,,O,155,38
post_056_155,1,35,açık,TR,,O,155,39
post_056_155,1,36,mı,TR,,O,155,40
post_056_155,1,37,yoksa,TR,,O,155,41
post_056_155,1,38,seçenek,TR,,O,155,42
post_056_155,1,39,mi,TR,,O,155,43
post_056_155,1,40,olduğunu,TR,,O,155,44
post_056_155,1,41,anlamak,TR,,O,155,45
post_056_155,1,42,zor,TR,,O,155,46
post_056_155,1,43,çünkü,TR,,O,155,47
post_056_155,1,44,input,EN,,O,155,48
post_056_155,1,45,vererek,TR,,O,155,49
post_056_155,1,46,botun,TR,,O,155,50
post_056_155,1,47,çalışma,TR,,O,155,51
post_056_155,1,48,mekanizmasını,TR,,O,155,52
post_056_155,1,49,kontrol,TR,,O,155,53
post_056_155,1,50,etmek,TR,,O,155,54
post_056_155,1,51,çok,TR,,O,155,55
post_056_155,1,52,saçma,TR,,O,155,56
post_056_155,1,53,ancak,TR,,O,155,57
post_056_155,1,54,buna,TR,,O,155,58
post_056_155,1,55,hala,TR,,O,155,59
post_056_155,1,56,bi,TR,,O,155,60
post_056_155,1,57,fix,EN,,O,155,61
post_056_155,1,58,getirilmemiş,TR,,O,155,62
post_056_155,1,59,bununla,TR,,O,155,64
post_056_155,1,60,ilgili,TR,,O,155,65
post_056_155,1,61,türk,NE,,B-OTHER,155,66
post_056_155,1,62,ve,TR,,O,155,67
post_056_155,1,63,amerikan,NE,,B-OTHER,155,68
post_056_155,1,64,siyasetiyle,TR,,O,155,69
post_056_155,1,65,ilgili,TR,,O,155,70
post_056_155,1,66,iki,TR,,O,155,71
post_056_155,1,67,soru,TR,,O,155,72
post_056_155,1,68,sordum,TR,,O,155,73
post_056_155,1,69,browsing,EN,,O,155,75
post_056_155,1,70,özelliği,TR,,O,155,76
post_056_155,1,71,açıkken,TR,,O,155,77
post_056_155,1,72,ve,TR,,O,155,78
post_056_155,1,73,kapalıyken,TR,,O,155,79
post_056_155,1,74,verdiği,TR,,O,155,80
post_056_155,1,75,cevaplar,TR,,O,155,81
post_056_155,1,76,şöyle:,TR,,O,155,82
post_056_155,1,77,görsel,TR,,O,155,83
post_056_155,1,78,görsel,TR,,O,155,84
post_057_156,1,0,(bkz:,TR,,O,156,0
post_057_156,1,1,and,EN,,O,156,1
post_057_156,1,2,god,EN,,O,156,2
post_057_156,1,3,created,EN,,O,156,3
post_057_156,1,4,facebook),NE,,B-PROD,156,4
post_057_156,1,5,ne,TR,,O,156,5
post_057_156,1,6,siteymiş,TR,,O,156,6
post_057_156,1,7,be,TR,,O,156,7
post_057_156,1,8,herkesin,TR,,O,156,9
post_057_156,1,9,tek,TR,,O,156,10
post_057_156,1,10,ideali,TR,,O,156,11
post_057_156,1,11,ilkokul,TR,,O,156,12
post_057_156,1,12,arkadaşlarını,TR,,O,156,13
post_057_156,1,13,bulmakmış,TR,,O,156,14
post_057_156,1,14,"resmen,",TR,,O,156,15
post_057_156,1,15,pes,TR,,O,156,16
post_057_156,1,16,(bkz:,TR,,O,156,18
post_057_156,1,17,your,EN,,O,156,19
post_057_156,1,18,hypocrisy,EN,,O,156,20
post_057_156,1,19,is,EN,,O,156,21
post_057_156,1,20,so,EN,,O,156,22
post_057_156,1,21,vast),EN,,O,156,23
post_058_157,1,0,youtube'un,NE,MIXED,B-PROD,157,0
post_058_157,1,1,browserımda,MIXED,MIXED,O,157,1
post_058_157,1,2,açılma,TR,,O,157,2
post_058_157,1,3,sıklığını,TR,,O,157,3
post_058_157,1,4,azaltmış,TR,,O,157,4
post_058_157,1,5,uygulamadır,TR,,O,157,5
post_058_157,1,6,youtube'da,NE,MIXED,B-PROD,157,7
post_058_157,1,7,önerilenlerde,TR,,O,157,8
post_058_157,1,8,video,TR,,O,157,9
post_058_157,1,9,abanarak,TR,,O,157,10
post_058_157,1,10,yeni,TR,,O,157,11
post_058_157,1,11,sanatçılar,TR,,O,157,12
post_058_157,1,12,tanımaya,TR,,O,157,13
post_058_157,1,13,öğrenmeye,TR,,O,157,14
post_058_157,1,14,gayret,TR,,O,157,15
post_058_157,1,15,eden,TR,,O,157,16
post_058_157,1,16,ben,TR,,O,157,17
post_058_157,1,17,şu,TR,,O,157,18
post_058_157,1,18,an,TR,,O,157,19
post_058_157,1,19,da,TR,,O,157,20
post_058_157,1,20,istemsiz,TR,,O,157,21
post_058_157,1,21,bi,TR,,O,157,22
post_058_157,1,22,şekilde,TR,,O,157,23
post_058_157,1,23,random,EN,,O,157,24
post_058_157,1,24,keşifler,TR,,O,157,25
post_058_157,1,25,yapıyorum,TR,,O,157,26
post_058_157,1,26,tabi,TR,,O,157,27
post_058_157,1,27,bulduğumuz,TR,,O,157,28
post_058_157,1,28,sanatçının,TR,,O,157,29
post_058_157,1,29,albümünü,TR,,O,157,30
post_058_157,1,30,yine,TR,,O,157,31
post_058_157,1,31,beleş,TR,,O,157,32
post_058_157,1,32,yollardan,TR,,O,157,33
post_058_157,1,33,indirmekten,TR,,O,157,34
post_058_157,1,34,geri,TR,,O,157,35
post_058_157,1,35,durmuyoruz,TR,,O,157,36
post_058_157,1,36,not:,TR,,O,157,38
post_058_157,1,37,reklamları,TR,,O,157,39
post_058_157,1,38,o,TR,,O,157,40
post_058_157,1,39,kadar,TR,,O,157,41
post_058_157,1,40,da,TR,,O,157,42
post_058_157,1,41,sıkmıyor,TR,,O,157,43
post_058_157,1,42,cool,EN,,O,157,44
post_058_157,1,43,bi,TR,,O,157,45
post_058_157,1,44,ses,TR,,O,157,46
post_058_157,1,45,tonuyla,TR,,O,157,47
post_058_157,1,46,geçip,TR,,O,157,48
post_058_157,1,47,gidiyorlar,TR,,O,157,49
post_058_157,1,48,para,TR,,O,157,51
post_058_157,1,49,vermesekte,TR,,O,157,52
post_058_157,1,50,olur,TR,,O,157,53
post_058_157,1,51,ben,TR,,O,157,54
post_058_157,1,52,dinlerim,TR,,O,157,55
post_058_157,1,53,reklamı,TR,,O,157,56
post_058_157,1,54,geçerim,TR,,O,157,57
post_058_157,1,55,diyene,TR,,O,157,58
post_058_157,1,56,tabi,TR,,O,157,59
post_059_158,1,0,kişinin,TR,,O,158,1
post_059_158,1,1,oynadığı,TR,,O,158,2
post_059_158,1,2,ve,TR,,O,158,3
post_059_158,1,3,sonunda,TR,,O,158,4
post_059_158,1,4,warriors'un,NE,MIXED,B-GROUP,158,5
post_059_158,1,5,kazandığı,TR,,O,158,6
post_059_158,1,6,bir,TR,,O,158,7
post_059_158,1,7,oyundur,TR,,O,158,8
post_060_159,1,0,failure,EN,,O,159,0
post_060_159,1,1,kelimesini,TR,,O,159,1
post_060_159,1,2,aratınca,TR,,O,159,2
post_060_159,1,3,ilk,TR,,O,159,3
post_060_159,1,4,sırada,TR,,O,159,4
post_060_159,1,5,biography,EN,,O,159,5
post_060_159,1,6,of,EN,,O,159,6
post_060_159,1,7,president,NE,,B-PER,159,7
post_060_159,1,8,george,NE,,I-PER,159,8
post_060_159,1,9,w,TR,,I-PER,159,9
post_060_159,1,10,bush',TR,,I-PER,159,11
post_060_159,1,11,başlığını,TR,,O,159,12
post_060_159,1,12,getiren,TR,,O,159,13
post_060_159,1,13,arama,TR,,O,159,14
post_060_159,1,14,motoru,TR,,O,159,15
post_060_159,1,15,(bkz:,TR,,O,159,17
post_060_159,1,16,in,EN,,O,159,18
post_060_159,1,17,google,EN,,O,159,19
post_060_159,1,18,we,EN,,O,159,20
post_060_159,1,19,trust),EN,,O,159,21
post_061_160,1,0,yukarılardan,TR,,O,160,0
post_061_160,1,1,bir,TR,,O,160,1
post_061_160,1,2,entrye;,MIXED,MIXED,O,160,2
post_061_160,1,3,kısa,TR,,O,160,4
post_061_160,1,4,"kod,",TR,,O,160,5
post_061_160,1,5,en,TR,,O,160,6
post_061_160,1,6,iyi,TR,,O,160,7
post_061_160,1,7,kod,TR,,O,160,8
post_061_160,1,8,degildir,TR,,O,160,9
post_061_160,1,9,bu,TR,,O,160,11
post_061_160,1,10,yüzden,TR,,O,160,12
post_061_160,1,11,chatgpt,NE,,B-PROD,160,13
post_061_160,1,12,ile,TR,,O,160,14
post_061_160,1,13,code,EN,,O,160,15
post_061_160,1,14,refactor,EN,,O,160,16
post_061_160,1,15,"yapıp,",TR,,O,160,17
post_061_160,1,16,satır,TR,,O,160,18
post_061_160,1,17,sayısını,TR,,O,160,19
post_061_160,1,18,dusurmekle,TR,,O,160,20
post_061_160,1,19,iyi,TR,,O,160,21
post_061_160,1,20,kod,TR,,O,160,22
post_061_160,1,21,yazmıs,TR,,O,160,23
post_061_160,1,22,olunmaz,TR,,O,160,24
post_061_160,1,23,kısa,TR,,O,160,27
post_061_160,1,24,ama,TR,,O,160,28
post_061_160,1,25,"anlasılabilir,",TR,,O,160,29
post_061_160,1,26,okunabilir,TR,,O,160,30
post_061_160,1,27,(ingilizce,NE,,B-OTHER,160,31
post_061_160,1,28,cumle,TR,,O,160,32
post_061_160,1,29,okur,TR,,O,160,33
post_061_160,1,30,gibi),TR,,O,160,34
post_061_160,1,31,"kod,",TR,,O,160,35
post_061_160,1,32,iyi,TR,,O,160,36
post_061_160,1,33,yazilmis,TR,,O,160,37
post_061_160,1,34,koddur,TR,,O,160,38
post_062_161,1,0,oregon,NE,,B-LOC,161,0
post_062_161,1,1,merkezli,TR,,O,161,1
post_062_161,1,2,ilk,TR,,O,161,3
post_062_161,1,3,başta,TR,,O,161,4
post_062_161,1,4,koşu,TR,,O,161,5
post_062_161,1,5,amaçlı,TR,,O,161,6
post_062_161,1,6,spor,TR,,O,161,7
post_062_161,1,7,ayakkabı,TR,,O,161,8
post_062_161,1,8,üreten,TR,,O,161,9
post_062_161,1,9,daha,TR,,O,161,10
post_062_161,1,10,sonra,TR,,O,161,11
post_062_161,1,11,işi,TR,,O,161,12
post_062_161,1,12,büyüten,TR,,O,161,13
post_062_161,1,13,kuruluş,TR,,O,161,14
post_062_161,1,14,ayakkabılarından,TR,,O,161,16
post_062_161,1,15,şaşmamak,TR,,O,161,17
post_062_161,1,16,gerek,TR,,O,161,18
post_062_161,1,17,(bkz:,TR,,O,161,20
post_062_161,1,18,super),EN,,O,161,21
post_062_161,1,19,kurucusu,TR,,O,161,22
post_062_161,1,20,oregon,NE,,B-ORG,161,23
post_062_161,1,21,university,TR,,I-ORG,161,24
post_062_161,1,22,nin,TR,,O,161,25
post_062_161,1,23,atletimiz,TR,,O,161,26
post_062_161,1,24,koç,TR,,O,161,27
post_062_161,1,25,u,TR,,O,161,28
post_062_161,1,26,olan,TR,,O,161,29
post_062_161,1,27,adamdır,TR,,O,161,30
post_062_161,1,28,cine5,NE,,B-ORG,161,32
post_062_161,1,29,te,TR,,O,161,33
post_062_161,1,30,filmi,TR,,O,161,34
post_062_161,1,31,vardı,TR,,O,161,35
post_062_161,1,32,steve,NE,,B-PER,161,36
post_062_161,1,33,prefontaine,NE,,I-PER,161,37
post_062_161,1,34,diye,TR,,O,161,38
post_062_161,1,35,bi,TR,,O,161,39
post_062_161,1,36,koşucuyla,TR,,O,161,40
post_062_161,1,37,ilgili,TR,,O,161,41
post_062_161,1,38,oregon,NE,,B-ORG,161,42
post_062_161,1,39,university,NE,,I-ORG,161,43
post_062_161,1,40,den,TR,,O,161,44
post_062_161,1,41,izleyenler,TR,,O,161,46
post_062_161,1,42,anlayacaktır,TR,,O,161,47
post_063_162,1,0,"""league",NE,,B-PROD,162,0
post_063_162,1,1,of,NE,,I-PROD,162,1
post_063_162,1,2,"legends""",NE,,I-PROD,162,2
post_063_162,1,3,adlı,TR,,O,162,3
post_063_162,1,4,online,EN,,O,162,4
post_063_162,1,5,oyunun,TR,,O,162,5
post_063_162,1,6,günümüzce,TR,,O,162,6
post_063_162,1,7,kısaltılmış,TR,,O,162,7
post_063_162,1,8,halidir,TR,,O,162,8
post_063_162,1,9,dota,TR,,O,162,10
post_063_162,1,10,benzeri,TR,,O,162,11
post_063_162,1,11,bir,TR,,O,162,12
post_063_162,1,12,oyun,TR,,O,162,13
post_063_162,1,13,türüdür,TR,,O,162,14
post_063_162,1,14,yaş,TR,,O,162,16
post_063_162,1,15,ortalaması,TR,,O,162,17
post_063_162,1,16,olan,TR,,O,162,19
post_063_162,1,17,ve,TR,,O,162,20
post_063_162,1,18,cok,TR,,O,162,21
post_063_162,1,19,fazla,TR,,O,162,22
post_063_162,1,20,player,EN,,O,162,23
post_063_162,1,21,sayısına,TR,,O,162,24
post_063_162,1,22,ulaşan,TR,,O,162,25
post_063_162,1,23,başarılı,TR,,O,162,26
post_063_162,1,24,inernet,TR,,O,162,27
post_063_162,1,25,oyunu,TR,,O,162,28
post_064_163,1,0,"çalışanlarına,",TR,,O,163,0
post_064_163,1,1,çeşitli,TR,,O,163,1
post_064_163,1,2,ortamlarda,TR,,O,163,2
post_064_163,1,3,yaptıkları,TR,,O,163,3
post_064_163,1,4,sunumların,TR,,O,163,4
post_064_163,1,5,her,TR,,O,163,5
post_064_163,1,6,dakikasında,TR,,O,163,7
post_064_163,1,7,"kez,",TR,,O,163,9
post_064_163,1,8,"""we're",EN,,O,163,10
post_064_163,1,9,so,EN,,O,163,11
post_064_163,1,10,"excited""",EN,,O,163,12
post_064_163,1,11,söz,TR,,O,163,13
post_064_163,1,12,öbeğini,TR,,O,163,14
post_064_163,1,13,sarf,TR,,O,163,15
post_064_163,1,14,etme,TR,,O,163,16
post_064_163,1,15,mecburiyeti,TR,,O,163,17
post_064_163,1,16,getiren,TR,,O,163,18
post_064_163,1,17,şirket,TR,,O,163,19
post_065_164,1,0,houston'da,NE,MIXED,B-LOC,164,0
post_065_164,1,1,oturan,TR,,O,164,1
post_065_164,1,2,ve,TR,,O,164,2
post_065_164,1,3,hesabinda,TR,,O,164,3
post_065_164,1,4,sorun,TR,,O,164,4
post_065_164,1,5,olan,TR,,O,164,5
post_065_164,1,6,musterilerine,TR,,O,164,6
post_065_164,1,7,"houston,",NE,,B-LOC,164,7
post_065_164,1,8,we,EN,,O,164,8
post_065_164,1,9,have,EN,,O,164,9
post_065_164,1,10,a,EN,,O,164,10
post_065_164,1,11,problem,TR,,O,164,11
post_065_164,1,12,baslikli,TR,,O,164,12
post_065_164,1,13,e-mail,AMBIGUOUS,,O,164,13
post_065_164,1,14,gonderen,TR,,O,164,14
post_065_164,1,15,firma,TR,,O,164,15
post_066_165,1,0,buffy,NE,,B-TITLE,165,0
post_066_165,1,1,the,NE,,I-TITLE,165,1
post_066_165,1,2,vampire,NE,,I-TITLE,165,2
post_066_165,1,3,slayer,NE,,I-TITLE,165,3
post_066_165,1,4,ve,TR,,O,165,4
post_066_165,1,5,dawson's,NE,MIXED,B-TITLE,165,5
post_066_165,1,6,creek'i,NE,MIXED,I-TITLE,165,6
post_066_165,1,7,görünce,TR,,O,165,7
post_066_165,1,8,geçmişe,TR,,O,165,8
post_066_165,1,9,gittim,TR,,O,165,9
post_066_165,1,10,keşke,TR,,O,165,11
post_066_165,1,11,angel'i,NE,MIXED,B-TITLE,165,12
post_066_165,1,12,de,TR,,O,165,13
post_066_165,1,13,"ekleselerdi,",TR,,O,165,14
post_066_165,1,14,izlerim,TR,,O,165,15
post_066_165,1,15,müziği,TR,,O,165,17
post_066_165,1,16,de,TR,,O,165,18
post_066_165,1,17,güzeldi,TR,,O,165,19
post_067_166,1,0,moda,TR,,O,166,0
post_067_166,1,1,koleksiyonumuzun,TR,,O,166,1
post_067_166,1,2,moodboard'unu,MIXED,MIXED,O,166,2
post_067_166,1,3,nft,EN,,O,166,3
post_067_166,1,4,haline,TR,,O,166,4
post_067_166,1,5,"getirdik,",TR,,O,166,5
post_067_166,1,6,ilk,TR,,O,166,6
post_067_166,1,7,türkçe,NE,,B-OTHER,166,7
post_067_166,1,8,nft,EN,,O,166,8
post_067_166,1,9,şiiri,TR,,O,166,9
post_067_166,1,10,için,TR,,O,166,10
post_067_166,1,11,de,TR,,O,166,11
post_067_166,1,12,denemelerimiz,TR,,O,166,12
post_067_166,1,13,sürüyor,TR,,O,166,13
post_067_166,1,14,crypto,EN,,O,166,15
post_067_166,1,15,is,EN,,O,166,16
post_067_166,1,16,hope,EN,,O,166,17
post_067_166,1,17,(bkz:,TR,,O,166,19
post_067_166,1,18,opensea),NE,,B-PROD,166,20
post_067_166,1,19,mi,TR,,O,166,21
post_067_166,1,20,(bkz:,TR,,O,166,22
post_067_166,1,21,rarible),EN,,O,166,23
post_067_166,1,22,mi,TR,,O,166,24
post_067_166,1,23,daha,TR,,O,166,25
post_067_166,1,24,mantıklı,TR,,O,166,26
post_067_166,1,25,sizce,TR,,O,166,27
post_068_167,1,0,python,NE,,B-PROD,167,0
post_068_167,1,1,gurulara,TR,,O,167,1
post_068_167,1,2,bir,TR,,O,167,2
post_068_167,1,3,soru:,TR,,O,167,3
post_068_167,1,4,python,NE,,B-PROD,167,4
post_068_167,1,5,based,EN,,O,167,5
post_068_167,1,6,microservisciklerim,TR,,O,167,6
post_068_167,1,7,var,TR,,O,167,7
post_068_167,1,8,docker,NE,,B-PROD,167,8
post_068_167,1,9,containerler,MIXED,MIXED,O,167,9
post_068_167,1,10,içinde,TR,,O,167,10
post_068_167,1,11,çalışan,TR,,O,167,11
post_068_167,1,12,bugün,TR,,O,167,13
post_068_167,1,13,bi,TR,,O,167,14
post_068_167,1,14,fark,TR,,O,167,15
post_068_167,1,15,ettim,TR,,O,167,16
post_068_167,1,16,"ki,",TR,,O,167,17
post_068_167,1,17,load,EN,,O,167,18
post_068_167,1,18,altında,TR,,O,167,19
post_068_167,1,19,memory,EN,,O,167,20
post_068_167,1,20,consumption,EN,,O,167,21
post_068_167,1,21,belli,TR,,O,167,22
post_068_167,1,22,bi,TR,,O,167,23
post_068_167,1,23,yere,TR,,O,167,24
post_068_167,1,24,kadar,TR,,O,167,25
post_068_167,1,25,çıkıyor,TR,,O,167,26
post_068_167,1,26,load,EN,,O,167,27
post_068_167,1,27,düşünce,TR,,O,167,28
post_068_167,1,28,de,TR,,O,167,29
post_068_167,1,29,hala,TR,,O,167,30
post_068_167,1,30,memory,EN,,O,167,31
post_068_167,1,31,release,EN,,O,167,32
post_068_167,1,32,olmamış,TR,,O,167,33
post_068_167,1,33,kalıyor,TR,,O,167,34
post_068_167,1,34,stats,EN,,O,167,36
post_068_167,1,35,lere,TR,,O,167,37
post_068_167,1,36,cadvisor,TR,,O,167,38
post_068_167,1,37,ile,TR,,O,167,39
post_068_167,1,38,grafanadan,TR,,O,167,40
post_068_167,1,39,bakıyorum,TR,,O,167,41
post_068_167,1,40,nasıl,TR,,O,167,43
post_068_167,1,41,profiling,EN,,O,167,44
post_068_167,1,42,yapıyorsunuz,TR,,O,167,45
post_068_167,1,43,böyle,TR,,O,167,46
post_068_167,1,44,durumları,TR,,O,167,47
post_068_167,1,45,file'a,MIXED,MIXED,O,167,49
post_068_167,1,46,yazma,TR,,O,167,51
post_068_167,1,47,işim,TR,,O,167,52
post_068_167,1,48,var,TR,,O,167,53
post_068_167,1,49,büyük,TR,,O,167,54
post_068_167,1,50,büyük,TR,,O,167,55
post_068_167,1,51,verileri,TR,,O,167,56
post_068_167,1,52,ondan,TR,,O,167,57
post_068_167,1,53,şüpheleniyorum,TR,,O,167,58
post_068_167,1,54,bakalım,TR,,O,167,60
post_068_167,1,55,bi,TR,,O,167,61
post_068_167,1,56,yere,TR,,O,167,62
post_068_167,1,57,varabilecek,TR,,O,167,63
post_068_167,1,58,miyim,TR,,O,167,64
post_069_168,1,0,cto'sunun,MIXED,MIXED,O,168,0
post_069_168,1,1,open,EN,,O,168,1
post_069_168,1,2,"source,",EN,,O,168,2
post_069_168,1,3,free,EN,,O,168,3
post_069_168,1,4,software,EN,,O,168,4
post_069_168,1,5,gibi,TR,,O,168,5
post_069_168,1,6,teknolojilere,TR,,O,168,6
post_069_168,1,7,soguk,TR,,O,168,7
post_069_168,1,8,olmasindan,TR,,O,168,8
post_069_168,1,9,"dolayi,",TR,,O,168,9
post_069_168,1,10,unix*,NE,,B-PROD,168,10
post_069_168,1,11,kullanmakla,TR,,O,168,11
post_069_168,1,12,beraber,TR,,O,168,12
post_069_168,1,13,teknik,TR,,O,168,13
post_069_168,1,14,olarak,TR,,O,168,14
post_069_168,1,15,oldukca,TR,,O,168,15
post_069_168,1,16,hantal,TR,,O,168,16
post_069_168,1,17,ve,TR,,O,168,17
post_069_168,1,18,eski,TR,,O,168,18
post_069_168,1,19,bir,TR,,O,168,19
post_069_168,1,20,altyapiya,TR,,O,168,20
post_069_168,1,21,sahip,TR,,O,168,21
post_069_168,1,22,maalesef,TR,,O,168,22
post_070_169,1,0,pkk,NE,,B-ORG,169,0
post_070_169,1,1,terör,TR,,O,169,1
post_070_169,1,2,örgütü,TR,,O,169,2
post_070_169,1,3,kabul,TR,,O,169,3
post_070_169,1,4,edilse,TR,,O,169,4
post_070_169,1,5,"bile,",TR,,O,169,5
post_070_169,1,6,bu,TR,,O,169,6
post_070_169,1,7,konuda,TR,,O,169,7
post_070_169,1,8,farklı,TR,,O,169,8
post_070_169,1,9,görüşler,TR,,O,169,9
post_070_169,1,10,vardır,TR,,O,169,10
post_070_169,1,11,cart,TR,,O,169,11
post_070_169,1,12,curt,TR,,O,169,12
post_070_169,1,13,diyor,TR,,O,169,13
post_070_169,1,14,ışid,TR,,O,169,15
post_070_169,1,15,için,TR,,O,169,16
post_070_169,1,16,"ise,",TR,,O,169,17
post_070_169,1,17,terör,TR,,O,169,18
post_070_169,1,18,örgütüdür,TR,,O,169,19
post_070_169,1,19,deyip,TR,,O,169,20
post_070_169,1,20,kestirip,TR,,O,169,21
post_070_169,1,21,atıyor,TR,,O,169,22
post_070_169,1,22,yarım,TR,,O,169,24
post_070_169,1,23,saat,TR,,O,169,25
post_070_169,1,24,arada,TR,,O,169,26
post_070_169,1,25,fark,TR,,O,169,27
post_070_169,1,26,olmadığını,TR,,O,169,28
post_070_169,1,27,anlatmaya,TR,,O,169,29
post_070_169,1,28,çalıştım,TR,,O,169,30
post_070_169,1,29,sikerler,TR,,O,169,32
post_070_169,1,30,böyle,TR,,O,169,33
post_070_169,1,31,yapay,TR,,O,169,34
post_070_169,1,32,zekayı,TR,,O,169,35
post_070_169,1,33,ışid'in,TR,,O,169,37
post_070_169,1,34,de,TR,,O,169,38
post_070_169,1,35,terör,TR,,O,169,39
post_070_169,1,36,örgütü,TR,,O,169,40
post_070_169,1,37,olmadığını,TR,,O,169,41
post_070_169,1,38,düşünenler,TR,,O,169,42
post_070_169,1,39,de,TR,,O,169,43
post_070_169,1,40,var,TR,,O,169,44
post_070_169,1,41,"diyorum,",TR,,O,169,45
post_070_169,1,42,evet,TR,,O,169,46
post_070_169,1,43,vardır,TR,,O,169,47
post_070_169,1,44,ee,TR,,O,169,48
post_070_169,1,45,öö,TR,,O,169,49
post_070_169,1,46,yapıyor,TR,,O,169,50
post_070_169,1,47,e,TR,,O,169,52
post_070_169,1,48,varsa,TR,,O,169,53
post_070_169,1,49,demek,TR,,O,169,54
post_070_169,1,50,ki,TR,,O,169,55
post_070_169,1,51,pkk'dan,NE,MIXED,B-ORG,169,56
post_070_169,1,52,bir,TR,,O,169,57
post_070_169,1,53,farkı,TR,,O,169,58
post_070_169,1,54,yok,TR,,O,169,59
post_070_169,1,55,"diyorum,",TR,,O,169,60
post_070_169,1,56,aynı,TR,,O,169,61
post_070_169,1,57,cümleleri,TR,,O,169,62
post_070_169,1,58,tekrar,TR,,O,169,63
post_070_169,1,59,edip,TR,,O,169,64
post_070_169,1,60,duruyor,TR,,O,169,65
post_070_169,1,61,özet,TR,,O,169,67
post_070_169,1,62,"olarak,",TR,,O,169,68
post_070_169,1,63,wikipedia'dan,NE,MIXED,B-PROD,169,69
post_070_169,1,64,bir,TR,,O,169,70
post_070_169,1,65,takım,TR,,O,169,71
post_070_169,1,66,bilgiler,TR,,O,169,72
post_070_169,1,67,"edinmiş,",TR,,O,169,73
post_070_169,1,68,kendi,TR,,O,169,74
post_070_169,1,69,muhakemesi,TR,,O,169,75
post_070_169,1,70,yok,TR,,O,169,76
post_070_169,1,71,durmadan,TR,,O,169,78
post_070_169,1,72,aynı,TR,,O,169,79
post_070_169,1,73,şeyleri,TR,,O,169,80
post_070_169,1,74,tekrar,TR,,O,169,81
post_070_169,1,75,ediyor,TR,,O,169,82
post_070_169,1,76,öğrenme,TR,,O,169,84
post_070_169,1,77,"isteği,",TR,,O,169,85
post_070_169,1,78,kapasitesi,TR,,O,169,86
post_070_169,1,79,yok,TR,,O,169,87
post_070_169,1,80,kapalı,TR,,O,169,89
post_070_169,1,81,devre,TR,,O,169,90
post_070_169,1,82,"çalışan,",TR,,O,169,91
post_070_169,1,83,sik,TR,,O,169,92
post_070_169,1,84,gibi,TR,,O,169,93
post_070_169,1,85,bir,TR,,O,169,94
post_070_169,1,86,chatbot,EN,,O,169,95
post_070_169,1,87,sadece,TR,,O,169,96
post_071_170,1,0,ay,TR,,O,170,1
post_071_170,1,1,free,EN,,O,170,2
post_071_170,1,2,trial'dan,MIXED,MIXED,O,170,3
post_071_170,1,3,sonra,TR,,O,170,4
post_071_170,1,4,uyeligini,TR,,O,170,5
post_071_170,1,5,satin,TR,,O,170,6
post_071_170,1,6,alsam,TR,,O,170,7
post_071_170,1,7,mi,TR,,O,170,8
post_071_170,1,8,diye,TR,,O,170,9
post_071_170,1,9,dusundugum,TR,,O,170,10
post_071_170,1,10,aliskanlik,TR,,O,170,11
post_071_170,1,11,yapan,TR,,O,170,12
post_071_170,1,12,"program,",TR,,O,170,13
post_071_170,1,13,muzik,TR,,O,170,14
post_071_170,1,14,indirme,TR,,O,170,15
post_071_170,1,15,derdi,TR,,O,170,16
post_071_170,1,16,yok,TR,,O,170,17
post_071_170,1,17,yalniz,TR,,O,170,18
post_071_170,1,18,turkce,NE,,B-OTHER,170,19
post_071_170,1,19,muzik,TR,,O,170,20
post_071_170,1,20,arsivleri,TR,,O,170,21
post_071_170,1,21,biraz,TR,,O,170,22
post_071_170,1,22,yetersiz,TR,,O,170,23
post_071_170,1,23,onun,TR,,O,170,24
post_071_170,1,24,disinda,TR,,O,170,25
post_071_170,1,25,sahane,TR,,O,170,26
post_072_171,1,0,"openai'ın,",NE,MIXED,B-PROD,171,0
post_072_171,1,1,hollywood'daki,NE,MIXED,B-ORG,171,1
post_072_171,1,2,yapımcı,TR,,O,171,2
post_072_171,1,3,ve,TR,,O,171,3
post_072_171,1,4,yönetmenleri,TR,,O,171,4
post_072_171,1,5,yapay,TR,,O,171,5
post_072_171,1,6,zekaya,TR,,O,171,6
post_072_171,1,7,yatırım,TR,,O,171,7
post_072_171,1,8,yapmaya,TR,,O,171,8
post_072_171,1,9,ikna,TR,,O,171,9
post_072_171,1,10,etmek,TR,,O,171,10
post_072_171,1,11,için,TR,,O,171,11
post_072_171,1,12,critterz,NE,,B-TITLE,171,12
post_072_171,1,13,adlı,TR,,O,171,13
post_072_171,1,14,uzun,TR,,O,171,14
post_072_171,1,15,metrajlı,TR,,O,171,15
post_072_171,1,16,bir,TR,,O,171,16
post_072_171,1,17,animasyon,TR,,O,171,17
post_072_171,1,18,filminin,TR,,O,171,18
post_072_171,1,19,yapım,TR,,O,171,19
post_072_171,1,20,ekibiyle,TR,,O,171,20
post_072_171,1,21,teknolojisini,TR,,O,171,21
post_072_171,1,22,paylaştığı,TR,,O,171,22
post_072_171,1,23,bildirildi,TR,,O,171,23
post_072_171,1,24,the,NE,,B-ORG,171,25
post_072_171,1,25,wall,NE,,I-ORG,171,26
post_072_171,1,26,street,NE,,I-ORG,171,27
post_072_171,1,27,journal'ın,NE,MIXED,I-ORG,171,28
post_072_171,1,28,haberine,TR,,O,171,29
post_072_171,1,29,göre,TR,,O,171,30
post_072_171,1,30,"film,",TR,,O,171,31
post_072_171,1,31,tamamen,TR,,O,171,32
post_072_171,1,32,openai,NE,,B-ORG,171,33
post_072_171,1,33,modellerinden,TR,,O,171,34
post_072_171,1,34,güç,TR,,O,171,35
post_072_171,1,35,alan,TR,,O,171,36
post_072_171,1,36,görüntü,TR,,O,171,37
post_072_171,1,37,üretim,TR,,O,171,38
post_072_171,1,38,araçlarıyla,TR,,O,171,39
post_072_171,1,39,hazırlandı,TR,,O,171,40
post_072_171,1,40,yalnızca,TR,,O,171,42
post_072_171,1,41,ayda,TR,,O,171,44
post_072_171,1,42,milyon,TR,,O,171,46
post_072_171,1,43,dolardan,TR,,O,171,47
post_072_171,1,44,daha,TR,,O,171,48
post_072_171,1,45,az,TR,,O,171,49
post_072_171,1,46,bir,TR,,O,171,50
post_072_171,1,47,bütçeyle,TR,,O,171,51
post_072_171,1,48,hazırlanan,TR,,O,171,52
post_072_171,1,49,"film,",TR,,O,171,53
post_072_171,1,50,cannes,NE,,B-EVENT,171,54
post_072_171,1,51,film,NE,,I-EVENT,171,55
post_072_171,1,52,festivali'nde,NE,MIXED,I-EVENT,171,56
post_072_171,1,53,ilk,TR,,O,171,57
post_072_171,1,54,gösterimini,TR,,O,171,58
post_072_171,1,55,yapmasının,TR,,O,171,59
post_072_171,1,56,ardından,TR,,O,171,60
post_072_171,1,57,2026'da,TR,,O,171,61
post_072_171,1,58,dünya,TR,,O,171,62
post_072_171,1,59,genelinde,TR,,O,171,63
post_072_171,1,60,vizyona,TR,,O,171,64
post_072_171,1,61,girecek,TR,,O,171,65
post_073_172,1,0,çocuklar,TR,,O,172,0
post_073_172,1,1,için,TR,,O,172,1
post_073_172,1,2,oldukça,TR,,O,172,2
post_073_172,1,3,tehlikeli,TR,,O,172,3
post_073_172,1,4,olan,TR,,O,172,4
post_073_172,1,5,bir,TR,,O,172,5
post_073_172,1,6,uygulama,TR,,O,172,6
post_073_172,1,7,türkçe,NE,,B-OTHER,172,8
post_073_172,1,8,link,TR,,O,172,9
post_073_172,1,9,anlatıyorum:,TR,,O,172,10
post_073_172,1,10,abd'de,NE,MIXED,B-LOC,172,11
post_073_172,1,11,gençler,TR,,O,172,12
post_073_172,1,12,prize,TR,,O,172,13
post_073_172,1,13,şarj,TR,,O,172,14
post_073_172,1,14,aleti,TR,,O,172,15
post_073_172,1,15,"takıp,",TR,,O,172,16
post_073_172,1,16,priz,TR,,O,172,17
post_073_172,1,17,ile,TR,,O,172,18
post_073_172,1,18,şarj,TR,,O,172,19
post_073_172,1,19,aleti,TR,,O,172,20
post_073_172,1,20,arasına,TR,,O,172,21
post_073_172,1,21,madeni,TR,,O,172,22
post_073_172,1,22,para,TR,,O,172,23
post_073_172,1,23,sokarak,TR,,O,172,24
post_073_172,1,24,kıvılcım,TR,,O,172,25
post_073_172,1,25,çıkartıyorlar,TR,,O,172,26
post_073_172,1,26,bu,TR,,O,172,28
post_073_172,1,27,outlet,TR,,O,172,29
post_073_172,1,28,challenge,EN,,O,172,30
post_073_172,1,29,diye,TR,,O,172,31
post_073_172,1,30,geçiyor,TR,,O,172,32
post_073_172,1,31,ve,TR,,O,172,33
post_073_172,1,32,bunu,TR,,O,172,34
post_073_172,1,33,okulda,TR,,O,172,35
post_073_172,1,34,denemişler,TR,,O,172,36
post_073_172,1,35,itfaiye,TR,,O,172,38
post_073_172,1,36,açıklama,TR,,O,172,39
post_073_172,1,37,yapmış,TR,,O,172,40
post_073_172,1,38,tabi,TR,,O,172,41
post_073_172,1,39,edit,EN,,O,172,43
post_073_172,1,40,türkçe,NE,,B-OTHER,172,44
post_073_172,1,41,link,TR,,O,172,45
post_073_172,1,42,eklendi,TR,,O,172,46
post_074_173,1,0,ben,TR,,O,173,0
post_074_173,1,1,de,TR,,O,173,1
post_074_173,1,2,geçen,TR,,O,173,2
post_074_173,1,3,ay,TR,,O,173,3
post_074_173,1,4,aktive,TR,,O,173,4
post_074_173,1,5,ettim,TR,,O,173,5
post_074_173,1,6,eski,TR,,O,173,6
post_074_173,1,7,üyeliğimi,TR,,O,173,7
post_074_173,1,8,tekrar,TR,,O,173,9
post_074_173,1,9,tekrar,TR,,O,173,10
post_074_173,1,10,izlemelik,TR,,O,173,11
post_074_173,1,11,monk,NE,,B-TITLE,173,12
post_074_173,1,12,ve,TR,,O,173,13
post_074_173,1,13,the,NE,,B-TITLE,173,14
post_074_173,1,14,office,NE,,I-TITLE,173,15
post_074_173,1,15,gibi,TR,,O,173,16
post_074_173,1,16,diziler,TR,,O,173,17
post_074_173,1,17,burada,TR,,O,173,18
post_074_173,1,18,ama,TR,,O,173,20
post_074_173,1,19,altyazı,TR,,O,173,21
post_074_173,1,20,kalitesi,TR,,O,173,22
post_074_173,1,21,rezalet,TR,,O,173,23
post_074_173,1,22,zaten,TR,,O,173,25
post_074_173,1,23,içeriklerin,TR,,O,173,26
post_074_173,1,24,özetlerini,TR,,O,173,27
post_074_173,1,25,google,NE,,B-PROD,173,28
post_074_173,1,26,translate,NE,,I-PROD,173,29
post_074_173,1,27,ile,TR,,O,173,30
post_074_173,1,28,çevirmişler,TR,,O,173,31
post_074_173,1,29,şaka,TR,,O,173,33
post_074_173,1,30,değil,TR,,O,173,34
post_074_173,1,31,bazıları,TR,,O,173,36
post_074_173,1,32,gayet,TR,,O,173,37
post_074_173,1,33,normal,TR,,O,173,38
post_074_173,1,34,cümlelerken,TR,,O,173,39
post_074_173,1,35,bazıları,TR,,O,173,40
post_074_173,1,36,direkt,TR,,O,173,41
post_074_173,1,37,google,NE,,B-PROD,173,42
post_074_173,1,38,translate,NE,,I-PROD,173,43
post_074_173,1,39,"çevirisi,",TR,,O,173,44
post_074_173,1,40,komik,TR,,O,173,45
post_074_173,1,41,bir,TR,,O,173,47
post_074_173,1,42,de,TR,,O,173,48
post_074_173,1,43,ingilizce,NE,,B-OTHER,173,49
post_074_173,1,44,altyazılar,TR,,O,173,50
post_074_173,1,45,bile,TR,,O,173,51
post_074_173,1,46,hep,TR,,O,173,52
post_074_173,1,47,sıkıntılı,TR,,O,173,53
post_074_173,1,48,video,EN,,O,173,55
post_074_173,1,49,playerının,MIXED,MIXED,O,173,56
post_074_173,1,50,ileri,TR,,O,173,57
post_074_173,1,51,geri,TR,,O,173,58
post_074_173,1,52,alması,TR,,O,173,59
post_074_173,1,53,da,TR,,O,173,60
post_074_173,1,54,işkence,TR,,O,173,61
post_074_173,1,55,ben,TR,,O,173,62
post_074_173,1,56,başka,TR,,O,173,63
post_074_173,1,57,bir,TR,,O,173,64
post_074_173,1,58,şey,TR,,O,173,65
post_074_173,1,59,yaparken,TR,,O,173,66
post_074_173,1,60,arkada,TR,,O,173,67
post_074_173,1,61,the,NE,,B-TITLE,173,68
post_074_173,1,62,office,NE,,B-TITLE,173,69
post_074_173,1,63,dinlemek,TR,,O,173,70
post_074_173,1,64,için,TR,,O,173,71
post_074_173,1,65,aldım,TR,,O,173,72
post_074_173,1,66,asla,TR,,O,173,74
post_074_173,1,67,uzun,TR,,O,173,75
post_074_173,1,68,süreli,TR,,O,173,76
post_074_173,1,69,kullanmayı,TR,,O,173,77
post_074_173,1,70,düşünmüyorum,TR,,O,173,78
post_074_173,1,71,cidden,TR,,O,173,80
post_074_173,1,72,başarısız,TR,,O,173,81
post_075_174,1,0,internet,TR,,O,174,0
post_075_174,1,1,aleminin,TR,,O,174,1
post_075_174,1,2,en,TR,,O,174,2
post_075_174,1,3,eski,TR,,O,174,3
post_075_174,1,4,community,EN,,O,174,4
post_075_174,1,5,gathering,EN,,O,174,5
post_075_174,1,6,platformu,TR,,O,174,6
post_075_174,1,7,son,TR,,O,174,8
post_075_174,1,8,zamanlarda,TR,,O,174,9
post_075_174,1,9,aklıma,TR,,O,174,10
post_075_174,1,10,takılan,TR,,O,174,11
post_075_174,1,11,birçok,TR,,O,174,12
post_075_174,1,12,konuda,TR,,O,174,13
post_075_174,1,13,veya,TR,,O,174,14
post_075_174,1,14,bir,TR,,O,174,15
post_075_174,1,15,"film,",TR,,O,174,16
post_075_174,1,16,"oyun,",TR,,O,174,17
post_075_174,1,17,müzik,TR,,O,174,18
post_075_174,1,18,gibi,TR,,O,174,19
post_075_174,1,19,konularda,TR,,O,174,20
post_075_174,1,20,yorum,TR,,O,174,21
post_075_174,1,21,okumak,TR,,O,174,22
post_075_174,1,22,için,TR,,O,174,23
post_075_174,1,23,ekşiden,TR,,O,174,24
post_075_174,1,24,daha,TR,,O,174,25
post_075_174,1,25,fazla,TR,,O,174,26
post_075_174,1,26,kullanmaya,TR,,O,174,27
post_075_174,1,27,başladığım,TR,,O,174,28
post_075_174,1,28,platform,AMBIGUOUS,,O,174,29
post_075_174,1,29,genel,TR,,O,174,31
post_075_174,1,30,olarak,TR,,O,174,32
post_075_174,1,31,paylaşımlar,TR,,O,174,33
post_075_174,1,32,oldukça,TR,,O,174,34
post_075_174,1,33,kaliteli,TR,,O,174,35
post_075_174,1,34,hakikaten,TR,,O,174,36
post_075_174,1,35,yani,TR,,O,174,38
post_075_174,1,36,bazıları,TR,,O,174,39
post_075_174,1,37,"kötülemiş,",TR,,O,174,40
post_075_174,1,38,ama,TR,,O,174,41
post_075_174,1,39,neden,TR,,O,174,42
post_075_174,1,40,olduğunu,TR,,O,174,43
post_075_174,1,41,bilmiyorum,TR,,O,174,44
post_075_174,1,42,kötülenen,TR,,O,174,46
post_075_174,1,43,ortam,TR,,O,174,47
post_075_174,1,44,da,TR,,O,174,48
post_075_174,1,45,ekşi,TR,,O,174,49
post_075_174,1,46,bu,TR,,O,174,50
post_075_174,1,47,arada,TR,,O,174,51
post_076_175,1,0,bu,TR,,O,175,0
post_076_175,1,1,yılbaşı,TR,,O,175,1
post_076_175,1,2,için,TR,,O,175,2
post_076_175,1,3,yurt,TR,,O,175,3
post_076_175,1,4,dışında,TR,,O,175,4
post_076_175,1,5,airbnb,NE,,B-PROD,175,5
post_076_175,1,6,tutmuştum,TR,,O,175,6
post_076_175,1,7,iptal,TR,,O,175,8
post_076_175,1,8,koşulları,TR,,O,175,9
post_076_175,1,9,da,TR,,O,175,10
post_076_175,1,10,ayın,TR,,O,175,11
post_076_175,1,11,25'ine,TR,,O,175,12
post_076_175,1,12,kadar,TR,,O,175,13
post_076_175,1,13,full,EN,,O,175,14
post_076_175,1,14,"refund,",EN,,O,175,15
post_076_175,1,15,30'una,TR,,O,175,16
post_076_175,1,16,kadar,TR,,O,175,17
post_076_175,1,17,ise,TR,,O,175,18
post_076_175,1,18,ilk,TR,,O,175,19
post_076_175,1,19,gece,TR,,O,175,20
post_076_175,1,20,hariç,TR,,O,175,21
post_076_175,1,21,(iade,TR,,O,175,22
post_076_175,1,22,etmiyor),TR,,O,175,23
post_076_175,1,23,geri,TR,,O,175,24
post_076_175,1,24,kalan,TR,,O,175,25
post_076_175,1,25,tutarın,TR,,O,175,26
post_076_175,1,26,%50'sini,TR,,O,175,27
post_076_175,1,27,refund,EN,,O,175,28
post_076_175,1,28,ediyordu,TR,,O,175,29
post_076_175,1,29,sonra,TR,,O,175,31
post_076_175,1,30,gel,TR,,O,175,32
post_076_175,1,31,gelelim,TR,,O,175,33
post_076_175,1,32,bugün,TR,,O,175,34
post_076_175,1,33,covid,EN,,O,175,35
post_076_175,1,34,"oldum,",TR,,O,175,36
post_076_175,1,35,sonuçta,TR,,O,175,37
post_076_175,1,36,karantinaya,TR,,O,175,38
post_076_175,1,37,girmem,TR,,O,175,39
post_076_175,1,38,gerekiyor,TR,,O,175,40
post_076_175,1,39,ve,TR,,O,175,41
post_076_175,1,40,yurt,TR,,O,175,42
post_076_175,1,41,dışına,TR,,O,175,43
post_076_175,1,42,çıkamıyorum,TR,,O,175,44
post_076_175,1,43,(normalde,TR,,O,175,46
post_076_175,1,44,25'i,TR,,O,175,47
post_076_175,1,45,geçmesine,TR,,O,175,48
post_076_175,1,46,rağmen),TR,,O,175,49
post_076_175,1,47,bunların,TR,,O,175,50
post_076_175,1,48,amerika,NE,,B-LOC,175,51
post_076_175,1,49,numarasını,TR,,O,175,52
post_076_175,1,50,"aradım,",TR,,O,175,53
post_076_175,1,51,pozitif,TR,,O,175,54
post_076_175,1,52,test,TR,,O,175,55
post_076_175,1,53,sonucumu,TR,,O,175,56
post_076_175,1,54,istediler,TR,,O,175,57
post_076_175,1,55,"gönderdim,",TR,,O,175,58
post_076_175,1,56,saat,TR,,O,175,60
post_076_175,1,57,içinde,TR,,O,175,61
post_076_175,1,58,full,EN,,O,175,62
post_076_175,1,59,refund,EN,,O,175,63
post_076_175,1,60,talebim,TR,,O,175,64
post_076_175,1,61,onaylandı,TR,,O,175,65
post_076_175,1,62,ayrıca,TR,,O,175,66
post_076_175,1,63,tl'lik,TR,,O,175,68
post_076_175,1,64,kupon,TR,,O,175,69
post_076_175,1,65,da,TR,,O,175,70
post_076_175,1,66,hediye,TR,,O,175,71
post_076_175,1,67,ettiler,TR,,O,175,72
post_076_175,1,68,yani;,TR,,O,175,74
post_076_175,1,69,bütün,TR,,O,175,75
post_076_175,1,70,dünya,TR,,O,175,76
post_076_175,1,71,airbnb'nin,NE,MIXED,B-PROD,175,77
post_076_175,1,72,daşşaaanı,TR,,O,175,78
post_076_175,1,73,yisin,TR,,O,175,79
post_076_175,1,74,yabancılar,TR,,O,175,81
post_076_175,1,75,yapıyor,TR,,O,175,82
post_076_175,1,76,abi,TR,,O,175,83
post_077_176,1,0,hemen,TR,,O,176,0
post_077_176,1,1,hemen,TR,,O,176,1
post_077_176,1,2,herkesin,TR,,O,176,2
post_077_176,1,3,bulunabildigi,TR,,O,176,3
post_077_176,1,4,bir,TR,,O,176,4
post_077_176,1,5,sosyal,TR,,O,176,5
post_077_176,1,6,komunite,TR,,O,176,6
post_077_176,1,7,discovery,NE,,B-ORG,176,8
post_077_176,1,8,channel'da,NE,MIXED,I-ORG,176,9
post_077_176,1,9,seyrettim,TR,,O,176,10
post_077_176,1,10,gecen,TR,,O,176,11
post_077_176,1,11,"gece,",TR,,O,176,12
post_077_176,1,12,katili,TR,,O,176,13
post_077_176,1,13,facebook'dan,NE,MIXED,B-PROD,176,14
post_077_176,1,14,buldular,TR,,O,176,15
post_077_176,1,15,ps:,TR,,O,176,17
post_077_176,1,16,uşak,TR,,O,176,18
post_077_176,1,17,network'ündeydi,MIXED,MIXED,O,176,19
post_078_177,1,0,upwork,NE,,B-ORG,177,0
post_078_177,1,1,ile,TR,,O,177,1
post_078_177,1,2,uluslararası,TR,,O,177,2
post_078_177,1,3,freelance,EN,,O,177,3
post_078_177,1,4,pazarında,TR,,O,177,4
post_078_177,1,5,ilk,TR,,O,177,5
post_078_177,1,6,işimi,TR,,O,177,6
post_078_177,1,7,aldım,TR,,O,177,7
post_078_177,1,8,ilk,TR,,O,177,9
post_078_177,1,9,işi,TR,,O,177,10
post_078_177,1,10,almak,TR,,O,177,11
post_078_177,1,11,zor,TR,,O,177,12
post_078_177,1,12,ama,TR,,O,177,13
post_078_177,1,13,uğraşmaya,TR,,O,177,14
post_078_177,1,14,değer,TR,,O,177,15
post_079_178,1,0,fitness,EN,,O,178,0
post_079_178,1,1,body,EN,,O,178,1
post_079_178,1,2,buildingten,MIXED,MIXED,O,178,2
post_079_178,1,3,farklı,TR,,O,178,3
post_079_178,1,4,olarak,TR,,O,178,4
post_079_178,1,5,"dayanıklılık,",TR,,O,178,5
post_079_178,1,6,atletizm,TR,,O,178,6
post_079_178,1,7,ve,TR,,O,178,7
post_079_178,1,8,koordinasyonu,TR,,O,178,8
post_079_178,1,9,içinde,TR,,O,178,9
post_079_178,1,10,"barındıran,",TR,,O,178,10
post_079_178,1,11,bu,TR,,O,178,11
post_079_178,1,12,nedenle,TR,,O,178,12
post_079_178,1,13,aerobik,TR,,O,178,13
post_079_178,1,14,egzersizleri,TR,,O,178,14
post_079_178,1,15,de,TR,,O,178,15
post_079_178,1,16,ele,TR,,O,178,16
post_079_178,1,17,alarak,TR,,O,178,17
post_079_178,1,18,kardiyovasküler,TR,,O,178,18
post_079_178,1,19,sistemi,TR,,O,178,19
post_079_178,1,20,de,TR,,O,178,20
post_079_178,1,21,geliştirmeyi,TR,,O,178,21
post_079_178,1,22,amaçlayan,TR,,O,178,22
post_079_178,1,23,bir,TR,,O,178,23
post_079_178,1,24,spor,TR,,O,178,24
post_079_178,1,25,dalı,TR,,O,178,25
post_079_178,1,26,hipertrofiyi,TR,,O,178,27
post_079_178,1,27,amaçlayan,TR,,O,178,28
post_079_178,1,28,body,EN,,O,178,29
post_079_178,1,29,building,EN,,O,178,30
post_079_178,1,30,için,TR,,O,178,31
post_079_178,1,31,ise,TR,,O,178,32
post_079_178,1,32,kas,TR,,O,178,33
post_079_178,1,33,yapmak,TR,,O,178,34
post_079_178,1,34,denilebilir,TR,,O,178,35
post_079_178,1,35,fitness,EN,,O,178,37
post_079_178,1,36,ise,TR,,O,178,38
post_079_178,1,37,daha,TR,,O,178,39
post_079_178,1,38,kapsamlıdır,TR,,O,178,40
post_079_178,1,39,ve,TR,,O,178,41
post_079_178,1,40,kardiyo,TR,,O,178,42
post_079_178,1,41,nedeniyle,TR,,O,178,43
post_079_178,1,42,gelen,TR,,O,178,44
post_079_178,1,43,sıkılaşma,TR,,O,178,45
post_079_178,1,44,bir,TR,,O,178,46
post_079_178,1,45,kayıp,TR,,O,178,47
post_079_178,1,46,olarak,TR,,O,178,48
post_079_178,1,47,görülmez,TR,,O,178,49
post_079_178,1,48,bodybuilding,EN,,O,178,51
post_079_178,1,49,izotonik,TR,,O,178,52
post_079_178,1,50,kasılmaları,TR,,O,178,53
post_079_178,1,51,hedefleyen,TR,,O,178,54
post_079_178,1,52,egzersizlere,TR,,O,178,55
post_079_178,1,53,dayalıdır,TR,,O,178,56
post_079_178,1,54,ancak,TR,,O,178,57
post_079_178,1,55,fitness,EN,,O,178,58
post_079_178,1,56,programında,TR,,O,178,59
post_079_178,1,57,izometrik,TR,,O,178,60
post_079_178,1,58,egzersizler,TR,,O,178,61
post_079_178,1,59,olmak,TR,,O,178,62
post_079_178,1,60,zorundadır,TR,,O,178,63
post_079_178,1,61,ve,TR,,O,178,64
post_079_178,1,62,zayıf,TR,,O,178,65
post_079_178,1,63,bir,TR,,O,178,66
post_079_178,1,64,performans,TR,,O,178,67
post_079_178,1,65,kabul,TR,,O,178,68
post_079_178,1,66,edilemez,TR,,O,178,69
post_080_179,1,0,an,TR,,O,179,0
post_080_179,1,1,itibariyle,TR,,O,179,1
post_080_179,1,2,pcde,MIXED,MIXED,O,179,2
post_080_179,1,3,kullanmaya,TR,,O,179,3
post_080_179,1,4,çalıştığınızda,TR,,O,179,4
post_080_179,1,5,"""sorry,",EN,,O,179,5
post_080_179,1,6,you,EN,,O,179,6
post_080_179,1,7,have,EN,,O,179,7
post_080_179,1,8,been,EN,,O,179,8
post_080_179,1,9,blocked,EN,,O,179,9
post_080_179,1,10,you,EN,,O,179,10
post_080_179,1,11,are,EN,,O,179,11
post_080_179,1,12,unable,EN,,O,179,12
post_080_179,1,13,to,EN,,O,179,13
post_080_179,1,14,access,EN,,O,179,14
post_080_179,1,15,"discord.com""",NE,MIXED,B-PROD,179,15
post_080_179,1,16,uyarısı,TR,,O,179,16
post_080_179,1,17,veren,TR,,O,179,17
post_080_179,1,18,site,TR,,O,179,18
post_080_179,1,19,galiba,TR,,O,179,20
post_080_179,1,20,sorun,TR,,O,179,21
post_080_179,1,21,global,TR,,O,179,22
post_080_179,1,22,edit,EN,,O,179,24
post_080_179,1,23,sorun,TR,,O,179,25
post_080_179,1,24,çözülmüşe,TR,,O,179,26
post_080_179,1,25,benziyor,TR,,O,179,27
post_081_180,1,0,zırt,TR,,O,180,0
post_081_180,1,1,pırt,TR,,O,180,1
post_081_180,1,2,over,EN,,O,180,2
post_081_180,1,3,capacity,EN,,O,180,3
post_081_180,1,4,olan,TR,,O,180,4
post_081_180,1,5,kurum,TR,,O,180,5
post_081_180,1,6,ve,TR,,O,180,6
post_081_180,1,7,kuruluş,TR,,O,180,7
post_081_180,1,8,hayır,TR,,O,180,8
post_081_180,1,9,çok,TR,,O,180,9
post_081_180,1,10,lazımsa,TR,,O,180,10
post_081_180,1,11,aramızda,TR,,O,180,11
post_081_180,1,12,para,TR,,O,180,12
post_081_180,1,13,toplayalım,TR,,O,180,13
post_081_180,1,14,verelim,TR,,O,180,14
post_081_180,1,15,de,TR,,O,180,15
post_081_180,1,16,yeni,TR,,O,180,16
post_081_180,1,17,bir,TR,,O,180,17
post_081_180,1,18,server,EN,,O,180,18
post_081_180,1,19,alıverin,TR,,O,180,19
post_081_180,1,20,karakterlik,TR,,O,180,22
post_081_180,1,21,metin,TR,,O,180,23
post_081_180,1,22,giriyoz,TR,,O,180,24
post_081_180,1,23,zaten,TR,,O,180,25
post_081_180,1,24,neyin,TR,,O,180,26
post_081_180,1,25,overcapacity'si,MIXED,MIXED,O,180,27
post_081_180,1,26,bu,TR,,O,180,28
post_081_180,1,27,birader,TR,,O,180,29
post_082_181,1,0,boku,TR,,O,181,0
post_082_181,1,1,çıkan,TR,,O,181,1
post_082_181,1,2,trend,EN,,O,181,2
post_082_181,1,3,adam,TR,,O,181,4
post_082_181,1,4,akıllı,TR,,O,181,5
post_082_181,1,5,örneklerini,TR,,O,181,6
post_082_181,1,6,bir,TR,,O,181,7
post_082_181,1,7,kenara,TR,,O,181,8
post_082_181,1,8,"bırakırsak,",TR,,O,181,9
post_082_181,1,9,ortalık,TR,,O,181,10
post_082_181,1,10,ortada,TR,,O,181,11
post_082_181,1,11,bir,TR,,O,181,12
post_082_181,1,12,"fikir,",TR,,O,181,13
post_082_181,1,13,proje,TR,,O,181,14
post_082_181,1,14,bile,TR,,O,181,15
post_082_181,1,15,yokken,TR,,O,181,16
post_082_181,1,16,sırf,TR,,O,181,17
post_082_181,1,17,"""ben",TR,,O,181,18
post_082_181,1,18,mesai,TR,,O,181,21
post_082_181,1,19,yapamam,TR,,O,181,22
post_082_181,1,20,"yeaaaa,",AMBIGUOUS,,O,181,23
post_082_181,1,21,hem,TR,,O,181,24
post_082_181,1,22,kartta,TR,,O,181,25
post_082_181,1,23,ceo,EN,,O,181,26
post_082_181,1,24,ya,TR,,O,181,27
post_082_181,1,25,da,TR,,O,181,28
post_082_181,1,26,co-founder,EN,,O,181,29
post_082_181,1,27,yazınca,TR,,O,181,30
post_082_181,1,28,çok,TR,,O,181,31
post_082_181,1,29,havalı,TR,,O,181,32
post_082_181,1,30,oluyor,TR,,O,181,33
post_082_181,1,31,"yeaaa""",AMBIGUOUS,,O,181,34
post_082_181,1,32,mantığıyla,TR,,O,181,35
post_082_181,1,33,başlatılmış,TR,,O,181,36
post_082_181,1,34,ve,TR,,O,181,37
post_082_181,1,35,haliyle,TR,,O,181,38
post_082_181,1,36,babayı,TR,,O,181,39
post_082_181,1,37,almış,TR,,O,181,40
post_082_181,1,38,startuplar,MIXED,MIXED,O,181,41
post_082_181,1,39,ile,TR,,O,181,42
post_082_181,1,40,doldu,TR,,O,181,43
post_082_181,1,41,kartta,TR,,O,181,45
post_082_181,1,42,ceo,EN,,O,181,46
post_082_181,1,43,yazmasının,TR,,O,181,47
post_082_181,1,44,ana,TR,,O,181,48
post_082_181,1,45,amaç,TR,,O,181,49
post_082_181,1,46,olduğu,TR,,O,181,50
post_082_181,1,47,bu,TR,,O,181,51
post_082_181,1,48,startupların,MIXED,MIXED,O,181,52
post_082_181,1,49,olmazsa,TR,,O,181,53
post_082_181,1,50,olmaz,TR,,O,181,54
post_082_181,1,51,kurallarından,TR,,O,181,55
post_082_181,1,52,biri,TR,,O,181,56
post_082_181,1,53,"de,",TR,,O,181,57
post_082_181,1,54,politik,TR,,O,181,58
post_082_181,1,55,doğruculuğun,TR,,O,181,59
post_082_181,1,56,da,TR,,O,181,60
post_082_181,1,57,suyunu,TR,,O,181,61
post_082_181,1,58,"çıkarıp,",TR,,O,181,62
post_082_181,1,59,götünden,TR,,O,181,63
post_082_181,1,60,süper,TR,,O,181,64
post_082_181,1,61,"yaratıcı,",TR,,O,181,65
post_082_181,1,62,yeni,TR,,O,181,66
post_082_181,1,63,iş,TR,,O,181,67
post_082_181,1,64,pozisyonları,TR,,O,181,68
post_082_181,1,65,uydurmak,TR,,O,181,69
post_082_181,1,66,mesela,TR,,O,181,71
post_082_181,1,67,"""community",EN,,O,181,72
post_082_181,1,68,happiness,EN,,O,181,73
post_082_181,1,69,"manager""",EN,,O,181,74
post_082_181,1,70,"meali,",TR,,O,181,75
post_082_181,1,71,ofisten,TR,,O,181,76
post_082_181,1,72,sorumlu,TR,,O,181,77
post_082_181,1,73,sekreter,TR,,O,181,78
post_083_182,1,0,seviyeleri,TR,,O,182,0
post_083_182,1,1,ve,TR,,O,182,1
post_083_182,1,2,çeşitleri,TR,,O,182,2
post_083_182,1,3,bulunmakla,TR,,O,182,3
post_083_182,1,4,"beraber,",TR,,O,182,4
post_083_182,1,5,meme'i,MIXED,MIXED,O,182,5
post_083_182,1,6,oluşturan,TR,,O,182,6
post_083_182,1,7,malzemelerin,TR,,O,182,7
post_083_182,1,8,pek,TR,,O,182,8
post_083_182,1,9,korele,TR,,O,182,9
post_083_182,1,10,olmadığı,TR,,O,182,10
post_083_182,1,11,bir,TR,,O,182,11
post_083_182,1,12,çeşit,TR,,O,182,12
post_083_182,1,13,mizah,TR,,O,182,13
post_083_182,1,14,"akımı,",TR,,O,182,14
post_083_182,1,15,kimi,TR,,O,182,15
post_083_182,1,16,seviye,TR,,O,182,16
post_083_182,1,17,shitpostlar,MIXED,MIXED,O,182,17
post_083_182,1,18,tamamen,TR,,O,182,18
post_083_182,1,19,anlamsız,TR,,O,182,19
post_083_182,1,20,ve,TR,,O,182,20
post_083_182,1,21,bağlantısızdır,TR,,O,182,21
post_083_182,1,22,veya,TR,,O,182,22
post_083_182,1,23,çok,TR,,O,182,23
post_083_182,1,24,küçük,TR,,O,182,24
post_083_182,1,25,bir,TR,,O,182,25
post_083_182,1,26,zümrenin,TR,,O,182,26
post_083_182,1,27,anlayabileceği,TR,,O,182,27
post_083_182,1,28,bir,TR,,O,182,28
post_083_182,1,29,yerden,TR,,O,182,29
post_083_182,1,30,espri,TR,,O,182,30
post_083_182,1,31,türetir,TR,,O,182,31
post_083_182,1,32,ve,TR,,O,182,32
post_083_182,1,33,pek,TR,,O,182,33
post_083_182,1,34,sınır,TR,,O,182,34
post_083_182,1,35,tanımaz,TR,,O,182,35
post_083_182,1,36,bu,TR,,O,182,37
post_083_182,1,37,özelliğiyle,TR,,O,182,38
post_083_182,1,38,ofansif,TR,,O,182,39
post_083_182,1,39,mizah,TR,,O,182,40
post_083_182,1,40,denilen,TR,,O,182,41
post_083_182,1,41,saçmalığı,TR,,O,182,42
post_083_182,1,42,da,TR,,O,182,43
post_083_182,1,43,kapsadığını,TR,,O,182,44
post_083_182,1,44,sanırım,TR,,O,182,45
post_083_182,1,45,söyleyebiliriz,TR,,O,182,46
post_083_182,1,46,özellikle,TR,,O,182,48
post_083_182,1,47,son,TR,,O,182,49
post_083_182,1,48,iki,TR,,O,182,50
post_083_182,1,49,aydır,TR,,O,182,51
post_083_182,1,50,instagram'da,NE,MIXED,B-PROD,182,52
post_083_182,1,51,çok,TR,,O,182,53
post_083_182,1,52,zaman,TR,,O,182,54
post_083_182,1,53,harcamamla,TR,,O,182,55
post_083_182,1,54,beraber,TR,,O,182,56
post_083_182,1,55,önüme,TR,,O,182,57
post_083_182,1,56,düşmeye,TR,,O,182,58
post_083_182,1,57,başladı,TR,,O,182,59
post_083_182,1,58,bu,TR,,O,182,60
post_083_182,1,59,zor,TR,,O,182,62
post_083_182,1,60,bir,TR,,O,182,63
post_083_182,1,61,dönem,TR,,O,182,64
post_083_182,1,62,geçirdiğimden,TR,,O,182,65
post_083_182,1,63,mi,TR,,O,182,66
post_083_182,1,64,"nedir,",TR,,O,182,67
post_083_182,1,65,komik,TR,,O,182,68
post_083_182,1,66,de,TR,,O,182,69
post_083_182,1,67,geliyor,TR,,O,182,70
post_083_182,1,68,tabi,TR,,O,182,72
post_083_182,1,69,hepsi,TR,,O,182,73
post_083_182,1,70,"değil,",TR,,O,182,74
post_083_182,1,71,özellikle,TR,,O,182,75
post_083_182,1,72,gündemi,TR,,O,182,76
post_083_182,1,73,alakasız,TR,,O,182,77
post_083_182,1,74,kişiler,TR,,O,182,78
post_083_182,1,75,ve,TR,,O,182,79
post_083_182,1,76,olaylarla,TR,,O,182,80
post_083_182,1,77,harmanlayan,TR,,O,182,81
post_083_182,1,78,memeler,TR,,O,182,82
post_083_182,1,79,güzel,TR,,O,182,83
post_083_182,1,80,gördüğüm,TR,,O,182,85
post_083_182,1,81,kadarıyla,TR,,O,182,86
post_083_182,1,82,bu,TR,,O,182,87
post_083_182,1,83,aralar,TR,,O,182,88
post_083_182,1,84,volkan,TR,,O,182,89
post_083_182,1,85,konak,TR,,O,182,90
post_083_182,1,86,ve,TR,,O,182,91
post_083_182,1,87,ahmet,TR,,O,182,92
post_083_182,1,88,kaya,TR,,O,182,93
post_083_182,1,89,memeleri,TR,,O,182,94
post_083_182,1,90,ön,TR,,O,182,95
post_083_182,1,91,planda,TR,,O,182,96
post_083_182,1,92,iki,TR,,O,182,98
post_083_182,1,93,tane,TR,,O,182,99
post_083_182,1,94,de,TR,,O,182,100
post_083_182,1,95,iliştireyim,TR,,O,182,101
post_083_182,1,96,şuraya,TR,,O,182,102
post_083_182,1,97,görsel,TR,,O,182,103
post_083_182,1,98,görsel,TR,,O,182,104
post_084_183,1,0,streaming,EN,,O,183,0
post_084_183,1,1,planinda,TR,,O,183,1
post_084_183,1,2,en,TR,,O,183,2
post_084_183,1,3,dandik,TR,,O,183,3
post_084_183,1,4,filmler,TR,,O,183,4
post_084_183,1,5,mi,TR,,O,183,5
post_084_183,1,6,"var,",TR,,O,183,6
post_084_183,1,7,bana,TR,,O,183,7
post_084_183,1,8,mi,TR,,O,183,8
post_084_183,1,9,oyle,TR,,O,183,9
post_084_183,1,10,geliyor,TR,,O,183,10
post_084_183,1,11,diye,TR,,O,183,11
post_084_183,1,12,dusunuyordum,TR,,O,183,12
post_084_183,1,13,sonra,TR,,O,183,14
post_084_183,1,14,baktim,TR,,O,183,15
post_084_183,1,15,gordum,TR,,O,183,16
post_084_183,1,16,ki,TR,,O,183,17
post_084_183,1,17,herkes,TR,,O,183,18
post_084_183,1,18,ayni,TR,,O,183,19
post_084_183,1,19,seyi,TR,,O,183,20
post_084_183,1,20,dusunuyor,TR,,O,183,21
post_084_183,1,21,ama,TR,,O,183,23
post_084_183,1,22,filmlerin,TR,,O,183,24
post_084_183,1,23,kotu,TR,,O,183,25
post_084_183,1,24,oldugunu,TR,,O,183,26
post_084_183,1,25,dusunen,TR,,O,183,27
post_084_183,1,26,herkes,TR,,O,183,28
post_084_183,1,27,de,TR,,O,183,29
post_084_183,1,28,(ben,TR,,O,183,30
post_084_183,1,29,dahil),TR,,O,183,31
post_084_183,1,30,netflix,NE,,B-PROD,183,32
post_084_183,1,31,uyesi,TR,,O,183,33
post_084_183,1,32,anlamadim,TR,,O,183,35
post_084_183,1,33,gitti,TR,,O,183,36
post_085_184,1,0,john,NE,,B-PER,184,0
post_085_184,1,1,cena'nun,NE,MIXED,I-PER,184,1
post_085_184,1,2,kadrosunda,TR,,O,184,2
post_085_184,1,3,yer,TR,,O,184,3
post_085_184,1,4,alacağı,TR,,O,184,4
post_085_184,1,5,komedi,TR,,O,184,5
post_085_184,1,6,aksiyon,TR,,O,184,6
post_085_184,1,7,filmini,TR,,O,184,7
post_085_184,1,8,pierre,NE,,B-PER,184,8
post_085_184,1,9,morel,NE,,I-PER,184,9
post_085_184,1,10,(taken),EN,,B-TITLE,184,10
post_085_184,1,11,yönetecek,TR,,O,184,11
post_085_184,1,12,milyon,TR,,O,184,14
post_085_184,1,13,dolareslik,TR,,O,184,15
post_085_184,1,14,bütçeye,TR,,O,184,16
post_085_184,1,15,sahip,TR,,O,184,17
post_085_184,1,16,yapımın,TR,,O,184,18
post_085_184,1,17,çekimleri,TR,,O,184,19
post_085_184,1,18,önümüzdeki,TR,,O,184,20
post_085_184,1,19,sene,TR,,O,184,21
post_085_184,1,20,kolombiya'da,NE,,B-LOC,184,22
post_085_184,1,21,başlayacak,TR,,O,184,23
post_085_184,1,22,spoiler,EN,,O,184,26
post_085_184,1,23,the,EN,,O,184,28
post_085_184,1,24,project,EN,,O,184,29
post_085_184,1,25,follows,EN,,O,184,30
post_085_184,1,26,a,EN,,O,184,31
post_085_184,1,27,special,EN,,O,184,32
post_085_184,1,28,forces,EN,,O,184,33
post_085_184,1,29,operator,EN,,O,184,34
post_085_184,1,30,(cena),NE,,B-PER,184,35
post_085_184,1,31,who,EN,,O,184,36
post_085_184,1,32,decides,EN,,O,184,37
post_085_184,1,33,to,EN,,O,184,38
post_085_184,1,34,retire,EN,,O,184,39
post_085_184,1,35,from,EN,,O,184,40
post_085_184,1,36,the,EN,,O,184,41
post_085_184,1,37,army,EN,,O,184,42
post_085_184,1,38,and,EN,,O,184,43
post_085_184,1,39,start,EN,,O,184,44
post_085_184,1,40,a,EN,,O,184,45
post_085_184,1,41,family,EN,,O,184,46
post_085_184,1,42,back,EN,,O,184,47
post_085_184,1,43,in,EN,,O,184,48
post_085_184,1,44,the,NE,,B-LOC,184,49
post_085_184,1,45,states,NE,,I-LOC,184,50
post_085_184,1,46,after,EN,,O,184,52
post_085_184,1,47,several,EN,,O,184,53
post_085_184,1,48,years,EN,,O,184,54
post_085_184,1,49,of,EN,,O,184,55
post_085_184,1,50,mortgage,EN,,O,184,56
post_085_184,1,51,"payments,",EN,,O,184,57
post_085_184,1,52,school,EN,,O,184,58
post_085_184,1,53,"drop-offs,",EN,,O,184,59
post_085_184,1,54,backyard,EN,,O,184,60
post_085_184,1,55,barbecues,EN,,O,184,61
post_085_184,1,56,and,EN,,O,184,62
post_085_184,1,57,trying,EN,,O,184,63
post_085_184,1,58,to,EN,,O,184,64
post_085_184,1,59,conform,EN,,O,184,65
post_085_184,1,60,to,EN,,O,184,66
post_085_184,1,61,life,EN,,O,184,67
post_085_184,1,62,in,EN,,O,184,68
post_085_184,1,63,"suburbia,",EN,,O,184,69
post_085_184,1,64,he,EN,,O,184,70
post_085_184,1,65,decides,EN,,O,184,71
post_085_184,1,66,to,EN,,O,184,72
post_085_184,1,67,come,EN,,O,184,73
post_085_184,1,68,out,EN,,O,184,74
post_085_184,1,69,of,EN,,O,184,75
post_085_184,1,70,retirement,EN,,O,184,76
post_085_184,1,71,to,EN,,O,184,77
post_085_184,1,72,take,EN,,O,184,78
post_085_184,1,73,a,EN,,O,184,79
post_085_184,1,74,gig,EN,,O,184,80
post_085_184,1,75,providing,EN,,O,184,81
post_085_184,1,76,security,EN,,O,184,82
post_085_184,1,77,for,EN,,O,184,83
post_085_184,1,78,a,EN,,O,184,84
post_085_184,1,79,female,EN,,O,184,85
post_085_184,1,80,journalist,EN,,O,184,86
post_085_184,1,81,as,EN,,O,184,87
post_085_184,1,82,she,EN,,O,184,88
post_085_184,1,83,interviews,EN,,O,184,89
post_085_184,1,84,a,EN,,O,184,90
post_085_184,1,85,cruel,EN,,O,184,91
post_085_184,1,86,dictator,EN,,O,184,92
post_085_184,1,87,who,EN,,O,184,93
post_085_184,1,88,may,EN,,O,184,94
post_085_184,1,89,or,EN,,O,184,95
post_085_184,1,90,may,EN,,O,184,96
post_085_184,1,91,not,EN,,O,184,97
post_085_184,1,92,have,EN,,O,184,98
post_085_184,1,93,ordered,EN,,O,184,99
post_085_184,1,94,the,EN,,O,184,100
post_085_184,1,95,attack,EN,,O,184,101
post_085_184,1,96,on,EN,,O,184,102
post_085_184,1,97,him,EN,,O,184,103
post_085_184,1,98,and,EN,,O,184,104
post_085_184,1,99,his,EN,,O,184,105
post_085_184,1,100,men,EN,,O,184,106
post_085_184,1,101,when,EN,,O,184,108
post_085_184,1,102,a,EN,,O,184,109
post_085_184,1,103,military,EN,,O,184,110
post_085_184,1,104,coup,EN,,O,184,111
post_085_184,1,105,breaks,EN,,O,184,112
post_085_184,1,106,out,EN,,O,184,113
post_085_184,1,107,in,EN,,O,184,114
post_085_184,1,108,the,EN,,O,184,115
post_085_184,1,109,middle,EN,,O,184,116
post_085_184,1,110,of,EN,,O,184,117
post_085_184,1,111,the,EN,,O,184,118
post_085_184,1,112,"interview,",EN,,O,184,119
post_085_184,1,113,the,EN,,O,184,120
post_085_184,1,114,three,EN,,O,184,121
post_085_184,1,115,are,EN,,O,184,122
post_085_184,1,116,forced,EN,,O,184,123
post_085_184,1,117,to,EN,,O,184,124
post_085_184,1,118,escape,EN,,O,184,125
post_085_184,1,119,into,EN,,O,184,126
post_085_184,1,120,the,EN,,O,184,127
post_085_184,1,121,jungle,EN,,O,184,128
post_085_184,1,122,where,EN,,O,184,129
post_085_184,1,123,they,EN,,O,184,130
post_085_184,1,124,must,EN,,O,184,131
post_085_184,1,125,survive,EN,,O,184,132
post_085_184,1,126,the,EN,,O,184,133
post_085_184,1,127,"elements,",EN,,O,184,134
post_085_184,1,128,the,EN,,O,184,135
post_085_184,1,129,military,EN,,O,184,136
post_085_184,1,130,and,EN,,O,184,137
post_085_184,1,131,one,EN,,O,184,138
post_085_184,1,132,another,EN,,O,184,139
post_085_184,1,133,spoiler,EN,,O,184,142
post_086_185,1,0,hani,TR,,O,185,0
post_086_185,1,1,autorefreshle,MIXED,MIXED,O,185,1
post_086_185,1,2,one,EN,,O,185,2
post_086_185,1,3,new,EN,,O,185,3
post_086_185,1,4,tweet,EN,,O,185,4
post_086_185,1,5,diyo,TR,,O,185,5
post_086_185,1,6,ya,TR,,O,185,6
post_086_185,1,7,her,TR,,O,185,8
post_086_185,1,8,gördüğümde,TR,,O,185,9
post_086_185,1,9,başlıyo,TR,,O,185,10
post_086_185,1,10,içimde,TR,,O,185,11
post_086_185,1,11,şarkı,TR,,O,185,12
post_086_185,1,12,one,EN,,O,185,13
post_086_185,1,13,moreeee,EN,,O,185,14
post_086_185,1,14,tweet,EN,,O,185,15
post_086_185,1,15,one,EN,,O,185,16
post_086_185,1,16,moree,EN,,O,185,17
post_086_185,1,17,tweet,EN,,O,185,18
post_086_185,1,18,one,EN,,O,185,19
post_086_185,1,19,more,EN,,O,185,20
post_086_185,1,20,tweet,EN,,O,185,21
post_086_185,1,21,to,EN,,O,185,22
post_086_185,1,22,love,EN,,O,185,23
post_086_185,1,23,uuu,EN,,O,185,24
post_086_185,1,24,uuuu,EN,,O,185,25
post_086_185,1,25,uu,EN,,O,185,26
post_087_186,1,0,ne,TR,,O,186,0
post_087_186,1,1,zaman,TR,,O,186,1
post_087_186,1,2,bir,TR,,O,186,2
post_087_186,1,3,yerlerde,TR,,O,186,3
post_087_186,1,4,"""sonu",TR,,O,186,4
post_087_186,1,5,mu,TR,,O,186,5
post_087_186,1,6,geliyor,TR,,O,186,6
post_087_186,1,7,lan,TR,,O,186,7
post_087_186,1,8,"acaba""",TR,,O,186,8
post_087_186,1,9,denilse,TR,,O,186,9
post_087_186,1,10,yeni,TR,,O,186,10
post_087_186,1,11,bir,TR,,O,186,11
post_087_186,1,12,framework,EN,,O,186,12
post_087_186,1,13,çıkıp,TR,,O,186,13
post_087_186,1,14,aşırı,TR,,O,186,14
post_087_186,1,15,popüler,TR,,O,186,15
post_087_186,1,16,olup,TR,,O,186,16
post_087_186,1,17,milyon,TR,,O,186,18
post_087_186,1,18,kişiye,TR,,O,186,19
post_087_186,1,19,iş,TR,,O,186,20
post_087_186,1,20,imkanı,TR,,O,186,21
post_087_186,1,21,sunuyor,TR,,O,186,22
post_087_186,1,22,sonu,TR,,O,186,23
post_087_186,1,23,gelene,TR,,O,186,24
post_087_186,1,24,kadar,TR,,O,186,25
post_087_186,1,25,torunun,TR,,O,186,26
post_087_186,1,26,torunu,TR,,O,186,27
post_087_186,1,27,ekmek,TR,,O,186,28
post_087_186,1,28,yiyecek,TR,,O,186,29
post_087_186,1,29,gibi,TR,,O,186,30
post_087_186,1,30,duruyor,TR,,O,186,31
post_087_186,1,31,sayesinde,TR,,O,186,32
post_087_186,1,32,ekmek,TR,,O,186,33
post_087_186,1,33,yiyorum,TR,,O,186,34
post_087_186,1,34,tek,TR,,O,186,35
post_087_186,1,35,threadsin,MIXED,MIXED,O,186,36
post_087_186,1,36,falan,TR,,O,186,37
post_087_186,1,37,ama,TR,,O,186,38
post_087_186,1,38,(browser,EN,,O,186,39
post_087_186,1,39,web,TR,,O,186,40
post_087_186,1,40,apiler,MIXED,MIXED,O,186,41
post_087_186,1,41,hariç,TR,,O,186,42
post_087_186,1,42,de,TR,,O,186,43
post_087_186,1,43,lan),TR,,O,186,44
post_087_186,1,44,adamsın,TR,,O,186,45
post_087_186,1,45,olm,NE,,B-PROD,186,46
post_087_186,1,46,javascript,NE,,B-PROD,186,47
post_087_186,1,47,tanım,TR,,O,186,48
post_087_186,1,48,ecmascript,NE,,B-PROD,186,49
post_087_186,1,49,standartlarını,TR,,O,186,50
post_087_186,1,50,takip,TR,,O,186,51
post_087_186,1,51,eden,TR,,O,186,52
post_087_186,1,52,bir,TR,,O,186,53
post_087_186,1,53,scripting,EN,,O,186,54
post_087_186,1,54,dili,TR,,O,186,55
post_088_187,1,0,kime,TR,,O,187,0
post_088_187,1,1,ait,TR,,O,187,1
post_088_187,1,2,olduğunu,TR,,O,187,2
post_088_187,1,3,unuttuğum,TR,,O,187,3
post_088_187,1,4,efsane,TR,,O,187,4
post_088_187,1,5,bir,TR,,O,187,5
post_088_187,1,6,basketbol,TR,,O,187,6
post_088_187,1,7,tanımı,TR,,O,187,7
post_088_187,1,8,vardır,TR,,O,187,8
post_088_187,1,9,hatta,TR,,O,187,10
post_088_187,1,10,basketbol,TR,,O,187,11
post_088_187,1,11,bundan,TR,,O,187,12
post_088_187,1,12,daha,TR,,O,187,13
post_088_187,1,13,iyi,TR,,O,187,14
post_088_187,1,14,tanımlanamaz,TR,,O,187,15
post_088_187,1,15,bence;,TR,,O,187,16
post_088_187,1,16,"basketbol,",TR,,O,187,17
post_088_187,1,17,elle,TR,,O,187,18
post_088_187,1,18,oynanan,TR,,O,187,19
post_088_187,1,19,bir,TR,,O,187,20
post_088_187,1,20,ayak,TR,,O,187,21
post_088_187,1,21,oyunudur,TR,,O,187,22
post_088_187,1,22,edit,EN,,O,187,24
post_088_187,1,23,hakeem,NE,,B-PER,187,25
post_088_187,1,24,the,NE,,I-PER,187,26
post_088_187,1,25,dream',NE,,I-PER,187,27
post_088_187,1,26,olajuwon,NE,,I-PER,187,28
post_088_187,1,27,söylemiş,TR,,O,187,29
post_088_187,1,28,sanırım,TR,,O,187,30
post_088_187,1,29,zaten,TR,,O,187,32
post_088_187,1,30,oyun,TR,,O,187,33
post_088_187,1,31,tarzı,TR,,O,187,34
post_088_187,1,32,da,TR,,O,187,35
post_088_187,1,33,bu,TR,,O,187,36
post_088_187,1,34,sözün,TR,,O,187,37
post_088_187,1,35,kanıtıdır,TR,,O,187,38
post_089_188,1,0,son,TR,,O,188,0
post_089_188,1,1,yıllarda,TR,,O,188,1
post_089_188,1,2,havayolu,TR,,O,188,2
post_089_188,1,3,şirketlerinin,TR,,O,188,3
post_089_188,1,4,gözdesi,TR,,O,188,4
post_089_188,1,5,durumunda,TR,,O,188,5
post_089_188,1,6,olan,TR,,O,188,6
post_089_188,1,7,seridir,TR,,O,188,7
post_089_188,1,8,aklıma,TR,,O,188,9
post_089_188,1,9,gelen,TR,,O,188,10
post_089_188,1,10,bir,TR,,O,188,11
post_089_188,1,11,kaç,TR,,O,188,12
post_089_188,1,12,şirketi,TR,,O,188,13
post_089_188,1,13,sıralayayım;,TR,,O,188,14
post_089_188,1,14,kingfisher,NE,,B-ORG,188,15
post_089_188,1,15,airlines:,NE,,I-ORG,188,16
post_089_188,1,16,yılında,TR,,O,188,18
post_089_188,1,17,toyota,NE,,B-ORG,188,19
post_089_188,1,18,f1'e,NE,MIXED,B-ORG,188,20
post_089_188,1,19,sponsor,TR,,O,188,21
post_089_188,1,20,olmuşlardı,TR,,O,188,22
post_089_188,1,21,kurucuları,TR,,O,188,24
post_089_188,1,22,vijay,NE,,B-PER,188,25
post_089_188,1,23,mallya'nın,NE,MIXED,I-PER,188,26
post_089_188,1,24,spyker'ı,NE,MIXED,B-ORG,188,27
post_089_188,1,25,satın,TR,,O,188,28
post_089_188,1,26,"alıp,",TR,,O,188,29
post_089_188,1,27,force,NE,,B-ORG,188,30
post_089_188,1,28,india'yı,NE,MIXED,I-ORG,188,31
post_089_188,1,29,kurduğundan,TR,,O,188,32
post_089_188,1,30,beri,TR,,O,188,33
post_089_188,1,31,force,NE,,B-ORG,188,34
post_089_188,1,32,india'nın,NE,MIXED,I-ORG,188,35
post_089_188,1,33,üzerindeler,TR,,O,188,36
post_089_188,1,34,etihad:,NE,,B-ORG,188,38
post_089_188,1,35,yılında,TR,,O,188,40
post_089_188,1,36,spyker'a,NE,MIXED,B-ORG,188,41
post_089_188,1,37,sponsorluk,TR,,O,188,42
post_089_188,1,38,yapmışlardı,TR,,O,188,43
post_089_188,1,39,yılından,TR,,O,188,46
post_089_188,1,40,beri,TR,,O,188,47
post_089_188,1,41,ise,TR,,O,188,48
post_089_188,1,42,scuderia,TR,,B-GROUP,188,49
post_089_188,1,43,ferrari'nin,NE,MIXED,I-GROUP,188,50
post_089_188,1,44,sponsorluğunu,TR,,O,188,51
post_089_188,1,45,üstleniyorlar,TR,,O,188,52
post_089_188,1,46,emirates:,NE,,B-ORG,188,54
post_089_188,1,47,yılında,TR,,O,188,56
post_089_188,1,48,mclaren'in,NE,MIXED,B-GROUP,188,57
post_089_188,1,49,sponsoruydular,TR,,O,188,58
post_089_188,1,50,air,NE,,B-ORG,188,60
post_089_188,1,51,asia:,NE,,I-ORG,188,61
post_089_188,1,52,yılından,TR,,O,188,63
post_089_188,1,53,beri,TR,,O,188,64
post_089_188,1,54,williams'ın,NE,MIXED,B-GROUP,188,65
post_089_188,1,55,sponsoru,TR,,O,188,66
post_089_188,1,56,ancak,TR,,O,188,67
post_089_188,1,57,sözleşmeleri,TR,,O,188,68
post_089_188,1,58,sezonu,TR,,O,188,70
post_089_188,1,59,sonunda,TR,,O,188,71
post_089_188,1,60,bitiyor,TR,,O,188,72
post_089_188,1,61,aynı,TR,,O,188,74
post_089_188,1,62,zamanda,TR,,O,188,75
post_089_188,1,63,yılında,TR,,O,188,77
post_089_188,1,64,lotus,NE,,B-GROUP,188,78
post_089_188,1,65,f1,NE,,I-GROUP,188,79
post_089_188,1,66,team'e,NE,MIXED,I-GROUP,188,80
post_089_188,1,67,destek,TR,,O,188,81
post_089_188,1,68,vermekteler,TR,,O,188,82
post_089_188,1,69,virgin:,NE,,B-ORG,188,84
post_089_188,1,70,doğal,TR,,O,188,85
post_089_188,1,71,olarak,TR,,O,188,86
post_089_188,1,72,kendi,TR,,O,188,87
post_089_188,1,73,takımlarına*,TR,,O,188,88
post_089_188,1,74,destek,TR,,O,188,89
post_089_188,1,75,veriyorlar,TR,,O,188,90
post_089_188,1,76,ayrıca,TR,,O,188,92
post_089_188,1,77,sezonunun,TR,,O,188,94
post_089_188,1,78,bir,TR,,O,188,95
post_089_188,1,79,bölümünde,TR,,O,188,96
post_089_188,1,80,brawn,NE,,B-GROUP,188,97
post_089_188,1,81,gp'ye,NE,MIXED,I-GROUP,188,98
post_089_188,1,82,destek,TR,,O,188,99
post_089_188,1,83,vermişlerdi,TR,,O,188,100
post_090_189,1,0,hakkında,TR,,O,189,0
post_090_189,1,1,yapılan,TR,,O,189,1
post_090_189,1,2,en,TR,,O,189,2
post_090_189,1,3,büyük,TR,,O,189,3
post_090_189,1,4,gaf,TR,,O,189,4
post_090_189,1,5,irlanda,NE,,B-OTHER,189,5
post_090_189,1,6,sağlık,TR,,O,189,6
post_090_189,1,7,bakanı,TR,,O,189,7
post_090_189,1,8,simon,NE,,B-PER,189,8
post_090_189,1,9,harris,NE,,I-PER,189,9
post_090_189,1,10,tarafından,TR,,O,189,10
post_090_189,1,11,yapılmıştır,TR,,O,189,11
post_090_189,1,12,dün,TR,,O,189,13
post_090_189,1,13,katıldığı,TR,,O,189,14
post_090_189,1,14,bır,TR,,O,189,15
post_090_189,1,15,radyo,TR,,O,189,16
post_090_189,1,16,programında,TR,,O,189,17
post_090_189,1,17,covid-19,EN,,O,189,18
post_090_189,1,18,içindeki,TR,,O,189,19
post_090_189,1,19,19'un,TR,,O,189,20
post_090_189,1,20,yılına,TR,,O,189,22
post_090_189,1,21,ithaf,TR,,O,189,23
post_090_189,1,22,ettiğini,TR,,O,189,24
post_090_189,1,23,"bilmeden,",TR,,O,189,25
post_090_189,1,24,virüs,TR,,O,189,28
post_090_189,1,25,olarak,TR,,O,189,29
post_090_189,1,26,"algılayıp,",TR,,O,189,30
post_090_189,1,27,bundan,TR,,O,189,31
post_090_189,1,28,önceki,TR,,O,189,32
post_090_189,1,29,virüs,TR,,O,189,34
post_090_189,1,30,için,TR,,O,189,35
post_090_189,1,31,de,TR,,O,189,36
post_090_189,1,32,aşı,TR,,O,189,37
post_090_189,1,33,bulunmadığını,TR,,O,189,38
post_090_189,1,34,söyledi,TR,,O,189,39
post_090_189,1,35,tam,TR,,O,189,41
post_090_189,1,36,cümlesi,TR,,O,189,42
post_090_189,1,37,şu,TR,,O,189,43
post_090_189,1,38,şekilde:,TR,,O,189,44
post_090_189,1,39,spoiler,EN,,O,189,46
post_090_189,1,40,remember,EN,,O,189,48
post_090_189,1,41,this,EN,,O,189,49
post_090_189,1,42,is,EN,,O,189,50
post_090_189,1,43,coronavirus,EN,,O,189,51
post_090_189,1,44,covid-19,EN,,O,189,52
post_090_189,1,45,that,EN,,O,189,54
post_090_189,1,46,means,EN,,O,189,55
post_090_189,1,47,there,EN,,O,189,56
post_090_189,1,48,have,EN,,O,189,57
post_090_189,1,49,been,EN,,O,189,58
post_090_189,1,50,other,EN,,O,189,60
post_090_189,1,51,coronaviruses,EN,,O,189,61
post_090_189,1,52,and,EN,,O,189,62
post_090_189,1,53,i,EN,,O,189,63
post_090_189,1,54,don’t,EN,,O,189,64
post_090_189,1,55,think,EN,,O,189,65
post_090_189,1,56,they,EN,,O,189,66
post_090_189,1,57,have,EN,,O,189,67
post_090_189,1,58,actually,EN,,O,189,68
post_090_189,1,59,successfully,EN,,O,189,69
post_090_189,1,60,found,EN,,O,189,70
post_090_189,1,61,a,EN,,O,189,71
post_090_189,1,62,vaccine,EN,,O,189,72
post_090_189,1,63,for,EN,,O,189,73
post_090_189,1,64,any,EN,,O,189,74
post_090_189,1,65,spoiler,EN,,O,189,76
post_090_189,1,66,soğuk,TR,,O,189,78
post_090_189,1,67,bir,TR,,O,189,79
post_090_189,1,68,espri,TR,,O,189,80
post_090_189,1,69,gibi,TR,,O,189,81
post_090_189,1,70,ama,TR,,O,189,82
post_090_189,1,71,değil,TR,,O,189,83
post_090_189,1,72,eskiden,TR,,O,189,85
post_090_189,1,73,altıncı,TR,,O,189,86
post_090_189,1,74,his,TR,,O,189,87
post_090_189,1,75,filmiyle,TR,,O,189,88
post_090_189,1,76,ilgili,TR,,O,189,89
post_090_189,1,77,de,TR,,O,189,90
post_090_189,1,78,böyle,TR,,O,189,91
post_090_189,1,79,soğuk,TR,,O,189,92
post_090_189,1,80,bir,TR,,O,189,93
post_090_189,1,81,espiri,TR,,O,189,94
post_090_189,1,82,vardı,TR,,O,189,95
post_090_189,1,83,ilk,TR,,O,189,97
post_090_189,1,84,beş,TR,,O,189,98
post_090_189,1,85,filmi,TR,,O,189,99
post_090_189,1,86,izledin,TR,,O,189,100
post_090_189,1,87,mi,TR,,O,189,101
post_090_189,1,88,cinsinden,TR,,O,189,102
post_090_189,1,89,bir,TR,,O,189,104
post_090_189,1,90,sağlık,TR,,O,189,105
post_090_189,1,91,bakanının,TR,,O,189,106
post_090_189,1,92,da,TR,,O,189,107
post_090_189,1,93,böyle,TR,,O,189,108
post_090_189,1,94,bir,TR,,O,189,109
post_090_189,1,95,gaf,TR,,O,189,110
post_090_189,1,96,"yapması,",TR,,O,189,111
post_090_189,1,97,ne,TR,,O,189,112
post_090_189,1,98,bileyim,TR,,O,189,113
post_090_189,1,99,bu,TR,,O,189,115
post_090_189,1,100,korkunç',TR,,O,189,116
post_090_189,1,101,yanlışı,TR,,O,189,117
post_090_189,1,102,için,TR,,O,189,118
post_090_189,1,103,özür,TR,,O,189,119
post_090_189,1,104,diledi,TR,,O,189,120
post_090_189,1,105,kaynak,TR,,O,189,122
post_091_190,1,0,2008lerde,TR,,O,190,0
post_091_190,1,1,falan,TR,,O,190,1
post_091_190,1,2,çok,TR,,O,190,2
post_091_190,1,3,sevdiğim,TR,,O,190,3
post_091_190,1,4,ama,TR,,O,190,4
post_091_190,1,5,birkaç,TR,,O,190,5
post_091_190,1,6,yıldır,TR,,O,190,6
post_091_190,1,7,pek,TR,,O,190,7
post_091_190,1,8,de,TR,,O,190,8
post_091_190,1,9,güzel,TR,,O,190,9
post_091_190,1,10,değilmiş,TR,,O,190,10
post_091_190,1,11,yav,TR,,O,190,11
post_091_190,1,12,dediğim,TR,,O,190,12
post_091_190,1,13,madonna,NE,,B-PER,190,13
post_091_190,1,14,şarkısı,TR,,O,190,14
post_091_190,1,15,klibini,TR,,O,190,16
post_091_190,1,16,hala,TR,,O,190,17
post_091_190,1,17,severim,TR,,O,190,18
post_091_190,1,18,sanırım,TR,,O,190,19
post_091_190,1,19,diğer,TR,,O,190,20
post_091_190,1,20,albümlerini,TR,,O,190,21
post_091_190,1,21,dinleye,TR,,O,190,22
post_091_190,1,22,dinleye,TR,,O,190,23
post_091_190,1,23,ve,TR,,O,190,24
post_091_190,1,24,biraz,TR,,O,190,25
post_091_190,1,25,çıtayı,TR,,O,190,26
post_091_190,1,26,üstüne,TR,,O,190,27
post_091_190,1,27,çıkartmış,TR,,O,190,28
post_091_190,1,28,olmamdan,TR,,O,190,29
post_091_190,1,29,dolayı,TR,,O,190,30
post_091_190,1,30,bir,TR,,O,190,31
post_091_190,1,31,bakımdan,TR,,O,190,32
post_091_190,1,32,boş,TR,,O,190,33
post_091_190,1,33,olduğunu,TR,,O,190,34
post_091_190,1,34,düşünüyorum,TR,,O,190,35
post_091_190,1,35,aynı,TR,,O,190,36
post_091_190,1,36,adlı,TR,,O,190,37
post_091_190,1,37,albümdeki,TR,,O,190,38
post_091_190,1,38,gone,NE,,B-TITLE,190,39
post_091_190,1,39,runaway,NE,,B-TITLE,190,40
post_091_190,1,40,lover,NE,,I-TITLE,190,41
post_091_190,1,41,impressive,NE,,B-TITLE,190,42
post_091_190,1,42,instant,NE,,I-TITLE,190,43
post_091_190,1,43,paradise,NE,,B-TITLE,190,44
post_091_190,1,44,gibi,TR,,O,190,45
post_091_190,1,45,şarkılar,TR,,O,190,46
post_091_190,1,46,daha,TR,,O,190,47
post_091_190,1,47,güzel,TR,,O,190,48
post_091_190,1,48,haa,AMBIGUOUS,,O,190,50
post_091_190,1,49,çalsa,TR,,O,190,51
post_091_190,1,50,zevkle,TR,,O,190,52
post_091_190,1,51,dinler,TR,,O,190,53
post_091_190,1,52,eller,TR,,O,190,54
post_091_190,1,53,havaya,TR,,O,190,55
post_091_190,1,54,kalkar,TR,,O,190,56
post_091_190,1,55,bsnrmmgmt,AMBIGUOUS,,O,190,57
post_091_190,1,56,ayrıca,TR,,O,190,59
post_091_190,1,57,şu,TR,,O,190,60
post_091_190,1,58,an,TR,,O,190,61
post_091_190,1,59,albümü,TR,,O,190,62
post_091_190,1,60,de,TR,,O,190,63
post_091_190,1,61,işin,TR,,O,190,64
post_091_190,1,62,içine,TR,,O,190,65
post_091_190,1,63,kattığıma,TR,,O,190,66
post_091_190,1,64,göre,TR,,O,190,67
post_091_190,1,65,onun,TR,,O,190,68
post_091_190,1,66,hakkında,TR,,O,190,69
post_091_190,1,67,da,TR,,O,190,70
post_091_190,1,68,konuşayım:,TR,,O,190,71
post_091_190,1,69,albüm,TR,,O,190,72
post_091_190,1,70,ray,NE,,B-TITLE,190,73
post_091_190,1,71,of,NE,,I-TITLE,190,74
post_091_190,1,72,light,NE,,I-TITLE,190,75
post_091_190,1,73,ın,TR,,O,190,76
post_091_190,1,74,folk,EN,,O,190,77
post_091_190,1,75,eklenmiş,TR,,O,190,78
post_091_190,1,76,hali,TR,,O,190,79
post_091_190,1,77,ray,NE,,B-TITLE,190,81
post_091_190,1,78,of,NE,,I-TITLE,190,82
post_091_190,1,79,light,NE,,I-TITLE,190,83
post_091_190,1,80,taki,TR,,O,190,84
post_091_190,1,81,yoga,AMBIGUOUS,,O,190,85
post_091_190,1,82,uzak,NE,,B-LOC,190,86
post_091_190,1,83,doğu,NE,,I-LOC,190,87
post_091_190,1,84,etkilerinin,TR,,O,190,88
post_091_190,1,85,yerine,TR,,O,190,89
post_091_190,1,86,yerellik,TR,,O,190,90
post_091_190,1,87,olarak,TR,,O,190,91
post_091_190,1,88,american,EN,,O,190,92
post_091_190,1,89,folku,MIXED,MIXED,O,190,93
post_091_190,1,90,var,TR,,O,190,94
post_091_190,1,91,club,EN,,O,190,96
post_091_190,1,92,etkisi,TR,,O,190,97
post_091_190,1,93,daha,TR,,O,190,98
post_091_190,1,94,fazla,TR,,O,190,99
post_091_190,1,95,music,EN,,O,190,101
post_091_190,1,96,ray,NE,,B-TITLE,190,103
post_091_190,1,97,of,NE,,I-TITLE,190,104
post_091_190,1,98,light,NE,,I-TITLE,190,105
post_091_190,1,99,ve,TR,,O,190,106
post_091_190,1,100,american,NE,,B-TITLE,190,107
post_091_190,1,101,life,NE,,I-TITLE,190,108
post_091_190,1,102,arasında,TR,,O,190,109
post_091_190,1,103,kalan,TR,,O,190,110
post_091_190,1,104,bir,TR,,O,190,111
post_091_190,1,105,geçiş,TR,,O,190,112
post_091_190,1,106,albümüdür,TR,,O,190,113
post_091_190,1,107,anadolu,NE,,B-LOC,190,115
post_091_190,1,108,asya,NE,,B-LOC,190,116
post_091_190,1,109,ve,TR,,O,190,117
post_091_190,1,110,avrupa'yı,NE,MIXED,B-LOC,190,118
post_091_190,1,111,nasıl,TR,,O,190,119
post_091_190,1,112,birbirine,TR,,O,190,120
post_091_190,1,113,bağlıyorsa,TR,,O,190,121
post_091_190,1,114,music,NE,,B-TITLE,190,122
post_091_190,1,115,de,TR,,O,190,123
post_091_190,1,116,bu,TR,,O,190,124
post_091_190,1,117,iki,TR,,O,190,125
post_091_190,1,118,albümü,TR,,O,190,126
post_091_190,1,119,birbirine,TR,,O,190,127
post_091_190,1,120,bağlar,TR,,O,190,128
post_091_190,1,121,aynı,TR,,O,190,130
post_091_190,1,122,iki,TR,,O,190,131
post_091_190,1,123,kıta,TR,,O,190,132
post_091_190,1,124,nasıl,TR,,O,190,133
post_091_190,1,125,birbirinden,TR,,O,190,134
post_091_190,1,126,farklı,TR,,O,190,135
post_091_190,1,127,ama,TR,,O,190,136
post_091_190,1,128,kendisi,TR,,O,190,137
post_091_190,1,129,her,TR,,O,190,138
post_091_190,1,130,ikisinden,TR,,O,190,139
post_091_190,1,131,de,TR,,O,190,140
post_091_190,1,132,özellik,TR,,O,190,141
post_091_190,1,133,taşıyorsa,TR,,O,190,142
post_091_190,1,134,music,NE,,B-TITLE,190,143
post_091_190,1,135,de,TR,,O,190,144
post_091_190,1,136,öyledir,TR,,O,190,145
post_091_190,1,137,ray,NE,,B-TITLE,190,147
post_091_190,1,138,of,NE,,I-TITLE,190,148
post_091_190,1,139,light,NE,,I-TITLE,190,149
post_091_190,1,140,ve,TR,,O,190,150
post_091_190,1,141,american,NE,,B-TITLE,190,151
post_091_190,1,142,life,NE,,I-TITLE,190,152
post_091_190,1,143,birbirine,TR,,O,190,153
post_091_190,1,144,benzemez,TR,,O,190,154
post_091_190,1,145,ama,TR,,O,190,155
post_091_190,1,146,ortadaki,TR,,O,190,156
post_091_190,1,147,music,NE,,B-TITLE,190,157
post_091_190,1,148,her,TR,,O,190,158
post_091_190,1,149,ikisine,TR,,O,190,159
post_091_190,1,150,de,TR,,O,190,160
post_091_190,1,151,benzer,TR,,O,190,161
post_091_190,1,152,albüm,TR,,O,190,163
post_091_190,1,153,en,TR,,O,190,164
post_091_190,1,154,sevdiğim,TR,,O,190,165
post_091_190,1,155,madonna,NE,,B-PER,190,166
post_091_190,1,156,albümleri,TR,,O,190,167
post_091_190,1,157,arasında,TR,,O,190,168
post_091_190,1,158,ilk,TR,,O,190,169
post_091_190,1,159,beşte,TR,,O,190,170
post_091_190,1,160,en,TR,,O,190,172
post_091_190,1,161,duygulandığım,TR,,O,190,173
post_091_190,1,162,şarkısı,TR,,O,190,174
post_091_190,1,163,"paradise,",NE,,B-TITLE,190,175
post_091_190,1,164,en,TR,,O,190,176
post_091_190,1,165,sevdiğim,TR,,O,190,177
post_091_190,1,166,ise,TR,,O,190,178
post_091_190,1,167,tam,TR,,O,190,179
post_091_190,1,168,karar,TR,,O,190,180
post_091_190,1,169,veremiyorum,TR,,O,190,181
post_091_190,1,170,çok,TR,,O,190,183
post_091_190,1,171,güzel,TR,,O,190,184
post_091_190,1,172,şarkılar,TR,,O,190,185
post_091_190,1,173,genellikle,TR,,O,190,186
post_091_190,1,174,ama,TR,,O,190,188
post_091_190,1,175,en,TR,,O,190,189
post_091_190,1,176,sevmediğim,TR,,O,190,190
post_091_190,1,177,bir,TR,,O,190,191
post_091_190,1,178,tanesi,TR,,O,190,192
post_091_190,1,179,var,TR,,O,190,193
post_091_190,1,180,ki,TR,,O,190,194
post_091_190,1,181,o,TR,,O,190,195
post_091_190,1,182,da,TR,,O,190,196
post_091_190,1,183,nobody's,NE,,B-TITLE,190,197
post_091_190,1,184,perfect,NE,,I-TITLE,190,198
post_091_190,1,185,denen,TR,,O,190,199
post_091_190,1,186,ucubedir,TR,,O,190,200
post_091_190,1,187,nefret,TR,,O,190,202
post_091_190,1,188,ediyorum,TR,,O,190,203
post_091_190,1,189,ondan,TR,,O,190,204
post_091_190,1,190,albüm,TR,,O,190,206
post_091_190,1,191,için,TR,,O,190,207
post_091_190,1,192,kaydedilen,TR,,O,190,208
post_091_190,1,193,run,NE,,B-TITLE,190,209
post_091_190,1,194,veya,TR,,O,190,210
post_091_190,1,195,liquid,NE,,B-TITLE,190,211
post_091_190,1,196,love,NE,,I-TITLE,190,212
post_091_190,1,197,gibi,TR,,O,190,213
post_091_190,1,198,iki,TR,,O,190,214
post_091_190,1,199,şaheser,TR,,O,190,215
post_091_190,1,200,demo,EN,,O,190,216
post_091_190,1,201,varken,TR,,O,190,217
post_091_190,1,202,gitmişler,TR,,O,190,218
post_091_190,1,203,albüme,TR,,O,190,219
post_091_190,1,204,bu,TR,,O,190,220
post_091_190,1,205,iğrenç,TR,,O,190,221
post_091_190,1,206,şeyi,TR,,O,190,222
post_091_190,1,207,koymuşlar,TR,,O,190,223
post_091_190,1,208,albümün,TR,,O,190,225
post_091_190,1,209,diğer,TR,,O,190,226
post_091_190,1,210,iki,TR,,O,190,227
post_091_190,1,211,zayıf,TR,,O,190,228
post_091_190,1,212,halkası,TR,,O,190,229
post_091_190,1,213,da,TR,,O,190,230
post_091_190,1,214,music,NE,,B-TITLE,190,231
post_091_190,1,215,ve,TR,,O,190,232
post_091_190,1,216,what,NE,,B-TITLE,190,233
post_091_190,1,217,if,NE,,I-TITLE,190,234
post_091_190,1,218,it,NE,,I-TITLE,190,235
post_091_190,1,219,feels,NE,,I-TITLE,190,236
post_091_190,1,220,like,NE,,I-TITLE,190,237
post_091_190,1,221,for,NE,,I-TITLE,190,238
post_091_190,1,222,a,NE,,I-TITLE,190,239
post_091_190,1,223,girl,NE,,I-TITLE,190,240
post_091_190,1,224,ama,TR,,O,190,241
post_091_190,1,225,onların,TR,,O,190,242
post_091_190,1,226,vokalleri,TR,,O,190,243
post_091_190,1,227,ve,TR,,O,190,244
post_091_190,1,228,altyapısı,TR,,O,190,245
post_091_190,1,229,bunun,TR,,O,190,246
post_091_190,1,230,kadar,TR,,O,190,247
post_091_190,1,231,berbat,TR,,O,190,248
post_091_190,1,232,değil,TR,,O,190,249
post_091_190,1,233,ve,TR,,O,190,250
post_091_190,1,234,mesajları,TR,,O,190,251
post_091_190,1,235,da,TR,,O,190,252
post_091_190,1,236,gayet,TR,,O,190,253
post_091_190,1,237,iyi,TR,,O,190,254
post_091_190,1,238,sadece,TR,,O,190,256
post_091_190,1,239,altyapılarında,TR,,O,190,257
post_091_190,1,240,diğerlerine,TR,,O,190,258
post_091_190,1,241,göre,TR,,O,190,259
post_091_190,1,242,olmamışlık,TR,,O,190,260
post_091_190,1,243,var,TR,,O,190,261
post_091_190,1,244,albüme,TR,,O,190,263
post_091_190,1,245,arasında,TR,,O,190,265
post_091_190,1,246,bir,TR,,O,190,266
post_091_190,1,247,puan,TR,,O,190,267
post_091_190,1,248,veriyorum,TR,,O,190,268
post_091_190,1,249,eğer,TR,,O,190,270
post_091_190,1,250,albümde,TR,,O,190,271
post_091_190,1,251,bu,TR,,O,190,272
post_091_190,1,252,iki,TR,,O,190,273
post_091_190,1,253,demo,EN,,O,190,274
post_091_190,1,254,da,TR,,O,190,275
post_091_190,1,255,olsaymış,TR,,O,190,276
post_091_190,1,256,albüm,TR,,O,190,277
post_091_190,1,257,daha,TR,,O,190,278
post_091_190,1,258,fazla,TR,,O,190,279
post_091_190,1,259,satarmış,TR,,O,190,280
post_091_190,1,260,nobody's,NE,,B-TITLE,190,282
post_091_190,1,261,perfect,NE,,I-TITLE,190,283
post_091_190,1,262,bugünkü,TR,,O,190,284
post_091_190,1,263,düşmanım,TR,,O,190,285
post_091_190,1,264,sensin,TR,,O,190,286
post_091_190,1,265,ve,TR,,O,190,287
post_091_190,1,266,hep,TR,,O,190,288
post_091_190,1,267,düşmanım,TR,,O,190,289
post_091_190,1,268,olarak,TR,,O,190,290
post_091_190,1,269,kalacaksın,TR,,O,190,291
post_091_190,1,270,ama,TR,,O,190,293
post_091_190,1,271,şunu,TR,,O,190,294
post_091_190,1,272,söyleyebilirim,TR,,O,190,295
post_091_190,1,273,ki,TR,,O,190,296
post_091_190,1,274,nobody's,NE,,B-TITLE,190,297
post_091_190,1,275,perfect,NE,,I-TITLE,190,298
post_091_190,1,276,madonna,TR,,O,190,299
post_091_190,1,277,after,EN,,O,190,300
post_091_190,1,278,that's,EN,,O,190,304
post_091_190,1,279,all,EN,,O,190,305
post_091_190,1,280,bu,TR,,O,190,307
post_091_190,1,281,kötü,TR,,O,190,308
post_091_190,1,282,şarkı,TR,,O,190,309
post_091_190,1,283,bile,TR,,O,190,310
post_091_190,1,284,hadi,TR,,O,190,312
post_091_190,1,285,mdna,NE,,B-TITLE,190,313
post_091_190,1,286,in,TR,,O,190,314
post_091_190,1,287,az,TR,,O,190,315
post_091_190,1,288,bir,TR,,O,190,316
post_091_190,1,289,gideri,TR,,O,190,317
post_091_190,1,290,var,TR,,O,190,318
post_091_190,1,291,diyelim,TR,,O,190,319
post_091_190,1,292,ki,TR,,O,190,320
post_091_190,1,293,o,TR,,O,190,321
post_091_190,1,294,da,TR,,O,190,322
post_091_190,1,295,inandırıcı,TR,,O,190,323
post_091_190,1,296,değil,TR,,O,190,324
post_091_190,1,297,ama,TR,,O,190,325
post_091_190,1,298,"olsun,",TR,,O,190,326
post_091_190,1,299,sonrası,TR,,O,190,328
post_091_190,1,300,madonna'dan,NE,MIXED,B-PER,190,329
post_091_190,1,301,çok,TR,,O,190,330
post_091_190,1,302,daha,TR,,O,190,331
post_091_190,1,303,iyi,TR,,O,190,332
post_091_190,1,304,smmffffmmemmg,AMBIGUOUS,,O,190,333
post_091_190,1,305,hakkını,TR,,O,190,335
post_091_190,1,306,vereyim,TR,,O,190,336
post_091_190,1,307,dnmsmfmgmtmgmh,AMBIGUOUS,,O,190,337
post_092_191,1,0,an,TR,,O,191,0
post_092_191,1,1,itibariyle,TR,,O,191,1
post_092_191,1,2,aşağıdaki,TR,,O,191,2
post_092_191,1,3,hata,TR,,O,191,3
post_092_191,1,4,mesajını,TR,,O,191,4
post_092_191,1,5,veren,TR,,O,191,5
post_092_191,1,6,site:,TR,,O,191,6
post_092_191,1,7,internal,EN,,O,191,8
post_092_191,1,8,server,EN,,O,191,9
post_092_191,1,9,error,EN,,O,191,10
post_092_191,1,10,"sorry,",EN,,O,191,11
post_092_191,1,11,something,EN,,O,191,12
post_092_191,1,12,went,EN,,O,191,13
post_092_191,1,13,wrong,EN,,O,191,14
post_092_191,1,14,a,EN,,O,191,16
post_092_191,1,15,team,EN,,O,191,17
post_092_191,1,16,of,EN,,O,191,18
post_092_191,1,17,highly,EN,,O,191,19
post_092_191,1,18,trained,EN,,O,191,20
post_092_191,1,19,monkeys,EN,,O,191,21
post_092_191,1,20,has,EN,,O,191,22
post_092_191,1,21,been,EN,,O,191,23
post_092_191,1,22,dispatched,EN,,O,191,24
post_092_191,1,23,to,EN,,O,191,25
post_092_191,1,24,deal,EN,,O,191,26
post_092_191,1,25,with,EN,,O,191,27
post_092_191,1,26,this,EN,,O,191,28
post_092_191,1,27,situation,EN,,O,191,29
post_092_191,1,28,please,EN,,O,191,31
post_092_191,1,29,report,EN,,O,191,32
post_092_191,1,30,this,EN,,O,191,33
post_092_191,1,31,incident,EN,,O,191,34
post_092_191,1,32,to,EN,,O,191,35
post_092_191,1,33,customer,EN,,O,191,36
post_092_191,1,34,service,EN,,O,191,37
post_092_191,1,35,"also,",EN,,O,191,39
post_092_191,1,36,please,EN,,O,191,40
post_092_191,1,37,include,EN,,O,191,41
post_092_191,1,38,the,EN,,O,191,42
post_092_191,1,39,following,EN,,O,191,43
post_092_191,1,40,information,EN,,O,191,44
post_092_191,1,41,in,EN,,O,191,45
post_092_191,1,42,your,EN,,O,191,46
post_092_191,1,43,error,EN,,O,191,47
post_092_191,1,44,report:,EN,,O,191,48
post_093_192,1,0,amerikan,TR,,O,192,0
post_093_192,1,1,polisi,TR,,O,192,1
post_093_192,1,2,ve,TR,,O,192,2
post_093_192,1,3,fbi,NE,,B-ORG,192,3
post_093_192,1,4,da,TR,,O,192,4
post_093_192,1,5,privacy,EN,,O,192,5
post_093_192,1,6,dinlemeden,TR,,O,192,6
post_093_192,1,7,facebook,NE,,B-PROD,192,7
post_093_192,1,8,sayfalariniza,TR,,O,192,8
post_093_192,1,9,bakabiliyor,TR,,O,192,9
post_093_192,1,10,ve,TR,,O,192,10
post_093_192,1,11,yazilanlar,TR,,O,192,11
post_093_192,1,12,herhangi,TR,,O,192,12
post_093_192,1,13,bir,TR,,O,192,13
post_093_192,1,14,sorusturmada,TR,,O,192,14
post_093_192,1,15,delil,TR,,O,192,15
post_093_192,1,16,olarak,TR,,O,192,16
post_093_192,1,17,kullanilabiliyor,TR,,O,192,17
post_094_193,1,0,coinlerden,MIXED,MIXED,O,193,0
post_094_193,1,1,daha,TR,,O,193,1
post_094_193,1,2,fazla,TR,,O,193,2
post_094_193,1,3,kar,TR,,O,193,3
post_094_193,1,4,ediliyor,TR,,O,193,4
post_094_193,1,5,bu,TR,,O,193,5
post_094_193,1,6,aralar,TR,,O,193,6
post_094_193,1,7,eth,TR,,B-OTHER,193,8
post_094_193,1,8,dusuyor,TR,,O,193,9
post_094_193,1,9,ve,TR,,O,193,10
post_094_193,1,10,al,TR,,O,193,11
post_094_193,1,11,sat,TR,,O,193,12
post_094_193,1,12,icin,TR,,O,193,13
post_094_193,1,13,beklenilen,TR,,O,193,14
post_094_193,1,14,firsat,TR,,O,193,15
post_094_193,1,15,gelmiyor,TR,,O,193,16
post_094_193,1,16,mu,TR,,O,193,17
post_094_193,1,17,kisi,TR,,O,193,19
post_094_193,1,18,gidip,TR,,O,193,20
post_094_193,1,19,yeni,TR,,O,193,21
post_094_193,1,20,cikan,TR,,O,193,22
post_094_193,1,21,saglam,TR,,O,193,23
post_094_193,1,22,projeden,TR,,O,193,24
post_094_193,1,23,tane,TR,,O,193,26
post_094_193,1,24,aliyor,TR,,O,193,27
post_094_193,1,25,ve,TR,,O,193,28
post_094_193,1,26,yuksekten,TR,,O,193,29
post_094_193,1,27,satiyor,TR,,O,193,30
post_094_193,1,28,bir,TR,,O,193,32
post_094_193,1,29,gunde,TR,,O,193,33
post_094_193,1,30,tertemiz,TR,,O,193,34
post_094_193,1,31,kar,TR,,O,193,35
post_094_193,1,32,ıleride,TR,,O,193,37
post_094_193,1,33,buralar,TR,,O,193,38
post_094_193,1,34,daha,TR,,O,193,39
post_094_193,1,35,degerlenecek,TR,,O,193,40
post_094_193,1,36,oxya,NE,MIXED,B-OTHER,193,42
post_094_193,1,37,falan,TR,,O,193,43
post_094_193,1,38,alabilirsiniz,TR,,O,193,44
post_094_193,1,39,yeni,TR,,O,193,45
post_094_193,1,40,ne,TR,,O,193,46
post_094_193,1,41,diye,TR,,O,193,47
post_094_193,1,42,soracak,TR,,O,193,48
post_094_193,1,43,olursaniz,TR,,O,193,49
post_094_193,1,44,opensea,NE,,B-ORG,193,51
post_094_193,1,45,icin,TR,,O,193,52
post_094_193,1,46,soyledim,TR,,O,193,53
post_094_193,1,47,tabi,TR,,O,193,54
post_095_194,1,0,resmen,TR,,O,194,0
post_095_194,1,1,göt,TR,,O,194,1
post_095_194,1,2,deliği,TR,,O,194,2
post_095_194,1,3,olan,TR,,O,194,3
post_095_194,1,4,uygulamaymış,TR,,O,194,4
post_095_194,1,5,bu,TR,,O,194,5
post_095_194,1,6,ne,TR,,O,194,7
post_095_194,1,7,kadar,TR,,O,194,8
post_095_194,1,8,ruh,TR,,O,194,9
post_095_194,1,9,"hastası,",TR,,O,194,10
post_095_194,1,10,"sapık,",TR,,O,194,11
post_095_194,1,11,ilgi,TR,,O,194,12
post_095_194,1,12,orospusu,TR,,O,194,13
post_095_194,1,13,varsa,TR,,O,194,14
post_095_194,1,14,bu,TR,,O,194,15
post_095_194,1,15,plarformda,TR,,O,194,16
post_095_194,1,16,toplanmış,TR,,O,194,17
post_095_194,1,17,lan,TR,,O,194,18
post_095_194,1,18,ad,EN,,O,194,20
post_095_194,1,19,blocker,EN,,O,194,21
post_095_194,1,20,kullandığım,TR,,O,194,22
post_095_194,1,21,için,TR,,O,194,23
post_095_194,1,22,haberim,TR,,O,194,24
post_095_194,1,23,yoktu,TR,,O,194,25
post_095_194,1,24,bundan,TR,,O,194,26
post_095_194,1,25,bir,TR,,O,194,28
post_095_194,1,26,iki,TR,,O,194,29
post_095_194,1,27,cringe,EN,,O,194,30
post_095_194,1,28,compilation,EN,,O,194,31
post_095_194,1,29,videosunu,TR,,O,194,32
post_095_194,1,30,izleyince,TR,,O,194,33
post_095_194,1,31,resmen,TR,,O,194,34
post_095_194,1,32,şok,TR,,O,194,35
post_095_194,1,33,geçirdim,TR,,O,194,36
post_095_194,1,34,çok,TR,,O,194,38
post_095_194,1,35,korkunç,TR,,O,194,39
post_095_194,1,36,çok,TR,,O,194,40
post_096_195,1,0,title'ı,MIXED,MIXED,O,195,0
post_096_195,1,1,co,EN,,O,195,1
post_096_195,1,2,"founder,",EN,,O,195,2
post_096_195,1,3,ceo,EN,,O,195,3
post_096_195,1,4,at,TR,,O,195,4
post_096_195,1,5,bilmem,TR,,O,195,5
post_096_195,1,6,ne,TR,,O,195,6
post_096_195,1,7,olmayan,TR,,O,195,7
post_096_195,1,8,bilgisayar,TR,,O,195,8
post_096_195,1,9,mühendisini,TR,,O,195,9
post_096_195,1,10,dövüyorlar,TR,,O,195,10
post_096_195,1,11,burada,TR,,O,195,11
post_096_195,1,12,diye,TR,,O,195,14
post_096_195,1,13,bir,TR,,O,195,15
post_096_195,1,14,site,TR,,O,195,16
post_096_195,1,15,açıyor,TR,,O,195,17
post_096_195,1,16,hemen,TR,,O,195,18
post_096_195,1,17,co,TR,,O,195,19
post_096_195,1,18,founder,TR,,O,195,20
post_096_195,1,19,of,TR,,O,195,21
post_096_195,1,20,bi,TR,,O,195,24
post_096_195,1,21,siktirin,TR,,O,195,25
post_096_195,1,22,gidin,TR,,O,195,26
post_096_195,1,23,allasen,TR,,O,195,27
post_097_196,1,0,arrow,EN,,O,196,0
post_097_196,1,1,functionına,MIXED,MIXED,O,196,1
post_097_196,1,2,gurban,TR,,O,196,2
post_097_196,1,3,olduğum,TR,,O,196,3
post_097_196,1,4,python,NE,,B-PROD,196,5
post_097_196,1,5,bokunu,TR,,O,196,6
post_097_196,1,6,yesin,TR,,O,196,7
post_097_196,1,7,bana,TR,,O,196,9
post_097_196,1,8,lambda,EN,,O,196,10
post_097_196,1,9,demeyin,TR,,O,196,11
post_097_196,1,10,sert,TR,,O,196,12
post_097_196,1,11,dalarim,TR,,O,196,13
post_097_196,1,12,istemiyorum,TR,,O,196,14
post_097_196,1,13,listeyi,TR,,O,196,16
post_097_196,1,14,filtreleyip,TR,,O,196,17
post_097_196,1,15,generator,EN,,O,196,18
post_097_196,1,16,donduren,TR,,O,196,19
post_097_196,1,17,dile,TR,,O,196,20
post_097_196,1,18,dil,TR,,O,196,21
post_097_196,1,19,demem,TR,,O,196,22
post_097_196,1,20,ben,TR,,O,196,23
post_097_196,1,21,listeyi,TR,,O,196,25
post_097_196,1,22,filtreleyince,TR,,O,196,26
post_097_196,1,23,liste,TR,,O,196,27
post_097_196,1,24,cikacak,TR,,O,196,28
post_097_196,1,25,arkadas,TR,,O,196,29
post_098_197,1,0,meta'dan,NE,MIXED,B-ORG,197,0
post_098_197,1,1,korkuyormuş,TR,,O,197,1
post_098_197,1,2,garibim,TR,,O,197,2
post_098_197,1,3,sebebi,TR,,O,197,3
post_098_197,1,4,de;,TR,,O,197,4
post_098_197,1,5,"whatsapp,",NE,,O,197,5
post_098_197,1,6,"facebook,",NE,,B-PROD,197,6
post_098_197,1,7,instagram,NE,,B-PROD,197,7
post_098_197,1,8,ve,TR,,O,197,8
post_098_197,1,9,threads,NE,,B-PROD,197,9
post_098_197,1,10,gibi,TR,,O,197,10
post_098_197,1,11,büyük,TR,,O,197,11
post_098_197,1,12,bir,TR,,O,197,12
post_098_197,1,13,ürün,TR,,O,197,13
post_098_197,1,14,portföyüne,TR,,O,197,14
post_098_197,1,15,sahip,TR,,O,197,15
post_098_197,1,16,olmasıymış,TR,,O,197,16
post_098_197,1,17,düşününce,TR,,O,197,17
post_098_197,1,18,pek,TR,,O,197,18
post_098_197,1,19,de,TR,,O,197,19
post_098_197,1,20,haksız,TR,,O,197,20
post_098_197,1,21,sayılmaz,TR,,O,197,21
post_098_197,1,22,chatgpt,NE,,B-PROD,197,23
post_098_197,1,23,en,TR,,O,197,24
post_098_197,1,24,büyük,TR,,O,197,25
post_098_197,1,25,ilgiyi,TR,,O,197,26
post_098_197,1,26,hep,TR,,O,197,27
post_098_197,1,27,görsel,TR,,O,197,28
post_098_197,1,28,üretme,TR,,O,197,29
post_098_197,1,29,trend'lerinde,MIXED,MIXED,O,197,30
post_098_197,1,30,yakaladı,TR,,O,197,31
post_098_197,1,31,eğer,TR,,O,197,33
post_098_197,1,32,"meta,",NE,,B-PROD,197,34
post_098_197,1,33,küresel,TR,,O,197,35
post_098_197,1,34,olarak,TR,,O,197,36
post_098_197,1,35,tüm,TR,,O,197,37
post_098_197,1,36,ürünlerine,TR,,O,197,38
post_098_197,1,37,birçok,TR,,O,197,39
post_098_197,1,38,özelliğiyle,TR,,O,197,40
post_098_197,1,39,birlikte,TR,,O,197,41
post_098_197,1,40,yapay,TR,,O,197,42
post_098_197,1,41,zekayı,TR,,O,197,43
post_098_197,1,42,"eklerse,",TR,,O,197,44
post_098_197,1,43,diğer,TR,,O,197,45
post_098_197,1,44,birçok,TR,,O,197,46
post_098_197,1,45,yapay,TR,,O,197,47
post_098_197,1,46,zeka,TR,,O,197,48
post_098_197,1,47,pasif,TR,,O,197,49
post_098_197,1,48,kalır,TR,,O,197,50
post_098_197,1,49,bu,TR,,O,197,52
post_098_197,1,50,arada,TR,,O,197,53
post_098_197,1,51,android,NE,,B-PROD,197,54
post_098_197,1,52,telefonlarda,NE,,I-PROD,197,55
post_098_197,1,53,ve,TR,,O,197,56
post_098_197,1,54,chrome,NE,,B-PROD,197,57
post_098_197,1,55,üzerinde,TR,,O,197,58
post_098_197,1,56,her,TR,,O,197,59
post_098_197,1,57,ne,TR,,O,197,60
post_098_197,1,58,kadar,TR,,O,197,61
post_098_197,1,59,varsayılan,TR,,O,197,62
post_098_197,1,60,asistan,TR,,O,197,63
post_098_197,1,61,ayarıyla,TR,,O,197,64
post_098_197,1,62,yapay,TR,,O,197,65
post_098_197,1,63,zeka,TR,,O,197,66
post_098_197,1,64,olarak,TR,,O,197,67
post_098_197,1,65,üstünlüğünü,TR,,O,197,68
post_098_197,1,66,sağlayabilme,TR,,O,197,69
post_098_197,1,67,ihtmali,TR,,O,197,70
post_098_197,1,68,olsa,TR,,O,197,71
post_098_197,1,69,"da,",TR,,O,197,72
post_098_197,1,70,meta'nın,NE,MIXED,B-ORG,197,73
post_098_197,1,71,ürünleri,TR,,O,197,74
post_098_197,1,72,içerisinde,TR,,O,197,75
post_098_197,1,73,boy,TR,,O,197,76
post_098_197,1,74,gösterebilmesi,TR,,O,197,77
post_098_197,1,75,çok,TR,,O,197,78
post_098_197,1,76,zor,TR,,O,197,79
post_099_198,1,0,the,EN,,O,198,0
post_099_198,1,1,answer,EN,,O,198,1
post_099_198,1,2,to,EN,,O,198,2
post_099_198,1,3,life,EN,,O,198,3
post_099_198,1,4,the,EN,,O,198,4
post_099_198,1,5,universe,EN,,O,198,5
post_099_198,1,6,and,EN,,O,198,6
post_099_198,1,7,everything'i,MIXED,MIXED,O,198,7
post_099_198,1,8,aratinca,TR,,O,198,8
post_099_198,1,9,hesap,TR,,O,198,9
post_099_198,1,10,makinesinin,TR,,O,198,10
post_099_198,1,11,otomatik,TR,,O,198,11
post_099_198,1,12,olarak,TR,,O,198,12
post_099_198,1,13,cevabini,TR,,O,198,14
post_099_198,1,14,verdigi,TR,,O,198,15
post_099_198,1,15,guzel,TR,,O,198,16
post_099_198,1,16,arama,TR,,O,198,17
post_099_198,1,17,motoru,TR,,O,198,18
post_100_199,1,0,internette,TR,,O,199,0
post_100_199,1,1,okuduğum,TR,,O,199,1
post_100_199,1,2,kadarıyla,TR,,O,199,2
post_100_199,1,3,büyük,TR,,O,199,3
post_100_199,1,4,bir,TR,,O,199,4
post_100_199,1,5,hype,EN,,O,199,5
post_100_199,1,6,"yaratan,",TR,,O,199,6
post_100_199,1,7,özellikle,TR,,O,199,7
post_100_199,1,8,coding,EN,,O,199,8
post_100_199,1,9,"tarafında,",TR,,O,199,9
post_100_199,1,10,emekleme,TR,,O,199,10
post_100_199,1,11,aşamasındaki,TR,,O,199,11
post_100_199,1,12,chat,EN,,O,199,12
post_100_199,1,13,yapay,TR,,O,199,13
post_100_199,1,14,zekası,TR,,O,199,14
post_100_199,1,15,tam,TR,,O,199,15
post_100_199,1,16,kapasite,TR,,O,199,17
post_100_199,1,17,deneme,TR,,O,199,18
post_100_199,1,18,fırsatı,TR,,O,199,19
post_100_199,1,19,"bulamadım,",TR,,O,199,20
post_100_199,1,20,beş,TR,,O,199,21
post_100_199,1,21,soru,TR,,O,199,22
post_100_199,1,22,"sonra,",TR,,O,199,23
post_100_199,1,23,too,EN,,O,199,24
post_100_199,1,24,many,EN,,O,199,25
post_100_199,1,25,"requests,",EN,,O,199,26
post_100_199,1,26,please,EN,,O,199,27
post_100_199,1,27,slow,EN,,O,199,28
post_100_199,1,28,down,EN,,O,199,29
post_100_199,1,29,demeye,TR,,O,199,30
post_100_199,1,30,başladı,TR,,O,199,31
post_100_199,1,31,(ayrıca,TR,,O,199,33
post_100_199,1,32,güncel,TR,,O,199,34
post_100_199,1,33,bilgiye,TR,,O,199,35
post_100_199,1,34,cevap,TR,,O,199,36
post_100_199,1,35,vermesini,TR,,O,199,37
post_100_199,1,36,kısıtlamışlar.),TR,,O,199,38
post_100_199,1,37,tam,TR,,O,199,39
post_100_199,1,38,olarak,TR,,O,199,40
post_100_199,1,39,deneyebilirsem,TR,,O,199,41
post_100_199,1,40,geribildirim,TR,,O,199,42
post_100_199,1,41,yazarım,TR,,O,199,43
post_100_199,1,42,internette,TR,,O,199,45
post_100_199,1,43,yazılanlar,TR,,O,199,46
post_100_199,1,44,gibi,TR,,O,199,47
post_100_199,1,45,sonuçlar,TR,,O,199,48
post_100_199,1,46,da,TR,,O,199,49
post_100_199,1,47,"alamadım,",TR,,O,199,50
post_100_199,1,48,kısıtlamış,TR,,O,199,51
post_100_199,1,49,olabilirler,TR,,O,199,52
post_100_199,1,50,o,TR,,O,199,54
post_100_199,1,51,kadar,TR,,O,199,55
post_100_199,1,52,çok,TR,,O,199,56
post_100_199,1,53,yüklendiler,TR,,O,199,57
post_100_199,1,54,ki,TR,,O,199,58
post_100_199,1,55,kapasitesi,TR,,O,199,59
post_100_199,1,56,kaldırmadı,TR,,O,199,60
post_100_199,1,57,yapay,TR,,O,199,61
post_100_199,1,58,"zekanın,",TR,,O,199,62
post_100_199,1,59,delirttiler,TR,,O,199,63
post_100_199,1,60,ilk,TR,,O,199,65
post_100_199,1,61,izlenimim,TR,,O,199,66
post_100_199,1,62,hayal,TR,,O,199,67
post_100_199,1,63,kırıklığı,TR,,O,199,68
post_101_200,1,0,blockbuster'i,NE,MIXED,B-ORG,200,0
post_101_200,1,1,batirdi,TR,,O,200,1
post_101_200,1,2,"sagolsun,",TR,,O,200,2
post_101_200,1,3,iyi,TR,,O,200,3
post_101_200,1,4,etti,TR,,O,200,4
post_101_200,1,5,biraz,TR,,O,200,6
post_101_200,1,6,zorlasa,TR,,O,200,7
post_101_200,1,7,hulu'yu,NE,,B-PROD,200,8
post_101_200,1,8,da,TR,,O,200,9
post_101_200,1,9,"batirir,",TR,,O,200,10
post_101_200,1,10,antitrust,EN,,O,200,11
post_101_200,1,11,davasindan,TR,,O,200,12
post_101_200,1,12,korkuyor,TR,,O,200,13
post_101_200,1,13,olabilir,TR,,O,200,14
post_101_200,1,14,bir,TR,,O,200,16
post_101_200,1,15,sekilde,TR,,O,200,17
post_101_200,1,16,yerel,TR,,O,200,18
post_101_200,1,17,haber,TR,,O,200,19
post_101_200,1,18,bulteni,TR,,O,200,20
post_101_200,1,19,ve,TR,,O,200,21
post_101_200,1,20,canli,TR,,O,200,22
post_101_200,1,21,spor,TR,,O,200,23
post_101_200,1,22,ekleyebilse,TR,,O,200,24
post_101_200,1,23,kablolu,TR,,O,200,25
post_101_200,1,24,tv,TR,,O,200,26
post_101_200,1,25,sirketleri,TR,,O,200,27
post_101_200,1,26,de,TR,,O,200,28
post_101_200,1,27,zora,TR,,O,200,29
post_101_200,1,28,girer,TR,,O,200,30
post_101_200,1,29,bu,TR,,O,200,32
post_101_200,1,30,servisi,TR,,O,200,33
post_101_200,1,31,torrent,NE,,B-PROD,200,34
post_101_200,1,32,veya,TR,,O,200,35
post_101_200,1,33,illegal,EN,,O,200,36
post_101_200,1,34,streaming,EN,,O,200,37
post_101_200,1,35,siteleri,TR,,O,200,38
post_101_200,1,36,ile,TR,,O,200,39
post_101_200,1,37,karsilastiranlar,TR,,O,200,40
post_101_200,1,38,sunu,TR,,O,200,41
post_101_200,1,39,"dusunsun,",TR,,O,200,42
post_101_200,1,40,aylik,TR,,O,200,43
post_101_200,1,41,dolar,TR,,O,200,45
post_101_200,1,42,civari,TR,,O,200,46
post_101_200,1,43,makul,TR,,O,200,47
post_101_200,1,44,bir,TR,,O,200,48
post_101_200,1,45,fiyata,TR,,O,200,49
post_101_200,1,46,reklamsiz,TR,,O,200,50
post_101_200,1,47,dizi,TR,,O,200,51
post_101_200,1,48,"izliyorsun,",TR,,O,200,52
post_101_200,1,49,karsiliginda,TR,,O,200,53
post_101_200,1,50,house,NE,,B-TITLE,200,54
post_101_200,1,51,of,NE,,I-TITLE,200,55
post_101_200,1,52,"cards,",NE,,I-TITLE,200,56
post_101_200,1,53,orange,NE,,B-TITLE,200,57
post_101_200,1,54,is,NE,,I-TITLE,200,58
post_101_200,1,55,the,NE,,I-TITLE,200,59
post_101_200,1,56,new,NE,,I-TITLE,200,60
post_101_200,1,57,black,NE,,I-TITLE,200,61
post_101_200,1,58,gibi,TR,,O,200,62
post_101_200,1,59,dizilerin,TR,,O,200,63
post_101_200,1,60,yapilmasini,TR,,O,200,64
post_101_200,1,61,"sagliyorsun,",TR,,O,200,65
post_101_200,1,62,internet,TR,,O,200,66
post_101_200,1,63,altyapisinin,TR,,O,200,67
post_101_200,1,64,daha,TR,,O,200,68
post_101_200,1,65,iyi,TR,,O,200,69
post_101_200,1,66,olmasi,TR,,O,200,70
post_101_200,1,67,icin,TR,,O,200,71
post_101_200,1,68,ise,TR,,O,200,72
post_101_200,1,69,yariyor,TR,,O,200,73
post_101_200,1,70,verdigin,TR,,O,200,74
post_101_200,1,71,para,TR,,O,200,75
post_101_200,1,72,umarim,TR,,O,200,77
post_101_200,1,73,turkiye'de,NE,,B-LOC,200,78
post_101_200,1,74,de,TR,,O,200,79
post_101_200,1,75,en,TR,,O,200,80
post_101_200,1,76,azindan,TR,,O,200,81
post_101_200,1,77,turk,NE,,B-OTHER,200,82
post_101_200,1,78,dizileri,TR,,O,200,83
post_101_200,1,79,icin,TR,,O,200,84
post_101_200,1,80,boyle,TR,,O,200,85
post_101_200,1,81,legal,EN,,O,200,86
post_101_200,1,82,sevisler,TR,,O,200,87
post_101_200,1,83,"sunulur,",TR,,O,200,88
post_101_200,1,84,hem,TR,,O,200,89
post_101_200,1,85,daha,TR,,O,200,90
post_101_200,1,86,iyi,TR,,O,200,91
post_101_200,1,87,diziler,TR,,O,200,92
post_101_200,1,88,cekilmesi,TR,,O,200,93
post_101_200,1,89,hem,TR,,O,200,94
post_101_200,1,90,internet,TR,,O,200,95
post_101_200,1,91,kullaniminin,TR,,O,200,96
post_101_200,1,92,artmasi,TR,,O,200,97
post_101_200,1,93,icin,TR,,O,200,98
post_101_200,1,94,yararli,TR,,O,200,99
post_101_200,1,95,olur,TR,,O,200,100
post_101_200,1,96,"kesintisiz,",TR,,O,200,102
post_101_200,1,97,iyi,TR,,O,200,103
post_101_200,1,98,"cozunurlukle,",TR,,O,200,104
post_101_200,1,99,kaliteli,TR,,O,200,105
post_101_200,1,100,icerik,TR,,O,200,106
post_101_200,1,101,icin,TR,,O,200,107
post_101_200,1,102,benzeri,TR,,O,200,108
post_101_200,1,103,sirketler,TR,,O,200,109
post_101_200,1,104,sart,TR,,O,200,110
post_101_200,1,105,yillar,TR,,O,200,112
post_101_200,1,106,once,TR,,O,200,113
post_101_200,1,107,bir,TR,,O,200,114
post_101_200,1,108,cisco,NE,,B-ORG,200,115
post_101_200,1,109,reklami,TR,,O,200,116
post_101_200,1,110,vardi,TR,,O,200,117
post_101_200,1,111,adamin,TR,,O,200,119
post_101_200,1,112,biri,TR,,O,200,120
post_101_200,1,113,kirik,TR,,O,200,121
post_101_200,1,114,dokuk,TR,,O,200,122
post_101_200,1,115,bir,TR,,O,200,123
post_101_200,1,116,motele,TR,,O,200,124
post_101_200,1,117,girerken,TR,,O,200,125
post_101_200,1,118,hangi,TR,,O,200,126
post_101_200,1,119,tv,TR,,O,200,127
post_101_200,1,120,kanallari,TR,,O,200,128
post_101_200,1,121,var,TR,,O,200,129
post_101_200,1,122,diye,TR,,O,200,130
post_101_200,1,123,"soruyordu,",TR,,O,200,131
post_101_200,1,124,resepsiyonist,TR,,O,200,132
post_101_200,1,125,de,TR,,O,200,133
post_101_200,1,126,her,TR,,O,200,134
post_101_200,1,127,dilde,TR,,O,200,135
post_101_200,1,128,cekilmis,TR,,O,200,136
post_101_200,1,129,her,TR,,O,200,137
post_101_200,1,130,filmi,TR,,O,200,138
post_101_200,1,131,odanizdan,TR,,O,200,139
post_101_200,1,132,izleyebilirsiniz',TR,,O,200,140
post_101_200,1,133,diye,TR,,O,200,141
post_101_200,1,134,cevap,TR,,O,200,142
post_101_200,1,135,"veriyordu,",TR,,O,200,143
post_101_200,1,136,neredeyse,TR,,O,200,144
post_101_200,1,137,gercek,TR,,O,200,145
post_101_200,1,138,olacak,TR,,O,200,146
post_102_201,1,0,copyright,EN,,O,201,0
post_102_201,1,1,infringement,EN,,O,201,1
post_102_201,1,2,felan,TR,,O,201,2
post_102_201,1,3,diyerek,TR,,O,201,3
post_102_201,1,4,sitedeki,TR,,O,201,4
post_102_201,1,5,butun,TR,,O,201,5
post_102_201,1,6,seinfeld,NE,,B-TITLE,201,6
post_102_201,1,7,episode'larina,MIXED,MIXED,O,201,7
post_102_201,1,8,ve,TR,,O,201,8
post_102_201,1,9,bilimum,TR,,O,201,9
post_102_201,1,10,videolarina*,TR,,O,201,10
post_102_201,1,11,erisimi,TR,,O,201,11
post_102_201,1,12,an,TR,,O,201,12
post_102_201,1,13,itibariyle,TR,,O,201,13
post_102_201,1,14,engelleyerek,TR,,O,201,14
post_102_201,1,15,uzen,TR,,O,201,15
post_102_201,1,16,site,TR,,O,201,16
post_103_202,1,0,the,NE,,B-TITLE,202,0
post_103_202,1,1,good,NE,,I-TITLE,202,1
post_103_202,1,2,wife,NE,,I-TITLE,202,2
post_103_202,1,3,dizisini,TR,,O,202,3
post_103_202,1,4,listeme,TR,,O,202,4
post_103_202,1,5,eklemiştim,TR,,O,202,5
post_103_202,1,6,"negüzel,",TR,,O,202,6
post_103_202,1,7,kötü,TR,,O,202,7
post_103_202,1,8,oldu,TR,,O,202,8
post_103_202,1,9,bu,TR,,O,202,9
post_103_202,1,10,onun,TR,,O,202,11
post_103_202,1,11,devamı,TR,,O,202,12
post_103_202,1,12,good,NE,,B-TITLE,202,13
post_103_202,1,13,fight,NE,,I-TITLE,202,14
post_103_202,1,14,halen,TR,,O,202,15
post_103_202,1,15,duruyor,TR,,O,202,16
post_103_202,1,16,acaba,TR,,O,202,18
post_103_202,1,17,tr,NE,,B-OTHER,202,19
post_103_202,1,18,haklarını,TR,,O,202,20
post_103_202,1,19,bein,TR,,O,202,21
post_103_202,1,20,mi,TR,,O,202,22
post_103_202,1,21,aldı,TR,,O,202,23
post_103_202,1,22,naptı,TR,,O,202,24
post_104_203,1,0,sanıyorum,TR,,O,203,0
post_104_203,1,1,artık,TR,,O,203,1
post_104_203,1,2,bir,TR,,O,203,2
post_104_203,1,3,resimi,TR,,O,203,3
post_104_203,1,4,koyup,TR,,O,203,4
post_104_203,1,5,hareketli,TR,,O,203,5
post_104_203,1,6,animasyona,TR,,O,203,6
post_104_203,1,7,da,TR,,O,203,7
post_104_203,1,8,çevirebiliyoruz,TR,,O,203,8
post_104_203,1,9,let,EN,,O,203,10
post_104_203,1,10,the,EN,,O,203,11
post_104_203,1,11,game,EN,,O,203,12
post_104_203,1,12,begin,EN,,O,203,13
post_105_204,1,0,gün,TR,,O,204,0
post_105_204,1,1,itibariyle,TR,,O,204,1
post_105_204,1,2,otoriter,TR,,O,204,2
post_105_204,1,3,bir,TR,,O,204,3
post_105_204,1,4,"tavirla,",TR,,O,204,4
post_105_204,1,5,emir,TR,,O,204,5
post_105_204,1,6,kipiyle,TR,,O,204,6
post_105_204,1,7,jailbreak,EN,,O,204,7
post_105_204,1,8,"yapmak,",TR,,O,204,8
post_105_204,1,9,"""ay",TR,,O,204,9
post_105_204,1,10,ben,TR,,O,204,10
post_105_204,1,11,onu,TR,,O,204,11
post_105_204,1,12,söyleyemem,TR,,O,204,12
post_105_204,1,13,ayip,TR,,O,204,13
post_105_204,1,14,"olur""",TR,,O,204,14
post_105_204,1,15,dedigi,TR,,O,204,15
post_105_204,1,16,seyleri,TR,,O,204,16
post_105_204,1,17,sakayla,TR,,O,204,17
post_105_204,1,18,karisik,TR,,O,204,18
post_105_204,1,19,catir,TR,,O,204,19
post_105_204,1,20,catir,TR,,O,204,20
post_105_204,1,21,söyletebildiginiz,TR,,O,204,21
post_105_204,1,22,model,AMBIGUOUS,,O,204,22
post_105_204,1,23,bir,TR,,O,204,24
post_105_204,1,24,dolu,TR,,O,204,25
post_105_204,1,25,güvenlik,TR,,O,204,26
post_105_204,1,26,mekanizmasiyla,TR,,O,204,27
post_105_204,1,27,geldigi,TR,,O,204,28
post_105_204,1,28,"kesin,",TR,,O,204,29
post_105_204,1,29,ama,TR,,O,204,30
post_105_204,1,30,bu,TR,,O,204,31
post_105_204,1,31,sekilde,TR,,O,204,32
post_105_204,1,32,peyderpey,TR,,O,204,33
post_105_204,1,33,cözeceklerdir,TR,,O,204,34
post_105_204,1,34,yani,TR,,O,204,36
post_105_204,1,35,insallah,TR,,O,204,37
post_105_204,1,36,yoksa,TR,,O,204,39
post_105_204,1,37,chatgpt'ya,NE,MIXED,B-PROD,204,40
post_105_204,1,38,virtual,EN,,O,204,41
post_105_204,1,39,machine,EN,,O,204,42
post_105_204,1,40,taklidi,TR,,O,204,43
post_105_204,1,41,yaptirmak,TR,,O,204,44
post_105_204,1,42,falan,TR,,O,204,45
post_105_204,1,43,cok,TR,,O,204,46
post_105_204,1,44,naif,TR,,O,204,47
post_105_204,1,45,kacacak,TR,,O,204,48
post_105_204,1,46,bu,TR,,O,204,49
post_105_204,1,47,"gidisle,",TR,,O,204,50
post_105_204,1,48,ve,TR,,O,204,51
post_105_204,1,49,milyonlarca,TR,,O,204,52
post_105_204,1,50,kullaniciya,TR,,O,204,53
post_105_204,1,51,ulasmasi,TR,,O,204,54
post_105_204,1,52,yüzünden,TR,,O,204,55
post_105_204,1,53,"scalability,",EN,,O,204,56
post_105_204,1,54,kaynaklarini,TR,,O,204,57
post_105_204,1,55,söyleyememesi,TR,,O,204,58
post_105_204,1,56,yüzünden,TR,,O,204,59
post_105_204,1,57,de,TR,,O,204,60
post_105_204,1,58,accountability,EN,,O,204,61
post_105_204,1,59,problemi,TR,,O,204,62
post_105_204,1,60,yasayacagi,TR,,O,204,63
post_105_204,1,61,kesin,TR,,O,204,64
post_105_204,1,62,model,AMBIGUOUS,,O,204,65
post_105_204,1,63,hadi,TR,,O,204,67
post_105_204,1,64,hayirlisi,TR,,O,204,68
post_105_204,1,65,ha,TR,,O,204,70
post_105_204,1,66,ama,TR,,O,204,71
post_105_204,1,67,simdiden,TR,,O,204,72
post_105_204,1,68,söyleyeyim:,TR,,O,204,73
post_105_204,1,69,content,EN,,O,204,74
post_105_204,1,70,creatorlar,MIXED,MIXED,O,204,75
post_105_204,1,71,issiz,TR,,O,204,76
post_105_204,1,72,kaldi,TR,,O,204,77
post_106_205,1,0,ingilizce,NE,,B-OTHER,205,0
post_106_205,1,1,wikipedia'da,NE,MIXED,B-PROD,205,1
post_106_205,1,2,yayın,TR,,O,205,2
post_106_205,1,3,haklarının,TR,,O,205,3
post_106_205,1,4,d-smart'tan,NE,MIXED,B-ORG,205,4
post_106_205,1,5,tivibu'ya,NE,MIXED,B-ORG,205,5
post_106_205,1,6,transfer,TR,,O,205,6
post_106_205,1,7,edildiği,TR,,O,205,7
post_106_205,1,8,yazıyor,TR,,O,205,8
post_106_205,1,9,ama,TR,,O,205,9
post_106_205,1,10,şimdilik,TR,,O,205,10
post_106_205,1,11,bir,TR,,O,205,11
post_106_205,1,12,kaynak,TR,,O,205,12
post_106_205,1,13,olmadığı,TR,,O,205,13
post_106_205,1,14,için,TR,,O,205,14
post_106_205,1,15,ne,TR,,O,205,15
post_106_205,1,16,derece,TR,,O,205,16
post_106_205,1,17,doğru,TR,,O,205,17
post_106_205,1,18,bilemiyorum,TR,,O,205,18
post_106_205,1,19,"neyse,",TR,,O,205,21
post_106_205,1,20,sonuçta,TR,,O,205,22
post_106_205,1,21,serhan,TR,,O,205,23
post_106_205,1,22,acar,TR,,O,205,24
post_106_205,1,23,ile,TR,,O,205,25
post_106_205,1,24,avustralya,NE,,B-EVENT,205,26
post_106_205,1,25,gp,NE,,I-EVENT,205,27
post_106_205,1,26,sıralamalarını,TR,,O,205,28
post_106_205,1,27,izliyoruz,TR,,O,205,29
post_106_205,1,28,şu,TR,,O,205,30
post_106_205,1,29,an,TR,,O,205,31
post_107_206,1,0,yurtdisinda,TR,,O,206,0
post_107_206,1,1,bunu,TR,,O,206,1
post_107_206,1,2,ev,TR,,O,206,2
post_107_206,1,3,sahibi,TR,,O,206,3
post_107_206,1,4,olarak,TR,,O,206,4
post_107_206,1,5,misafir,TR,,O,206,5
post_107_206,1,6,agirlamak,TR,,O,206,6
post_107_206,1,7,icin,TR,,O,206,7
post_107_206,1,8,(host,EN,,O,206,8
post_107_206,1,9,olarak,TR,,O,206,9
post_107_206,1,10,yani),TR,,O,206,10
post_107_206,1,11,kullaniyorum,TR,,O,206,11
post_107_206,1,12,kullanmamin,TR,,O,206,13
post_107_206,1,13,asil,TR,,O,206,14
post_107_206,1,14,"nedeni,",TR,,O,206,15
post_107_206,1,15,vergilerde,TR,,O,206,16
post_107_206,1,16,avantaj,TR,,O,206,17
post_107_206,1,17,saglamasi*,TR,,O,206,18
post_107_206,1,18,acikcasi,TR,,O,206,20
post_107_206,1,19,platform,AMBIGUOUS,,O,206,21
post_107_206,1,20,olarak,TR,,O,206,22
post_107_206,1,21,baya,TR,,O,206,23
post_107_206,1,22,kotu,TR,,O,206,24
post_107_206,1,23,buluyorum,TR,,O,206,25
post_107_206,1,24,airbnb,NE,,B-PROD,206,26
post_107_206,1,25,yi,TR,,O,206,27
post_107_206,1,26,asil,TR,,O,206,29
post_107_206,1,27,amaci,TR,,O,206,30
post_107_206,1,28,ux,EN,,O,206,31
post_107_206,1,29,e,TR,,O,206,32
post_107_206,1,30,onem,TR,,O,206,33
post_107_206,1,31,veren,TR,,O,206,34
post_107_206,1,32,sistemin:,TR,,O,206,35
post_107_206,1,33,dogru,TR,,O,206,37
post_107_206,1,34,duzgun,TR,,O,206,38
post_107_206,1,35,arama,TR,,O,206,39
post_107_206,1,36,ve,TR,,O,206,40
post_107_206,1,37,istedigini,TR,,O,206,41
post_107_206,1,38,bulma,TR,,O,206,42
post_107_206,1,39,ozelligi,TR,,O,206,43
post_107_206,1,40,yok,TR,,O,206,44
post_107_206,1,41,insanlari,TR,,O,206,46
post_107_206,1,42,dogru,TR,,O,206,47
post_107_206,1,43,yonlendiremiyor,TR,,O,206,48
post_107_206,1,44,dolayisiyla,TR,,O,206,50
post_107_206,1,45,hem,TR,,O,206,51
post_107_206,1,46,agirlayan,TR,,O,206,52
post_107_206,1,47,hemde,TR,,O,206,53
post_107_206,1,48,misafirler,TR,,O,206,54
post_107_206,1,49,durumdan,TR,,O,206,55
post_107_206,1,50,sikintili,TR,,O,206,56
post_107_206,1,51,ev,TR,,O,206,58
post_107_206,1,52,sahibi,TR,,O,206,59
post_107_206,1,53,olarak,TR,,O,206,60
post_107_206,1,54,en,TR,,O,206,61
post_107_206,1,55,buyuk,TR,,O,206,62
post_107_206,1,56,sikinti,TR,,O,206,63
post_107_206,1,57,su:,TR,,O,206,64
post_107_206,1,58,insanlar,TR,,O,206,65
post_107_206,1,59,hicbirsey,TR,,O,206,66
post_107_206,1,60,okumadan,TR,,O,206,67
post_107_206,1,61,resimleri,TR,,O,206,68
post_107_206,1,62,de,TR,,O,206,69
post_107_206,1,63,anlamadan,TR,,O,206,70
post_107_206,1,64,rezervasyon,TR,,O,206,71
post_107_206,1,65,yapiyor,TR,,O,206,72
post_107_206,1,66,cok,TR,,O,206,74
post_107_206,1,67,sacma,TR,,O,206,75
post_107_206,1,68,sapan,TR,,O,206,76
post_107_206,1,69,beklentiye,TR,,O,206,77
post_107_206,1,70,sahip,TR,,O,206,78
post_107_206,1,71,olupta,TR,,O,206,79
post_107_206,1,72,gelen,TR,,O,206,80
post_107_206,1,73,var,TR,,O,206,81
post_107_206,1,74,mesela,TR,,O,206,83
post_107_206,1,75,fotolarda,TR,,O,206,84
post_107_206,1,76,plastik,TR,,O,206,85
post_107_206,1,77,catal,TR,,O,206,86
post_107_206,1,78,kagit,TR,,O,206,88
post_107_206,1,79,kullan,TR,,O,206,89
post_107_206,1,80,at,TR,,O,206,90
post_107_206,1,81,tabak,TR,,O,206,91
post_107_206,1,82,resmi,TR,,O,206,92
post_107_206,1,83,koymusum,TR,,O,206,93
post_107_206,1,84,aciklamada,TR,,O,206,95
post_107_206,1,85,da,TR,,O,206,96
post_107_206,1,86,full,EN,,O,206,97
post_107_206,1,87,mutfak,TR,,O,206,98
post_107_206,1,88,var,TR,,O,206,99
post_107_206,1,89,yazmamama,TR,,O,206,100
post_107_206,1,90,ragmen,TR,,O,206,101
post_107_206,1,91,bundan,TR,,O,206,102
post_107_206,1,92,memnun,TR,,O,206,103
post_107_206,1,93,olmayip,TR,,O,206,104
post_107_206,1,94,yildiz,TR,,O,206,106
post_107_206,1,95,veren,TR,,O,206,107
post_107_206,1,96,insanlar,TR,,O,206,108
post_107_206,1,97,mevcut,TR,,O,206,109
post_107_206,1,98,ornegin,TR,,O,206,111
post_107_206,1,99,lokasyon,TR,,O,206,112
post_107_206,1,100,belli,TR,,O,206,113
post_107_206,1,101,dahi,TR,,O,206,114
post_107_206,1,102,olsa,TR,,O,206,115
post_107_206,1,103,lokasyonu,TR,,O,206,116
post_107_206,1,104,begenmedigi,TR,,O,206,117
post_107_206,1,105,icin,TR,,O,206,118
post_107_206,1,106,az,TR,,O,206,119
post_107_206,1,107,yildiz,TR,,O,206,120
post_107_206,1,108,veren,TR,,O,206,121
post_107_206,1,109,var,TR,,O,206,122
post_107_206,1,110,bunu,TR,,O,206,124
post_107_206,1,111,da,TR,,O,206,125
post_107_206,1,112,aciklamada,TR,,O,206,126
post_107_206,1,113,yaziyorlar,TR,,O,206,127
post_107_206,1,114,eve,TR,,O,206,129
post_107_206,1,115,zarar,TR,,O,206,130
post_107_206,1,116,"verip,",TR,,O,206,131
post_107_206,1,117,zarari,TR,,O,206,132
post_107_206,1,118,karsilamasini,TR,,O,206,133
post_107_206,1,119,istediniz,TR,,O,206,134
post_107_206,1,120,diye,TR,,O,206,135
post_107_206,1,121,yildiz,TR,,O,206,137
post_107_206,1,122,verende,TR,,O,206,138
post_107_206,1,123,var,TR,,O,206,139
post_107_206,1,124,sorun,TR,,O,206,141
post_107_206,1,125,burada,TR,,O,206,142
post_107_206,1,126,"su,",TR,,O,206,143
post_107_206,1,127,yildizlara,TR,,O,206,144
post_107_206,1,128,gore,TR,,O,206,145
post_107_206,1,129,insanlar,TR,,O,206,146
post_107_206,1,130,rezerve,TR,,O,206,147
post_107_206,1,131,edip,TR,,O,206,148
post_107_206,1,132,etmeyecegini,TR,,O,206,149
post_107_206,1,133,karar,TR,,O,206,150
post_107_206,1,134,veriyor,TR,,O,206,151
post_107_206,1,135,airbnb,NE,,B-PROD,206,153
post_107_206,1,136,superhost,EN,,O,206,154
post_107_206,1,137,olayi,TR,,O,206,155
post_107_206,1,138,da,TR,,O,206,156
post_107_206,1,139,tamamen,TR,,O,206,157
post_107_206,1,140,yalan,TR,,O,206,158
post_107_206,1,141,oldugunu,TR,,O,206,159
post_107_206,1,142,farkettim,TR,,O,206,160
post_107_206,1,143,cunku,TR,,O,206,162
post_107_206,1,144,birisi,TR,,O,206,163
post_107_206,1,145,keyfine,TR,,O,206,164
post_107_206,1,146,esmedi,TR,,O,206,165
post_107_206,1,147,diye,TR,,O,206,166
post_107_206,1,148,yildizi,TR,,O,206,168
post_107_206,1,149,verdigi,TR,,O,206,169
post_107_206,1,150,an,TR,,O,206,170
post_107_206,1,151,superhost,EN,,O,206,171
post_107_206,1,152,olayini,TR,,O,206,172
post_107_206,1,153,kaybediyorsunuz,TR,,O,206,173
post_107_206,1,154,yani,TR,,O,206,175
post_107_206,1,155,kisiye,TR,,O,206,177
post_107_206,1,156,ne,TR,,O,206,178
post_107_206,1,157,kadar,TR,,O,206,179
post_107_206,1,158,yaranmaya,TR,,O,206,180
post_107_206,1,159,calissaniz,TR,,O,206,181
post_107_206,1,160,dahi,TR,,O,206,182
post_107_206,1,161,kisinin,TR,,O,206,184
post_107_206,1,162,gicikligina,TR,,O,206,185
post_107_206,1,163,o,TR,,O,206,186
post_107_206,1,164,hakki,TR,,O,206,187
post_107_206,1,165,kaybediyorsunuz,TR,,O,206,188
post_107_206,1,166,airbnb,NE,,B-PROD,206,190
post_107_206,1,167,de,TR,,O,206,191
post_107_206,1,168,bu,TR,,O,206,192
post_107_206,1,169,konuda,TR,,O,206,193
post_107_206,1,170,yardimci,TR,,O,206,194
post_107_206,1,171,olmuyor,TR,,O,206,195
post_107_206,1,172,airbnb,NE,,B-PROD,206,197
post_107_206,1,173,den,TR,,O,206,198
post_107_206,1,174,sadece,TR,,O,206,199
post_107_206,1,175,ev,TR,,O,206,200
post_107_206,1,176,sahipleri,TR,,O,206,201
post_107_206,1,177,degil,TR,,O,206,202
post_107_206,1,178,konaklayanlarda,TR,,O,206,203
post_107_206,1,179,sikayetci,TR,,O,206,204
post_107_206,1,180,yani,TR,,O,206,206
post_107_206,1,181,benim,TR,,O,206,207
post_107_206,1,182,mesela,TR,,O,206,208
post_107_206,1,183,superhost,EN,,O,206,209
post_107_206,1,184,diye,TR,,O,206,210
post_107_206,1,185,konakladigim,TR,,O,206,211
post_107_206,1,186,yerler,TR,,O,206,212
post_107_206,1,187,oldu,TR,,O,206,213
post_107_206,1,188,dogru,TR,,O,206,214
post_107_206,1,189,duzgun,TR,,O,206,215
post_107_206,1,190,temizlik,TR,,O,206,216
post_107_206,1,191,yapmiyorlardi,TR,,O,206,217
post_107_206,1,192,veya,TR,,O,206,218
post_107_206,1,193,yanlis,TR,,O,206,219
post_107_206,1,194,bilgi,TR,,O,206,220
post_107_206,1,195,giren,TR,,O,206,221
post_107_206,1,196,oluyordu,TR,,O,206,222
post_107_206,1,197,vs,TR,,O,206,223
post_107_206,1,198,bu,TR,,O,206,225
post_107_206,1,199,durum,TR,,O,206,226
post_107_206,1,200,maalesef,TR,,O,206,227
post_107_206,1,201,uzun,TR,,O,206,228
post_107_206,1,202,donemde,TR,,O,206,229
post_107_206,1,203,platforma,TR,,O,206,230
post_107_206,1,204,zarar,TR,,O,206,231
post_107_206,1,205,verecek,TR,,O,206,232
post_107_206,1,206,cunku:,TR,,O,206,233
post_107_206,1,207,ev,TR,,O,206,235
post_107_206,1,208,sahibi,TR,,O,206,236
post_107_206,1,209,olarak,TR,,O,206,237
post_107_206,1,210,super,AMBIGUOUS,,O,206,238
post_107_206,1,211,hizmet,TR,,O,206,239
post_107_206,1,212,etmek,TR,,O,206,240
post_107_206,1,213,icin,TR,,O,206,241
post_107_206,1,214,zorlamama,TR,,O,206,242
post_107_206,1,215,gerek,TR,,O,206,243
post_107_206,1,216,yok,TR,,O,206,244
post_107_206,1,217,sorunlu,TR,,O,206,246
post_107_206,1,218,birisi,TR,,O,206,247
post_107_206,1,219,yuzunden,TR,,O,206,248
post_107_206,1,220,skorunuz,TR,,O,206,249
post_107_206,1,221,dusecegini,TR,,O,206,250
post_107_206,1,222,bildiginiz,TR,,O,206,251
post_107_206,1,223,zaman,TR,,O,206,252
post_107_206,1,224,o,TR,,O,206,253
post_107_206,1,225,hizmet,TR,,O,206,254
post_107_206,1,226,kalitesini,TR,,O,206,255
post_107_206,1,227,dusurmeye,TR,,O,206,256
post_107_206,1,228,basliyorsunuz,TR,,O,206,257
post_107_206,1,229,ev,TR,,O,206,260
post_107_206,1,230,sahibi,TR,,O,206,261
post_107_206,1,231,olarak,TR,,O,206,262
post_107_206,1,232,airbnb,NE,,B-PROD,206,263
post_107_206,1,233,yi,TR,,O,206,264
post_107_206,1,234,deneyimli,TR,,O,206,265
post_107_206,1,235,kullanmis,TR,,O,206,266
post_107_206,1,236,kisilerden,TR,,O,206,267
post_107_206,1,237,sadece,TR,,O,206,268
post_107_206,1,238,kalmasini,TR,,O,206,269
post_107_206,1,239,isteme,TR,,O,206,270
post_107_206,1,240,secenegi,TR,,O,206,271
post_107_206,1,241,var,TR,,O,206,272
post_107_206,1,242,bu,TR,,O,206,274
post_107_206,1,243,da,TR,,O,206,275
post_107_206,1,244,cok,TR,,O,206,276
post_107_206,1,245,ugrasmak,TR,,O,206,277
post_107_206,1,246,istemeyenler,TR,,O,206,278
post_107_206,1,247,icin,TR,,O,206,279
post_107_206,1,248,bir,TR,,O,206,280
post_107_206,1,249,secenek,TR,,O,206,281
post_107_206,1,250,olacak,TR,,O,206,282
post_107_206,1,251,skor,TR,,O,206,285
post_107_206,1,252,sistemi,TR,,O,206,286
post_107_206,1,253,gercegi,TR,,O,206,287
post_107_206,1,254,cok,TR,,O,206,288
post_107_206,1,255,yansitmadigi,TR,,O,206,289
post_107_206,1,256,icin,TR,,O,206,290
post_107_206,1,257,sisteme,TR,,O,206,291
post_107_206,1,258,guven,TR,,O,206,292
post_107_206,1,259,azalacak,TR,,O,206,293
post_107_206,1,260,duzenli,TR,,O,206,295
post_107_206,1,261,airbnb,NE,,B-PROD,206,296
post_107_206,1,262,de,TR,,O,206,297
post_107_206,1,263,misafirlik,TR,,O,206,298
post_107_206,1,264,yapanlar,TR,,O,206,299
post_107_206,1,265,daha,TR,,O,206,300
post_107_206,1,266,sik,TR,,O,206,301
post_107_206,1,267,dokuyacak,TR,,O,206,302
post_107_206,1,268,olaya,TR,,O,206,304
post_107_206,1,269,airbnb,NE,,B-PROD,206,305
post_107_206,1,270,tarafindan,TR,,O,206,306
post_107_206,1,271,bakarsaniz,TR,,O,206,307
post_107_206,1,272,da,TR,,O,206,308
post_107_206,1,273,aslinda,TR,,O,206,309
post_107_206,1,274,mantikli,TR,,O,206,310
post_107_206,1,275,gibi:,TR,,O,206,311
post_107_206,1,276,zaten,TR,,O,206,313
post_107_206,1,277,inventory,EN,,O,206,314
post_107_206,1,278,(ev,TR,,O,206,315
post_107_206,1,279,sayisi),TR,,O,206,316
post_107_206,1,280,yuksek,TR,,O,206,317
post_107_206,1,281,buraya,TR,,O,206,319
post_107_206,1,282,harcadigimiz,TR,,O,206,320
post_107_206,1,283,parayi,TR,,O,206,321
post_107_206,1,284,azaltalim,TR,,O,206,322
post_107_206,1,285,"mantigi,",TR,,O,206,323
post_107_206,1,286,wall,NE,,B-ORG,206,324
post_107_206,1,287,street,NE,,I-ORG,206,325
post_107_206,1,288,i,TR,,O,206,326
post_107_206,1,289,memnun,TR,,O,206,327
post_107_206,1,290,eder,TR,,O,206,328
post_107_206,1,291,konaklayan,TR,,O,206,331
post_107_206,1,292,birsuru,TR,,O,206,332
post_107_206,1,293,yeni,TR,,O,206,333
post_107_206,1,294,hesap,TR,,O,206,334
post_107_206,1,295,sahibi,TR,,O,206,335
post_107_206,1,296,var,TR,,O,206,336
post_107_206,1,297,olabildigince,TR,,O,206,338
post_107_206,1,298,bunlari,TR,,O,206,339
post_107_206,1,299,sisteme,TR,,O,206,340
post_107_206,1,300,baglamak,TR,,O,206,341
post_107_206,1,301,gerekir,TR,,O,206,342
post_107_206,1,302,diye,TR,,O,206,343
post_107_206,1,303,bunlara,TR,,O,206,344
post_107_206,1,304,en,TR,,O,206,345
post_107_206,1,305,iyi,TR,,O,206,346
post_107_206,1,306,deneyimi,TR,,O,206,347
post_107_206,1,307,saglamak,TR,,O,206,348
post_107_206,1,308,son,TR,,O,206,350
post_107_206,1,309,olarak,TR,,O,206,351
post_107_206,1,310,sunu,TR,,O,206,352
post_107_206,1,311,"soyleyeyim,",TR,,O,206,353
post_107_206,1,312,eger,TR,,O,206,354
post_107_206,1,313,superhost,EN,,O,206,355
post_107_206,1,314,ta,TR,,O,206,356
post_107_206,1,315,kaliyorsaniz,TR,,O,206,357
post_107_206,1,316,yildiz,TR,,O,206,360
post_107_206,1,317,ve,TR,,O,206,361
post_107_206,1,318,alti,TR,,O,206,362
post_107_206,1,319,vermeden,TR,,O,206,363
post_107_206,1,320,once,TR,,O,206,364
post_107_206,1,321,herhangi,TR,,O,206,365
post_107_206,1,322,bir,TR,,O,206,366
post_107_206,1,323,sorunu,TR,,O,206,367
post_107_206,1,324,veya,TR,,O,206,368
post_107_206,1,325,istegi,TR,,O,206,369
post_107_206,1,326,o,TR,,O,206,370
post_107_206,1,327,kisiye,TR,,O,206,371
post_107_206,1,328,bildirin,TR,,O,206,372
post_108_207,1,0,az,TR,,O,207,0
post_108_207,1,1,önce,TR,,O,207,1
post_108_207,1,2,berbere,TR,,O,207,2
post_108_207,1,3,"gidecektim,",TR,,O,207,3
post_108_207,1,4,olmadı,TR,,O,207,4
post_108_207,1,5,berber,TR,,O,207,6
post_108_207,1,6,salih'in,TR,,O,207,7
post_108_207,1,7,twitter'ında,NE,MIXED,B-PROD,207,8
post_108_207,1,8,cuma,TR,,O,207,10
post_108_207,1,9,yazıyordu,TR,,O,207,12
post_108_207,1,10,şimdi,TR,,O,207,14
post_108_207,1,11,baktım,TR,,O,207,15
post_108_207,1,12,"""cuma",TR,,O,207,16
post_108_207,1,13,was,EN,,O,207,17
post_108_207,1,14,so,EN,,O,207,18
post_108_207,1,15,"good,",EN,,O,207,19
post_108_207,1,16,but,EN,,O,207,20
post_108_207,1,17,show,EN,,O,207,21
post_108_207,1,18,must,EN,,O,207,22
post_108_207,1,19,go,EN,,O,207,23
post_108_207,1,20,"on""",EN,,O,207,24
post_108_207,1,21,yazıyor,TR,,O,207,25
post_108_207,1,22,pastafaryan,TR,,O,207,27
post_108_207,1,23,misyoner:,TR,,O,207,28
post_108_207,1,24,@salih,TR,,O,207,29
post_108_207,1,25,abi's,TR,,O,207,30
post_109_208,1,0,bir,TR,,O,208,0
post_109_208,1,1,backend,EN,,O,208,1
post_109_208,1,2,developer,EN,,O,208,2
post_109_208,1,3,olarak,TR,,O,208,3
post_109_208,1,4,node.js,NE,,B-PROD,208,4
post_109_208,1,5,ilgimin,TR,,O,208,5
post_109_208,1,6,artmasıyla,TR,,O,208,6
post_109_208,1,7,benim,TR,,O,208,7
post_109_208,1,8,de,TR,,O,208,8
post_109_208,1,9,öğrenmeye,TR,,O,208,9
post_109_208,1,10,başladığım,TR,,O,208,10
post_109_208,1,11,fakat,TR,,O,208,11
post_109_208,1,12,"""this""",EN,,O,208,12
post_109_208,1,13,problemiyle,TR,,O,208,13
post_109_208,1,14,kafamı,TR,,O,208,14
post_109_208,1,15,karıştıran,TR,,O,208,15
post_109_208,1,16,dil,TR,,O,208,16
post_109_208,1,17,benim,TR,,O,208,18
post_109_208,1,18,geldiğim,TR,,O,208,19
post_109_208,1,19,dillerde,TR,,O,208,20
post_109_208,1,20,this'in,MIXED,MIXED,O,208,21
post_109_208,1,21,birden,TR,,O,208,22
post_109_208,1,22,fazla,TR,,O,208,23
post_109_208,1,23,anlamı,TR,,O,208,24
post_109_208,1,24,yoktu,TR,,O,208,25
post_110_209,1,0,oyunun,TR,,O,209,0
post_110_209,1,1,amacının,TR,,O,209,1
post_110_209,1,2,ne,TR,,O,209,2
post_110_209,1,3,olduğu,TR,,O,209,3
post_110_209,1,4,south,NE,,B-TITLE,209,4
post_110_209,1,5,park'ın,NE,MIXED,I-TITLE,209,5
post_110_209,1,6,son,TR,,O,209,6
post_110_209,1,7,bölümünde,TR,,O,209,7
post_110_209,1,8,gayet,TR,,O,209,8
post_110_209,1,9,net,TR,,O,209,9
post_110_209,1,10,açıklanmaktadır,TR,,O,209,10
post_110_209,1,11,aynı,TR,,O,209,12
post_110_209,1,12,şekilde,TR,,O,209,13
post_110_209,1,13,ebeveynlerin,TR,,O,209,14
post_110_209,1,14,neden,TR,,O,209,15
post_110_209,1,15,oyunu,TR,,O,209,16
post_110_209,1,16,oynarken,TR,,O,209,17
post_110_209,1,17,afalladıklarına,TR,,O,209,18
post_110_209,1,18,da,TR,,O,209,19
post_110_209,1,19,değinilmektedir,TR,,O,209,20
post_110_209,1,20,quote,EN,,O,209,22
post_110_209,1,21,eder,TR,,O,209,23
post_110_209,1,22,isek:,TR,,O,209,24
post_110_209,1,23,i,EN,,O,209,26
post_110_209,1,24,don't,EN,,O,209,27
post_110_209,1,25,get,EN,,O,209,28
post_110_209,1,26,it,EN,,O,209,29
post_110_209,1,27,that's,EN,,O,209,31
post_110_209,1,28,because,EN,,O,209,32
post_110_209,1,29,you,EN,,O,209,33
post_110_209,1,30,are,EN,,O,209,34
post_110_209,1,31,thinking,EN,,O,209,35
post_110_209,1,32,like,EN,,O,209,36
post_110_209,1,33,a,EN,,O,209,37
post_110_209,1,34,dad,EN,,O,209,38
post_110_209,1,35,"minecraft,",NE,,B-PROD,209,40
post_110_209,1,36,it,EN,,O,209,41
post_110_209,1,37,don't,EN,,O,209,42
post_110_209,1,38,got,EN,,O,209,43
post_110_209,1,39,no,EN,,O,209,44
post_110_209,1,40,"winner,",EN,,O,209,45
post_110_209,1,41,it,EN,,O,209,46
post_110_209,1,42,don't,EN,,O,209,47
post_110_209,1,43,got,EN,,O,209,48
post_110_209,1,44,no,EN,,O,209,49
post_110_209,1,45,"objective,",EN,,O,209,50
post_110_209,1,46,you,EN,,O,209,51
post_110_209,1,47,just,EN,,O,209,52
post_110_209,1,48,fucking,EN,,O,209,53
post_110_209,1,49,build,EN,,O,209,54
post_110_209,1,50,and,EN,,O,209,55
post_110_209,1,51,shit,EN,,O,209,56
post_110_209,1,52,özetle,TR,,O,209,58
post_110_209,1,53,amacı,TR,,O,209,59
post_110_209,1,54,falan,TR,,O,209,60
post_110_209,1,55,yoktur,TR,,O,209,61
post_110_209,1,56,bişiler,TR,,O,209,62
post_110_209,1,57,yapıp,TR,,O,209,63
post_110_209,1,58,durursun,TR,,O,209,64
post_111_210,1,0,her,TR,,O,210,0
post_111_210,1,1,subredditin,MIXED,MIXED,O,210,1
post_111_210,1,2,kendi,TR,,O,210,2
post_111_210,1,3,moderasyon,TR,,O,210,3
post_111_210,1,4,ekibinin,TR,,O,210,4
post_111_210,1,5,olmasının,TR,,O,210,5
post_111_210,1,6,bazı,TR,,O,210,6
post_111_210,1,7,eksi,TR,,O,210,7
post_111_210,1,8,yanları,TR,,O,210,8
post_111_210,1,9,olduğu,TR,,O,210,9
post_111_210,1,10,doğrudur,TR,,O,210,10
post_111_210,1,11,ama,TR,,O,210,12
post_111_210,1,12,reddit,NE,,B-PROD,210,13
post_111_210,1,13,"gibi,",TR,,O,210,14
post_111_210,1,14,ekşi'den,NE,MIXED,B-PROD,210,15
post_111_210,1,15,bilmem,TR,,O,210,16
post_111_210,1,16,kaç,TR,,O,210,17
post_111_210,1,17,kat,TR,,O,210,18
post_111_210,1,18,büyük,TR,,O,210,19
post_111_210,1,19,bir,TR,,O,210,20
post_111_210,1,20,mecrada,TR,,O,210,21
post_111_210,1,21,bütün,TR,,O,210,22
post_111_210,1,22,kalitesiz,TR,,O,210,23
post_111_210,1,23,konuları,TR,,O,210,24
post_111_210,1,24,"silmek,",TR,,O,210,25
post_111_210,1,25,kullanıcıları,TR,,O,210,26
post_111_210,1,26,banlamak,TR,,O,210,27
post_111_210,1,27,imkansıza,TR,,O,210,28
post_111_210,1,28,yakın,TR,,O,210,29
post_111_210,1,29,bu,TR,,O,210,31
post_111_210,1,30,subreddit,EN,,O,210,32
post_111_210,1,31,sistemi,TR,,O,210,33
post_111_210,1,32,bir,TR,,O,210,34
post_111_210,1,33,yerden,TR,,O,210,35
post_111_210,1,34,sonra,TR,,O,210,36
post_111_210,1,35,sitenin,TR,,O,210,37
post_111_210,1,36,kaliteli,TR,,O,210,38
post_111_210,1,37,ve,TR,,O,210,39
post_111_210,1,38,kalitesiz,TR,,O,210,40
post_111_210,1,39,kısımlarının,TR,,O,210,41
post_111_210,1,40,birbirinden,TR,,O,210,42
post_111_210,1,41,ayrılması,TR,,O,210,43
post_111_210,1,42,için,TR,,O,210,44
post_111_210,1,43,bir,TR,,O,210,45
post_111_210,1,44,sisteme,TR,,O,210,46
post_111_210,1,45,dönüşüyor,TR,,O,210,47
post_111_210,1,46,ekşi,TR,,O,210,49
post_111_210,1,47,sözlükteki,TR,,O,210,50
post_111_210,1,48,red,EN,,O,210,51
post_111_210,1,49,pillci,MIXED,MIXED,O,210,52
post_111_210,1,50,31'cilerin,TR,,O,210,53
post_111_210,1,51,kendi,TR,,O,210,54
post_111_210,1,52,çöplüklerinde,TR,,O,210,55
post_111_210,1,53,"oynadığını,",TR,,O,210,56
post_111_210,1,54,sitenin,TR,,O,210,57
post_111_210,1,55,geri,TR,,O,210,58
post_111_210,1,56,kalanının,TR,,O,210,59
post_111_210,1,57,da,TR,,O,210,60
post_111_210,1,58,dakika,TR,,O,210,61
post_111_210,1,59,başı,TR,,O,210,62
post_111_210,1,60,karı,TR,,O,210,63
post_111_210,1,61,kızlı,TR,,O,210,64
post_111_210,1,62,başlıklara,TR,,O,210,65
post_111_210,1,63,maruz,TR,,O,210,66
post_111_210,1,64,kalmadığı,TR,,O,210,67
post_111_210,1,65,bir,TR,,O,210,68
post_111_210,1,66,ortam,TR,,O,210,69
post_111_210,1,67,düşünün,TR,,O,210,70
post_111_210,1,68,subreddit,EN,,O,210,72
post_111_210,1,69,sistemi,TR,,O,210,73
post_111_210,1,70,bunu,TR,,O,210,74
post_111_210,1,71,sağlamaktadır,TR,,O,210,75
post_111_210,1,72,tabii,TR,,O,210,77
post_111_210,1,73,iyi,TR,,O,210,78
post_111_210,1,74,subreddit,EN,,O,210,79
post_111_210,1,75,bulmak,TR,,O,210,80
post_111_210,1,76,çok,TR,,O,210,81
post_111_210,1,77,kolay,TR,,O,210,82
post_111_210,1,78,olmayabiliyor,TR,,O,210,83
post_111_210,1,79,ama,TR,,O,210,84
post_111_210,1,80,şu,TR,,O,210,85
post_111_210,1,81,an,TR,,O,210,86
post_111_210,1,82,için,TR,,O,210,87
post_111_210,1,83,elimizdeki,TR,,O,210,88
post_111_210,1,84,en,TR,,O,210,89
post_111_210,1,85,iyi,TR,,O,210,90
post_111_210,1,86,alternatif,TR,,O,210,91
post_111_210,1,87,bu,TR,,O,210,92
post_111_210,1,88,bir,TR,,O,210,94
post_111_210,1,89,de,TR,,O,210,95
post_111_210,1,90,ben,TR,,O,210,96
post_111_210,1,91,yeni,TR,,O,210,97
post_111_210,1,92,temaya,TR,,O,210,98
post_111_210,1,93,hiç,TR,,O,210,99
post_111_210,1,94,ısınamadım,TR,,O,210,100
post_111_210,1,95,eskisine,TR,,O,210,102
post_111_210,1,96,devam,TR,,O,210,103
post_112_211,1,0,dakikalardır,TR,,O,211,0
post_112_211,1,1,laptopu,MIXED,MIXED,O,211,1
post_112_211,1,2,ters,TR,,O,211,2
post_112_211,1,3,çevirme,TR,,O,211,3
post_112_211,1,4,sebebim,TR,,O,211,4
post_112_211,1,5,şebek,TR,,O,211,6
post_112_211,1,6,oldum,TR,,O,211,7
post_112_211,1,7,masada,TR,,O,211,8
post_112_211,1,8,allah,TR,,O,211,10
post_112_211,1,9,ıslah,TR,,O,211,11
post_112_211,1,10,etsin,TR,,O,211,12
post_112_211,1,11,hepinizi,TR,,O,211,13
post_112_211,1,12,tips,EN,,O,211,15
post_112_211,1,13,for,EN,,O,211,16
post_112_211,1,14,viewing,EN,,O,211,17
post_112_211,1,15,the,EN,,O,211,18
post_112_211,1,16,new,EN,,O,211,19
post_112_211,1,17,layout,EN,,O,211,20
post_112_211,1,18,demişler,TR,,O,211,21
post_112_211,1,19,bi,TR,,O,211,22
post_112_211,1,20,de,TR,,O,211,23
post_113_212,1,0,anonymous,EN,,O,212,0
post_113_212,1,1,arrow,EN,,O,212,1
post_113_212,1,2,function,EN,,O,212,2
post_113_212,1,3,"tanimlayip,",TR,,O,212,3
post_113_212,1,4,bu,TR,,O,212,4
post_113_212,1,5,fonksiyon,TR,,O,212,5
post_113_212,1,6,niye,TR,,O,212,6
post_113_212,1,7,property'i,MIXED,MIXED,O,212,7
post_113_212,1,8,globalde,TR,,O,212,8
post_113_212,1,9,ariyor,TR,,O,212,9
post_113_212,1,10,seklinde,TR,,O,212,10
post_113_212,1,11,dusunen,TR,,O,212,11
post_113_212,1,12,garip,TR,,O,212,12
post_113_212,1,13,kullanicilara,TR,,O,212,13
post_113_212,1,14,sahip,TR,,O,212,14
post_113_212,1,15,scripting,EN,,O,212,15
post_113_212,1,16,dili,TR,,O,212,16
post_114_213,1,0,çağımızın,TR,,O,213,0
post_114_213,1,1,professional,EN,,O,213,1
post_114_213,1,2,dating,EN,,O,213,2
post_114_213,1,3,platformu,TR,,O,213,3
post_114_213,1,4,son,TR,,O,213,5
post_114_213,1,5,zamanlarda,TR,,O,213,6
post_114_213,1,6,tarafıma,TR,,O,213,7
post_114_213,1,7,en,TR,,O,213,8
post_114_213,1,8,çok,TR,,O,213,9
post_114_213,1,9,yürünen,TR,,O,213,10
post_114_213,1,10,platform,AMBIGUOUS,,O,213,11
post_114_213,1,11,olması,TR,,O,213,12
post_114_213,1,12,dolayısıyla,TR,,O,213,13
post_114_213,1,13,ve,TR,,O,213,14
post_114_213,1,14,hazır,TR,,O,213,15
post_114_213,1,15,hasta,TR,,O,213,16
post_114_213,1,16,halde,TR,,O,213,17
post_114_213,1,17,evde,TR,,O,213,18
post_114_213,1,18,yatarken,TR,,O,213,19
post_114_213,1,19,bu,TR,,O,213,20
post_114_213,1,20,konuya,TR,,O,213,21
post_114_213,1,21,bir,TR,,O,213,22
post_114_213,1,22,değineyim,TR,,O,213,23
post_114_213,1,23,istedim,TR,,O,213,24
post_114_213,1,24,profilimde,TR,,O,213,26
post_114_213,1,25,"tanıdığım,",TR,,O,213,28
post_114_213,1,26,da,TR,,O,213,30
post_114_213,1,27,tanımadığım,TR,,O,213,31
post_114_213,1,28,fakat,TR,,O,213,32
post_114_213,1,29,profesyonel,TR,,O,213,33
post_114_213,1,30,benzerliğim,TR,,O,213,34
post_114_213,1,31,veya,TR,,O,213,35
post_114_213,1,32,referans,TR,,O,213,36
post_114_213,1,33,bağlantım,TR,,O,213,37
post_114_213,1,34,bulunan,TR,,O,213,38
post_114_213,1,35,insanları,TR,,O,213,39
post_114_213,1,36,tutarım,TR,,O,213,40
post_114_213,1,37,günde,TR,,O,213,42
post_114_213,1,38,ortalama,TR,,O,213,43
post_114_213,1,39,bağlantı,TR,,O,213,45
post_114_213,1,40,talebi,TR,,O,213,46
post_114_213,1,41,"gelir,",TR,,O,213,47
post_114_213,1,42,çook,TR,,O,213,48
post_114_213,1,43,alakasız,TR,,O,213,49
post_114_213,1,44,kişilerden,TR,,O,213,50
post_114_213,1,45,ve,TR,,O,213,51
post_114_213,1,46,de,TR,,O,213,53
post_114_213,1,47,profil,TR,,O,213,54
post_114_213,1,48,görüntülenmesi,TR,,O,213,55
post_114_213,1,49,uyarısı,TR,,O,213,56
post_114_213,1,50,alırım,TR,,O,213,57
post_114_213,1,51,bu,TR,,O,213,59
post_114_213,1,52,doğrultuda,TR,,O,213,60
post_114_213,1,53,gözlemlerim:,TR,,O,213,61
post_114_213,1,54,size,TR,,O,213,63
post_114_213,1,55,yürümek,TR,,O,213,64
post_114_213,1,56,isteyenler,TR,,O,213,65
post_114_213,1,57,direk,TR,,O,213,66
post_114_213,1,58,bağlantı,TR,,O,213,67
post_114_213,1,59,kurma,TR,,O,213,68
post_114_213,1,60,talebi,TR,,O,213,69
post_114_213,1,61,"göndermiyor,",TR,,O,213,70
post_114_213,1,62,önce,TR,,O,213,71
post_114_213,1,63,profilinize,TR,,O,213,72
post_114_213,1,64,bakıyor,TR,,O,213,73
post_114_213,1,65,eğer,TR,,O,213,76
post_114_213,1,66,profilinize,TR,,O,213,77
post_114_213,1,67,bakan,TR,,O,213,78
post_114_213,1,68,kişinin,TR,,O,213,79
post_114_213,1,69,kim,TR,,O,213,80
post_114_213,1,70,olduğunu,TR,,O,213,81
post_114_213,1,71,bilmediğiniz,TR,,O,213,82
post_114_213,1,72,için,TR,,O,213,83
post_114_213,1,73,"""aaa",TR,,O,213,84
post_114_213,1,74,kimmiş,TR,,O,213,85
post_114_213,1,75,bu,TR,,O,213,86
post_114_213,1,76,acaba,TR,,O,213,87
post_114_213,1,77,bir,TR,,O,213,88
post_114_213,1,78,"bakayım""",TR,,O,213,89
post_114_213,1,79,derseniz,TR,,O,213,90
post_114_213,1,80,ve,TR,,O,213,91
post_114_213,1,81,onun,TR,,O,213,92
post_114_213,1,82,profiline,TR,,O,213,93
post_114_213,1,83,"bakarsanız,",TR,,O,213,94
post_114_213,1,84,bu,TR,,O,213,95
post_114_213,1,85,linked-in,NE,,B-PROD,213,96
post_114_213,1,86,dünyasını,TR,,O,213,97
post_114_213,1,87,dating,EN,,O,213,98
post_114_213,1,88,platformu,TR,,O,213,99
post_114_213,1,89,olarak,TR,,O,213,100
post_114_213,1,90,kullanan,TR,,O,213,101
post_114_213,1,91,insanlar,TR,,O,213,102
post_114_213,1,92,için,TR,,O,213,103
post_114_213,1,93,göz,TR,,O,213,104
post_114_213,1,94,kırpmagibi,TR,,O,213,105
post_114_213,1,95,bir,TR,,O,213,106
post_114_213,1,96,şey,TR,,O,213,107
post_114_213,1,97,oluyor,TR,,O,213,108
post_114_213,1,98,eğer,TR,,O,213,111
post_114_213,1,99,es,TR,,O,213,112
post_114_213,1,100,kaza,TR,,O,213,113
post_114_213,1,101,bu,TR,,O,213,114
post_114_213,1,102,"tanımadığınız,",TR,,O,213,115
post_114_213,1,103,alakasız,TR,,O,213,116
post_114_213,1,104,kişinin,TR,,O,213,117
post_114_213,1,105,profiline,TR,,O,213,118
post_114_213,1,106,bakmış,TR,,O,213,119
post_114_213,1,107,bulunduysanız,TR,,O,213,120
post_114_213,1,108,bir,TR,,O,213,121
post_114_213,1,109,süre,TR,,O,213,122
post_114_213,1,110,sonra,TR,,O,213,123
post_114_213,1,111,bu,TR,,O,213,124
post_114_213,1,112,kişinin,TR,,O,213,125
post_114_213,1,113,sizin,TR,,O,213,126
post_114_213,1,114,profilinize,TR,,O,213,127
post_114_213,1,115,tekrar,TR,,O,213,128
post_114_213,1,116,baktığını,TR,,O,213,129
post_114_213,1,117,göreceksiniz,TR,,O,213,130
post_114_213,1,118,bu,TR,,O,213,132
post_114_213,1,119,da,TR,,O,213,133
post_114_213,1,120,sinyali,TR,,O,213,134
post_114_213,1,121,aldımgibi,TR,,O,213,135
post_114_213,1,122,bir,TR,,O,213,136
post_114_213,1,123,şey,TR,,O,213,137
post_114_213,1,124,oluyor,TR,,O,213,138
post_114_213,1,125,sanırım,TR,,O,213,139
post_114_213,1,126,zaten,TR,,O,213,141
post_114_213,1,127,hemen,TR,,O,213,142
post_114_213,1,128,akabinde,TR,,O,213,143
post_114_213,1,129,genellikle,TR,,O,213,144
post_114_213,1,130,ekleme,TR,,O,213,145
post_114_213,1,131,talebi,TR,,O,213,146
post_114_213,1,132,geliyor,TR,,O,213,147
post_114_213,1,133,hadi,TR,,O,213,150
post_114_213,1,134,oldu,TR,,O,213,151
post_114_213,1,135,da,TR,,O,213,152
post_114_213,1,136,eklediniz,TR,,O,213,153
post_114_213,1,137,ki,TR,,O,213,154
post_114_213,1,138,benim,TR,,O,213,155
post_114_213,1,139,başıma,TR,,O,213,156
post_114_213,1,140,geldi,TR,,O,213,157
post_114_213,1,141,sima,TR,,O,213,159
post_114_213,1,142,olarak,TR,,O,213,160
post_114_213,1,143,tanıdık,TR,,O,213,161
post_114_213,1,144,geldiği,TR,,O,213,162
post_114_213,1,145,için,TR,,O,213,163
post_114_213,1,146,"""ya",TR,,O,213,164
post_114_213,1,147,sanırım,TR,,O,213,165
post_114_213,1,148,tanıyorum,TR,,O,213,166
post_114_213,1,149,ben,TR,,O,213,167
post_114_213,1,150,bu,TR,,O,213,168
post_114_213,1,151,"adamı,",TR,,O,213,169
post_114_213,1,152,ayıp,TR,,O,213,170
post_114_213,1,153,"olmasın""",TR,,O,213,171
post_114_213,1,154,şeklinde,TR,,O,213,172
post_114_213,1,155,eklemişliğim,TR,,O,213,173
post_114_213,1,156,oldu,TR,,O,213,174
post_114_213,1,157,sonra,TR,,O,213,176
post_114_213,1,158,bilin,TR,,O,213,177
post_114_213,1,159,bakalım,TR,,O,213,178
post_114_213,1,160,ne,TR,,O,213,179
post_114_213,1,161,oluyor,TR,,O,213,180
post_114_213,1,162,tabiki,TR,,O,213,182
post_114_213,1,163,hemen,TR,,O,213,183
post_114_213,1,164,mesaj:,TR,,O,213,184
post_114_213,1,165,"selam,",TR,,O,213,185
post_114_213,1,166,naber?',TR,,O,213,186
post_114_213,1,167,insanlar,TR,,O,213,187
post_114_213,1,168,eskiden,TR,,O,213,188
post_114_213,1,169,facebooktan,NE,MIXED,B-PROD,213,189
post_114_213,1,170,yürürken,TR,,O,213,190
post_114_213,1,171,artık,TR,,O,213,191
post_114_213,1,172,sanırım,TR,,O,213,192
post_114_213,1,173,güzellik,TR,,O,213,193
post_114_213,1,174,yeterli,TR,,O,213,194
post_114_213,1,175,gelmediği,TR,,O,213,195
post_114_213,1,176,için,TR,,O,213,196
post_114_213,1,177,"kariyerine,",TR,,O,213,197
post_114_213,1,178,okuduğu,TR,,O,213,198
post_114_213,1,179,"okullara,",TR,,O,213,199
post_114_213,1,180,kaç,TR,,O,213,200
post_114_213,1,181,dil,TR,,O,213,201
post_114_213,1,182,bildiğine,TR,,O,213,202
post_114_213,1,183,vs,TR,,O,213,203
post_114_213,1,184,de,TR,,O,213,204
post_114_213,1,185,önem,TR,,O,213,205
post_114_213,1,186,veriyor,TR,,O,213,206
post_114_213,1,187,birine,TR,,O,213,207
post_114_213,1,188,yürümeden,TR,,O,213,208
post_114_213,1,189,önce,TR,,O,213,209
post_114_213,1,190,iyi,TR,,O,213,211
post_114_213,1,191,birşey,TR,,O,213,212
post_114_213,1,192,mi,TR,,O,213,213
post_114_213,1,193,kötü,TR,,O,213,214
post_114_213,1,194,birşey,TR,,O,213,215
post_114_213,1,195,mi,TR,,O,213,216
post_114_213,1,196,bilemedim,TR,,O,213,217
post_115_214,1,0,the,EN,,O,214,0
post_115_214,1,1,assumption,EN,,O,214,1
post_115_214,1,2,that,EN,,O,214,2
post_115_214,1,3,u,EN,,O,214,3
post_115_214,1,4,give,EN,,O,214,4
post_115_214,1,5,up,EN,,O,214,5
post_115_214,1,6,anything,EN,,O,214,6
post_115_214,1,7,by,EN,,O,214,7
post_115_214,1,8,going,EN,,O,214,8
post_115_214,1,9,vegan,EN,,O,214,9
post_115_214,1,10,becomes,EN,,O,214,10
post_115_214,1,11,less,EN,,O,214,11
post_115_214,1,12,of,EN,,O,214,12
post_115_214,1,13,an,EN,,O,214,13
post_115_214,1,14,issue,EN,,O,214,14
post_115_214,1,15,when,EN,,O,214,15
post_115_214,1,16,u,EN,,O,214,16
post_115_214,1,17,realise,EN,,O,214,17
post_115_214,1,18,what,EN,,O,214,18
post_115_214,1,19,u,EN,,O,214,19
post_115_214,1,20,were,EN,,O,214,20
post_115_214,1,21,taking,EN,,O,214,21
post_115_214,1,22,wasn't,EN,,O,214,22
post_115_214,1,23,yours,EN,,O,214,23
post_115_214,1,24,to,EN,,O,214,24
post_115_214,1,25,begin,EN,,O,214,25
post_115_214,1,26,with,EN,,O,214,26
post_115_214,1,27,vegan,EN,,O,214,27
post_115_214,1,28,olunca,TR,,O,214,28
post_115_214,1,29,bir,TR,,O,214,29
post_115_214,1,30,şeylerden,TR,,O,214,30
post_115_214,1,31,vazgeçmek,TR,,O,214,31
post_115_214,1,32,zorunda,TR,,O,214,32
post_115_214,1,33,kalacağınız,TR,,O,214,33
post_115_214,1,34,düşüncesi,TR,,O,214,34
post_115_214,1,35,vegan,EN,,O,214,35
post_115_214,1,36,olduktan,TR,,O,214,36
post_115_214,1,37,sonra,TR,,O,214,37
post_115_214,1,38,önemini,TR,,O,214,38
post_115_214,1,39,"yitiriyor,",TR,,O,214,39
post_115_214,1,40,çünkü,TR,,O,214,40
post_115_214,1,41,vazgeçtiğiniz,TR,,O,214,41
post_115_214,1,42,şeylerin,TR,,O,214,42
post_115_214,1,43,en,TR,,O,214,43
post_115_214,1,44,başından,TR,,O,214,44
post_115_214,1,45,beridir,TR,,O,214,45
post_115_214,1,46,size,TR,,O,214,46
post_115_214,1,47,ait,TR,,O,214,47
post_115_214,1,48,olmadığını,TR,,O,214,48
post_115_214,1,49,anlamış,TR,,O,214,49
post_115_214,1,50,oluyorsunuz,TR,,O,214,50
post_116_215,1,0,coldplay,NE,,B-GROUP,215,0
post_116_215,1,1,ghost,NE,,B-TITLE,215,1
post_116_215,1,2,stories'i,NE,MIXED,I-TITLE,215,2
post_116_215,1,3,buradan,TR,,O,215,3
post_116_215,1,4,stream,EN,,O,215,4
post_116_215,1,5,ettirmeme,TR,,O,215,5
post_116_215,1,6,kararı,TR,,O,215,6
post_116_215,1,7,aldı,TR,,O,215,7
post_116_215,1,8,bu,TR,,O,215,9
post_116_215,1,9,tür,TR,,O,215,10
post_116_215,1,10,albümleri,TR,,O,215,11
post_116_215,1,11,de,TR,,O,215,12
post_116_215,1,12,stream,EN,,O,215,13
post_116_215,1,13,edemeyeceksem,TR,,O,215,14
post_116_215,1,14,ne,TR,,O,215,15
post_116_215,1,15,dinlicem,TR,,O,215,16
post_116_215,1,16,kendilerine,TR,,O,215,17
post_116_215,1,17,sormak,TR,,O,215,18
post_116_215,1,18,isterim,TR,,O,215,19
post_117_216,1,0,retweeted,EN,,O,216,0
post_117_216,1,1,by,EN,,O,216,1
post_117_216,1,2,artık,TR,,O,216,3
post_117_216,1,3,sizin,TR,,O,216,4
post_117_216,1,4,bir,TR,,O,216,5
post_117_216,1,5,"arkadaşınız,",TR,,O,216,6
post_117_216,1,6,sizin,TR,,O,216,7
post_117_216,1,7,arkadaşınız,TR,,O,216,8
post_117_216,1,8,olmayan,TR,,O,216,9
post_117_216,1,9,birisinin,TR,,O,216,10
post_117_216,1,10,mesajını,TR,,O,216,11
post_117_216,1,11,"retweetlediğinde,",MIXED,MIXED,O,216,12
post_117_216,1,12,o,TR,,O,216,13
post_117_216,1,13,kişiden,TR,,O,216,14
post_117_216,1,14,arkadaşınıza,TR,,O,216,15
post_117_216,1,15,giden,TR,,O,216,16
post_117_216,1,16,reply'ı,MIXED,MIXED,O,216,17
post_117_216,1,17,da,TR,,O,216,18
post_117_216,1,18,anasayfanızda,TR,,O,216,19
post_117_216,1,19,gösteriyor,TR,,O,216,20
post_117_216,1,20,"""arkadaşımın",TR,,O,216,22
post_117_216,1,21,"beğendiği""",TR,,O,216,23
post_117_216,1,22,hesabı,TR,,O,216,24
post_117_216,1,23,oluyor,TR,,O,216,25
post_117_216,1,24,"da,",TR,,O,216,26
post_117_216,1,25,friendfeed'de,NE,MIXED,B-PROD,216,27
post_117_216,1,26,bu,TR,,O,216,28
post_117_216,1,27,aylardır,TR,,O,216,29
post_117_216,1,28,var,TR,,O,216,30
post_117_216,1,29,diyeceğim;,TR,,O,216,31
post_117_216,1,30,nedir,TR,,O,216,32
post_117_216,1,31,yani,TR,,O,216,33
post_118_217,1,0,şeklinde,TR,,O,217,1
post_118_217,1,1,girildiğinde,TR,,O,217,2
post_118_217,1,2,hacklendiği,TR,,O,217,3
post_118_217,1,3,bu,TR,,O,217,4
post_118_217,1,4,ana,TR,,O,217,5
post_118_217,1,5,tanıklık,TR,,O,217,6
post_118_217,1,6,edilebilen,TR,,O,217,7
post_118_217,1,7,micro,EN,,O,217,9
post_118_217,1,8,hackelenme,TR,,O,217,10
post_118_217,1,9,pardon,TR,,O,217,11
post_118_217,1,10,bloglama,TR,,O,217,12
post_118_217,1,11,sitesi,TR,,O,217,13
post_119_218,1,0,nasil,TR,,O,218,0
post_119_218,1,1,amazon',NE,,B-ORG,218,1
post_119_218,1,2,un,TR,,O,218,2
post_119_218,1,3,slogani,TR,,O,218,3
post_119_218,1,4,"""earth's",EN,,O,218,4
post_119_218,1,5,most,EN,,O,218,5
post_119_218,1,6,customer-centric,EN,,O,218,6
post_119_218,1,7,"company""",EN,,O,218,7
post_119_218,1,8,ise,TR,,O,218,8
post_119_218,1,9,bunlarinki,TR,,O,218,9
post_119_218,1,10,de,TR,,O,218,10
post_119_218,1,11,tam,TR,,O,218,11
post_119_218,1,12,tersi,TR,,O,218,12
post_119_218,1,13,acaba,TR,,O,218,14
post_119_218,1,14,ceo',EN,,O,218,15
post_119_218,1,15,su,TR,,O,218,16
post_119_218,1,16,"toplantilarda,",TR,,O,218,17
post_119_218,1,17,"""musterileri",TR,,O,218,18
post_119_218,1,18,sikmek,TR,,O,218,19
post_119_218,1,19,icin,TR,,O,218,20
post_119_218,1,20,elinizden,TR,,O,218,21
post_119_218,1,21,geleni,TR,,O,218,22
post_119_218,1,22,"yapin""",TR,,O,218,23
post_119_218,1,23,diye,TR,,O,218,24
post_119_218,1,24,talimat,TR,,O,218,25
post_119_218,1,25,mi,TR,,O,218,26
post_119_218,1,26,veriyor,TR,,O,218,27
post_119_218,1,27,diye,TR,,O,218,28
post_119_218,1,28,ciddi,TR,,O,218,29
post_119_218,1,29,ciddi,TR,,O,218,30
post_119_218,1,30,merak,TR,,O,218,31
post_119_218,1,31,ediyorum,TR,,O,218,32
post_119_218,1,32,covid',EN,,O,218,34
post_119_218,1,33,in,TR,,O,218,35
post_119_218,1,34,ilk,TR,,O,218,36
post_119_218,1,35,basladigi,TR,,O,218,37
post_119_218,1,36,donemde,TR,,O,218,38
post_119_218,1,37,ucretsiz,TR,,O,218,39
post_119_218,1,38,iptal,TR,,O,218,40
post_119_218,1,39,ve,TR,,O,218,41
post_119_218,1,40,iade,TR,,O,218,42
post_119_218,1,41,hakkim,TR,,O,218,43
post_119_218,1,42,olan,TR,,O,218,44
post_119_218,1,43,toplamda,TR,,O,218,45
post_119_218,1,44,tane,TR,,O,218,47
post_119_218,1,45,rezervasyonumu,TR,,O,218,48
post_119_218,1,46,iptal,TR,,O,218,49
post_119_218,1,47,ettim,TR,,O,218,50
post_119_218,1,48,megersem,TR,,O,218,52
post_119_218,1,49,small,EN,,O,218,53
post_119_218,1,50,printte,MIXED,MIXED,O,218,54
post_119_218,1,51,yazana,TR,,O,218,55
post_119_218,1,52,gore,TR,,O,218,56
post_119_218,1,53,belli,TR,,O,218,57
post_119_218,1,54,bir,TR,,O,218,58
post_119_218,1,55,sayidan,TR,,O,218,59
post_119_218,1,56,fazla,TR,,O,218,60
post_119_218,1,57,rezervasyon,TR,,O,218,61
post_119_218,1,58,iptali,TR,,O,218,62
post_119_218,1,59,yapilirsa,TR,,O,218,63
post_119_218,1,60,o,TR,,O,218,64
post_119_218,1,61,sayinin,TR,,O,218,65
post_119_218,1,62,ustundeki,TR,,O,218,66
post_119_218,1,63,iptaller,TR,,O,218,67
post_119_218,1,64,icin,TR,,O,218,68
post_119_218,1,65,airbnb,NE,,B-ORG,218,69
post_119_218,1,66,kendi,TR,,O,218,70
post_119_218,1,67,komisyonunun,TR,,O,218,71
post_119_218,1,68,iadesini,TR,,O,218,72
post_119_218,1,69,yapmiyormus,TR,,O,218,73
post_119_218,1,70,musteri,TR,,O,218,75
post_119_218,1,71,hizmetleri,TR,,O,218,76
post_119_218,1,72,o,TR,,O,218,77
post_119_218,1,73,kadar,TR,,O,218,78
post_119_218,1,74,geri,TR,,O,218,79
post_119_218,1,75,zekali,TR,,O,218,80
post_119_218,1,76,ki,TR,,O,218,81
post_119_218,1,77,bu,TR,,O,218,82
post_119_218,1,78,konuyla,TR,,O,218,83
post_119_218,1,79,ilgili,TR,,O,218,84
post_119_218,1,80,kez,TR,,O,218,86
post_119_218,1,81,yazistim,TR,,O,218,87
post_119_218,1,82,ucu,TR,,O,218,88
post_119_218,1,83,de,TR,,O,218,89
post_119_218,1,84,farkli,TR,,O,218,90
post_119_218,1,85,bir,TR,,O,218,91
post_119_218,1,86,iade,TR,,O,218,92
post_119_218,1,87,etmeme,TR,,O,218,93
post_119_218,1,88,nedeni,TR,,O,218,94
post_119_218,1,89,sundu,TR,,O,218,95
post_119_218,1,90,ozellikle,TR,,O,218,97
post_119_218,1,91,bir,TR,,O,218,98
post_119_218,1,92,tane,TR,,O,218,99
post_119_218,1,93,geri,TR,,O,218,100
post_119_218,1,94,"zekali,",TR,,O,218,101
post_119_218,1,95,"""evet",TR,,O,218,102
post_119_218,1,96,ucretsiz,TR,,O,218,103
post_119_218,1,97,iade,TR,,O,218,104
post_119_218,1,98,hakkin,TR,,O,218,105
post_119_218,1,99,vardi,TR,,O,218,106
post_119_218,1,100,ama,TR,,O,218,107
post_119_218,1,101,iptal,TR,,O,218,108
post_119_218,1,102,ederken,TR,,O,218,109
post_119_218,1,103,covid,EN,,O,218,110
post_119_218,1,104,nedenini,TR,,O,218,111
post_119_218,1,105,secmediginden,TR,,O,218,112
post_119_218,1,106,"etmiyoruz""",TR,,O,218,113
post_119_218,1,107,"dedi,",TR,,O,218,114
post_119_218,1,108,ucretsiz,TR,,O,218,115
post_119_218,1,109,iade,TR,,O,218,116
post_119_218,1,110,hakkim,TR,,O,218,117
post_119_218,1,111,var,TR,,O,218,118
post_119_218,1,112,o.c,TR,,O,218,119
post_119_218,1,113,iade,TR,,O,218,121
post_119_218,1,114,sebebimden,TR,,O,218,122
post_119_218,1,115,sanane,TR,,O,218,123
post_119_218,1,116,!,TR,,O,218,124
post_119_218,1,117,bu,TR,,O,218,125
post_119_218,1,118,arada,TR,,O,218,126
post_119_218,1,119,small,EN,,O,218,127
post_119_218,1,120,printten,MIXED,MIXED,O,218,128
post_119_218,1,121,onun,TR,,O,218,129
post_119_218,1,122,da,TR,,O,218,130
post_119_218,1,123,haberi,TR,,O,218,131
post_119_218,1,124,yok,TR,,O,218,132
post_119_218,1,125,yani,TR,,O,218,133
post_119_218,1,126,hepsini,TR,,O,218,135
post_119_218,1,127,gectim,TR,,O,218,136
post_119_218,1,128,ulan,TR,,O,218,137
post_119_218,1,129,gidecegim,TR,,O,218,138
post_119_218,1,130,ulke,TR,,O,218,139
post_119_218,1,131,"kapali,",TR,,O,218,140
post_119_218,1,132,kalkip,TR,,O,218,141
post_119_218,1,133,gidiyorum,TR,,O,218,142
post_119_218,1,134,desem,TR,,O,218,143
post_119_218,1,135,adamlar,TR,,O,218,144
post_119_218,1,136,satin,TR,,O,218,145
post_119_218,1,137,aldigim,TR,,O,218,146
post_119_218,1,138,hizmeti,TR,,O,218,147
post_119_218,1,139,sunamiyor,TR,,O,218,148
post_119_218,1,140,bu,TR,,O,218,150
post_119_218,1,141,orospu,TR,,O,218,151
post_119_218,1,142,cocuklarina,TR,,O,218,152
post_119_218,1,143,kurus,TR,,O,218,154
post_119_218,1,144,parami,TR,,O,218,155
post_119_218,1,145,bile,TR,,O,218,156
post_119_218,1,146,birakmak,TR,,O,218,157
post_119_218,1,147,istemedigimden,TR,,O,218,158
post_119_218,1,148,iade,TR,,O,218,159
post_119_218,1,149,edilmeyen,TR,,O,218,160
post_119_218,1,150,airbnb,NE,,B-ORG,218,161
post_119_218,1,151,komisyonlarini,TR,,O,218,162
post_119_218,1,152,geri,TR,,O,218,163
post_119_218,1,153,alabilmek,TR,,O,218,164
post_119_218,1,154,icin,TR,,O,218,165
post_119_218,1,155,odemeyi,TR,,O,218,166
post_119_218,1,156,yaptigim,TR,,O,218,167
post_119_218,1,157,bankaya,TR,,O,218,168
post_119_218,1,158,gidip,TR,,O,218,169
post_119_218,1,159,dispute,EN,,O,218,170
post_119_218,1,160,actim*,TR,,O,218,171
post_119_218,1,161,musterisi,TR,,O,218,172
post_119_218,1,162,oldugum,TR,,O,218,173
post_119_218,1,163,banka,TR,,O,218,174
post_119_218,1,164,bulundugum,TR,,O,218,175
post_119_218,1,165,ulkedeki,TR,,O,218,176
post_119_218,1,166,en,TR,,O,218,177
post_119_218,1,167,rezil,TR,,O,218,178
post_119_218,1,168,banka,TR,,O,218,179
post_119_218,1,169,oldugundan,TR,,O,218,180
post_119_218,1,170,casei,MIXED,MIXED,O,218,181
post_119_218,1,171,dogru,TR,,O,218,182
post_119_218,1,172,duzgun,TR,,O,218,183
post_119_218,1,173,incelemeden,TR,,O,218,184
post_119_218,1,174,airbnb',NE,,B-ORG,218,185
post_119_218,1,175,yi,TR,,O,218,186
post_119_218,1,176,hakli,TR,,O,218,187
post_119_218,1,177,buldu,TR,,O,218,188
post_119_218,1,178,artik,TR,,O,218,190
post_119_218,1,179,yuz,TR,,O,218,191
post_119_218,1,180,kusur,TR,,O,218,192
post_119_218,1,181,poundunda,TR,,O,218,193
post_119_218,1,182,degilim,TR,,O,218,194
post_119_218,1,183,deyip,TR,,O,218,195
post_119_218,1,184,once,TR,,O,218,196
post_119_218,1,185,bankadaki,TR,,O,218,197
post_119_218,1,186,kredi,TR,,O,218,198
post_119_218,1,187,kartimi,TR,,O,218,199
post_119_218,1,188,actigim,TR,,O,218,200
post_119_218,1,189,disputetaki,MIXED,MIXED,O,218,201
post_119_218,1,190,yanlis,TR,,O,218,202
post_119_218,1,191,kararlari,TR,,O,218,203
post_119_218,1,192,nedeniyle,TR,,O,218,204
post_119_218,1,193,iptal,TR,,O,218,205
post_119_218,1,194,"ettim,",TR,,O,218,206
post_119_218,1,195,ayni,TR,,O,218,207
post_119_218,1,196,anda,TR,,O,218,208
post_119_218,1,197,bankayi,TR,,O,218,209
post_119_218,1,198,financial,NE,,B-ORG,218,210
post_119_218,1,199,ombudsman',NE,,I-ORG,218,211
post_119_218,1,200,a,TR,,O,218,212
post_119_218,1,201,sikayet,TR,,O,218,213
post_119_218,1,202,ettim,TR,,O,218,214
post_119_218,1,203,financial,NE,,B-ORG,218,216
post_119_218,1,204,ombudsman,NE,,I-ORG,218,217
post_119_218,1,205,bankayla,TR,,O,218,218
post_119_218,1,206,iletisime,TR,,O,218,219
post_119_218,1,207,gecince,TR,,O,218,220
post_119_218,1,208,geri,TR,,O,218,221
post_119_218,1,209,zekali,TR,,O,218,222
post_119_218,1,210,banka,TR,,O,218,223
post_119_218,1,211,daha,TR,,O,218,224
post_119_218,1,212,adamlarin,TR,,O,218,225
post_119_218,1,213,financial,NE,,B-ORG,218,226
post_119_218,1,214,ombudsman,NE,,I-ORG,218,227
post_119_218,1,215,kararini,TR,,O,218,228
post_119_218,1,216,beklemeden,TR,,O,218,229
post_119_218,1,217,bana,TR,,O,218,230
post_119_218,1,218,iadeyi,TR,,O,218,231
post_119_218,1,219,yapmaya,TR,,O,218,232
post_119_218,1,220,karar,TR,,O,218,233
post_119_218,1,221,verdiler,TR,,O,218,234
post_119_218,1,222,buna,TR,,O,218,235
post_119_218,1,223,benzer,TR,,O,218,236
post_119_218,1,224,sekilde,TR,,O,218,237
post_119_218,1,225,iade,TR,,O,218,238
post_119_218,1,226,yapmayip,TR,,O,218,239
post_119_218,1,227,onun,TR,,O,218,240
post_119_218,1,228,yerine,TR,,O,218,241
post_119_218,1,229,kupon,TR,,O,218,242
post_119_218,1,230,al,TR,,O,218,243
post_119_218,1,231,"diyen,",TR,,O,218,244
post_119_218,1,232,ya,TR,,O,218,245
post_119_218,1,233,da,TR,,O,218,246
post_119_218,1,234,iade,TR,,O,218,247
post_119_218,1,235,istegi,TR,,O,218,248
post_119_218,1,236,mesajlarimi,TR,,O,218,249
post_119_218,1,237,hicbir,TR,,O,218,250
post_119_218,1,238,sekilde,TR,,O,218,251
post_119_218,1,239,siklemeyen,TR,,O,218,252
post_119_218,1,240,sikko,TR,,O,218,253
post_119_218,1,241,budget,EN,,O,218,254
post_119_218,1,242,havayolu,TR,,O,218,255
post_119_218,1,243,sirketlerinin,TR,,O,218,256
post_119_218,1,244,de,TR,,O,218,257
post_119_218,1,245,iadesini,TR,,O,218,258
post_119_218,1,246,direkt,TR,,O,218,259
post_119_218,1,247,odemeyi,TR,,O,218,260
post_119_218,1,248,yaptigim,TR,,O,218,261
post_119_218,1,249,bankalardan,TR,,O,218,262
post_119_218,1,250,aldim,TR,,O,218,263
post_119_218,1,251,bu,TR,,O,218,265
post_119_218,1,252,orospu,TR,,O,218,266
post_119_218,1,253,cocugu,TR,,O,218,267
post_119_218,1,254,firmalari,TR,,O,218,268
post_119_218,1,255,musteri,TR,,O,218,269
post_119_218,1,256,memnuniyetinde,TR,,O,218,270
post_119_218,1,257,amazon,NE,,B-ORG,218,271
post_119_218,1,258,seviyesine,TR,,O,218,272
post_119_218,1,259,cikarmak,TR,,O,218,273
post_119_218,1,260,mumkun,TR,,O,218,274
post_119_218,1,261,olmasa,TR,,O,218,275
post_119_218,1,262,da,TR,,O,218,276
post_119_218,1,263,gerek,TR,,O,218,277
post_119_218,1,264,reviewlar,MIXED,MIXED,O,218,278
post_119_218,1,265,ile,TR,,O,218,279
post_119_218,1,266,gerekse,TR,,O,218,280
post_119_218,1,267,servislerini,TR,,O,218,281
post_119_218,1,268,kullanmayarak,TR,,O,218,282
post_119_218,1,269,ve,TR,,O,218,283
post_119_218,1,270,hakkimizi,TR,,O,218,284
post_119_218,1,271,boyle,TR,,O,218,285
post_119_218,1,272,sonuna,TR,,O,218,286
post_119_218,1,273,kadar,TR,,O,218,287
post_119_218,1,274,savunarak,TR,,O,218,288
post_119_218,1,275,gereken,TR,,O,218,289
post_119_218,1,276,mesaji,TR,,O,218,290
post_119_218,1,277,vermek,TR,,O,218,291
post_119_218,1,278,ve,TR,,O,218,292
post_119_218,1,279,kendilerinin,TR,,O,218,293
post_119_218,1,280,geri,TR,,O,218,294
post_119_218,1,281,zekali,TR,,O,218,295
post_119_218,1,282,olduklarini,TR,,O,218,296
post_119_218,1,283,tekrar,TR,,O,218,297
post_119_218,1,284,hatirlatmamiz,TR,,O,218,298
post_119_218,1,285,gerekiyor,TR,,O,218,299
post_120_219,1,0,android,NE,,B-ORG,219,0
post_120_219,1,1,app'de,MIXED,MIXED,O,219,1
post_120_219,1,2,akış,TR,,O,219,2
post_120_219,1,3,ve,TR,,O,219,3
post_120_219,1,4,indirme,TR,,O,219,4
post_120_219,1,5,seçeneğini,TR,,O,219,5
post_120_219,1,6,en,TR,,O,219,6
post_120_219,1,7,iyi,TR,,O,219,7
post_120_219,1,8,yapmama,TR,,O,219,8
post_120_219,1,9,rağmen,TR,,O,219,9
post_120_219,1,10,bölümler,TR,,O,219,10
post_120_219,1,11,çamur,TR,,O,219,11
post_120_219,1,12,gibi,TR,,O,219,12
post_120_219,1,13,iniyor,TR,,O,219,13
post_120_219,1,14,bu,TR,,O,219,15
post_120_219,1,15,sorunun,TR,,O,219,16
post_120_219,1,16,çözümünü,TR,,O,219,17
post_120_219,1,17,bilen,TR,,O,219,18
post_120_219,1,18,varsa,TR,,O,219,19
post_120_219,1,19,mesaj,TR,,O,219,20
post_120_219,1,20,kutumu,TR,,O,219,21
post_120_219,1,21,yeşillendirmesini,TR,,O,219,22
post_120_219,1,22,bekliyorum,TR,,O,219,23
post_120_219,1,23,bir,TR,,O,219,25
post_120_219,1,24,de,TR,,O,219,26
post_120_219,1,25,windows,NE,,B-PROD,219,27
post_120_219,1,26,10,NE,,I-PROD,219,28
post_120_219,1,27,uygulaması,TR,,O,219,29
post_120_219,1,28,için,TR,,O,219,30
post_120_219,1,29,merak,TR,,O,219,31
post_120_219,1,30,ettiğim,TR,,O,219,32
post_120_219,1,31,bir,TR,,O,219,33
post_120_219,1,32,konu,TR,,O,219,34
post_120_219,1,33,var,TR,,O,219,35
post_120_219,1,34,the,NE,,B-TITLE,219,37
post_120_219,1,35,boys'un,NE,MIXED,I-TITLE,219,38
post_120_219,1,36,ekran,TR,,O,219,39
post_120_219,1,37,formatı,TR,,O,219,40
post_120_219,1,38,"değil,",TR,,O,219,42
post_120_219,1,39,sinema,TR,,O,219,43
post_120_219,1,40,filmlerinde,TR,,O,219,44
post_120_219,1,41,olduğu,TR,,O,219,45
post_120_219,1,42,gibi,TR,,O,219,46
post_120_219,1,43,ekranın,TR,,O,219,47
post_120_219,1,44,altında,TR,,O,219,48
post_120_219,1,45,ve,TR,,O,219,49
post_120_219,1,46,üstünde,TR,,O,219,50
post_120_219,1,47,siyah,TR,,O,219,51
post_120_219,1,48,şeritler,TR,,O,219,52
post_120_219,1,49,var,TR,,O,219,53
post_120_219,1,50,altyazıyı,TR,,O,219,55
post_120_219,1,51,aktif,TR,,O,219,56
post_120_219,1,52,hale,TR,,O,219,57
post_120_219,1,53,getirdiğimde,TR,,O,219,58
post_120_219,1,54,siyah,TR,,O,219,59
post_120_219,1,55,şeritin,TR,,O,219,60
post_120_219,1,56,üzerinde,TR,,O,219,61
post_120_219,1,57,kalıyor,TR,,O,219,62
post_120_219,1,58,ve,TR,,O,219,63
post_120_219,1,59,onu,TR,,O,219,64
post_120_219,1,60,okurken,TR,,O,219,65
post_120_219,1,61,diziyi,TR,,O,219,66
post_120_219,1,62,takip,TR,,O,219,67
post_120_219,1,63,etmem,TR,,O,219,68
post_120_219,1,64,zorlaşıyor,TR,,O,219,69
post_120_219,1,65,altyazının,TR,,O,219,71
post_120_219,1,66,konumu,TR,,O,219,72
post_120_219,1,67,ayarlanabiliyor,TR,,O,219,73
post_120_219,1,68,mu,TR,,O,219,74
post_120_219,1,69,acaba,TR,,O,219,75
post_120_219,1,70,telefonum,TR,,O,219,77
post_120_219,1,71,xiaomi,NE,,B-ORG,219,78
post_120_219,1,72,mi,TR,,O,219,79
post_120_219,1,73,netflix'te,NE,MIXED,B-PROD,219,82
post_120_219,1,74,sıkıntısız,TR,,O,219,83
post_120_219,1,75,full,EN,,O,219,84
post_120_219,1,76,hd,EN,,O,219,85
post_120_219,1,77,seyredebiliyorum,TR,,O,219,86
post_121_220,1,0,adamlar,TR,,O,220,0
post_121_220,1,1,bence,TR,,O,220,1
post_121_220,1,2,fazla,TR,,O,220,2
post_121_220,1,3,underrated,EN,,O,220,3
post_121_220,1,4,sözlerine,TR,,O,220,5
post_121_220,1,5,sadece,TR,,O,220,6
post_121_220,1,6,kafam,TR,,O,220,7
post_121_220,1,7,bozukken,TR,,O,220,8
post_121_220,1,8,dikkat,TR,,O,220,9
post_121_220,1,9,ediyor,TR,,O,220,10
post_121_220,1,10,"olsamda,",TR,,O,220,11
post_121_220,1,11,cidden,TR,,O,220,12
post_121_220,1,12,efsane,TR,,O,220,13
post_121_220,1,13,sözler,TR,,O,220,14
post_121_220,1,14,yazmışlar,TR,,O,220,15
post_121_220,1,15,ama,TR,,O,220,17
post_121_220,1,16,nedense,TR,,O,220,18
post_121_220,1,17,insanlar,TR,,O,220,19
post_121_220,1,18,bir,TR,,O,220,20
post_121_220,1,19,kadın,TR,,O,220,21
post_121_220,1,20,çizeceksinden,TR,,O,220,22
post_121_220,1,21,başka,TR,,O,220,23
post_121_220,1,22,bişey,TR,,O,220,24
post_121_220,1,23,hatırlamıyor,TR,,O,220,25
post_121_220,1,24,cevapsız,TR,,O,220,27
post_121_220,1,25,sorular,TR,,O,220,28
post_121_220,1,26,favorim,TR,,O,220,29
post_121_220,1,27,dinlerken,TR,,O,220,31
post_121_220,1,28,kafamda,TR,,O,220,32
post_121_220,1,29,ingilizce'ye,NE,MIXED,B-OTHER,220,33
post_121_220,1,30,çevirmek,TR,,O,220,34
post_121_220,1,31,gibi,TR,,O,220,35
post_121_220,1,32,saçma,TR,,O,220,36
post_121_220,1,33,bi,TR,,O,220,37
post_121_220,1,34,fetişim,TR,,O,220,38
post_121_220,1,35,var,TR,,O,220,39
post_122_221,1,0,bill,NE,,B-PER,221,0
post_122_221,1,1,gatesin,NE,MIXED,I-PER,221,1
post_122_221,1,2,ayar,TR,,O,221,2
post_122_221,1,3,verdigi,TR,,O,221,3
post_122_221,1,4,kurum:,TR,,O,221,4
post_122_221,1,5,"""i",EN,,O,221,5
post_122_221,1,6,hear,EN,,O,221,6
post_122_221,1,7,they're,EN,,O,221,7
post_122_221,1,8,coming,EN,,O,221,8
post_122_221,1,9,out,EN,,O,221,9
post_122_221,1,10,with,EN,,O,221,10
post_122_221,1,11,a,EN,,O,221,11
post_122_221,1,12,robot,EN,,O,221,12
post_122_221,1,13,that,EN,,O,221,13
post_122_221,1,14,will,EN,,O,221,14
post_122_221,1,15,cook,EN,,O,221,15
post_122_221,1,16,"hamburgers,",EN,,O,221,16
post_122_221,1,17,too,EN,,O,221,17
post_122_221,1,18,let's,EN,,O,221,19
post_122_221,1,19,spread,EN,,O,221,20
post_122_221,1,20,that,EN,,O,221,21
post_122_221,1,21,rumour,EN,,O,221,22
post_122_221,1,22,there's,EN,,O,221,24
post_122_221,1,23,nothing,EN,,O,221,25
post_122_221,1,24,they,EN,,O,221,26
post_122_221,1,25,can't,EN,,O,221,27
post_122_221,1,26,do,EN,,O,221,28
post_122_221,1,27,they're,EN,,O,221,30
post_122_221,1,28,in,EN,,O,221,31
post_122_221,1,29,their,EN,,O,221,32
post_122_221,1,30,honeymoon,EN,,O,221,33
post_122_221,1,31,"period,",EN,,O,221,34
post_122_221,1,32,and,EN,,O,221,35
post_122_221,1,33,anything,EN,,O,221,36
post_122_221,1,34,they,EN,,O,221,37
post_122_221,1,35,announce,EN,,O,221,38
post_122_221,1,36,gets,EN,,O,221,39
post_122_221,1,37,hype,EN,,O,221,40
post_122_221,1,38,they,EN,,O,221,42
post_122_221,1,39,will,EN,,O,221,43
post_122_221,1,40,obviously,EN,,O,221,44
post_122_221,1,41,branch,EN,,O,221,45
post_122_221,1,42,out,EN,,O,221,46
post_122_221,1,43,beyond,EN,,O,221,47
post_122_221,1,44,internet,EN,,O,221,48
post_122_221,1,45,"search,",EN,,O,221,49
post_122_221,1,46,but,EN,,O,221,50
post_122_221,1,47,i,EN,,O,221,51
post_122_221,1,48,think,EN,,O,221,52
post_122_221,1,49,the,EN,,O,221,53
post_122_221,1,50,expectations,EN,,O,221,54
post_122_221,1,51,won't,EN,,O,221,55
post_122_221,1,52,live,EN,,O,221,56
post_122_221,1,53,up,EN,,O,221,57
post_122_221,1,54,to,EN,,O,221,58
post_122_221,1,55,"reality.""",EN,,O,221,59
post_123_222,1,0,utanmanın,TR,,O,222,0
post_123_222,1,1,arlanmanın,TR,,O,222,1
post_123_222,1,2,olmadığı,TR,,O,222,2
post_123_222,1,3,site,TR,,O,222,3
post_123_222,1,4,girdim,TR,,O,222,5
post_123_222,1,5,buna,TR,,O,222,6
post_123_222,1,6,ben,TR,,O,222,7
post_123_222,1,7,profil,TR,,O,222,9
post_123_222,1,8,falan,TR,,O,222,10
post_123_222,1,9,tam,TR,,O,222,11
post_123_222,1,10,olarak,TR,,O,222,12
post_123_222,1,11,doldurmadan,TR,,O,222,13
post_123_222,1,12,arkadaşlarımı,TR,,O,222,14
post_123_222,1,13,ekledim,TR,,O,222,15
post_123_222,1,14,aradan,TR,,O,222,17
post_123_222,1,15,zaman,TR,,O,222,18
post_123_222,1,16,"geçti,",TR,,O,222,19
post_123_222,1,17,"""tanıyor",TR,,O,222,20
post_123_222,1,18,olabileceğiniz,TR,,O,222,21
post_123_222,1,19,"kişiler""",TR,,O,222,22
post_123_222,1,20,diye,TR,,O,222,23
post_123_222,1,21,bir,TR,,O,222,24
post_123_222,1,22,kısım,TR,,O,222,25
post_123_222,1,23,"var,",TR,,O,222,26
post_123_222,1,24,oraya,TR,,O,222,27
post_123_222,1,25,bir,TR,,O,222,28
post_123_222,1,26,girdim,TR,,O,222,29
post_123_222,1,27,abbbbbowwwwwwwww,TR,,O,222,30
post_123_222,1,28,abi,TR,,O,222,32
post_123_222,1,29,herkes,TR,,O,222,33
post_123_222,1,30,mi,TR,,O,222,34
post_123_222,1,31,coordinator,EN,,O,222,35
post_123_222,1,32,manager,EN,,O,222,36
post_123_222,1,33,senior,EN,,O,222,37
post_123_222,1,34,lan,TR,,O,222,38
post_123_222,1,35,hea,TR,,O,222,40
post_123_222,1,36,kim,TR,,O,222,42
post_123_222,1,37,yapıyo,TR,,O,222,43
post_123_222,1,38,lan,TR,,O,222,44
post_123_222,1,39,işi,TR,,O,222,45
post_123_222,1,40,amcık,TR,,O,222,46
post_123_222,1,41,ağızlılar,TR,,O,222,47
post_123_222,1,42,müdür,TR,,O,222,49
post_123_222,1,43,şef,TR,,O,222,50
post_123_222,1,44,falan,TR,,O,222,51
post_123_222,1,45,zaten,TR,,O,222,52
post_123_222,1,46,"yok,",TR,,O,222,53
post_123_222,1,47,tek,TR,,O,222,54
post_123_222,1,48,geçerli,TR,,O,222,55
post_123_222,1,49,dil,TR,,O,222,56
post_123_222,1,50,ingilizce,NE,,B-OTHER,222,57
post_123_222,1,51,lan,TR,,O,222,59
post_123_222,1,52,oğlum,TR,,O,222,60
post_123_222,1,53,karşımda,TR,,O,222,61
post_123_222,1,54,oturuyon,TR,,O,222,62
post_123_222,1,55,yavşak,TR,,O,222,63
post_123_222,1,56,karşımda,TR,,O,222,64
post_123_222,1,57,neyin,TR,,O,222,66
post_123_222,1,58,menecerisin,TR,,O,222,67
post_123_222,1,59,sen,TR,,O,222,68
post_123_222,1,60,diye,TR,,O,222,69
post_123_222,1,61,diktim,TR,,O,222,70
post_123_222,1,62,gözü,TR,,O,222,71
post_123_222,1,63,sordum;,TR,,O,222,72
post_123_222,1,64,aaabi,TR,,O,222,73
post_123_222,1,65,araştıran,TR,,O,222,74
post_123_222,1,66,mı,TR,,O,222,75
post_123_222,1,67,var,TR,,O,222,76
post_123_222,1,68,amk,TR,,O,222,77
post_123_222,1,69,dedi,TR,,O,222,79
post_123_222,1,70,lan,TR,,O,222,81
post_123_222,1,71,var,TR,,O,222,82
post_123_222,1,72,işte,TR,,O,222,83
post_123_222,1,73,ben,TR,,O,222,85
post_123_222,1,74,araştırıyom,TR,,O,222,86
post_123_222,1,75,hayvan,TR,,O,222,87
post_123_222,1,76,herif,TR,,O,222,88
post_123_222,1,77,adamda,TR,,O,222,90
post_123_222,1,78,kendi,TR,,O,222,91
post_123_222,1,79,"müdürü,",TR,,O,222,92
post_123_222,1,80,genel,TR,,O,222,93
post_123_222,1,81,"müdürü,",TR,,O,222,94
post_123_222,1,82,ceo,EN,,O,222,95
post_123_222,1,83,meo,TR,,O,222,96
post_123_222,1,84,alayı,TR,,O,222,97
post_123_222,1,85,da,TR,,O,222,98
post_123_222,1,86,ekli,TR,,O,222,99
post_123_222,1,87,iyi,TR,,O,222,100
post_123_222,1,88,mi,TR,,O,222,101
post_123_222,1,89,onlar,TR,,O,222,103
post_123_222,1,90,da,TR,,O,222,104
post_123_222,1,91,bişey,TR,,O,222,105
post_123_222,1,92,demiyolar,TR,,O,222,106
post_123_222,1,93,zaten,TR,,O,222,108
post_123_222,1,94,genel,TR,,O,222,109
post_123_222,1,95,müdür,TR,,O,222,110
post_123_222,1,96,de,TR,,O,222,111
post_123_222,1,97,ceo,EN,,O,222,112
post_123_222,1,98,yazmış,TR,,O,222,113
post_123_222,1,99,amacımız,TR,,O,222,115
post_123_222,1,100,ne,TR,,O,222,116
post_123_222,1,101,vallahi,TR,,O,222,117
post_123_222,1,102,billahi,TR,,O,222,118
post_123_222,1,103,çözemiyorum,TR,,O,222,119
post_123_222,1,104,ben,TR,,O,222,121
post_123_222,1,105,de,TR,,O,222,122
post_123_222,1,106,müdür,TR,,O,222,123
post_123_222,1,107,yazdım,TR,,O,222,124
post_123_222,1,108,lan,TR,,O,222,125
post_123_222,1,109,tabi,TR,,O,222,126
post_123_222,1,110,(mal,TR,,O,222,128
post_123_222,1,111,mıyım,TR,,O,222,129
post_123_222,1,112,amk,TR,,O,222,130
post_123_222,1,113,menecer,TR,,O,222,131
post_123_222,1,114,yazdım),TR,,O,222,132
post_123_222,1,115,bi,TR,,O,222,133
post_123_222,1,116,iki,TR,,O,222,134
post_123_222,1,117,haftaya,TR,,O,222,135
post_123_222,1,118,kadar,TR,,O,222,136
post_123_222,1,119,genel,TR,,O,222,137
post_123_222,1,120,müdür,TR,,O,222,138
post_123_222,1,121,olmayı,TR,,O,222,139
post_123_222,1,122,planlıyorum,TR,,O,222,140
post_123_222,1,123,birileri,TR,,O,222,142
post_123_222,1,124,de,TR,,O,222,143
post_123_222,1,125,tebrik,TR,,O,222,144
post_123_222,1,126,eder,TR,,O,222,145
post_123_222,1,127,heralde,TR,,O,222,146
post_123_222,1,128,vay,TR,,O,222,148
post_123_222,1,129,amk,TR,,O,222,149
post_123_222,1,130,site,TR,,O,222,151
post_123_222,1,131,ne,TR,,O,222,152
post_123_222,1,132,işe,TR,,O,222,153
post_123_222,1,133,hizmet,TR,,O,222,154
post_123_222,1,134,ediyor,TR,,O,222,155
post_123_222,1,135,o,TR,,O,222,156
post_123_222,1,136,da,TR,,O,222,157
post_123_222,1,137,meçhul,TR,,O,222,158
post_124_223,1,0,"""senior",EN,,O,223,0
post_124_223,1,1,"researcher""",EN,,O,223,1
post_124_223,1,2,pozisyonu,TR,,O,223,2
post_124_223,1,3,icin,TR,,O,223,3
post_124_223,1,4,is,TR,,O,223,4
post_124_223,1,5,basvurusunda,TR,,O,223,5
post_124_223,1,6,bulunanlarin,TR,,O,223,6
post_124_223,1,7,yaklasik,TR,,O,223,7
post_124_223,1,8,yuzde,TR,,O,223,8
post_124_223,1,9,birlik,TR,,O,223,9
post_124_223,1,10,kismiyla,TR,,O,223,10
post_124_223,1,11,telefon,TR,,O,223,11
post_124_223,1,12,mulakati,TR,,O,223,12
post_124_223,1,13,"yapan,",TR,,O,223,13
post_124_223,1,14,sonrasinda,TR,,O,223,14
post_124_223,1,15,ise,TR,,O,223,15
post_124_223,1,16,bunlarin,TR,,O,223,16
post_124_223,1,17,da,TR,,O,223,17
post_124_223,1,18,ancak,TR,,O,223,18
post_124_223,1,19,beste,TR,,O,223,19
post_124_223,1,20,birini,TR,,O,223,20
post_124_223,1,21,is,TR,,O,223,21
post_124_223,1,22,gorusmesine,TR,,O,223,22
post_124_223,1,23,cagiran,TR,,O,223,23
post_124_223,1,24,sirket,TR,,O,223,24
post_124_223,1,25,basvuranlarin,TR,,O,223,26
post_124_223,1,26,kacta,TR,,O,223,27
post_124_223,1,27,kacinin,TR,,O,223,28
post_124_223,1,28,mulakata,TR,,O,223,29
post_124_223,1,29,"cagirildigi,",TR,,O,223,30
post_124_223,1,30,kacta,TR,,O,223,31
post_124_223,1,31,kacinin,TR,,O,223,32
post_124_223,1,32,sonunda,TR,,O,223,33
post_124_223,1,33,ise,TR,,O,223,34
post_124_223,1,34,alindigi,TR,,O,223,35
post_124_223,1,35,istatistikleri,TR,,O,223,36
post_124_223,1,36,sagda,TR,,O,223,37
post_124_223,1,37,solda,TR,,O,223,38
post_124_223,1,38,hatta,TR,,O,223,39
post_124_223,1,39,google'in,NE,MIXED,B-PROD,223,40
post_124_223,1,40,kendi,TR,,O,223,41
post_124_223,1,41,sayfalarinda,TR,,O,223,42
post_124_223,1,42,bile,TR,,O,223,43
post_124_223,1,43,"var,",TR,,O,223,44
post_124_223,1,44,fakat,TR,,O,223,45
post_124_223,1,45,basvuranlarin,TR,,O,223,46
post_124_223,1,46,sayisi,TR,,O,223,47
post_124_223,1,47,nedense,TR,,O,223,48
post_124_223,1,48,yazmiyor,TR,,O,223,49
post_124_223,1,49,bir,TR,,O,223,51
post_124_223,1,50,de,TR,,O,223,52
post_124_223,1,51,ustune,TR,,O,223,53
post_124_223,1,52,yaklasik,TR,,O,223,54
post_124_223,1,53,bir,TR,,O,223,55
post_124_223,1,54,saatlik,TR,,O,223,56
post_124_223,1,55,telefon,TR,,O,223,57
post_124_223,1,56,gorusmesinin,TR,,O,223,58
post_124_223,1,57,sonunda,TR,,O,223,59
post_124_223,1,58,"""as",EN,,O,223,60
post_124_223,1,59,we,EN,,O,223,61
post_124_223,1,60,"speak,",EN,,O,223,62
post_124_223,1,61,in,EN,,O,223,63
post_124_223,1,62,the,EN,,O,223,64
post_124_223,1,63,last,EN,,O,223,65
post_124_223,1,64,hour,EN,,O,223,66
post_124_223,1,65,there,EN,,O,223,67
post_124_223,1,66,has,EN,,O,223,68
post_124_223,1,67,been,EN,,O,223,69
post_124_223,1,68,at,EN,,O,223,70
post_124_223,1,69,least,EN,,O,223,71
post_124_223,1,70,five,EN,,O,223,72
post_124_223,1,71,or,EN,,O,223,73
post_124_223,1,72,six,EN,,O,223,74
post_124_223,1,73,other,EN,,O,223,75
post_124_223,1,74,applications,EN,,O,223,76
post_124_223,1,75,for,EN,,O,223,77
post_124_223,1,76,the,EN,,O,223,78
post_124_223,1,77,position,EN,,O,223,79
post_124_223,1,78,that,EN,,O,223,80
post_124_223,1,79,you,EN,,O,223,81
post_124_223,1,80,"applied.""",EN,,O,223,82
post_124_223,1,81,falan,TR,,O,223,83
post_124_223,1,82,dedi,TR,,O,223,84
post_124_223,1,83,abim,TR,,O,223,85
post_124_223,1,84,az,TR,,O,223,86
post_124_223,1,85,once,TR,,O,223,87
post_124_223,1,86,telefonu,TR,,O,223,88
post_124_223,1,87,kapatirken,TR,,O,223,89
post_124_223,1,88,fortune,EN,,O,223,91
post_124_223,1,89,dergisinin,TR,,O,223,92
post_124_223,1,90,"""best",EN,,O,223,93
post_124_223,1,91,place,EN,,O,223,94
post_124_223,1,92,to,EN,,O,223,95
post_124_223,1,93,work,EN,,O,223,96
post_124_223,1,94,at:,EN,,O,223,97
post_124_223,1,95,"google""",EN,,O,223,98
post_124_223,1,96,kapakli,TR,,O,223,99
post_124_223,1,97,sayisindan,TR,,O,223,100
post_124_223,1,98,sonra,TR,,O,223,101
post_124_223,1,99,biraz,TR,,O,223,102
post_124_223,1,100,gotleri,TR,,O,223,103
post_124_223,1,101,mi,TR,,O,223,104
post_124_223,1,102,kalkmis,TR,,O,223,105
post_124_223,1,103,nedir,TR,,O,223,106
post_124_223,1,104,anlamadim,TR,,O,223,107
post_124_223,1,105,sadece,TR,,O,223,109
post_124_223,1,106,doktorali,TR,,O,223,110
post_124_223,1,107,adamlarin,TR,,O,223,111
post_124_223,1,108,basvuracagi,TR,,O,223,112
post_124_223,1,109,pozisyona,TR,,O,223,113
post_124_223,1,110,saatte,TR,,O,223,114
post_124_223,1,111,bes,TR,,O,223,115
post_124_223,1,112,basvuru,TR,,O,223,116
post_124_223,1,113,mu,TR,,O,223,117
post_124_223,1,114,olurmus,TR,,O,223,118
post_124_223,1,115,lan,TR,,O,223,119
post_124_223,1,116,atma,TR,,O,223,121
post_124_223,1,117,recep,TR,,O,223,122
post_124_223,1,118,din,TR,,O,223,123
post_124_223,1,119,kardesiyiz,TR,,O,223,124
post_125_224,1,0,ne,TR,,O,224,0
post_125_224,1,1,yapıp,TR,,O,224,1
post_125_224,1,2,ettiler,TR,,O,224,2
post_125_224,1,3,bizi,TR,,O,224,3
post_125_224,1,4,chatgpt,NE,,B-PROD,224,4
post_125_224,1,5,ile,TR,,O,224,5
post_125_224,1,6,tanıştıran,TR,,O,224,6
post_125_224,1,7,onu,TR,,O,224,7
post_125_224,1,8,geliştiren,TR,,O,224,8
post_125_224,1,9,ilya'yı,NE,MIXED,B-PER,224,9
post_125_224,1,10,kapı,TR,,O,224,10
post_125_224,1,11,dışarı,TR,,O,224,11
post_125_224,1,12,koydular,TR,,O,224,12
post_125_224,1,13,alsınlar,TR,,O,224,14
post_125_224,1,14,bir,TR,,O,224,15
post_125_224,1,15,yerlerine,TR,,O,224,16
post_125_224,1,16,soksunlar,TR,,O,224,17
post_125_224,1,17,reasoning,EN,,O,224,19
post_125_224,1,18,power,EN,,O,224,20
post_125_224,1,19,olmadan,TR,,O,224,21
post_125_224,1,20,zabaha,TR,,O,224,22
post_125_224,1,21,kadar,TR,,O,224,23
post_125_224,1,22,avamı,TR,,O,224,24
post_125_224,1,23,avutacak,TR,,O,224,25
post_125_224,1,24,gelişmeler,TR,,O,224,26
post_125_224,1,25,duyurun,TR,,O,224,27
post_125_224,1,26,hala,TR,,O,224,29
post_125_224,1,27,neredeyse,TR,,O,224,30
post_125_224,1,28,sene,TR,,O,224,32
post_125_224,1,29,önceki,TR,,O,224,33
post_125_224,1,30,gpt-4,EN,,B-PROD,224,34
post_125_224,1,31,ü,TR,,O,224,35
post_125_224,1,32,kullanıyorsunuz,TR,,O,224,36
post_125_224,1,33,ilya,NE,,B-PER,224,38
post_125_224,1,34,bakalım,TR,,O,224,39
post_125_224,1,35,neler,TR,,O,224,40
post_125_224,1,36,yapacak,TR,,O,224,41
post_125_224,1,37,bu,TR,,O,224,43
post_125_224,1,38,işi,TR,,O,224,44
post_125_224,1,39,bulan,TR,,O,224,45
post_125_224,1,40,adam,TR,,O,224,46
post_125_224,1,41,o,TR,,O,224,47
post_125_224,1,42,gerisi,TR,,O,224,49
post_125_224,1,43,marketing,EN,,O,224,50
post_126_225,1,0,cryptocurrency,EN,,O,225,0
post_126_225,1,1,konulu,TR,,O,225,1
post_126_225,1,2,cok,TR,,O,225,2
post_126_225,1,3,nefis,TR,,O,225,3
post_126_225,1,4,bir,TR,,O,225,4
post_126_225,1,5,dizi,TR,,O,225,5
post_126_225,1,6,ilk,TR,,O,225,7
post_126_225,1,7,sezon,TR,,O,225,8
post_126_225,1,8,etkileyiciydi,TR,,O,225,9
post_126_225,1,9,dizi,TR,,O,225,11
post_126_225,1,10,bitiminde,TR,,O,225,12
post_126_225,1,11,tekrar,TR,,O,225,13
post_126_225,1,12,editlerim,TR,,O,225,14
post_127_226,1,0,passwordü,MIXED,MIXED,O,226,0
post_127_226,1,1,kaybettiğim,TR,,O,226,1
post_127_226,1,2,için,TR,,O,226,2
post_127_226,1,3,"giremediğim,",TR,,O,226,3
post_127_226,1,4,refresh,EN,,O,226,4
post_127_226,1,5,desem,TR,,O,226,5
post_127_226,1,6,"de,",TR,,O,226,6
post_127_226,1,7,resetlesem,MIXED,MIXED,O,226,7
post_127_226,1,8,de,TR,,O,226,8
post_127_226,1,9,artık,TR,,O,226,9
post_127_226,1,10,çalışmayan,TR,,O,226,10
post_127_226,1,11,aplikasyon,TR,,O,226,11
post_127_226,1,12,zaten,TR,,O,226,13
post_127_226,1,13,sıkılmıştım,TR,,O,226,14
post_127_226,1,14,silmek,TR,,O,226,15
post_127_226,1,15,için,TR,,O,226,16
post_127_226,1,16,bahane,TR,,O,226,17
post_127_226,1,17,oldu,TR,,O,226,18
post_127_226,1,18,yerine,TR,,O,226,20
post_127_226,1,19,tap,NE,,B-ORG,226,21
post_127_226,1,20,tap,NE,,I-ORG,226,22
post_127_226,1,21,tap'in,NE,MIXED,I-ORG,226,23
post_127_226,1,22,camera+,NE,,B-PROD,226,24
post_127_226,1,23,aplikasyonunu,TR,,O,226,25
post_127_226,1,24,öneririm,TR,,O,226,26
post_127_226,1,25,üstelik,TR,,O,226,28
post_127_226,1,26,"facebook,",NE,,B-PROD,226,29
post_127_226,1,27,twitter,NE,,B-PROD,226,30
post_127_226,1,28,share,EN,,O,226,31
post_127_226,1,29,özelliği,TR,,O,226,32
post_127_226,1,30,sayesinde,TR,,O,226,33
post_127_226,1,31,instagramın,NE,MIXED,B-PROD,226,34
post_127_226,1,32,kapalı,TR,,O,226,35
post_127_226,1,33,dünyasından,TR,,O,226,36
post_127_226,1,34,da,TR,,O,226,37
post_127_226,1,35,kurtulursunuz,TR,,O,226,38
post_128_227,1,0,but,EN,,O,227,1
post_128_227,1,1,we,EN,,O,227,2
post_128_227,1,2,can't,EN,,O,227,3
post_128_227,1,3,process,EN,,O,227,4
post_128_227,1,4,your,EN,,O,227,5
post_128_227,1,5,request,EN,,O,227,6
post_128_227,1,6,right,EN,,O,227,7
post_128_227,1,7,now,EN,,O,227,8
post_128_227,1,8,a,EN,,O,227,10
post_128_227,1,9,computer,EN,,O,227,11
post_128_227,1,10,virus,EN,,O,227,12
post_128_227,1,11,or,EN,,O,227,13
post_128_227,1,12,spyware,EN,,O,227,14
post_128_227,1,13,application,EN,,O,227,15
post_128_227,1,14,is,EN,,O,227,16
post_128_227,1,15,sending,EN,,O,227,17
post_128_227,1,16,us,EN,,O,227,18
post_128_227,1,17,automated,EN,,O,227,19
post_128_227,1,18,"requests,",EN,,O,227,20
post_128_227,1,19,and,EN,,O,227,21
post_128_227,1,20,it,EN,,O,227,22
post_128_227,1,21,appears,EN,,O,227,23
post_128_227,1,22,that,EN,,O,227,24
post_128_227,1,23,your,EN,,O,227,25
post_128_227,1,24,computer,EN,,O,227,26
post_128_227,1,25,or,EN,,O,227,27
post_128_227,1,26,network,EN,,O,227,28
post_128_227,1,27,has,EN,,O,227,29
post_128_227,1,28,been,EN,,O,227,30
post_128_227,1,29,infected,EN,,O,227,31
post_128_227,1,30,diyerek,TR,,O,227,34
post_128_227,1,31,bana,TR,,O,227,35
post_128_227,1,32,ilk,TR,,O,227,36
post_128_227,1,33,sayfadan,TR,,O,227,37
post_128_227,1,34,sonraki,TR,,O,227,38
post_128_227,1,35,sonuclari,TR,,O,227,39
post_128_227,1,36,gostermeyen,TR,,O,227,40
post_128_227,1,37,motor,TR,,O,227,41
post_128_227,1,38,tertemiz,TR,,O,227,43
post_128_227,1,39,benim,TR,,O,227,44
post_128_227,1,40,sistemim,TR,,O,227,45
post_128_227,1,41,salak,TR,,O,227,46
post_128_227,1,42,google,EN,,B-PROD,227,47
post_128_227,1,43,ek,TR,,O,227,49
post_128_227,1,44,php,TR,,B-PROD,227,51
post_128_227,1,45,array,EN,,O,227,52
post_128_227,1,46,maximum,EN,,O,227,53
post_128_227,1,47,aratinca,TR,,O,227,54
post_128_227,1,48,ikinci,TR,,O,227,55
post_128_227,1,49,sayfayi,TR,,O,227,56
post_128_227,1,50,gostermiyor,TR,,O,227,57
post_128_227,1,51,ama,TR,,O,227,58
post_128_227,1,52,baska,TR,,O,227,59
post_128_227,1,53,seylerde,TR,,O,227,60
post_128_227,1,54,sorun,TR,,O,227,61
post_128_227,1,55,yok,TR,,O,227,62
post_128_227,1,56,ilginc,TR,,O,227,64
post_129_228,1,0,hepimizin,TR,,O,228,0
post_129_228,1,1,karantina,TR,,O,228,1
post_129_228,1,2,altında,TR,,O,228,2
post_129_228,1,3,evlerimizde,TR,,O,228,3
post_129_228,1,4,olduğumuz,TR,,O,228,4
post_129_228,1,5,bugünlerde,TR,,O,228,5
post_129_228,1,6,birbirinden,TR,,O,228,6
post_129_228,1,7,değişik,TR,,O,228,7
post_129_228,1,8,challengelarla,MIXED,MIXED,O,228,8
post_129_228,1,9,millet,TR,,O,228,9
post_129_228,1,10,birbirine,TR,,O,228,10
post_129_228,1,11,meydan,TR,,O,228,11
post_129_228,1,12,okuyor,TR,,O,228,12
post_129_228,1,13,herkes,TR,,O,228,13
post_129_228,1,14,de,TR,,O,228,14
post_129_228,1,15,instagramından,NE,MIXED,B-PROD,228,15
post_129_228,1,16,paylaşıyor,TR,,O,228,16
post_129_228,1,17,bir,TR,,O,228,17
post_129_228,1,18,şeyin,TR,,O,228,18
post_129_228,1,19,farkına,TR,,O,228,19
post_129_228,1,20,vardım,TR,,O,228,20
post_129_228,1,21,en,TR,,O,228,21
post_129_228,1,22,sönük,TR,,O,228,22
post_129_228,1,23,tipler,TR,,O,228,23
post_129_228,1,24,bile,TR,,O,228,24
post_129_228,1,25,challenge,EN,,O,228,25
post_129_228,1,26,olayının,TR,,O,228,26
post_129_228,1,27,içinde,TR,,O,228,27
post_129_228,1,28,en,TR,,O,228,28
post_129_228,1,29,yakın,TR,,O,228,29
post_129_228,1,30,arkadaşlarım,TR,,O,228,30
post_129_228,1,31,bile,TR,,O,228,31
post_129_228,1,32,beni,TR,,O,228,32
post_129_228,1,33,dahil,TR,,O,228,33
post_129_228,1,34,etmemiş,TR,,O,228,34
post_129_228,1,35,kıskandığım,TR,,O,228,35
post_129_228,1,36,bir,TR,,O,228,36
post_129_228,1,37,şey,TR,,O,228,37
post_129_228,1,38,yok,TR,,O,228,38
post_129_228,1,39,ama,TR,,O,228,39
post_129_228,1,40,şunu,TR,,O,228,40
post_129_228,1,41,farkettim,TR,,O,228,41
post_129_228,1,42,aslında,TR,,O,228,42
post_129_228,1,43,o,TR,,O,228,43
post_129_228,1,44,kadar,TR,,O,228,44
post_129_228,1,45,da,TR,,O,228,45
post_129_228,1,46,mühim,TR,,O,228,46
post_129_228,1,47,değilmişim,TR,,O,228,47
post_129_228,1,48,çemberin,TR,,O,228,48
post_129_228,1,49,dışındaymışım,TR,,O,228,49
post_130_229,1,0,gün,TR,,O,229,0
post_130_229,1,1,itibariyle,TR,,O,229,1
post_130_229,1,2,üyesi,TR,,O,229,2
post_130_229,1,3,"olduğum,",TR,,O,229,3
post_130_229,1,4,ayağımın,TR,,O,229,4
post_130_229,1,5,tozuyla,TR,,O,229,5
post_130_229,1,6,ekşi,NE,,B-PROD,229,6
post_130_229,1,7,sözlük,NE,,I-PROD,229,7
post_130_229,1,8,grubunu,TR,,O,229,8
post_130_229,1,9,açtığım,TR,,O,229,9
post_130_229,1,10,ortam,TR,,O,229,10
post_130_229,1,11,(ara:,TR,,O,229,12
post_130_229,1,12,zannedersem,TR,,O,229,13
post_130_229,1,13,tek,TR,,O,229,14
post_130_229,1,14,eksiğim),TR,,O,229,15
post_130_229,1,15,üyeler,TR,,O,229,16
post_130_229,1,16,gruba,TR,,O,229,17
post_130_229,1,17,şuradan,TR,,O,229,18
post_130_229,1,18,erişebilir:,TR,,O,229,19
post_130_229,1,19,relationship,EN,,O,229,21
post_130_229,1,20,status,EN,,O,229,22
post_130_229,1,21,kısmında,TR,,O,229,23
post_130_229,1,22,"single,",EN,,O,229,24
post_130_229,1,23,in,EN,,O,229,25
post_130_229,1,24,a,EN,,O,229,26
post_130_229,1,25,relationship,EN,,O,229,27
post_130_229,1,26,gibi,TR,,O,229,29
post_130_229,1,27,alalade,TR,,O,229,30
post_130_229,1,28,seçeneklerin,TR,,O,229,31
post_130_229,1,29,yanında,TR,,O,229,32
post_130_229,1,30,it's,EN,,O,229,33
post_130_229,1,31,complicated,EN,,O,229,34
post_130_229,1,32,diye,TR,,O,229,35
post_130_229,1,33,bir,TR,,O,229,36
post_130_229,1,34,seçenek,TR,,O,229,37
post_130_229,1,35,de,TR,,O,229,38
post_130_229,1,36,sunmasıyla,TR,,O,229,39
post_130_229,1,37,gülümsetmiştir,TR,,O,229,40
post_130_229,1,38,"artı,",TR,,O,229,42
post_130_229,1,39,dünyaya,TR,,O,229,43
post_130_229,1,40,açıldı,TR,,O,229,44
post_130_229,1,41,açılmasına,TR,,O,229,45
post_130_229,1,42,ama,TR,,O,229,46
post_130_229,1,43,political,EN,,O,229,47
post_130_229,1,44,views'teki,MIXED,MIXED,O,229,48
post_130_229,1,45,seçenekler,TR,,O,229,49
post_130_229,1,46,hâlâ,TR,,O,229,50
post_130_229,1,47,tamamen,TR,,O,229,51
post_130_229,1,48,abd'deki,NE,,B-LOC,229,52
post_130_229,1,49,yelpazeyi,TR,,O,229,53
post_130_229,1,50,"yansıtıyor,",TR,,O,229,54
post_130_229,1,51,çok,TR,,O,229,55
post_130_229,1,52,yetersiz,TR,,O,229,56
post_130_229,1,53,henüz,TR,,O,229,57
post_131_230,1,0,yakında,TR,,O,230,0
post_131_230,1,1,streaming,EN,,O,230,1
post_131_230,1,2,servisine,TR,,O,230,2
post_131_230,1,3,başlayacak,TR,,O,230,3
post_131_230,1,4,olan,TR,,O,230,4
post_131_230,1,5,şirket,TR,,O,230,5
post_132_231,1,0,korece’yi,NE,,B-OTHER,231,0
post_132_231,1,1,itici,TR,,O,231,1
post_132_231,1,2,bulduğum,TR,,O,231,2
post_132_231,1,3,için,TR,,O,231,3
post_132_231,1,4,sevmediğimdir,TR,,O,231,4
post_132_231,1,5,fakat,TR,,O,231,5
post_132_231,1,6,son,TR,,O,231,6
post_132_231,1,7,zamanlarda,TR,,O,231,7
post_132_231,1,8,city,EN,,O,231,8
post_132_231,1,9,pop,EN,,O,231,9
post_132_231,1,10,akımının,TR,,O,231,10
post_132_231,1,11,yeniden,TR,,O,231,11
post_132_231,1,12,trend,EN,,O,231,12
post_132_231,1,13,olmasıyla,TR,,O,231,13
post_132_231,1,14,birlikte,TR,,O,231,14
post_132_231,1,15,jpop’a,NE,MIXED,B-OTHER,231,15
post_132_231,1,16,"öykünen,",TR,,O,231,16
post_132_231,1,17,hoşuma,TR,,O,231,17
post_132_231,1,18,giden,TR,,O,231,18
post_132_231,1,19,işler,TR,,O,231,19
post_132_231,1,20,yapmaya,TR,,O,231,20
post_132_231,1,21,başladılar,TR,,O,231,21
post_132_231,1,22,özellikle,TR,,O,231,23
post_132_231,1,23,şu,TR,,O,231,24
post_132_231,1,24,ikisi,TR,,O,231,25
post_132_231,1,25,listeme,TR,,O,231,26
post_132_231,1,26,girmeyi,TR,,O,231,27
post_132_231,1,27,başardı:,TR,,O,231,28
post_132_231,1,28,yubin,NE,,B-PER,231,29
post_132_231,1,29,lady,NE,,B-TITLE,231,30
post_132_231,1,30,yukika,NE,,B-PER,231,31
post_132_231,1,31,neon,NE,,B-TITLE,231,32
post_133_232,1,0,bir,TR,,O,232,0
post_133_232,1,1,anda,TR,,O,232,1
post_133_232,1,2,büyük,TR,,O,232,2
post_133_232,1,3,bir,TR,,O,232,3
post_133_232,1,4,büyümeye,TR,,O,232,4
post_133_232,1,5,kalkıştılar,TR,,O,232,5
post_133_232,1,6,yıl,TR,,O,232,7
post_133_232,1,7,sonuna,TR,,O,232,8
post_133_232,1,8,kadar,TR,,O,232,9
post_133_232,1,9,hemen,TR,,O,232,10
post_133_232,1,10,hemen,TR,,O,232,11
post_133_232,1,11,her,TR,,O,232,12
post_133_232,1,12,ülke,TR,,O,232,13
post_133_232,1,13,diyorlar,TR,,O,232,14
post_133_232,1,14,bakalım,TR,,O,232,16
post_133_232,1,15,nasıl,TR,,O,232,17
post_133_232,1,16,yürütecekler,TR,,O,232,18
post_133_232,1,17,her,TR,,O,232,20
post_133_232,1,18,türlü,TR,,O,232,21
post_133_232,1,19,çok,TR,,O,232,22
post_133_232,1,20,güzel,TR,,O,232,23
post_133_232,1,21,adım,TR,,O,232,24
post_133_232,1,22,oldu,TR,,O,232,25
post_133_232,1,23,"""netflix",NE,,B-PROD,232,27
post_133_232,1,24,and,EN,,O,232,28
post_133_232,1,25,"chill""",EN,,O,232,29
post_133_232,1,26,terimini,TR,,O,232,30
post_133_232,1,27,sözlüklere,TR,,O,232,31
post_133_232,1,28,ekleme,TR,,O,232,32
post_133_232,1,29,çalışmalarına,TR,,O,232,33
post_133_232,1,30,resmen,TR,,O,232,34
post_133_232,1,31,başlayabiliriz,TR,,O,232,35
post_134_233,1,0,samsung,NE,,B-ORG,233,0
post_134_233,1,1,marka,TR,,O,233,1
post_134_233,1,2,smart,EN,,O,233,2
post_134_233,1,3,tv,AMBIGUOUS,,O,233,3
post_134_233,1,4,içerisinde,TR,,O,233,4
post_134_233,1,5,gömülü,TR,,O,233,5
post_134_233,1,6,uygulamada,TR,,O,233,6
post_134_233,1,7,bazı,TR,,O,233,7
post_134_233,1,8,dizilerde,TR,,O,233,8
post_134_233,1,9,görüntü,TR,,O,233,9
post_134_233,1,10,problemi,TR,,O,233,10
post_134_233,1,11,yaşıyorum,TR,,O,233,11
post_134_233,1,12,the,NE,,B-TITLE,233,13
post_134_233,1,13,man,NE,,I-TITLE,233,14
post_134_233,1,14,in,NE,,I-TITLE,233,15
post_134_233,1,15,the,NE,,I-TITLE,233,16
post_134_233,1,16,high,NE,,I-TITLE,233,17
post_134_233,1,17,"castle,",NE,,I-TITLE,233,18
post_134_233,1,18,jack,NE,,B-TITLE,233,19
post_134_233,1,19,ryan,NE,,I-TITLE,233,20
post_134_233,1,20,gibi,TR,,O,233,21
post_134_233,1,21,bazı,TR,,O,233,22
post_134_233,1,22,dizilerde,TR,,O,233,23
post_134_233,1,23,görüntü,TR,,O,233,24
post_134_233,1,24,çok,TR,,O,233,25
post_134_233,1,25,ama,TR,,O,233,26
post_134_233,1,26,çok,TR,,O,233,27
post_134_233,1,27,koyu,TR,,O,233,28
post_134_233,1,28,"renk,",TR,,O,233,29
post_134_233,1,29,renk,TR,,O,233,30
post_134_233,1,30,kısılmış,TR,,O,233,31
post_134_233,1,31,gibi,TR,,O,233,32
post_134_233,1,32,konuyla,TR,,O,233,34
post_134_233,1,33,ilgili,TR,,O,233,35
post_134_233,1,34,müşteri,TR,,O,233,36
post_134_233,1,35,hizmetlerini,TR,,O,233,37
post_134_233,1,36,aradığımda,TR,,O,233,38
post_134_233,1,37,benzer,TR,,O,233,39
post_134_233,1,38,şikayetler,TR,,O,233,40
post_134_233,1,39,aldıklarını,TR,,O,233,41
post_134_233,1,40,ve,TR,,O,233,42
post_134_233,1,41,üzerinde,TR,,O,233,43
post_134_233,1,42,çalıştıklarını,TR,,O,233,44
post_134_233,1,43,söylediler,TR,,O,233,45
post_134_233,1,44,apple,NE,,B-PROD,233,47
post_134_233,1,45,tv,NE,,I-PROD,233,48
post_134_233,1,46,bağlayıp,TR,,O,233,49
post_134_233,1,47,oradan,TR,,O,233,50
post_134_233,1,48,deneyeceğim,TR,,O,233,51
post_134_233,1,49,bir,TR,,O,233,52
post_134_233,1,50,de,TR,,O,233,53
post_134_233,1,51,bakalım,TR,,O,233,54
post_135_234,1,0,discord’un,NE,MIXED,B-PROD,234,0
post_135_234,1,1,kapalı,TR,,O,234,1
post_135_234,1,2,"kalması,",TR,,O,234,2
post_135_234,1,3,özellikle,TR,,O,234,3
post_135_234,1,4,türkiye’deki,NE,,B-LOC,234,4
post_135_234,1,5,web3,EN,,O,234,5
post_135_234,1,6,ekosistemine,TR,,O,234,6
post_135_234,1,7,önemli,TR,,O,234,7
post_135_234,1,8,bir,TR,,O,234,8
post_135_234,1,9,engel,TR,,O,234,9
post_135_234,1,10,teşkil,TR,,O,234,10
post_135_234,1,11,ediyor,TR,,O,234,11
post_135_234,1,12,web3,TR,,O,234,13
post_135_234,1,13,dünyasındaki,TR,,O,234,14
post_135_234,1,14,projeler,TR,,O,234,15
post_135_234,1,15,ve,TR,,O,234,16
post_135_234,1,16,crypto,EN,,O,234,17
post_135_234,1,17,native,EN,,O,234,18
post_135_234,1,18,ürünlerin,TR,,O,234,19
post_135_234,1,19,süreçleri,TR,,O,234,20
post_135_234,1,20,büyük,TR,,O,234,21
post_135_234,1,21,ölçüde,TR,,O,234,22
post_135_234,1,22,discord,NE,,B-PROD,234,23
post_135_234,1,23,sunucularında,TR,,O,234,24
post_135_234,1,24,yürütülüyor,TR,,O,234,25
post_135_234,1,25,en,TR,,O,234,27
post_135_234,1,26,"basitinden,",TR,,O,234,28
post_135_234,1,27,ürün,TR,,O,234,29
post_135_234,1,28,testnet,TR,,O,234,30
post_135_234,1,29,"aşamasındayken,",TR,,O,234,31
post_135_234,1,30,kullanıcılar,TR,,O,234,32
post_135_234,1,31,ürünün,TR,,O,234,33
post_135_234,1,32,discord,NE,,B-PROD,234,34
post_135_234,1,33,sunucusunda,TR,,O,234,35
post_135_234,1,34,bug,EN,,O,234,36
post_135_234,1,35,ve,TR,,O,234,37
post_135_234,1,36,geri,TR,,O,234,38
post_135_234,1,37,bildirimlerini,TR,,O,234,39
post_135_234,1,38,paylaşıyor,TR,,O,234,40
post_135_234,1,39,üründe,TR,,O,234,42
post_135_234,1,40,bir,TR,,O,234,43
post_135_234,1,41,versiyon,TR,,O,234,44
post_135_234,1,42,duyurusu,TR,,O,234,45
post_135_234,1,43,veya,TR,,O,234,46
post_135_234,1,44,önemli,TR,,O,234,47
post_135_234,1,45,bir,TR,,O,234,48
post_135_234,1,46,güncelleme,TR,,O,234,49
post_135_234,1,47,yapılacağı,TR,,O,234,50
post_135_234,1,48,"zaman,",TR,,O,234,51
post_135_234,1,49,bu,TR,,O,234,52
post_135_234,1,50,duyurular,TR,,O,234,53
post_135_234,1,51,sunucu,TR,,O,234,54
post_135_234,1,52,adminleri,MIXED,MIXED,O,234,55
post_135_234,1,53,tarafından,TR,,O,234,56
post_135_234,1,54,yine,TR,,O,234,57
post_135_234,1,55,discord,NE,,B-PROD,234,58
post_135_234,1,56,üzerinden,TR,,O,234,59
post_135_234,1,57,yapılıyor,TR,,O,234,60
post_135_234,1,58,"özetle,",TR,,O,234,62
post_135_234,1,59,discord’un,NE,MIXED,B-PROD,234,63
post_135_234,1,60,kapalı,TR,,O,234,64
post_135_234,1,61,kalması,TR,,O,234,65
post_135_234,1,62,ülkedeki,TR,,O,234,66
post_135_234,1,63,web3,EN,,O,234,67
post_135_234,1,64,startup’larının,MIXED,MIXED,O,234,68
post_135_234,1,65,gelişimini,TR,,O,234,69
post_135_234,1,66,ve,TR,,O,234,70
post_135_234,1,67,iletişimini,TR,,O,234,71
post_135_234,1,68,sekteye,TR,,O,234,72
post_135_234,1,69,uğratmakta,TR,,O,234,73
post_136_235,1,0,sanıldığı,TR,,O,235,0
post_136_235,1,1,aksine,TR,,O,235,1
post_136_235,1,2,edm,TR,,O,235,2
post_136_235,1,3,tek,TR,,O,235,3
post_136_235,1,4,bir,TR,,O,235,4
post_136_235,1,5,tür,TR,,O,235,5
post_136_235,1,6,değildir,TR,,O,235,6
post_136_235,1,7,edm,NE,,B-OTHER,235,8
post_136_235,1,8,dalı,TR,,O,235,9
post_136_235,1,9,altında,TR,,O,235,10
post_136_235,1,10,sürüsüyle,TR,,O,235,11
post_136_235,1,11,müzik,TR,,O,235,12
post_136_235,1,12,türü,TR,,O,235,13
post_136_235,1,13,vardır;,TR,,O,235,14
post_136_235,1,14,"pop,",NE,,B-OTHER,235,15
post_136_235,1,15,deep,NE,,B-OTHER,235,16
post_136_235,1,16,"house,",NE,,I-OTHER,235,17
post_136_235,1,17,"techno,",NE,,B-OTHER,235,18
post_136_235,1,18,"dubstep,",NE,,B-OTHER,235,19
post_136_235,1,19,tech,NE,,B-OTHER,235,20
post_136_235,1,20,house,NE,,I-OTHER,235,21
post_136_235,1,21,vs,TR,,O,235,22
post_136_235,1,22,hepsi,TR,,O,235,24
post_136_235,1,23,bu,TR,,O,235,25
post_136_235,1,24,tür,TR,,O,235,26
post_136_235,1,25,içerisindedir,TR,,O,235,27
post_136_235,1,26,teknolojinin,TR,,O,235,29
post_136_235,1,27,ilerlemesiyle,TR,,O,235,30
post_136_235,1,28,klasik,TR,,O,235,31
post_136_235,1,29,aletlerin,TR,,O,235,32
post_136_235,1,30,kullanımı,TR,,O,235,33
post_136_235,1,31,azaldıkça,TR,,O,235,34
post_136_235,1,32,bilgisayar,TR,,O,235,35
post_136_235,1,33,üzerinden,TR,,O,235,36
post_136_235,1,34,yapılan,TR,,O,235,37
post_136_235,1,35,müziklerin,TR,,O,235,38
post_136_235,1,36,yapımı,TR,,O,235,39
post_136_235,1,37,gittikçe,TR,,O,235,40
post_136_235,1,38,artmaktadır,TR,,O,235,41
post_137_236,1,0,"fatpeoplehate,",NE,,B-TITLE,236,0
post_137_236,1,1,haes,EN,,O,236,1
post_137_236,1,2,ve,TR,,O,236,2
post_137_236,1,3,fat,EN,,O,236,3
post_137_236,1,4,acceptance,EN,,O,236,4
post_137_236,1,5,olaylarına,TR,,O,236,5
post_137_236,1,6,karşı,TR,,O,236,6
post_137_236,1,7,başlayıp,TR,,O,236,7
post_137_236,1,8,(ki,TR,,O,236,8
post_137_236,1,9,bunda,TR,,O,236,9
post_137_236,1,10,"haklılar),",TR,,O,236,11
post_137_236,1,11,zamanla,TR,,O,236,12
post_137_236,1,12,nispeten,TR,,O,236,13
post_137_236,1,13,yoldan,TR,,O,236,14
post_137_236,1,14,çıkmış,TR,,O,236,15
post_137_236,1,15,ve,TR,,O,236,16
post_137_236,1,16,herhangi,TR,,O,236,17
post_137_236,1,17,bir,TR,,O,236,18
post_137_236,1,18,sebeple,TR,,O,236,19
post_137_236,1,19,tüm,TR,,O,236,20
post_137_236,1,20,şişman,TR,,O,236,21
post_137_236,1,21,insanlardan,TR,,O,236,22
post_137_236,1,22,nefret,TR,,O,236,23
post_137_236,1,23,eden,TR,,O,236,24
post_137_236,1,24,insanların,TR,,O,236,25
post_137_236,1,25,toplandığı,TR,,O,236,26
post_137_236,1,26,bir,TR,,O,236,27
post_137_236,1,27,subreddit,EN,,O,236,28
post_137_236,1,28,haline,TR,,O,236,29
post_137_236,1,29,gelmişti,TR,,O,236,30
post_137_236,1,30,o,TR,,O,236,32
post_137_236,1,31,kadar,TR,,O,236,33
post_137_236,1,32,"ki,",TR,,O,236,34
post_137_236,1,33,"""benim",TR,,O,236,35
post_137_236,1,34,hafif,TR,,O,236,36
post_137_236,1,35,şişman,TR,,O,236,37
post_137_236,1,36,akrabalarım,TR,,O,236,38
post_137_236,1,37,"var,",TR,,O,236,39
post_137_236,1,38,kötü,TR,,O,236,40
post_137_236,1,39,insan,TR,,O,236,41
post_137_236,1,40,değiller,TR,,O,236,42
post_137_236,1,41,"aslında""",TR,,O,236,43
post_137_236,1,42,tarzı,TR,,O,236,44
post_137_236,1,43,bir,TR,,O,236,45
post_137_236,1,44,yorum,TR,,O,236,46
post_137_236,1,45,yazan,TR,,O,236,47
post_137_236,1,46,bir,TR,,O,236,48
post_137_236,1,47,kullanıcı,TR,,O,236,49
post_137_236,1,48,"""fat",EN,,O,236,50
post_137_236,1,49,"sympathy""",EN,,O,236,51
post_137_236,1,50,sebebiyle,TR,,O,236,52
post_137_236,1,51,banlanıyordu,MIXED,MIXED,O,236,53
post_137_236,1,52,site,TR,,O,236,55
post_137_236,1,53,yönetimi,TR,,O,236,56
post_137_236,1,54,subredditi,MIXED,MIXED,O,236,57
post_137_236,1,55,banladığında,TR,,O,236,58
post_137_236,1,56,aboneydiler,TR,,O,236,60
post_137_236,1,57,boru,TR,,O,236,62
post_137_236,1,58,"değil,",TR,,O,236,63
post_137_236,1,59,yüz,TR,,O,236,64
post_137_236,1,60,elli,TR,,O,236,65
post_137_236,1,61,bin,TR,,O,236,66
post_137_236,1,62,kişi,TR,,O,236,67
post_137_236,1,63,şimdi,TR,,O,236,69
post_137_236,1,64,buradan,TR,,O,236,70
post_137_236,1,65,teker,TR,,O,236,71
post_137_236,1,66,teker,TR,,O,236,72
post_137_236,1,67,saymayayım,TR,,O,236,73
post_137_236,1,68,"ama,",TR,,O,236,74
post_137_236,1,69,çok,TR,,O,236,75
post_137_236,1,70,daha,TR,,O,236,76
post_137_236,1,71,kötü,TR,,O,236,77
post_137_236,1,72,içeriklerin,TR,,O,236,78
post_137_236,1,73,olduğu,TR,,O,236,79
post_137_236,1,74,subredditler,MIXED,MIXED,O,236,80
post_137_236,1,75,mevcut,TR,,O,236,81
post_137_236,1,76,bunlar,TR,,O,236,83
post_137_236,1,77,dururken,TR,,O,236,84
post_137_236,1,78,fatpeoplehate'i,NE,MIXED,B-TITLE,236,85
post_137_236,1,79,banlarsan,TR,,O,236,86
post_137_236,1,80,(shitredditsays,NE,,B-TITLE,236,87
post_137_236,1,81,bile,TR,,O,236,88
post_137_236,1,82,duruyor,TR,,O,236,89
post_137_236,1,83,"hala),",TR,,O,236,90
post_137_236,1,84,oluşan,TR,,O,236,91
post_137_236,1,85,karambolün,TR,,O,236,92
post_137_236,1,86,ceremesini,TR,,O,236,93
post_137_236,1,87,"çekeceksin,",TR,,O,236,94
post_137_236,1,88,bu,TR,,O,236,95
post_137_236,1,89,bir,TR,,O,236,96
post_137_236,1,90,fatpeoplehate'in,NE,MIXED,B-TITLE,236,98
post_137_236,1,91,"banlanması,",MIXED,MIXED,O,236,99
post_137_236,1,92,yarın,TR,,O,236,100
post_137_236,1,93,öbür,TR,,O,236,101
post_137_236,1,94,gün,TR,,O,236,102
post_137_236,1,95,"tumblrinaction,",NE,,B-TITLE,236,103
post_137_236,1,96,"kotakuinaction,",NE,,B-TITLE,236,104
post_137_236,1,97,theredpill,NE,,B-TITLE,236,105
post_137_236,1,98,vs,TR,,O,236,106
post_137_236,1,99,gibi,TR,,O,236,108
post_137_236,1,100,subredditlerin,MIXED,MIXED,O,236,109
post_137_236,1,101,de,TR,,O,236,110
post_137_236,1,102,banlanacağı,TR,,O,236,111
post_137_236,1,103,anlamına,TR,,O,236,112
post_137_236,1,104,geliyor,TR,,O,236,113
post_137_236,1,105,internet,TR,,O,236,115
post_137_236,1,106,özgürlüğü,TR,,O,236,116
post_137_236,1,107,için,TR,,O,236,117
post_137_236,1,108,frontpage'de,MIXED,MIXED,O,236,118
post_137_236,1,109,her,TR,,O,236,119
post_137_236,1,110,gün,TR,,O,236,120
post_137_236,1,111,banner,EN,,O,236,121
post_137_236,1,112,koyup,TR,,O,236,122
post_137_236,1,113,"""petition",EN,,O,236,123
post_137_236,1,114,"imzalayın""",TR,,O,236,124
post_137_236,1,115,diye,TR,,O,236,125
post_137_236,1,116,bağırırken,TR,,O,236,126
post_137_236,1,117,iyiydi,TR,,O,236,127
post_137_236,1,118,bu,TR,,O,236,129
post_137_236,1,119,iki,TR,,O,236,130
post_137_236,1,120,bu,TR,,O,236,132
post_137_236,1,121,subredditte,MIXED,MIXED,O,236,133
post_137_236,1,122,paylaşılan,TR,,O,236,134
post_137_236,1,123,fotoğraflar,TR,,O,236,135
post_137_236,1,124,ekseriyetle,TR,,O,236,136
post_137_236,1,125,birtakım,TR,,O,236,137
post_137_236,1,126,kişilerin,TR,,O,236,138
post_137_236,1,127,"facebook,",NE,,B-PROD,236,139
post_137_236,1,128,"twitter,",NE,,B-PROD,236,140
post_137_236,1,129,tumblr,TR,,O,236,141
post_137_236,1,130,vb,TR,,O,236,142
post_137_236,1,131,mecralara,TR,,O,236,144
post_137_236,1,132,"koyduğu,",TR,,O,236,145
post_137_236,1,133,herkese,TR,,O,236,146
post_137_236,1,134,açık,TR,,O,236,147
post_137_236,1,135,paylaşımlardı,TR,,O,236,148
post_137_236,1,136,kişilerin,TR,,O,236,150
post_137_236,1,137,izni/haberi,TR,,O,236,151
post_137_236,1,138,olmadan,TR,,O,236,152
post_137_236,1,139,çekilip,TR,,O,236,153
post_137_236,1,140,paylaşılan,TR,,O,236,154
post_137_236,1,141,içeriği,TR,,O,236,155
post_137_236,1,142,ben,TR,,O,236,156
post_137_236,1,143,de,TR,,O,236,157
post_137_236,1,144,yanlış,TR,,O,236,158
post_137_236,1,145,buluyordum,TR,,O,236,159
post_137_236,1,146,burada,TR,,O,236,161
post_137_236,1,147,submission,EN,,O,236,162
post_137_236,1,148,bazında,TR,,O,236,163
post_137_236,1,149,ban/shadowban,TR,,O,236,164
post_137_236,1,150,şeklinde,TR,,O,236,165
post_137_236,1,151,ilerlemek,TR,,O,236,166
post_137_236,1,152,daha,TR,,O,236,167
post_137_236,1,153,doğru,TR,,O,236,168
post_137_236,1,154,olurdu,TR,,O,236,169
post_137_236,1,155,bu,TR,,O,236,171
post_137_236,1,156,da,TR,,O,236,172
post_137_236,1,157,üç,TR,,O,236,173
post_137_236,1,158,kullanıcıların,TR,,O,236,175
post_137_236,1,159,en,TR,,O,236,176
post_137_236,1,160,çok,TR,,O,236,177
post_137_236,1,161,isyan,TR,,O,236,178
post_137_236,1,162,ettikleri,TR,,O,236,179
post_137_236,1,163,konu,TR,,O,236,180
post_137_236,1,164,tutarsızlık,TR,,O,236,181
post_137_236,1,165,çok,TR,,O,236,183
post_137_236,1,166,daha,TR,,O,236,184
post_137_236,1,167,kötü,TR,,O,236,185
post_137_236,1,168,subredditler,MIXED,MIXED,O,236,186
post_137_236,1,169,varken,TR,,O,236,187
post_137_236,1,170,bizi,TR,,O,236,188
post_137_236,1,171,niye,TR,,O,236,189
post_137_236,1,172,patlattınız,TR,,O,236,190
post_137_236,1,173,diyorlar,TR,,O,236,191
post_137_236,1,174,savundukları,TR,,O,236,193
post_137_236,1,175,fatpeoplehate,NE,,B-TITLE,236,194
post_137_236,1,176,görüşüne,TR,,O,236,195
post_137_236,1,177,katılmıyor,TR,,O,236,196
post_137_236,1,178,"olabilirsiniz,",TR,,O,236,197
post_137_236,1,179,fakat,TR,,O,236,198
post_137_236,1,180,yönetimin,TR,,O,236,199
post_137_236,1,181,tutumuna,TR,,O,236,200
post_137_236,1,182,karşı,TR,,O,236,201
post_137_236,1,183,tepkilerinin,TR,,O,236,202
post_137_236,1,184,haklı,TR,,O,236,203
post_137_236,1,185,olduğu,TR,,O,236,204
post_137_236,1,186,ortada,TR,,O,236,205
post_137_236,1,187,ha,TR,,O,236,207
post_137_236,1,188,bir,TR,,O,236,208
post_137_236,1,189,"de,",TR,,O,236,209
post_137_236,1,190,böyle,TR,,O,236,210
post_137_236,1,191,fatpeoplehate,TR,,O,236,211
post_137_236,1,192,"gibi,",TR,,O,236,212
post_137_236,1,193,pcmasterrace,NE,,B-TITLE,236,213
post_137_236,1,194,"gibi,",TR,,O,236,214
post_137_236,1,195,ortalama,TR,,O,236,215
post_137_236,1,196,insanların,TR,,O,236,216
post_137_236,1,197,pek,TR,,O,236,217
post_137_236,1,198,umursamayacağı,TR,,O,236,218
post_137_236,1,199,konularda,TR,,O,236,219
post_137_236,1,200,fanatizme,TR,,O,236,220
post_137_236,1,201,yakın,TR,,O,236,221
post_137_236,1,202,bir,TR,,O,236,222
post_137_236,1,203,bağlılığı,TR,,O,236,223
post_137_236,1,204,olan,TR,,O,236,224
post_137_236,1,205,otistlere,TR,,O,236,225
post_137_236,1,206,cephe,TR,,O,236,226
post_137_236,1,207,"alırsanız,",TR,,O,236,227
post_137_236,1,208,böyle,TR,,O,236,228
post_137_236,1,209,durumlara,TR,,O,236,229
post_137_236,1,210,katlanmak,TR,,O,236,230
post_137_236,1,211,zorundasınız,TR,,O,236,231
post_137_236,1,212,bu,TR,,O,236,233
post_137_236,1,213,işin,TR,,O,236,234
post_137_236,1,214,fıtratında,TR,,O,236,235
post_137_236,1,215,var,TR,,O,236,236
post_138_237,1,0,infinite,EN,,O,237,0
post_138_237,1,1,scroll,EN,,O,237,1
post_138_237,1,2,kullanan,TR,,O,237,2
post_138_237,1,3,sitlerden,TR,,O,237,3
post_138_237,1,4,veri,TR,,O,237,4
post_138_237,1,5,çekme,TR,,O,237,5
post_138_237,1,6,konusunda,TR,,O,237,6
post_138_237,1,7,bilgisi,TR,,O,237,7
post_138_237,1,8,olan,TR,,O,237,8
post_138_237,1,9,varsa,TR,,O,237,9
post_138_237,1,10,yeşillendirirse,TR,,O,237,10
post_138_237,1,11,sevinirim,TR,,O,237,11
post_138_237,1,12,edit:,EN,,O,237,13
post_138_237,1,13,aşağıdaki,TR,,O,237,14
post_138_237,1,14,kod,TR,,O,237,15
post_138_237,1,15,ile,TR,,O,237,16
post_138_237,1,16,scroll,EN,,O,237,17
post_138_237,1,17,ediliyor,TR,,O,237,18
post_138_237,1,18,ancak,TR,,O,237,19
post_138_237,1,19,her,TR,,O,237,20
post_138_237,1,20,scrollda,MIXED,MIXED,O,237,21
post_138_237,1,21,veriyi,TR,,O,237,22
post_138_237,1,22,nasıl,TR,,O,237,23
post_138_237,1,23,toplabiliriz,TR,,O,237,24
post_138_237,1,24,acaba,TR,,O,237,25
post_138_237,1,25,tanım,TR,,O,237,47
post_138_237,1,26,infinite,EN,,O,237,49
post_138_237,1,27,scroll:,EN,,O,237,50
post_138_237,1,28,ınfinite,EN,,O,237,51
post_138_237,1,29,scroll,EN,,O,237,52
post_138_237,1,30,is,EN,,O,237,53
post_138_237,1,31,a,EN,,O,237,54
post_138_237,1,32,javascript,NE,,B-PROD,237,55
post_138_237,1,33,plugin,EN,,O,237,56
post_138_237,1,34,that,EN,,O,237,57
post_138_237,1,35,automatically,EN,,O,237,58
post_138_237,1,36,adds,EN,,O,237,59
post_138_237,1,37,the,EN,,O,237,60
post_138_237,1,38,next,EN,,O,237,61
post_138_237,1,39,"page,",EN,,O,237,62
post_138_237,1,40,saving,EN,,O,237,63
post_138_237,1,41,users,EN,,O,237,64
post_138_237,1,42,from,EN,,O,237,65
post_138_237,1,43,a,EN,,O,237,66
post_138_237,1,44,full,EN,,O,237,67
post_138_237,1,45,page,EN,,O,237,68
post_138_237,1,46,load,EN,,O,237,69
post_139_238,1,0,yırta,TR,,O,238,0
post_139_238,1,1,yırta,TR,,O,238,1
post_139_238,1,2,gülüyorum,TR,,O,238,2
post_139_238,1,3,anlamına,TR,,O,238,3
post_139_238,1,4,gelen,TR,,O,238,4
post_139_238,1,5,kısaltma,TR,,O,238,5
post_139_238,1,6,online,EN,,O,238,7
post_139_238,1,7,oyun,TR,,O,238,8
post_139_238,1,8,oynayan,TR,,O,238,9
post_139_238,1,9,elemanlar,TR,,O,238,10
post_139_238,1,10,için,TR,,O,238,11
post_139_238,1,11,noob,EN,,O,238,12
post_139_238,1,12,manası,TR,,O,238,13
post_139_238,1,13,taşır(mış);,TR,,O,238,14
post_139_238,1,14,olm,TR,,O,238,16
post_139_238,1,15,çok,TR,,O,238,17
post_139_238,1,16,lol'sun,MIXED,MIXED,O,238,18
post_139_238,1,17,lan,TR,,O,238,19
post_139_238,1,18,ne,TR,,O,238,22
post_139_238,1,19,alaka,TR,,O,238,23
post_139_238,1,20,hiç,TR,,O,238,26
post_139_238,1,21,anlamıyorsun,TR,,O,238,27
post_139_238,1,22,oyundan,TR,,O,238,28
post_139_238,1,23,lan,TR,,O,238,31
post_139_238,1,24,tamam,TR,,O,238,32
post_139_238,1,25,da,TR,,O,238,33
post_139_238,1,26,lol,EN,,O,238,34
post_139_238,1,27,olmak,TR,,O,238,35
post_139_238,1,28,ne,TR,,O,238,36
post_139_238,1,29,benimle,TR,,O,238,38
post_139_238,1,30,ne,TR,,O,238,39
post_139_238,1,31,alakası,TR,,O,238,40
post_139_238,1,32,var,TR,,O,238,41
post_139_238,1,33,lol,EN,,O,238,44
post_139_238,1,34,ne,TR,,O,238,45
post_139_238,1,35,demek,TR,,O,238,46
post_139_238,1,36,bilmiyor,TR,,O,238,47
post_139_238,1,37,musun,TR,,O,238,48
post_139_238,1,38,laughing,EN,,O,238,51
post_139_238,1,39,out,EN,,O,238,52
post_139_238,1,40,loud,EN,,O,238,53
post_139_238,1,41,o,TR,,O,238,56
post_139_238,1,42,ne,TR,,O,238,57
post_139_238,1,43,lan,TR,,O,238,58
post_139_238,1,44,kaba,TR,,O,238,61
post_139_238,1,45,etlerimle,TR,,O,238,62
post_139_238,1,46,gülüyorum,TR,,O,238,63
post_139_238,1,47,eheh,TR,,O,238,66
post_139_238,1,48,o,TR,,O,238,67
post_139_238,1,49,da,TR,,O,238,68
post_139_238,1,50,güzelmiş,TR,,O,238,69
post_139_238,1,51,de,TR,,O,238,70
post_139_238,1,52,değil,TR,,O,238,71
post_139_238,1,53,bi,TR,,O,238,73
post_139_238,1,54,bok,TR,,O,238,74
post_139_238,1,55,bilmeyen,TR,,O,238,75
post_139_238,1,56,hiç,TR,,O,238,76
post_139_238,1,57,bişeyden,TR,,O,238,77
post_139_238,1,58,anlamayan,TR,,O,238,78
post_139_238,1,59,demek,TR,,O,238,79
post_139_238,1,60,lol,EN,,O,238,80
post_139_238,1,61,hmm,TR,,O,238,83
post_139_238,1,62,sen,TR,,O,238,85
post_139_238,1,63,nerden,TR,,O,238,86
post_139_238,1,64,öğrendin,TR,,O,238,87
post_139_238,1,65,bunu,TR,,O,238,88
post_139_238,1,66,oyunda,TR,,O,238,91
post_139_238,1,67,ingiliz,NE,,B-OTHER,238,92
post_139_238,1,68,bi,TR,,O,238,93
post_139_238,1,69,çocuk,TR,,O,238,94
post_139_238,1,70,söyledi,TR,,O,238,95
post_139_238,1,71,sen,TR,,O,238,98
post_139_238,1,72,ingilizce,TR,,O,238,99
post_139_238,1,73,bilmeden,TR,,O,238,100
post_139_238,1,74,nasıl,TR,,O,238,101
post_139_238,1,75,konuştun,TR,,O,238,102
post_139_238,1,76,elemanla,TR,,O,238,103
post_139_238,1,77,yazını,TR,,O,238,107
post_139_238,1,78,istanbulda,NE,,B-LOC,238,108
post_139_238,1,79,geçirmiş,TR,,O,238,109
post_139_238,1,80,biliyor,TR,,O,238,111
post_139_238,1,81,türkçe,NE,,B-OTHER,238,112
post_139_238,1,82,küfür,TR,,O,238,114
post_139_238,1,83,bile,TR,,O,238,115
post_139_238,1,84,ediyor,TR,,O,238,116
post_139_238,1,85,hıyar,TR,,O,238,117
post_139_238,1,86,evet,TR,,O,238,120
post_139_238,1,87,çok,TR,,O,238,122
post_139_238,1,88,lol'muşum,EN,,O,238,123
post_139_238,1,89,kusuruma,TR,,O,238,124
post_139_238,1,90,bakma,TR,,O,238,125
post_139_238,1,91,lol,EN,,O,238,128
post_139_238,1,92,lütfen,TR,,O,238,130
post_139_238,1,93,sus,TR,,O,238,131
post_140_239,1,0,user,EN,,O,239,0
post_140_239,1,1,interface,EN,,O,239,1
post_140_239,1,2,tasarımı,TR,,O,239,3
post_140_239,1,3,konusunda,TR,,O,239,4
post_140_239,1,4,da,TR,,O,239,5
post_140_239,1,5,oldukça,TR,,O,239,6
post_140_239,1,6,faydalı,TR,,O,239,7
post_140_239,1,7,prompt,EN,,O,239,9
post_140_239,1,8,ne,TR,,O,239,10
post_140_239,1,9,kadar,TR,,O,239,11
post_140_239,1,10,detaylı,TR,,O,239,12
post_140_239,1,11,olursa,TR,,O,239,13
post_140_239,1,12,o,TR,,O,239,14
post_140_239,1,13,kadar,TR,,O,239,15
post_140_239,1,14,güzel,TR,,O,239,16
post_140_239,1,15,ui,EN,,O,239,17
post_140_239,1,16,tasarımları,TR,,O,239,18
post_140_239,1,17,elde,TR,,O,239,19
post_140_239,1,18,ediyorsunuz,TR,,O,239,20
post_140_239,1,19,görsel-1,TR,,O,239,22
post_140_239,1,20,görsel-2,TR,,O,239,23
post_141_240,1,0,front,EN,,O,240,0
post_141_240,1,1,end,EN,,O,240,1
post_141_240,1,2,developing'te,MIXED,MIXED,O,240,2
post_141_240,1,3,kendimi,TR,,O,240,3
post_141_240,1,4,"geliştirdim,",TR,,O,240,4
post_141_240,1,5,html,NE,,B-PROD,240,5
post_141_240,1,6,"css,",NE,,B-PROD,240,6
post_141_240,1,7,"js,",NE,,B-PROD,240,7
post_141_240,1,8,react,NE,,B-PROD,240,8
post_141_240,1,9,biliyorum,TR,,O,240,9
post_141_240,1,10,bir,TR,,O,240,11
post_141_240,1,11,mentöre,TR,,O,240,12
post_141_240,1,12,ihtiyacım,TR,,O,240,13
post_141_240,1,13,var,TR,,O,240,14
post_141_240,1,14,sevgili,TR,,O,240,15
post_141_240,1,15,romalılar,TR,,O,240,16
post_141_240,1,16,burdan,TR,,O,240,18
post_141_240,1,17,sonrası,TR,,O,240,19
post_141_240,1,18,için,TR,,O,240,20
post_141_240,1,19,ne,TR,,O,240,21
post_141_240,1,20,öğrenmeye,TR,,O,240,22
post_141_240,1,21,devam,TR,,O,240,23
post_141_240,1,22,edeyim,TR,,O,240,24
post_141_240,1,23,bilmiyorum,TR,,O,240,25
post_141_240,1,24,animasyonlarda,TR,,O,240,27
post_141_240,1,25,mı,TR,,O,240,28
post_141_240,1,26,"uzmanlaşayım,",TR,,O,240,29
post_141_240,1,27,react,NE,,B-PROD,240,30
post_141_240,1,28,native,NE,,I-PROD,240,31
post_141_240,1,29,mi,TR,,O,240,32
post_141_240,1,30,"öğreneyim,",TR,,O,240,33
post_141_240,1,31,backend'te,MIXED,MIXED,O,240,34
post_141_240,1,32,websocket'leri,MIXED,MIXED,O,240,35
post_141_240,1,33,falan,TR,,O,240,36
post_141_240,1,34,mı,TR,,O,240,37
post_141_240,1,35,"öğreneyim,",TR,,O,240,38
post_141_240,1,36,passport,NE,,B-PROD,240,39
post_141_240,1,37,js,NE,,I-PROD,240,40
post_141_240,1,38,mi,TR,,O,240,41
post_141_240,1,39,"bakayım,",TR,,O,240,42
post_141_240,1,40,firebase,NE,,B-PROD,240,43
post_141_240,1,41,ekosistemini,TR,,O,240,44
post_141_240,1,42,mi,TR,,O,240,45
post_141_240,1,43,"öğreneyim,",TR,,O,240,46
post_141_240,1,44,neyi,TR,,O,240,47
post_141_240,1,45,öğreneyim,TR,,O,240,48
post_141_240,1,46,öğrenecek,TR,,O,240,49
post_141_240,1,47,çok,TR,,O,240,50
post_141_240,1,48,şey,TR,,O,240,51
post_141_240,1,49,var,TR,,O,240,52
post_141_240,1,50,mentör,TR,,O,240,54
post_141_240,1,51,lazım,TR,,O,240,55
post_141_240,1,52,php,NE,,B-PROD,240,57
post_141_240,1,53,mi,TR,,O,240,58
post_141_240,1,54,öğreneyim,TR,,O,240,59
post_141_240,1,55,yoksa,TR,,O,240,60
post_141_240,1,56,react'te,NE,MIXED,O,240,61
post_141_240,1,57,iş,TR,,O,240,62
post_141_240,1,58,"yok,",TR,,O,240,63
post_141_240,1,59,self,EN,,O,240,64
post_141_240,1,60,taught,EN,,O,240,65
post_141_240,1,61,anca,TR,,O,240,66
post_141_240,1,62,php,NE,,B-PROD,240,67
post_141_240,1,63,wordpress,NE,,B-PROD,240,68
post_141_240,1,64,freelance,EN,,O,240,69
post_141_240,1,65,mi,TR,,O,240,70
post_141_240,1,66,iş,TR,,O,240,71
post_141_240,1,67,yapar,TR,,O,240,72
post_141_240,1,68,ne,TR,,O,240,73
post_141_240,1,69,bileyim,TR,,O,240,74
post_141_240,1,70,ben,TR,,O,240,75
post_141_240,1,71,ne,TR,,O,240,76
post_141_240,1,72,yapar,TR,,O,240,77
post_141_240,1,73,laravel,NE,,B-PROD,240,79
post_141_240,1,74,mi,TR,,O,240,80
post_141_240,1,75,baksam,TR,,O,240,81
post_141_240,1,76,shopify,NE,,B-PROD,240,82
post_141_240,1,77,liquid,NE,,I-PROD,240,83
post_141_240,1,78,mi,TR,,O,240,84
post_141_240,1,79,edit,EN,,O,240,86
post_141_240,1,80,gelen,TR,,O,240,87
post_141_240,1,81,tavsiyeleri,TR,,O,240,88
post_141_240,1,82,yazıyorum,TR,,O,240,89
post_141_240,1,83,mern,NE,,B-PROD,240,91
post_141_240,1,84,stack,NE,,I-PROD,240,92
post_141_240,1,85,"mongo,",NE,,B-PROD,240,93
post_141_240,1,86,"express,",NE,,B-PROD,240,94
post_141_240,1,87,"react,",NE,,B-PROD,240,95
post_141_240,1,88,node,NE,,B-PROD,240,96
post_141_240,1,89,öğrenmeye,TR,,O,240,97
post_141_240,1,90,odaklan,TR,,O,240,98
post_141_240,1,91,bu,TR,,O,240,100
post_141_240,1,92,sayede,TR,,O,240,101
post_141_240,1,93,full-stack,EN,,O,240,102
post_141_240,1,94,gelistirme,TR,,O,240,103
post_141_240,1,95,yaparsın,TR,,O,240,104
post_141_240,1,96,codepen,NE,,B-PROD,240,107
post_141_240,1,97,veya,TR,,O,240,108
post_141_240,1,98,github'ta,NE,MIXED,B-PROD,240,109
post_141_240,1,99,projelerin,TR,,O,240,110
post_141_240,1,100,olsun,TR,,O,240,111
post_141_240,1,101,bir,TR,,O,240,113
post_141_240,1,102,trivia,EN,,O,240,114
post_141_240,1,103,app,EN,,O,240,115
post_141_240,1,104,uyguluması,TR,,O,240,116
post_141_240,1,105,yapmıştım,TR,,O,240,117
post_141_240,1,106,onu,TR,,O,240,119
post_141_240,1,107,geliştirebilirmişim,TR,,O,240,120
post_141_240,1,108,progress,EN,,O,240,121
post_141_240,1,109,"bar,",EN,,O,240,122
post_141_240,1,110,"leaderboard,",EN,,O,240,123
post_141_240,1,111,başka,TR,,O,240,124
post_141_240,1,112,estetik,TR,,O,240,125
post_141_240,1,113,"detaylar,",TR,,O,240,126
post_141_240,1,114,belki,TR,,O,240,127
post_141_240,1,115,puan,TR,,O,240,128
post_141_240,1,116,sistemi,TR,,O,240,129
post_141_240,1,117,eklenebilir,TR,,O,240,130
post_141_240,1,118,trivia,EN,,O,240,132
post_141_240,1,119,apı,EN,,O,240,133
post_141_240,1,120,den,TR,,O,240,134
post_141_240,1,121,soruları,TR,,O,240,135
post_141_240,1,122,çekiyor,TR,,O,240,136
post_141_240,1,123,sitesine,TR,,O,240,140
post_141_240,1,124,göz,TR,,O,240,141
post_141_240,1,125,"at,",TR,,O,240,142
post_141_240,1,126,incele,TR,,O,240,143
post_141_240,1,127,frontend,EN,,O,240,145
post_141_240,1,128,düşünüyorsan,TR,,O,240,146
post_141_240,1,129,vue,NE,,B-PROD,240,147
post_141_240,1,130,angular,NE,,B-PROD,240,148
post_141_240,1,131,ssr,EN,,O,240,149
post_141_240,1,132,nuxt,NE,,B-PROD,240,150
post_141_240,1,133,vb,TR,,O,240,151
post_141_240,1,134,full,EN,,O,240,152
post_141_240,1,135,full,EN,,O,240,153
post_141_240,1,136,stack,EN,,O,240,154
post_141_240,1,137,düşünüyorsan,TR,,O,240,155
post_141_240,1,138,node,NE,,B-PROD,240,156
post_141_240,1,139,express,NE,,B-PROD,240,157
post_141_240,1,140,nest,NE,,B-PROD,240,158
post_141_240,1,141,vb)'a,TR,,O,240,159
post_141_240,1,142,odaklan,TR,,O,240,160
post_141_240,1,143,bunları,TR,,O,240,161
post_141_240,1,144,emin,TR,,O,240,162
post_141_240,1,145,adımlarla,TR,,O,240,163
post_141_240,1,146,"öğren,",TR,,O,240,164
post_141_240,1,147,mevn,NE,,B-PROD,240,165
post_141_240,1,148,mern,NE,,B-PROD,240,166
post_141_240,1,149,mean,NE,,B-PROD,240,167
post_141_240,1,150,app,EN,,O,240,168
post_141_240,1,151,işi,TR,,O,240,169
post_141_240,1,152,senden,TR,,O,240,170
post_141_240,1,153,sorulsun,TR,,O,240,171
post_141_240,1,154,pwa,EN,,O,240,172
post_141_240,1,155,docker,NE,,B-PROD,240,173
post_141_240,1,156,"kubernetes,",NE,,B-PROD,240,175
post_141_240,1,157,bunları,TR,,O,240,176
post_141_240,1,158,da,TR,,O,240,177
post_141_240,1,159,bilirsen,TR,,O,240,178
post_141_240,1,160,fazladan,TR,,O,240,179
post_141_240,1,161,artı,TR,,O,240,180
post_141_240,1,162,kazandırır,TR,,O,240,181
post_141_240,1,163,tadından,TR,,O,240,183
post_141_240,1,164,yenmez,TR,,O,240,184
post_142_241,1,0,belirli,TR,,O,241,0
post_142_241,1,1,bir,TR,,O,241,1
post_142_241,1,2,gelir,TR,,O,241,2
post_142_241,1,3,modeli,TR,,O,241,3
post_142_241,1,4,olmayan,TR,,O,241,4
post_142_241,1,5,mobil,TR,,O,241,5
post_142_241,1,6,bir,TR,,O,241,6
post_142_241,1,7,aplikasyona,TR,,O,241,7
post_142_241,1,8,milyar,TR,,O,241,9
post_142_241,1,9,dolar,TR,,O,241,10
post_142_241,1,10,anasının,TR,,O,241,12
post_142_241,1,11,amcığı,TR,,O,241,13
post_142_241,1,12,diyorum,TR,,O,241,14
post_142_241,1,13,sevgili,TR,,O,241,15
post_142_241,1,14,seyirciler,TR,,O,241,16
post_142_241,1,15,bu,TR,,O,241,18
post_142_241,1,16,aslında,TR,,O,241,19
post_142_241,1,17,bir,TR,,O,241,20
post_142_241,1,18,gövde,TR,,O,241,21
post_142_241,1,19,gösterisidir,TR,,O,241,22
post_142_241,1,20,google+,NE,,B-PROD,241,24
post_142_241,1,21,gidip,TR,,O,241,25
post_142_241,1,22,kontra,TR,,O,241,26
post_142_241,1,23,olarak,TR,,O,241,27
post_142_241,1,24,pinterest'i,NE,MIXED,B-PROD,241,28
post_142_241,1,25,alsın,TR,,O,241,29
post_142_241,1,26,empire,EN,,O,241,31
post_142_241,1,27,strikes,EN,,O,241,32
post_142_241,1,28,back,EN,,O,241,33
post_142_241,1,29,deriz,TR,,O,241,35
post_143_242,1,0,yâ,TR,,O,242,0
post_143_242,1,1,"reklam,",TR,,O,242,1
post_143_242,1,2,yâ,TR,,O,242,2
post_143_242,1,3,acil,TR,,O,242,3
post_143_242,1,4,numaralar,TR,,O,242,4
post_143_242,1,5,$eysi,TR,,O,242,5
post_143_242,1,6,yâ,TR,,O,242,6
post_143_242,1,7,da,TR,,O,242,7
post_143_242,1,8,saklı,TR,,O,242,8
post_143_242,1,9,sevgililere,TR,,O,242,9
post_143_242,1,10,selâm,TR,,O,242,10
post_143_242,1,11,bilgisayar,TR,,O,242,12
post_143_242,1,12,önünden,TR,,O,242,13
post_143_242,1,13,ayrılmayan,TR,,O,242,14
post_143_242,1,14,yâ,TR,,O,242,15
post_143_242,1,15,da,TR,,O,242,16
post_143_242,1,16,kulağından,TR,,O,242,17
post_143_242,1,17,cep,TR,,O,242,18
post_143_242,1,18,telefonu,TR,,O,242,19
post_143_242,1,19,inmeyen,TR,,O,242,20
post_143_242,1,20,akrabalar,TR,,O,242,21
post_143_242,1,21,arası,TR,,O,242,22
post_143_242,1,22,iletişim,TR,,O,242,23
post_143_242,1,23,ile,TR,,O,242,24
post_143_242,1,24,gazetelerin,TR,,O,242,25
post_143_242,1,25,bak,TR,,O,242,26
post_143_242,1,26,yeni,TR,,O,242,27
post_143_242,1,27,yayinladıklarımızı,TR,,O,242,28
post_143_242,1,28,ânında,TR,,O,242,29
post_143_242,1,29,cebinden,TR,,O,242,30
post_143_242,1,30,öğren,TR,,O,242,31
post_143_242,1,31,durumları,TR,,O,242,32
post_143_242,1,32,dışında,TR,,O,242,33
post_143_242,1,33,"""bana",TR,,O,242,34
post_143_242,1,34,twittîrda,NE,MIXED,B-PROD,242,35
post_143_242,1,35,ne,TR,,O,242,36
post_143_242,1,36,yaptığını,TR,,O,242,37
post_143_242,1,37,değil,TR,,O,242,38
post_143_242,1,38,ne,TR,,O,242,39
post_143_242,1,39,sattığını,TR,,O,242,40
post_143_242,1,40,yâ,TR,,O,242,41
post_143_242,1,41,da,TR,,O,242,42
post_143_242,1,42,ne,TR,,O,242,43
post_143_242,1,43,kurtardığını,TR,,O,242,44
post_143_242,1,44,"söyle""",TR,,O,242,45
post_143_242,1,45,atasözünü,TR,,O,242,46
post_143_242,1,46,hatırlatan,TR,,O,242,47
post_143_242,1,47,oluşum,TR,,O,242,48
post_143_242,1,48,"""follow",EN,,O,242,50
post_143_242,1,49,me,EN,,O,242,51
post_143_242,1,50,on,EN,,O,242,52
post_143_242,1,51,"twitter!""",EN,,O,242,53
post_143_242,1,52,(bkz:,TR,,O,242,54
post_143_242,1,53,feysbuk'ta,NE,,B-PROD,242,55
post_143_242,1,54,üçü,TR,,O,242,56
post_143_242,1,55,bir,TR,,O,242,57
post_143_242,1,56,arada),TR,,O,242,58
post_143_242,1,57,sizin,TR,,O,242,59
post_143_242,1,58,gibi,TR,,O,242,60
post_143_242,1,59,öncü,TR,,O,242,61
post_143_242,1,60,"olacağıma,",TR,,O,242,62
post_143_242,1,61,gerici,TR,,O,242,63
post_143_242,1,62,olurum,TR,,O,242,64
post_143_242,1,63,daha,TR,,O,242,65
post_143_242,1,64,iyi,TR,,O,242,66
post_144_243,1,0,bir,TR,,O,243,0
post_144_243,1,1,turlu,TR,,O,243,1
post_144_243,1,2,isinamadigim,TR,,O,243,2
post_144_243,1,3,mekan,TR,,O,243,3
post_144_243,1,4,icindekilerin,TR,,O,243,5
post_144_243,1,5,yapmacikligindan,TR,,O,243,6
post_144_243,1,6,oturu,TR,,O,243,7
post_144_243,1,7,galiba,TR,,O,243,8
post_144_243,1,8,ben,TR,,O,243,10
post_144_243,1,9,zaten,TR,,O,243,11
post_144_243,1,10,kendimi,TR,,O,243,12
post_144_243,1,11,satmayi,TR,,O,243,13
post_144_243,1,12,"beceremem,",TR,,O,243,14
post_144_243,1,13,sevmem,TR,,O,243,15
post_144_243,1,14,de;,TR,,O,243,16
post_144_243,1,15,hatta,TR,,O,243,17
post_144_243,1,16,cogu,TR,,O,243,18
post_144_243,1,17,zaman,TR,,O,243,19
post_144_243,1,18,imposter,EN,,O,243,20
post_144_243,1,19,syndrome'un,MIXED,MIXED,O,243,21
post_144_243,1,20,derin,TR,,O,243,22
post_144_243,1,21,sularinda,TR,,O,243,23
post_144_243,1,22,vurgun,TR,,O,243,24
post_144_243,1,23,yemis,TR,,O,243,25
post_144_243,1,24,gibi,TR,,O,243,26
post_144_243,1,25,dolanirim,TR,,O,243,27
post_144_243,1,26,"da,",TR,,O,243,28
post_144_243,1,27,burada,TR,,O,243,29
post_144_243,1,28,neredeyse,TR,,O,243,30
post_144_243,1,29,dunyayi,TR,,O,243,31
post_144_243,1,30,kurtaranlari,TR,,O,243,32
post_144_243,1,31,gordukce,TR,,O,243,33
post_144_243,1,32,daha,TR,,O,243,34
post_144_243,1,33,da,TR,,O,243,35
post_144_243,1,34,koseme,TR,,O,243,36
post_144_243,1,35,cekilip,TR,,O,243,37
post_144_243,1,36,depresyona,TR,,O,243,38
post_144_243,1,37,giresim,TR,,O,243,39
post_144_243,1,38,geliyor,TR,,O,243,40
post_144_243,1,39,sonra,TR,,O,243,42
post_144_243,1,40,aciyorum,TR,,O,243,43
post_144_243,1,41,bir,TR,,O,243,44
post_144_243,1,42,fanta,TR,,O,243,45
post_144_243,1,43,geciyor,TR,,O,243,46
post_144_243,1,44,(bkz:,TR,,O,243,48
post_144_243,1,45,is,EN,,O,243,49
post_144_243,1,46,this,EN,,O,243,50
post_144_243,1,47,the,EN,,O,243,51
post_144_243,1,48,real,EN,,O,243,52
post_144_243,1,49,life,EN,,O,243,53
post_144_243,1,50,is,EN,,O,243,54
post_144_243,1,51,this,EN,,O,243,55
post_144_243,1,52,just,EN,,O,243,56
post_144_243,1,53,fanta,NE,,B-PROD,243,57
post_144_243,1,54,sea),EN,,O,243,58
post_145_244,1,0,bu,TR,,O,244,0
post_145_244,1,1,aralar,TR,,O,244,1
post_145_244,1,2,fazla,TR,,O,244,2
post_145_244,1,3,takilmis,TR,,O,244,3
post_145_244,1,4,olacam,TR,,O,244,4
post_145_244,1,5,"ki,",TR,,O,244,5
post_145_244,1,6,artik,TR,,O,244,6
post_145_244,1,7,hergun,TR,,O,244,7
post_145_244,1,8,gordugum,TR,,O,244,8
post_145_244,1,9,insalari,TR,,O,244,9
post_145_244,1,10,da,TR,,O,244,10
post_145_244,1,11,"""we",EN,,O,244,11
post_145_244,1,12,worked,EN,,O,244,12
post_145_244,1,13,"together""",EN,,O,244,13
post_145_244,1,14,"""we",EN,,O,244,14
post_145_244,1,15,went,EN,,O,244,15
post_145_244,1,16,to,EN,,O,244,16
post_145_244,1,17,college,EN,,O,244,17
post_145_244,1,18,"together""",EN,,O,244,18
post_145_244,1,19,"""i",EN,,O,244,19
post_145_244,1,20,know,EN,,O,244,20
post_145_244,1,21,her,EN,,O,244,21
post_145_244,1,22,through,EN,,O,244,22
post_145_244,1,23,a,EN,,O,244,23
post_145_244,1,24,"friend""",EN,,O,244,24
post_145_244,1,25,vs,TR,,O,244,25
post_145_244,1,26,seklinde,TR,,O,244,27
post_145_244,1,27,siniflandirmama,TR,,O,244,28
post_145_244,1,28,neden,TR,,O,244,29
post_145_244,1,29,olan,TR,,O,244,30
post_145_244,1,30,site,TR,,O,244,31
post_146_245,1,0,üniversitede,TR,,O,245,0
post_146_245,1,1,yurtsever,TR,,O,245,1
post_146_245,1,2,cephe,TR,,O,245,2
post_146_245,1,3,üyesi,TR,,O,245,3
post_146_245,1,4,olup,TR,,O,245,4
post_146_245,1,5,okul,TR,,O,245,5
post_146_245,1,6,biter,TR,,O,245,6
post_146_245,1,7,bitmez,TR,,O,245,7
post_146_245,1,8,finansal,TR,,O,245,8
post_146_245,1,9,danışmanlık,TR,,O,245,9
post_146_245,1,10,şirketi,TR,,O,245,10
post_146_245,1,11,kuranları,TR,,O,245,11
post_146_245,1,12,görmem,TR,,O,245,12
post_146_245,1,13,açısından,TR,,O,245,13
post_146_245,1,14,eğlenceli,TR,,O,245,14
post_146_245,1,15,bir,TR,,O,245,15
post_146_245,1,16,habitat,TR,,O,245,16
post_146_245,1,17,kendisi,TR,,O,245,17
post_146_245,1,18,yalnız,TR,,O,245,19
post_146_245,1,19,geçenlerde,TR,,O,245,20
post_146_245,1,20,çıkarttığı,TR,,O,245,21
post_146_245,1,21,"""endorse",EN,,O,245,22
post_146_245,1,22,"me""",EN,,O,245,23
post_146_245,1,23,fasilitesiyle,TR,,O,245,24
post_146_245,1,24,insanın,TR,,O,245,25
post_146_245,1,25,üstünde,TR,,O,245,26
post_146_245,1,26,adeta,TR,,O,245,27
post_146_245,1,27,psikolojik,TR,,O,245,28
post_146_245,1,28,baskı,TR,,O,245,29
post_146_245,1,29,yapıyor,TR,,O,245,30
post_146_245,1,30,birçok,TR,,O,245,32
post_146_245,1,31,sosyal,TR,,O,245,33
post_146_245,1,32,medya,TR,,O,245,34
post_146_245,1,33,sitesinde,TR,,O,245,35
post_146_245,1,34,takınılan,TR,,O,245,36
post_146_245,1,35,bir,TR,,O,245,37
post_146_245,1,36,süre,TR,,O,245,38
post_146_245,1,37,ortalarda,TR,,O,245,39
post_146_245,1,38,"görünmeme,",TR,,O,245,40
post_146_245,1,39,sign,EN,,O,245,41
post_146_245,1,40,in,EN,,O,245,42
post_146_245,1,41,yapmamış,TR,,O,245,43
post_146_245,1,42,izlenimi,TR,,O,245,44
post_146_245,1,43,verme',TR,,O,245,45
post_146_245,1,44,tavrı,TR,,O,245,46
post_146_245,1,45,burada,TR,,O,245,47
post_146_245,1,46,da,TR,,O,245,48
post_146_245,1,47,ciddi,TR,,O,245,49
post_146_245,1,48,bir,TR,,O,245,50
post_146_245,1,49,kafa,TR,,O,245,51
post_146_245,1,50,rahatlığı,TR,,O,245,52
post_146_245,1,51,sağlıyor,TR,,O,245,53
post_146_245,1,52,bu,TR,,O,245,54
post_146_245,1,53,bakımdan,TR,,O,245,55
post_147_246,1,0,apple’ın,NE,MIXED,B-ORG,246,0
post_147_246,1,1,güzide,TR,,O,246,1
post_147_246,1,2,bir,TR,,O,246,2
post_147_246,1,3,iphone,NE,,B-PROD,246,3
post_147_246,1,4,içi,TR,,O,246,4
post_147_246,1,5,uygulaması,TR,,O,246,5
post_147_246,1,6,sanırım,TR,,O,246,7
post_147_246,1,7,ios,NE,,B-PROD,246,8
post_147_246,1,8,17’le,NE,MIXED,I-PROD,246,9
post_147_246,1,9,birlikte,TR,,O,246,10
post_147_246,1,10,geldi,TR,,O,246,11
post_147_246,1,11,ya,TR,,O,246,12
post_147_246,1,12,da,TR,,O,246,13
post_147_246,1,13,bir,TR,,O,246,14
post_147_246,1,14,önceki,TR,,O,246,15
post_147_246,1,15,güncellemeyle,TR,,O,246,16
post_147_246,1,16,kendinize,TR,,O,246,18
post_147_246,1,17,günlük,TR,,O,246,19
post_147_246,1,18,yürüyüş,TR,,O,246,20
post_147_246,1,19,limiti,TR,,O,246,21
post_147_246,1,20,seçip,TR,,O,246,22
post_147_246,1,21,her,TR,,O,246,23
post_147_246,1,22,gün,TR,,O,246,24
post_147_246,1,23,halka,TR,,O,246,25
post_147_246,1,24,kapatmanıza,TR,,O,246,26
post_147_246,1,25,vesile,TR,,O,246,27
post_147_246,1,26,olduğu,TR,,O,246,28
post_147_246,1,27,"gibi,",TR,,O,246,29
post_147_246,1,28,bu,TR,,O,246,30
post_147_246,1,29,tarz,TR,,O,246,31
post_147_246,1,30,uygulamalarda,TR,,O,246,32
post_147_246,1,31,türkçe,NE,,B-OTHER,246,33
post_147_246,1,32,desteğinin,TR,,O,246,34
post_147_246,1,33,sağlanması,TR,,O,246,35
post_147_246,1,34,bence,TR,,O,246,36
post_147_246,1,35,çok,TR,,O,246,37
post_147_246,1,36,güzel,TR,,O,246,38
post_147_246,1,37,bir,TR,,O,246,39
post_147_246,1,38,şey,TR,,O,246,40
post_147_246,1,39,ben,TR,,O,246,42
post_147_246,1,40,mesela,TR,,O,246,43
post_147_246,1,41,yürüyüş,TR,,O,246,44
post_147_246,1,42,(ve,TR,,O,246,45
post_147_246,1,43,koşu),TR,,O,246,46
post_147_246,1,44,"delisiyimdir,",TR,,O,246,47
post_147_246,1,45,ay,TR,,O,246,48
post_147_246,1,46,boyunca,TR,,O,246,49
post_147_246,1,47,o,TR,,O,246,50
post_147_246,1,48,kadar,TR,,O,246,51
post_147_246,1,49,halka,TR,,O,246,52
post_147_246,1,50,kapatıyorum,TR,,O,246,53
post_147_246,1,51,"ki,",TR,,O,246,54
post_147_246,1,52,bu,TR,,O,246,55
post_147_246,1,53,uygulamada,TR,,O,246,56
post_147_246,1,54,bana,TR,,O,246,57
post_147_246,1,55,devamlı,TR,,O,246,58
post_147_246,1,56,dijital,TR,,O,246,59
post_147_246,1,57,madalya,TR,,O,246,60
post_147_246,1,58,veriyorlar,TR,,O,246,61
post_147_246,1,59,tabii,TR,,O,246,63
post_147_246,1,60,gerçek,TR,,O,246,64
post_147_246,1,61,hayatta,TR,,O,246,65
post_147_246,1,62,da,TR,,O,246,66
post_147_246,1,63,adresime,TR,,O,246,67
post_147_246,1,64,bir,TR,,O,246,68
post_147_246,1,65,tane,TR,,O,246,69
post_147_246,1,66,gönderseler,TR,,O,246,70
post_147_246,1,67,fena,TR,,O,246,71
post_147_246,1,68,olmazdı,TR,,O,246,72
post_147_246,1,69,"asdfjfkdl,",TR,,O,246,73
post_147_246,1,70,ama,TR,,O,246,74
post_147_246,1,71,o,TR,,O,246,75
post_147_246,1,72,kategoriye,TR,,O,246,76
post_147_246,1,73,girip,TR,,O,246,77
post_147_246,1,74,her,TR,,O,246,78
post_147_246,1,75,bir,TR,,O,246,79
post_147_246,1,76,madalyayı,TR,,O,246,80
post_147_246,1,77,"incelemek,",TR,,O,246,81
post_147_246,1,78,arkalarındaki,TR,,O,246,82
post_147_246,1,79,türkçe,NE,,B-OTHER,246,83
post_147_246,1,80,yazılar,TR,,O,246,84
post_147_246,1,81,(‘mayıs,TR,,O,246,85
post_147_246,1,82,2024’te,TR,,O,246,86
post_147_246,1,83,kazanıldı’,TR,,O,246,87
post_147_246,1,84,"vb),",TR,,O,246,88
post_147_246,1,85,yazıların,TR,,O,246,89
post_147_246,1,86,"parıltıları,",TR,,O,246,90
post_147_246,1,87,madalyayı,TR,,O,246,91
post_147_246,1,88,oynattıkça,TR,,O,246,92
post_147_246,1,89,ayna,TR,,O,246,93
post_147_246,1,90,gibi,TR,,O,246,94
post_147_246,1,91,yansımalar,TR,,O,246,95
post_147_246,1,92,falan,TR,,O,246,96
post_147_246,1,93,adamlar,TR,,O,246,98
post_147_246,1,94,detaya,TR,,O,246,99
post_147_246,1,95,uğraşmış,TR,,O,246,100
post_147_246,1,96,"oğlum,",TR,,O,246,101
post_147_246,1,97,elinde,TR,,O,246,102
post_147_246,1,98,madalya,TR,,O,246,103
post_147_246,1,99,tutarmışsın,TR,,O,246,104
post_147_246,1,100,gibi,TR,,O,246,105
post_147_246,1,101,(o,TR,,O,246,106
post_147_246,1,102,kadar,TR,,O,246,107
post_147_246,1,103,gerçekçi,TR,,O,246,108
post_147_246,1,104,değil,TR,,O,246,109
post_147_246,1,105,belki,TR,,O,246,110
post_147_246,1,106,ama,TR,,O,246,111
post_147_246,1,107,"olsun,",TR,,O,246,112
post_147_246,1,108,grafikler,TR,,O,246,113
post_147_246,1,109,ve,TR,,O,246,114
post_147_246,1,110,detaylar,TR,,O,246,115
post_147_246,1,111,pek,TR,,O,246,116
post_147_246,1,112,hoş),TR,,O,246,117
post_147_246,1,113,bu,TR,,O,246,119
post_147_246,1,114,uygulamaya,TR,,O,246,120
post_147_246,1,115,ve,TR,,O,246,121
post_147_246,1,116,bu,TR,,O,246,122
post_147_246,1,117,verilen,TR,,O,246,123
post_147_246,1,118,"madalyalara,",TR,,O,246,124
post_147_246,1,119,madalya,TR,,O,246,125
post_147_246,1,120,arkasına,TR,,O,246,126
post_147_246,1,121,kazınan,TR,,O,246,127
post_147_246,1,122,türkçe,NE,,B-OTHER,246,128
post_147_246,1,123,laflara,TR,,O,246,129
post_147_246,1,124,kim,TR,,O,246,130
post_147_246,1,125,ne,TR,,O,246,131
post_147_246,1,126,kadar,TR,,O,246,132
post_147_246,1,127,dikkat,TR,,O,246,133
post_147_246,1,128,ediyor,TR,,O,246,134
post_147_246,1,129,"bilmiyorum,",TR,,O,246,135
post_147_246,1,130,ama,TR,,O,246,136
post_147_246,1,131,güzel,TR,,O,246,137
post_147_246,1,132,bir,TR,,O,246,138
post_147_246,1,133,şey,TR,,O,246,139
post_147_246,1,134,lan,TR,,O,246,140
post_147_246,1,135,kullanmıyorsanız,TR,,O,246,143
post_147_246,1,136,da,TR,,O,246,144
post_147_246,1,137,kullanın,TR,,O,246,145
post_147_246,1,138,bu,TR,,O,246,146
post_147_246,1,139,fitness,EN,,O,246,147
post_147_246,1,140,uygulamasını,TR,,O,246,148
post_147_246,1,141,bence,TR,,O,246,149
post_147_246,1,142,fit,NE,,O,246,151
post_147_246,1,143,olursunuz,TR,,O,246,152
post_147_246,1,144,yani,TR,,O,246,153
post_147_246,1,145,sığarsınız,TR,,O,246,154
post_147_246,1,146,işte,TR,,O,246,155
post_147_246,1,147,kendinize,TR,,O,246,158
post_147_246,1,148,yürüyüş,TR,,O,246,159
post_147_246,1,149,limiti,TR,,O,246,160
post_147_246,1,150,belirleyin,TR,,O,246,161
post_147_246,1,151,ve,TR,,O,246,162
post_147_246,1,152,her,TR,,O,246,163
post_147_246,1,153,gün,TR,,O,246,164
post_147_246,1,154,o,TR,,O,246,165
post_147_246,1,155,halkaları,TR,,O,246,166
post_147_246,1,156,kapatın,TR,,O,246,167
post_147_246,1,157,bazen,TR,,O,246,169
post_147_246,1,158,konfeti,TR,,O,246,170
post_147_246,1,159,falan,TR,,O,246,171
post_147_246,1,160,bile,TR,,O,246,172
post_147_246,1,161,patlatıyorlar,TR,,O,246,173
post_147_246,1,162,uygulama,TR,,O,246,174
post_147_246,1,163,"içinde,",TR,,O,246,175
post_147_246,1,164,insan,TR,,O,246,176
post_147_246,1,165,kendini,TR,,O,246,177
post_147_246,1,166,hakikaten,TR,,O,246,178
post_147_246,1,167,koşuda,TR,,O,246,179
post_147_246,1,168,kazanmış,TR,,O,246,180
post_147_246,1,169,atlet,TR,,O,246,181
post_147_246,1,170,gibi,TR,,O,246,182
post_147_246,1,171,hissediyor,TR,,O,246,183
post_148_247,1,0,maaşınızdan,TR,,O,247,0
post_148_247,1,1,ve,TR,,O,247,1
post_148_247,1,2,çalışma,TR,,O,247,2
post_148_247,1,3,koşullarınızdan,TR,,O,247,3
post_148_247,1,4,"memnunsanız,",TR,,O,247,4
post_148_247,1,5,bulaşmamanız,TR,,O,247,5
post_148_247,1,6,gereken,TR,,O,247,6
post_148_247,1,7,bir,TR,,O,247,7
post_148_247,1,8,iş,TR,,O,247,8
post_148_247,1,9,modelidir,TR,,O,247,9
post_148_247,1,10,freelance,EN,,O,247,11
post_148_247,1,11,hakkında,TR,,O,247,12
post_148_247,1,12,kimsenin,TR,,O,247,13
post_148_247,1,13,söylemeyeceği,TR,,O,247,14
post_148_247,1,14,ipuçları,TR,,O,247,15
post_149_248,1,0,the,NE,,B-TITLE,248,0
post_149_248,1,1,origin,NE,,I-TITLE,248,1
post_149_248,1,2,of,NE,,I-TITLE,248,2
post_149_248,1,3,love'da,MIXED,MIXED,I-TITLE,248,3
post_149_248,1,4,çok,TR,,O,248,4
post_149_248,1,5,güzel,TR,,O,248,5
post_149_248,1,6,tanımlanmış,TR,,O,248,6
post_149_248,1,7,duygu:,TR,,O,248,7
post_149_248,1,8,last,EN,,O,248,8
post_149_248,1,9,time,EN,,O,248,9
post_149_248,1,10,i,EN,,O,248,10
post_149_248,1,11,saw,EN,,O,248,11
post_149_248,1,12,"u,",EN,,O,248,12
post_149_248,1,13,we,EN,,O,248,13
post_149_248,1,14,had,EN,,O,248,14
post_149_248,1,15,just,EN,,O,248,15
post_149_248,1,16,split,EN,,O,248,16
post_149_248,1,17,in,EN,,O,248,17
post_149_248,1,18,two,EN,,O,248,18
post_149_248,1,19,u,EN,,O,248,20
post_149_248,1,20,were,EN,,O,248,21
post_149_248,1,21,looking,EN,,O,248,22
post_149_248,1,22,at,EN,,O,248,23
post_149_248,1,23,"me,",EN,,O,248,24
post_149_248,1,24,i,EN,,O,248,25
post_149_248,1,25,was,EN,,O,248,26
post_149_248,1,26,looking,EN,,O,248,27
post_149_248,1,27,at,EN,,O,248,28
post_149_248,1,28,u,EN,,O,248,29
post_149_248,1,29,u,EN,,O,248,31
post_149_248,1,30,had,EN,,O,248,32
post_149_248,1,31,a,EN,,O,248,33
post_149_248,1,32,way,EN,,O,248,34
post_149_248,1,33,so,EN,,O,248,35
post_149_248,1,34,"familiar,",EN,,O,248,36
post_149_248,1,35,but,EN,,O,248,37
post_149_248,1,36,i,EN,,O,248,38
post_149_248,1,37,could,EN,,O,248,39
post_149_248,1,38,not,EN,,O,248,40
post_149_248,1,39,"recognize,",EN,,O,248,41
post_149_248,1,40,cause,EN,,O,248,42
post_149_248,1,41,u,EN,,O,248,43
post_149_248,1,42,had,EN,,O,248,44
post_149_248,1,43,blood,EN,,O,248,45
post_149_248,1,44,on,EN,,O,248,46
post_149_248,1,45,your,EN,,O,248,47
post_149_248,1,46,"face,",EN,,O,248,48
post_149_248,1,47,i,EN,,O,248,49
post_149_248,1,48,had,EN,,O,248,50
post_149_248,1,49,blood,EN,,O,248,51
post_149_248,1,50,in,EN,,O,248,52
post_149_248,1,51,my,EN,,O,248,53
post_149_248,1,52,eyes,EN,,O,248,54
post_149_248,1,53,but,EN,,O,248,56
post_149_248,1,54,i,EN,,O,248,57
post_149_248,1,55,could,EN,,O,248,58
post_149_248,1,56,swear,EN,,O,248,59
post_149_248,1,57,by,EN,,O,248,60
post_149_248,1,58,your,EN,,O,248,61
post_149_248,1,59,expression,EN,,O,248,62
post_149_248,1,60,that,EN,,O,248,63
post_149_248,1,61,the,EN,,O,248,64
post_149_248,1,62,pain,EN,,O,248,65
post_149_248,1,63,down,EN,,O,248,66
post_149_248,1,64,in,EN,,O,248,67
post_149_248,1,65,your,EN,,O,248,68
post_149_248,1,66,soul,EN,,O,248,69
post_149_248,1,67,was,EN,,O,248,70
post_149_248,1,68,the,EN,,O,248,71
post_149_248,1,69,same,EN,,O,248,72
post_149_248,1,70,as,EN,,O,248,73
post_149_248,1,71,the,EN,,O,248,74
post_149_248,1,72,one,EN,,O,248,75
post_149_248,1,73,down,EN,,O,248,76
post_149_248,1,74,in,EN,,O,248,77
post_149_248,1,75,mine,EN,,O,248,78
post_149_248,1,76,that's,EN,,O,248,80
post_149_248,1,77,the,EN,,O,248,81
post_149_248,1,78,"pain,",EN,,O,248,82
post_149_248,1,79,cuts,EN,,O,248,83
post_149_248,1,80,a,EN,,O,248,84
post_149_248,1,81,straight,EN,,O,248,85
post_149_248,1,82,line,EN,,O,248,86
post_149_248,1,83,down,EN,,O,248,87
post_149_248,1,84,through,EN,,O,248,88
post_149_248,1,85,the,EN,,O,248,89
post_149_248,1,86,heart;,EN,,O,248,90
post_149_248,1,87,we,EN,,O,248,91
post_149_248,1,88,called,EN,,O,248,92
post_149_248,1,89,it,EN,,O,248,93
post_149_248,1,90,"""love""",EN,,O,248,94
post_149_248,1,91,başlarda,TR,,O,248,96
post_149_248,1,92,cennetin,TR,,O,248,97
post_149_248,1,93,var,TR,,O,248,98
post_149_248,1,94,olduğuna,TR,,O,248,99
post_149_248,1,95,dair,TR,,O,248,100
post_149_248,1,96,elle,TR,,O,248,101
post_149_248,1,97,tutulur,TR,,O,248,102
post_149_248,1,98,tek,TR,,O,248,103
post_149_248,1,99,"kanıt,",TR,,O,248,104
post_149_248,1,100,sonlara,TR,,O,248,105
post_149_248,1,101,doğru,TR,,O,248,106
post_149_248,1,102,ise,TR,,O,248,107
post_149_248,1,103,acıyı,TR,,O,248,108
post_149_248,1,104,hissetmemek,TR,,O,248,109
post_149_248,1,105,için,TR,,O,248,110
post_149_248,1,106,pseudocide'ı,MIXED,MIXED,O,248,111
post_149_248,1,107,çözüm,TR,,O,248,112
post_149_248,1,108,bellemek,TR,,O,248,113
post_149_248,1,109,insanın,TR,,O,248,115
post_149_248,1,110,hayatı,TR,,O,248,116
post_149_248,1,111,en,TR,,O,248,117
post_149_248,1,112,sevdiği,TR,,O,248,118
post_149_248,1,113,anda,TR,,O,248,119
post_149_248,1,114,ölüme,TR,,O,248,120
post_149_248,1,115,yatması,TR,,O,248,121
post_149_248,1,116,belki,TR,,O,248,122
post_149_248,1,117,ölmeden,TR,,O,248,124
post_149_248,1,118,önce,TR,,O,248,125
post_149_248,1,119,gözlerin,TR,,O,248,126
post_149_248,1,120,önünden,TR,,O,248,127
post_149_248,1,121,geçip,TR,,O,248,128
post_149_248,1,122,giden,TR,,O,248,129
post_149_248,1,123,son,TR,,O,248,130
post_149_248,1,124,şeyin,TR,,O,248,131
post_149_248,1,125,gerçek,TR,,O,248,132
post_149_248,1,126,aşk,TR,,O,248,133
post_149_248,1,127,olmadığını,TR,,O,248,134
post_149_248,1,128,kim,TR,,O,248,135
post_149_248,1,129,ispat,TR,,O,248,136
post_149_248,1,130,edebilir,TR,,O,248,137
post_150_249,1,0,walmart,NE,,B-PROD,249,0
post_150_249,1,1,"mobil,",NE,,I-PROD,249,1
post_150_249,1,2,black,EN,,O,249,2
post_150_249,1,3,friday'de,MIXED,MIXED,O,249,3
post_150_249,1,4,zero,TR,,O,249,4
post_150_249,1,5,downtime,TR,,O,249,5
post_150_249,1,6,ile,TR,,O,249,6
post_150_249,1,7,node.js,NE,,B-PROD,249,7
post_150_249,1,8,üzerindeydi,TR,,O,249,8
post_150_249,1,9,"değişmediyse,",TR,,O,249,10
post_150_249,1,10,2013'den,TR,,O,249,11
post_150_249,1,11,beri,TR,,O,249,12
post_150_249,1,12,node.js'deler,NE,MIXED,B-PROD,249,13
post_150_249,1,13,ne,TR,,O,249,15
post_150_249,1,14,kadar,TR,,O,249,16
post_150_249,1,15,ciddi,TR,,O,249,17
post_150_249,1,16,olduğu,TR,,O,249,18
post_150_249,1,17,şöyle,TR,,O,249,19
post_150_249,1,18,anlaşılabilir;,TR,,O,249,20
post_150_249,1,19,walmart,NE,,B-PROD,249,21
post_150_249,1,20,"mobil,",NE,,I-PROD,249,22
post_150_249,1,21,toplam,TR,,O,249,23
post_150_249,1,22,walmart,NE,,B-ORG,249,24
post_150_249,1,23,trafiğin,TR,,O,249,25
post_150_249,1,24,%70'ine,TR,,O,249,26
post_150_249,1,25,kadar,TR,,O,249,27
post_150_249,1,26,ulaşabiliyor,TR,,O,249,28
post_150_249,1,27,2013'te,TR,,O,249,30
post_150_249,1,28,node.js,NE,,B-PROD,249,31
post_150_249,1,29,üzerinden,TR,,O,249,32
post_150_249,1,30,toplam,TR,,O,249,33
post_150_249,1,31,trafiğin,TR,,O,249,34
post_150_249,1,32,%53'ü,TR,,O,249,35
post_150_249,1,33,sorunsuz,TR,,O,249,36
post_150_249,1,34,geçmiş,TR,,O,249,37
post_150_249,1,35,"yahoo,",NE,,B-ORG,249,39
post_150_249,1,36,saniyede,TR,,O,249,40
post_150_249,1,37,milyon,TR,,O,249,42
post_150_249,1,38,request,EN,,O,249,43
post_150_249,1,39,gibi,TR,,O,249,44
post_150_249,1,40,rakamlardan,TR,,O,249,45
post_150_249,1,41,bahsediyor,TR,,O,249,46
post_150_249,1,42,linkedin,NE,,B-ORG,249,48
post_150_249,1,43,ise,TR,,O,249,49
post_150_249,1,44,ekşın,TR,,O,249,50
post_150_249,1,45,olsun,TR,,O,249,51
post_150_249,1,46,diye,TR,,O,249,52
post_150_249,1,47,ruby'den,NE,MIXED,B-PROD,249,53
post_150_249,1,48,node'a,NE,MIXED,B-PROD,249,54
post_150_249,1,49,geçmiş,TR,,O,249,55
post_150_249,1,50,ve,TR,,O,249,56
post_150_249,1,51,şöyle,TR,,O,249,57
post_150_249,1,52,şeyler,TR,,O,249,58
post_150_249,1,53,paylaşmıştı,TR,,O,249,59
post_150_249,1,54,ek,TR,,O,249,61
post_150_249,1,55,"paypal,",NE,,B-ORG,249,62
post_150_249,1,56,microsoft,NE,,B-ORG,249,63
post_150_249,1,57,zaten,TR,,O,249,64
post_150_249,1,58,söylenmiş*,TR,,O,249,65
post_150_249,1,59,devasa,TR,,O,249,67
post_150_249,1,60,bir,TR,,O,249,68
post_150_249,1,61,web,TR,,O,249,69
post_150_249,1,62,trafiğine,TR,,O,249,70
post_150_249,1,63,sahip,TR,,O,249,71
post_150_249,1,64,wordpress'in,NE,MIXED,B-PROD,249,72
post_150_249,1,65,de,TR,,O,249,73
post_150_249,1,66,node.js'e,NE,MIXED,B-PROD,249,74
post_150_249,1,67,ilgisini,TR,,O,249,75
post_150_249,1,68,de,TR,,O,249,76
post_150_249,1,69,pas,TR,,O,249,77
post_150_249,1,70,geçmemek,TR,,O,249,78
post_150_249,1,71,lazım,TR,,O,249,79
post_150_249,1,72,öyle,TR,,O,249,81
post_150_249,1,73,zannediyorum,TR,,O,249,82
post_150_249,1,74,ki,TR,,O,249,83
post_150_249,1,75,bunlar,TR,,O,249,84
post_150_249,1,76,birkaç,TR,,O,249,85
post_150_249,1,77,savunucudan*,TR,,O,249,86
post_150_249,1,78,fazladır,TR,,O,249,87
post_150_249,1,79,ama,TR,,O,249,89
post_150_249,1,80,"tabi,",TR,,O,249,90
post_150_249,1,81,karmaşaya,TR,,O,249,91
post_150_249,1,82,itirazım,TR,,O,249,92
post_150_249,1,83,yok,TR,,O,249,93
post_150_249,1,84,en,TR,,O,249,95
post_150_249,1,85,basitinden,TR,,O,249,96
post_150_249,1,86,vaka-ı,TR,,O,249,97
post_150_249,1,87,io.js,NE,,B-PROD,249,98
post_150_249,1,88,var,TR,,O,249,99
post_150_249,1,89,benim,TR,,O,249,101
post_150_249,1,90,kullanım,TR,,O,249,102
post_150_249,1,91,deneyimlerimin,TR,,O,249,103
post_150_249,1,92,hiçbiri,TR,,O,249,104
post_150_249,1,93,bu,TR,,O,249,105
post_150_249,1,94,ölçeklere,TR,,O,249,106
post_150_249,1,95,ulaşmadığından,TR,,O,249,107
post_150_249,1,96,yorumlarım,TR,,O,249,108
post_150_249,1,97,pek,TR,,O,249,109
post_150_249,1,98,işe,TR,,O,249,110
post_150_249,1,99,yaramaz,TR,,O,249,111
post_150_249,1,100,sorun,TR,,O,249,113
post_150_249,1,101,yaşadığım,TR,,O,249,114
post_150_249,1,102,da,TR,,O,249,115
post_150_249,1,103,söylenemez,TR,,O,249,116
post_150_249,1,104,yukarıdaki,TR,,O,249,118
post_150_249,1,105,podcast'te,MIXED,MIXED,O,249,119
post_150_249,1,106,de,TR,,O,249,120
post_150_249,1,107,belirttiği,TR,,O,249,121
post_150_249,1,108,gibi;,TR,,O,249,122
post_150_249,1,109,büyük,TR,,O,249,123
post_150_249,1,110,ölçekli,TR,,O,249,124
post_150_249,1,111,projede,TR,,O,249,125
post_150_249,1,112,node'un,NE,MIXED,O,249,126
post_150_249,1,113,halt,TR,,O,249,127
post_150_249,1,114,etmesinde,TR,,O,249,128
post_150_249,1,115,kusur,TR,,O,249,129
post_150_249,1,116,sizde,TR,,O,249,130
post_150_249,1,117,"mi,",TR,,O,249,131
post_150_249,1,118,yoksa,TR,,O,249,132
post_150_249,1,119,node'da,TR,,O,249,133
post_150_249,1,120,mı,TR,,O,249,134
post_151_250,1,0,bkz,TR,,O,250,1
post_151_250,1,1,influencer,EN,,O,250,2
post_151_250,1,2,pazarlaması,TR,,O,250,3
