,doc_id,sent_id,tok_id,token,lid,borrowed_suffix,ner
0,post_001,1,0,yabancı,TR,,O
1,post_001,1,1,bir,TR,,O
2,post_001,1,2,hocamızın,TR,,O
3,post_001,1,3,yarı,TR,,O
4,post_001,1,4,şaka,TR,,O
5,post_001,1,5,yarı,TR,,O
6,post_001,1,6,ciddi,TR,,O
7,post_001,1,7,tanımıyla,TR,,O
8,post_001,1,8,university,EN,,O
9,post_001,1,9,is,EN,,O
10,post_001,1,10,the,EN,,O
11,post_001,1,11,place,EN,,O
12,post_001,1,12,in,EN,,O
13,post_001,1,13,which,EN,,O
14,post_001,1,14,we,EN,,O
15,post_001,1,15,take,EN,,O
16,post_001,1,16,simple,EN,,O
17,post_001,1,17,things,EN,,O
18,post_001,1,18,and,EN,,O
19,post_001,1,19,complicate,EN,,O
20,post_001,1,20,them,EN,,O
21,post_001,2,0,edit,EN,,O
22,post_001,2,1,bu,TR,,O
23,post_001,2,2,entry'nin,MIXED,MIXED,O
24,post_001,2,3,alıntıyı,TR,,O
25,post_001,2,4,türkçeye,TR,,O
26,post_001,2,5,çevirmemiş,TR,,O
27,post_001,2,6,olmamdan,TR,,O
28,post_001,2,7,dolayı,TR,,O
29,post_001,2,8,kötülenmiş,TR,,O
30,post_001,2,9,olabileceği,TR,,O
31,post_001,2,10,varsayımından,TR,,O
32,post_001,2,11,yola,TR,,O
33,post_001,2,12,çıkarak,TR,,O
34,post_001,2,13,hocanın,TR,,O
35,post_001,2,14,cümlesini,TR,,O
36,post_001,2,15,el,TR,,O
37,post_001,2,16,yordamıyla,TR,,O
38,post_001,2,17,dilimize,TR,,O
39,post_001,2,18,çevireyim,TR,,O
40,post_001,2,19,üniversite,TR,,O
41,post_001,2,20,basit,TR,,O
42,post_001,2,21,şeyleri,TR,,O
43,post_001,2,22,alıp,TR,,O
44,post_001,2,23,komplike,TR,,O
45,post_001,2,24,hale,TR,,O
46,post_001,2,25,getirdiğimiz,TR,,O
47,post_001,2,26,yerdir,TR,,O
48,post_002,1,0,work,EN,,O
49,post_002,1,1,art,EN,,O
50,post_002,1,2,work,EN,,O
51,post_002,1,3,manasinda,TR,,O
52,post_002,1,4,turkiyenin,NE,,B-LOC
53,post_002,1,5,sanat,TR,,O
54,post_002,1,6,cevrelerince,TR,,O
55,post_002,1,7,kullanilan,TR,,O
56,post_002,1,8,sozcuktur,TR,,O
57,post_003,1,0,eskiden,TR,,O
58,post_003,1,1,full,EN,,O
59,post_003,1,2,time,EN,,O
60,post_003,1,3,bir,TR,,O
61,post_003,1,4,işte,TR,,O
62,post_003,1,5,çalışırken,TR,,O
63,post_003,1,6,keşkem,TR,,O
64,post_003,1,7,freelance,EN,,O
65,post_003,1,8,çalışabilsem,TR,,O
66,post_003,2,0,işleri,TR,,O
67,post_003,2,1,günde,TR,,O
68,post_003,2,2,toparlasan,TR,,O
69,post_003,2,3,ooh,AMBIGUOUS,,O
70,post_003,2,4,ne,TR,,O
71,post_003,2,5,güzel,TR,,O
72,post_003,2,6,geri,TR,,O
73,post_003,2,7,kalanını,TR,,O
74,post_003,2,8,kendine,TR,,O
75,post_003,2,9,ayırırsın,TR,,O
76,post_003,2,10,diye,TR,,O
77,post_003,2,11,salakça,TR,,O
78,post_003,2,12,bir,TR,,O
79,post_003,2,13,düşüncem,TR,,O
80,post_003,2,14,vardı,TR,,O
81,post_003,3,0,freelance,EN,,O
82,post_003,3,1,çalışmaya,TR,,O
83,post_003,3,2,başlayınca,TR,,O
84,post_003,3,3,anladım,TR,,O
85,post_003,3,4,ki,TR,,O
86,post_003,3,5,kazin,TR,,O
87,post_003,3,6,ayagi,TR,,O
88,post_003,3,7,oyle,TR,,O
89,post_003,3,8,degil,TR,,O
90,post_003,4,0,artık,TR,,O
91,post_003,4,1,ne,TR,,O
92,post_003,4,2,tatil,TR,,O
93,post_003,4,3,günüm,TR,,O
94,post_003,4,4,belli,TR,,O
95,post_003,4,5,ne,TR,,O
96,post_003,4,6,de,TR,,O
97,post_003,4,7,çalışma,TR,,O
98,post_003,4,8,saatim,TR,,O
99,post_003,5,0,asosyal,TR,,O
100,post_003,5,1,bi,TR,,O
101,post_003,5,2,böcek,TR,,O
102,post_003,5,3,olup,TR,,O
103,post_003,5,4,çıktım,TR,,O
104,post_004,1,0,tam,TR,,O
105,post_004,1,1,bir,TR,,O
106,post_004,1,2,türkçe,TR,,O
107,post_004,1,3,karşılığını,TR,,O
108,post_004,1,4,bulamadığım,TR,,O
109,post_004,1,5,kavramdır,TR,,O
110,post_004,2,0,her,TR,,O
111,post_004,2,1,ne,TR,,O
112,post_004,2,2,kadar,TR,,O
113,post_004,2,3,pazarlama,TR,,O
114,post_004,2,4,sözlük,TR,,O
115,post_004,2,5,anlamı,TR,,O
116,post_004,2,6,olarak,TR,,O
117,post_004,2,7,bu,TR,,O
118,post_004,2,8,kelimeyi,TR,,O
119,post_004,2,9,karşılasa,TR,,O
120,post_004,2,10,da,TR,,O
121,post_004,2,11,kullanım,TR,,O
122,post_004,2,12,alanlarına,TR,,O
123,post_004,2,13,bakıldığında,TR,,O
124,post_004,2,14,marketing,EN,,O
125,post_004,2,15,above,EN,,O
126,post_004,2,16,the,EN,,O
127,post_004,2,17,line,EN,,O
128,post_004,2,18,below,EN,,O
129,post_004,2,19,the,EN,,O
130,post_004,2,20,line,EN,,O
131,post_004,2,21,marketing-mix,EN,,O
132,post_004,2,22,ve,TR,,O
133,post_004,2,23,veya,TR,,O
134,post_004,2,24,business,EN,,O
135,post_004,2,25,development,EN,,O
136,post_004,2,26,gibi,TR,,O
137,post_004,2,27,kavramları,TR,,O
138,post_004,2,28,da,TR,,O
139,post_004,2,29,içermesiyle,TR,,O
140,post_004,2,30,artık,TR,,O
141,post_004,2,31,pazarlama,TR,,O
142,post_004,2,32,kelimesinin,TR,,O
143,post_004,2,33,ötesinde,TR,,O
144,post_004,2,34,de,TR,,O
145,post_004,2,35,anlamlar,TR,,O
146,post_004,2,36,içermektedir,TR,,O
147,post_004,3,0,ürün,TR,,O
148,post_004,3,1,yönetimi,TR,,O
149,post_004,3,2,ve,TR,,O
150,post_004,3,3,pazarlama,TR,,O
151,post_004,3,4,benim,TR,,O
152,post_004,3,5,marketing,EN,,O
153,post_004,3,6,için,TR,,O
154,post_004,3,7,bulabildiğim,TR,,O
155,post_004,3,8,en,TR,,O
156,post_004,3,9,yakın,TR,,O
157,post_004,3,10,tanımlamadır,TR,,O
158,post_005,1,0,benim,TR,,O
159,post_005,1,1,için,TR,,O
160,post_005,1,2,tanımı,TR,,O
161,post_005,2,0,google,NE,,B-ORG
162,post_005,2,1,only,EN,,O
163,post_005,2,2,loves,EN,,O
164,post_005,2,3,you,EN,,O
165,post_005,2,4,when,EN,,O
166,post_005,2,5,everyone,EN,,O
167,post_005,2,6,else,EN,,O
168,post_005,2,7,loves,EN,,O
169,post_005,2,8,you,EN,,O
170,post_005,2,9,first,EN,,O
171,post_006,1,0,never,EN,,O
172,post_006,1,1,ending,EN,,O
173,post_006,1,2,nightmare,EN,,O
174,post_006,1,3,cinselliğin,TR,,O
175,post_006,1,4,konulduğu,TR,,O
176,post_006,1,5,kılıf,TR,,O
177,post_006,1,6,uyuşturucu,TR,,O
178,post_006,1,7,zina,TR,,O
179,post_006,1,8,teardrops,EN,,O
180,post_007,1,0,sağlıklı,TR,,O
181,post_007,1,1,yaşam,TR,,O
182,post_007,1,2,üzerine,TR,,O
183,post_007,1,3,güzel,TR,,O
184,post_007,1,4,ingilizce,TR,,O
185,post_007,1,5,bir,TR,,O
186,post_007,1,6,blog,AMBIGUOUS,,O
187,post_007,3,0,wordpress,NE,,B-PROD
188,post_008,1,0,deep,NE,,B-ORG
189,post_008,1,1,knowledge,NE,,I-ORG
190,post_008,1,2,group'un,NE,MIXED,I-ORG
191,post_008,1,3,son,TR,,O
192,post_008,1,4,çalışmaları,TR,,O
193,post_008,1,5,üzerinden,TR,,O
194,post_008,1,6,türkiye,NE,,B-LOC
195,post_008,1,7,ve,TR,,O
196,post_008,1,8,diğer,TR,,O
197,post_008,1,9,ülkelerin,TR,,O
198,post_008,1,10,risk,AMBIGUOUS,,O
199,post_008,1,11,durumu,TR,,O
200,post_008,1,12,incelenebilir,TR,,O
201,post_009,1,0,insanlar,TR,,O
202,post_009,1,1,gerçek,TR,,O
203,post_009,1,2,anlamda,TR,,O
204,post_009,1,3,rasyonel,TR,,O
205,post_009,1,4,olsalardı,TR,,O
206,post_009,1,5,basitleştirilmiş,TR,,O
207,post_009,1,6,koşullar,TR,,O
208,post_009,1,7,altında,TR,,O
209,post_009,1,8,neler,TR,,O
210,post_009,1,9,olacağını,TR,,O
211,post_009,1,10,ortaya,TR,,O
212,post_009,1,11,koyan,TR,,O
213,post_009,1,12,modeller,TR,,O
214,post_009,1,13,yaratmayı,TR,,O
215,post_009,1,14,tercih,TR,,O
216,post_009,1,15,ederlerdi,TR,,O
217,post_009,2,0,belki,TR,,O
218,post_009,2,1,de,TR,,O
219,post_009,2,2,ekonomi,TR,,O
220,post_009,2,3,bilimden,TR,,O
221,post_009,2,4,çok,TR,,O
222,post_009,2,5,denklemler,TR,,O
223,post_009,2,6,içeren,TR,,O
224,post_009,2,7,bir,TR,,O
225,post_009,2,8,yüzüklerin,NE,,B-TITLE
226,post_009,2,9,efendisi,NE,,I-TITLE
227,post_009,2,10,olmaya,TR,,O
228,post_009,2,11,daha,TR,,O
229,post_009,2,12,yakındır,TR,,O
230,post_009,2,13,bizimkine,TR,,O
231,post_009,2,14,benzemeyen,TR,,O
232,post_009,2,15,yaratılmış,TR,,O
233,post_009,2,16,bir,TR,,O
234,post_009,2,17,dünyanın,TR,,O
235,post_009,2,18,matematik,TR,,O
236,post_009,2,19,aracılığıyla,TR,,O
237,post_009,2,20,sofistike,TR,,O
238,post_009,2,21,bir,TR,,O
239,post_009,2,22,şekilde,TR,,O
240,post_009,2,23,keşfidir,TR,,O
241,post_009,3,0,tim,NE,,B-PER
242,post_009,3,1,lewens,NE,,I-PER
243,post_009,3,2,the,NE,,B-TITLE
244,post_009,3,3,meaning,NE,,I-TITLE
245,post_009,3,4,of,NE,,I-TITLE
246,post_009,3,5,science,NE,,I-TITLE
247,post_010,1,0,politika,TR,,O
248,post_010,1,1,politics,EN,,O
249,post_010,2,0,poly,EN,,O
250,post_010,2,1,çok,TR,,O
251,post_010,2,2,ticks,EN,,O
252,post_010,2,3,kan,TR,,O
253,post_010,2,4,emen,TR,,O
254,post_010,2,5,canlılar,TR,,O
255,post_011,1,0,watch,EN,,O
256,post_011,1,1,instantly,EN,,O
257,post_011,1,2,hadisesi,TR,,O
258,post_011,1,3,sinirsiz,TR,,O
259,post_011,1,4,olmustur,TR,,O
260,post_011,1,5,en,TR,,O
261,post_011,1,6,kraldir,TR,,O
262,post_011,1,7,aslandir,TR,,O
263,post_012,1,0,netflix'e,NE,MIXED,B-PROD
264,post_012,1,1,kiyasla,TR,,O
265,post_012,1,2,icerik,TR,,O
266,post_012,1,3,cesitliligi,TR,,O
267,post_012,1,4,ve,TR,,O
268,post_012,1,5,dizayn,TR,,O
269,post_012,1,6,kalitesi,TR,,O
270,post_012,1,7,olarak,TR,,O
271,post_012,1,8,rakibinin,TR,,O
272,post_012,1,9,cok,TR,,O
273,post_012,1,10,gerisinde,TR,,O
274,post_012,1,11,kalmis,TR,,O
275,post_012,1,12,platformdur,TR,,O
276,post_012,2,0,bir,TR,,O
277,post_012,2,1,denemek,TR,,O
278,post_012,2,2,icin,TR,,O
279,post_012,2,3,uye,TR,,O
280,post_012,2,4,oldum,TR,,O
281,post_012,2,5,ayligina,TR,,O
282,post_012,2,6,ama,TR,,O
283,post_012,2,7,house,NE,,B-TITLE
284,post_012,2,8,disinda,TR,,O
285,post_012,2,9,pek,TR,,O
286,post_012,2,10,kayda,TR,,O
287,post_012,2,11,deger,TR,,O
288,post_012,2,12,birsey,TR,,O
289,post_012,2,13,goremedim,TR,,O
290,post_012,2,14,netflix'de,NE,MIXED,B-PROD
291,post_012,2,15,olan,TR,,O
292,post_012,2,16,cesitlilik,TR,,O
293,post_012,2,17,burda,TR,,O
294,post_012,2,18,yok,TR,,O
295,post_013,1,0,disney,NE,,B-ORG
296,post_013,1,1,markali,TR,,O
297,post_013,1,2,televizyon,TR,,O
298,post_013,1,3,kanali,TR,,O
299,post_013,1,4,amusement,EN,,O
300,post_013,1,5,park,EN,,O
301,post_013,1,6,cruise,EN,,O
302,post_013,1,7,line,EN,,O
303,post_013,1,8,vb,EN,,O
304,post_013,1,9,gibi,TR,,O
305,post_013,1,10,bilimum,TR,,O
306,post_013,1,11,urunlerin,TR,,O
307,post_013,1,12,yani,TR,,O
308,post_013,1,13,sira,TR,,O
309,post_013,1,14,espn,NE,,B-ORG
310,post_013,1,15,ve,TR,,O
311,post_013,1,16,abc'nin,NE,MIXED,B-ORG
312,post_013,1,17,de,TR,,O
313,post_013,1,18,sahibi,TR,,O
314,post_013,1,19,olan,TR,,O
315,post_013,1,20,sirketin,TR,,O
316,post_013,1,21,kisaltilmis,TR,,O
317,post_013,1,22,adidir,TR,,O
318,post_013,2,0,tam,TR,,O
319,post_013,2,1,adi,TR,,O
320,post_013,2,2,the,NE,,B-ORG
321,post_013,2,3,walt,NE,,I-ORG
322,post_013,2,4,disney,NE,,I-ORG
323,post_013,2,5,company'dir,NE,MIXED,I-ORG
324,post_014,1,0,sony'nin,NE,MIXED,B-ORG
325,post_014,1,1,play,EN,,O
326,post_014,1,2,create,EN,,O
327,post_014,1,3,share,EN,,O
328,post_014,1,4,mantralı,TR,,O
329,post_014,1,5,oyun,TR,,O
330,post_014,1,6,silsilesine,TR,,O
331,post_014,1,7,uzun,TR,,O
332,post_014,1,8,süredir,TR,,O
333,post_014,1,9,cevap,TR,,O
334,post_014,1,10,vermeye,TR,,O
335,post_014,1,11,çalışan,TR,,O
336,post_014,1,12,ve,TR,,O
337,post_014,1,13,başarısız,TR,,O
338,post_014,1,14,olan,TR,,O
339,post_014,1,15,microsoft'un,NE,MIXED,B-ORG
340,post_014,1,16,çok,TR,,O
341,post_014,1,17,akıllıca,TR,,O
342,post_014,1,18,bir,TR,,O
343,post_014,1,19,hamleyle,TR,,O
344,post_014,1,20,xbox,NE,,B-PROD
345,post_014,1,21,360,NE,,I-PROD
346,post_014,1,22,a,EN,,O
347,post_014,1,23,transfer,EN,,O
348,post_014,1,24,ettiği,TR,,O
349,post_014,1,25,oyun,TR,,O
350,post_014,2,0,eğer,TR,,O
351,post_014,2,1,pc'den,MIXED,MIXED,O
352,post_014,2,2,port,EN,,O
353,post_014,2,3,ederken,TR,,O
354,post_014,2,4,oyunun,TR,,O
355,post_014,2,5,bütünlüğünü,TR,,O
356,post_014,2,6,bozmazlarsa,TR,,O
357,post_014,2,7,little,NE,,B-PROD
358,post_014,2,8,big,NE,,I-PROD
359,post_014,2,9,planet'in,NE,MIXED,I-PROD
360,post_014,2,10,konsollardaki,TR,,O
361,post_014,2,11,krallığı,TR,,O
362,post_014,2,12,büyük,TR,,O
363,post_014,2,13,darbe,TR,,O
364,post_014,2,14,alır,TR,,O
365,post_015,1,0,lots,EN,,O
366,post_015,1,1,of,EN,,O
367,post_015,1,2,laugh,EN,,O
368,post_015,1,3,diye,TR,,O
369,post_015,1,4,duydugum,TR,,O
370,post_015,1,5,için,TR,,O
371,post_015,1,6,diğer,TR,,O
372,post_015,1,7,seçeneklerin,TR,,O
373,post_015,1,8,çok,TR,,O
374,post_015,1,9,yabancı,TR,,O
375,post_015,1,10,geldiği,TR,,O
376,post_015,1,11,ki,TR,,O
377,post_015,1,12,gerçeğinin,TR,,O
378,post_015,1,13,de,TR,,O
379,post_015,1,14,bu,TR,,O
380,post_015,1,15,olduğunu,TR,,O
381,post_015,1,16,sandıgım,TR,,O
382,post_015,1,17,enternasyonal,TR,,O
383,post_015,1,18,kısaltma,TR,,O
384,post_016,1,0,londra,NE,,B-LOC
385,post_016,1,1,nin,TR,,O
386,post_016,1,2,en,TR,,O
387,post_016,1,3,buyuk,TR,,O
388,post_016,1,4,anime,AMBIGUOUS,,O
389,post_016,1,5,conlarindan,MIXED,MIXED,O
390,post_016,1,6,london,NE,,B-EVENT
391,post_016,1,7,anime,NE,,I-EVENT
392,post_016,1,8,and,NE,,I-EVENT
393,post_016,1,9,gaming,NE,,I-EVENT
394,post_016,1,10,con,NE,,I-EVENT
395,post_016,1,11,2022,NE,,I-EVENT
396,post_016,1,12,agustos,TR,,O
397,post_016,1,13,icinde,TR,,O
398,post_016,1,14,tur,TR,,O
399,post_016,1,15,london,NE,,B-EVENT
400,post_016,1,16,anime,NE,,I-EVENT
401,post_016,1,17,and,NE,,I-EVENT
402,post_016,1,18,gaming,NE,,I-EVENT
403,post_016,1,19,con,NE,,I-EVENT
404,post_016,1,20,2022,NE,,I-EVENT
405,post_017,1,0,korean,EN,,O
406,post_017,1,1,pop'un,NE,MIXED,B-OTHER
407,post_017,1,2,kısaltması,TR,,O
408,post_017,2,0,sanıyorum,TR,,O
409,post_017,2,1,bır,TR,,O
410,post_017,2,2,tür,TR,,O
411,post_017,2,3,akım,TR,,O
412,post_017,2,4,şeklinde,TR,,O
413,post_017,2,5,markalaşmaya,TR,,O
414,post_017,2,6,çalışıyor,TR,,O
415,post_017,2,7,güney,NE,,B-LOC
416,post_017,2,8,kore,NE,,I-LOC
417,post_017,3,0,diğer,TR,,O
418,post_017,3,1,akimlar,TR,,O
419,post_017,3,2,ise,TR,,O
420,post_017,3,3,şöyledir,TR,,O
421,post_017,3,4,k-food,EN,,O
422,post_017,3,5,k-beauty,EN,,O
423,post_017,3,6,k-culture,EN,,O
424,post_018,1,0,we,EN,,O
425,post_018,1,1,could,EN,,O
426,post_018,1,2,be,EN,,O
427,post_018,1,3,the,EN,,O
428,post_018,1,4,same,EN,,O
429,post_018,1,5,flt,EN,,O
430,post_018,1,6,to,EN,,O
431,post_018,1,7,stay,EN,,O
432,post_018,1,8,alive,EN,,O
433,post_018,1,9,bir,TR,,O
434,post_018,1,10,kadın,TR,,O
435,post_018,1,11,çizeceksin,TR,,O
436,post_018,1,12,şehr-i,TR,,O
437,post_018,1,13,hüzün,TR,,O
438,post_018,1,14,hayat,TR,,O
439,post_018,1,15,bu,TR,,O
440,post_018,1,16,işte,TR,,O
441,post_018,1,17,dursun,TR,,O
442,post_018,1,18,zaman,TR,,O
443,post_018,2,0,ve,TR,,O
444,post_018,2,1,dahası,TR,,O
445,post_018,3,0,ya,TR,,O
446,post_018,3,1,da,TR,,O
447,post_018,3,2,anime,EN,,O
448,post_018,4,0,ya,TR,,O
449,post_018,4,1,da,TR,,O
450,post_018,4,2,askeri,TR,,O
451,post_018,4,3,grup,TR,,O
452,post_019,1,0,türkiye'den,NE,,B-LOC
453,post_019,1,1,bir,TR,,O
454,post_019,1,2,webtoon,EN,,O
455,post_019,1,3,yayınladı,TR,,O
456,post_019,2,0,ismi,TR,,O
457,post_019,2,1,just,NE,,B-TITLE
458,post_019,2,2,another,NE,,I-TITLE
459,post_019,2,3,fantasy,NE,,I-TITLE
460,post_019,3,0,manga,EN,,O
461,post_019,3,1,tarzı,TR,,O
462,post_019,3,2,çizimlere,TR,,O
463,post_019,3,3,sahip,TR,,O
464,post_019,4,0,lgbti,MIXED,MIXED,O
465,post_019,4,1,fantastik,TR,,O
466,post_019,4,2,aksiyon,TR,,O
467,post_019,4,3,steampunk,EN,,O
468,post_019,4,4,magic,EN,,O
469,post_019,4,5,mecha,EN,,O
470,post_019,4,6,seinen,OTHER,,O
471,post_019,5,0,ilginize,TR,,O
472,post_020,1,0,açılımını,TR,,O
473,post_020,1,1,rythmic,EN,,O
474,post_020,1,2,american,EN,,O
475,post_020,1,3,poem,EN,,O
476,post_020,1,4,diye,TR,,O
477,post_020,1,5,duydum,TR,,O
478,post_020,1,6,ben,TR,,O
479,post_020,2,0,hiphop'la,MIXED,MIXED,O
480,post_020,2,1,farkı,TR,,O
481,post_020,2,2,ne,TR,,O
482,post_020,2,3,o,TR,,O
483,post_020,2,4,da,TR,,O
484,post_020,2,5,bi,TR,,O
485,post_020,2,6,ayrı,TR,,O
486,post_020,2,7,muamma,TR,,O
487,post_021,1,0,electronic,EN,,O
488,post_021,1,1,distance,EN,,O
489,post_021,1,2,measurement,EN,,O
490,post_021,2,0,eskiden,TR,,O
491,post_021,2,1,insanlar,TR,,O
492,post_021,2,2,uzaklıkları,TR,,O
493,post_021,2,3,metreyle,TR,,O
494,post_021,2,4,ölçerken,TR,,O
495,post_021,2,5,li,TR,,O
496,post_021,2,6,yıllardan,TR,,O
497,post_021,2,7,sonra,TR,,O
498,post_021,2,8,yaygın,TR,,O
499,post_021,2,9,kullanımına,TR,,O
500,post_021,2,10,geçilmiş,TR,,O
501,post_021,2,11,sistem,TR,,O
502,post_021,2,12,modüle,TR,,O
503,post_021,2,13,edilmiş,TR,,O
504,post_021,2,14,lazer,TR,,O
505,post_021,2,15,veya,TR,,O
506,post_021,2,16,belirli,TR,,O
507,post_021,2,17,dalga,TR,,O
508,post_021,2,18,boyundaki,TR,,O
509,post_021,2,19,ışığı,TR,,O
510,post_021,2,20,uzaklığı,TR,,O
511,post_021,2,21,düşey,TR,,O
512,post_021,2,22,açısı,TR,,O
513,post_021,2,23,veya,TR,,O
514,post_021,2,24,konumu,TR,,O
515,post_021,2,25,bulunmak,TR,,O
516,post_021,2,26,istenen,TR,,O
517,post_021,2,27,noktaya,TR,,O
518,post_021,2,28,uygulayarak,TR,,O
519,post_021,2,29,geri,TR,,O
520,post_021,2,30,gelen,TR,,O
521,post_021,2,31,dalganın,TR,,O
522,post_021,2,32,özelliğine,TR,,O
523,post_021,2,33,göre,TR,,O
524,post_021,2,34,istenen,TR,,O
525,post_021,2,35,bilgiyi,TR,,O
526,post_021,2,36,verir,TR,,O
527,post_021,3,0,accurate,EN,,O
528,post_021,3,1,fizibilitesi,TR,,O
529,post_021,3,2,yüksek,TR,,O
530,post_021,3,3,ekonomik,TR,,O
531,post_021,3,4,pratiktir,TR,,O
532,post_022,1,0,lerde,TR,,O
533,post_022,1,1,doğan,TR,,O
534,post_022,1,2,neslin,TR,,O
535,post_022,1,3,favori,TR,,O
536,post_022,1,4,mesleği,TR,,O
537,post_022,2,0,ların,TR,,O
538,post_022,2,1,sonu,TR,,O
539,post_022,2,2,ve,TR,,O
540,post_022,2,3,lerin,TR,,O
541,post_022,2,4,başının,TR,,O
542,post_022,2,5,en,TR,,O
543,post_022,2,6,kısa,TR,,O
544,post_022,2,7,yoldan,TR,,O
545,post_022,2,8,ortam,TR,,O
546,post_022,2,9,yapma,TR,,O
547,post_022,2,10,ve,TR,,O
548,post_022,2,11,karı,TR,,O
549,post_022,2,12,kaldırma,TR,,O
550,post_022,2,13,aracıydı,TR,,O
551,post_022,2,14,bu,TR,,O
552,post_022,2,15,meslek,TR,,O
553,post_022,3,0,turntablea,MIXED,MIXED,O
554,post_022,3,1,ucundan,TR,,O
555,post_022,3,2,kıyısından,TR,,O
556,post_022,3,3,dokunup,TR,,O
557,post_022,3,4,sikko,TR,,O
558,post_022,3,5,mixler,MIXED,MIXED,O
559,post_022,3,6,yapan,TR,,O
560,post_022,3,7,hemen,TR,,O
561,post_022,3,8,afilli,TR,,O
562,post_022,3,9,takma,TR,,O
563,post_022,3,10,isimlerle,TR,,O
564,post_022,3,11,ve,TR,,O
565,post_022,3,12,grafik,TR,,O
566,post_022,3,13,tasarım,TR,,O
567,post_022,3,14,logolarla,TR,,O
568,post_022,3,15,afişlerle,TR,,O
569,post_022,3,16,ben,TR,,O
570,post_022,3,17,djim,MIXED,MIXED,O
571,post_022,3,18,diye,TR,,O
572,post_022,3,19,ortalarda,TR,,O
573,post_022,3,20,salınırdı,TR,,O
574,post_022,4,0,arkadaş,TR,,O
575,post_022,4,1,listenize,TR,,O
576,post_022,4,2,bakın,TR,,O
577,post_022,4,3,ne,TR,,O
578,post_022,4,4,kadar,TR,,O
579,post_022,4,5,çok,TR,,O
580,post_022,4,6,dj,EN,,O
581,post_022,4,7,ve,TR,,O
582,post_022,4,8,bir,TR,,O
583,post_022,4,9,dönem,TR,,O
584,post_022,4,10,djlik,MIXED,MIXED,O
585,post_022,4,11,yapmış,TR,,O
586,post_022,4,12,adam,TR,,O
587,post_022,4,13,var,TR,,O
588,post_022,4,14,görünce,TR,,O
589,post_022,4,15,hak,TR,,O
590,post_022,4,16,vereceksiniz,TR,,O
591,post_022,5,0,bkz,TR,,O
592,post_022,5,1,hey,EN,,O
593,post_022,5,2,gidi,TR,,O
594,post_023,1,0,bilgi,TR,,O
595,post_023,1,1,ve,TR,,O
596,post_023,1,2,becerinin,TR,,O
597,post_023,1,3,sınırlarını,TR,,O
598,post_023,1,4,zorlayan,TR,,O
599,post_023,1,5,düzeyde,TR,,O
600,post_023,1,6,olma,TR,,O
601,post_023,2,0,a,EN,,O
602,post_023,2,1,challenging,EN,,O
603,post_023,2,2,problem,EN,,O
604,post_024,1,0,music,EN,,O
605,post_024,1,1,is,EN,,O
606,post_024,1,2,the,EN,,O
607,post_024,1,3,first,EN,,O
608,post_024,1,4,open,EN,,O
609,post_024,1,5,source,EN,,O
610,post_024,1,6,programming,EN,,O
611,post_024,1,7,language,EN,,O
612,post_024,2,0,tanımlaması,TR,,O
613,post_024,2,1,bu,TR,,O
614,post_024,2,2,kelimeyi,TR,,O
615,post_024,2,3,muhtemelen,TR,,O
616,post_024,2,4,tam,TR,,O
617,post_024,2,5,olarak,TR,,O
618,post_024,2,6,özetleyendir,TR,,O
619,post_025,1,0,unix,NE,,B-PROD
620,post_025,1,1,sistemler,TR,,O
621,post_025,1,2,için,TR,,O
622,post_025,1,3,text,EN,,O
623,post_025,1,4,to,EN,,O
624,post_025,1,5,speech,EN,,O
625,post_025,1,6,framework,EN,,O
626,post_026,1,0,hizmet,TR,,O
627,post_026,1,1,sektörü,TR,,O
628,post_026,1,2,olmasa,TR,,O
629,post_026,1,3,çalışılır,TR,,O
630,post_026,2,0,owning,EN,,O
631,post_026,2,1,a,EN,,O
632,post_026,2,2,restaurant,EN,,O
633,post_026,2,3,loyal,EN,,O
634,post_026,2,4,guest,EN,,O
635,post_026,2,5,and,EN,,O
636,post_026,2,6,humble,EN,,O
637,post_026,2,7,greetings,EN,,O
638,post_026,3,0,hayat,TR,,O
639,post_026,3,1,gailelerini,TR,,O
640,post_026,3,2,unutturur,TR,,O
641,post_026,3,3,insana,TR,,O
642,post_027,1,0,ay,TR,,O
643,post_027,1,1,önce,TR,,O
644,post_027,1,2,üye,TR,,O
645,post_027,1,3,olup,TR,,O
646,post_027,1,4,bugün,TR,,O
647,post_027,1,5,hi,EN,,O
648,post_027,1,6,i'm,EN,,O
649,post_027,2,0,i'am,EN,,O
650,post_027,2,1,a,EN,,O
651,post_027,2,2,gay,EN,,O
652,post_027,2,3,guy,EN,,O
653,post_027,2,4,diye,TR,,O
654,post_027,2,5,başlayan,TR,,O
655,post_027,2,6,bir,TR,,O
656,post_027,2,7,teklif,TR,,O
657,post_027,2,8,aldığım,TR,,O
658,post_027,2,9,sitedir,TR,,O
659,post_027,3,0,günlük,TR,,O
660,post_027,3,1,fiyatı,TR,,O
661,post_027,3,2,tl,TR,,O
662,post_027,3,3,belirlememden,TR,,O
663,post_027,3,4,sonra,TR,,O
664,post_027,3,5,acaba,TR,,O
665,post_027,3,6,sorusu,TR,,O
666,post_027,3,7,aklıma,TR,,O
667,post_027,3,8,geldi,TR,,O
668,post_027,4,0,acaba,TR,,O
669,post_027,4,1,günlük,TR,,O
670,post_027,4,2,mottom,MIXED,MIXED,O
671,post_027,4,3,yanlış,TR,,O
672,post_027,4,4,mı,TR,,O
673,post_027,4,5,anlaşıldı,TR,,O
674,post_027,5,0,bir,TR,,O
675,post_027,5,1,yandan,TR,,O
676,post_027,5,2,açık,TR,,O
677,post_027,5,3,sözlü,TR,,O
678,post_027,5,4,davranması,TR,,O
679,post_027,5,5,doğru,TR,,O
680,post_027,5,6,bir,TR,,O
681,post_027,5,7,davranış,TR,,O
682,post_027,5,8,gibi,TR,,O
683,post_027,5,9,gelirken,TR,,O
684,post_027,5,10,diğer,TR,,O
685,post_027,5,11,yandan,TR,,O
686,post_027,5,12,neden,TR,,O
687,post_027,5,13,insanın,TR,,O
688,post_027,5,14,kendini,TR,,O
689,post_027,5,15,tanımlarkenki,TR,,O
690,post_027,5,16,ilk,TR,,O
691,post_027,5,17,cümlesi,TR,,O
692,post_027,5,18,böyle,TR,,O
693,post_027,5,19,başlar,TR,,O
694,post_027,5,20,diye,TR,,O
695,post_027,5,21,düşündüm,TR,,O
696,post_027,6,0,ruhen,TR,,O
697,post_027,6,1,yıprattın,TR,,O
698,post_027,6,2,beni,TR,,O
699,post_027,6,3,airbnb,NE,,B-ORG
700,post_028,1,0,evrim,TR,,O
701,post_028,1,1,teorisini,TR,,O
702,post_028,1,2,teori,TR,,O
703,post_028,1,3,olmaktan,TR,,O
704,post_028,1,4,cıkartabılecek,TR,,O
705,post_028,1,5,gorilden,TR,,O
706,post_028,1,6,bozma,TR,,O
707,post_028,1,7,iki,TR,,O
708,post_028,1,8,adamın,TR,,O
709,post_028,1,9,six,EN,,O
710,post_028,1,10,in,EN,,O
711,post_028,1,11,the,EN,,O
712,post_028,1,12,morning,EN,,O
713,post_028,1,13,derken,TR,,O
714,post_028,1,14,kendınden,TR,,O
715,post_028,1,15,geçtiği,TR,,O
716,post_028,1,16,bir,TR,,O
717,post_028,1,17,klibi,TR,,O
718,post_028,1,18,olan,TR,,O
719,post_028,1,19,ultra,TR,,O
720,post_028,1,20,eğlenceli,TR,,O
721,post_028,1,21,sarkı,TR,,O
722,post_029,1,0,i,EN,,O
723,post_029,1,1,have,EN,,O
724,post_029,1,2,to,EN,,O
725,post_029,1,3,learn,EN,,O
726,post_029,1,4,to,EN,,O
727,post_029,1,5,let,EN,,O
728,post_029,1,6,you,EN,,O
729,post_029,1,7,crash,EN,,O
730,post_029,1,8,down,EN,,O
731,post_029,1,9,ve,TR,,O
732,post_029,1,10,i,EN,,O
733,post_029,1,11,guess,EN,,O
734,post_029,1,12,that,EN,,O
735,post_029,1,13,what,EN,,O
736,post_029,1,14,i'm,EN,,O
737,post_029,1,15,seeking,EN,,O
738,post_029,1,16,isn't,EN,,O
739,post_029,1,17,here,EN,,O
740,post_029,1,18,sözleriyle,TR,,O
741,post_029,1,19,kalbe,TR,,O
742,post_029,1,20,iki,TR,,O
743,post_029,1,21,adet,TR,,O
744,post_029,1,22,ok,EN,,O
745,post_029,1,23,saplar,TR,,O
746,post_029,1,24,bu,TR,,O
747,post_029,1,25,şarkı,TR,,O
748,post_030,1,0,en,TR,,O
749,post_030,1,1,compassionate,EN,,O
750,post_030,1,2,seçim,TR,,O
751,post_030,1,3,durum,TR,,O
752,post_030,2,0,bugün,TR,,O
753,post_030,2,1,patatesli,TR,,O
754,post_030,2,2,gözleme,TR,,O
755,post_030,2,3,söylemiştim,TR,,O
756,post_030,3,0,aldım,TR,,O
757,post_030,3,1,geldim,TR,,O
758,post_030,3,2,odama,TR,,O
759,post_030,3,3,yiyorum,TR,,O
760,post_030,4,0,yarısına,TR,,O
761,post_030,4,1,gelmeden,TR,,O
762,post_030,4,2,bi,TR,,O
763,post_030,4,3,tuhaflık,TR,,O
764,post_030,4,4,hissettim,TR,,O
765,post_030,5,0,bi,TR,,O
766,post_030,5,1,ekşi,TR,,O
767,post_030,5,2,gibi,TR,,O
768,post_030,5,3,yumuşak,TR,,O
769,post_030,5,4,ama,TR,,O
770,post_030,5,5,nahoş,TR,,O
771,post_030,5,6,gibi,TR,,O
772,post_030,5,7,geldi,TR,,O
773,post_030,5,8,birden,TR,,O
774,post_030,6,0,bozulmuş,TR,,O
775,post_030,6,1,mu,TR,,O
776,post_030,6,2,ki,TR,,O
777,post_030,6,3,dedim,TR,,O
778,post_030,6,4,kendi,TR,,O
779,post_030,6,5,kendime,TR,,O
780,post_030,7,0,içini,TR,,O
781,post_030,7,1,açtım,TR,,O
782,post_030,7,2,bir,TR,,O
783,post_030,7,3,dilimin,TR,,O
784,post_030,7,4,ve,TR,,O
785,post_030,7,5,kaşarlı,TR,,O
786,post_030,7,6,olduğunu,TR,,O
787,post_030,7,7,gördüm,TR,,O
788,post_030,8,0,o,TR,,O
789,post_030,8,1,şerefsiz,TR,,O
790,post_030,8,2,kantinciler,TR,,O
791,post_030,8,3,bir,TR,,O
792,post_030,8,4,güzel,TR,,O
793,post_030,8,5,küfür,TR,,O
794,post_030,8,6,yedi,TR,,O
795,post_030,8,7,tabi,TR,,O
796,post_030,8,8,benden,TR,,O
797,post_030,9,0,üzerinden,TR,,O
798,post_030,9,1,saat,TR,,O
799,post_030,9,2,geçti,TR,,O
800,post_030,9,3,tadı,TR,,O
801,post_030,9,4,gitsin,TR,,O
802,post_030,9,5,diye,TR,,O
803,post_030,9,6,sigara,TR,,O
804,post_030,9,7,içtim,TR,,O
805,post_030,9,8,en,TR,,O
806,post_030,9,9,az,TR,,O
807,post_030,9,10,kola,TR,,O
808,post_030,9,11,içtim,TR,,O
809,post_030,9,12,cips,TR,,O
810,post_030,9,13,aldım,TR,,O
811,post_030,9,14,onu,TR,,O
812,post_030,9,15,yedim,TR,,O
813,post_030,9,16,ama,TR,,O
814,post_030,9,17,halen,TR,,O
815,post_030,9,18,bi,TR,,O
816,post_030,9,19,tuhaf,TR,,O
817,post_030,9,20,hissediyorum,TR,,O
818,post_030,9,21,lan,TR,,O
819,post_030,10,0,böyl,TR,,O
820,post_030,10,1,boğazıma,TR,,O
821,post_030,10,2,yapışmış,TR,,O
822,post_030,10,3,tüm,TR,,O
823,post_030,10,4,kaşarlar,TR,,O
824,post_030,10,5,gibi,TR,,O
825,post_030,10,6,yumuşak,TR,,O
826,post_030,10,7,nahoş,TR,,O
827,post_030,10,8,mide,TR,,O
828,post_030,10,9,bulandırıcı,TR,,O
829,post_030,10,10,bir,TR,,O
830,post_030,10,11,his,TR,,O
831,post_030,10,12,var,TR,,O
832,post_030,11,0,ne,TR,,O
833,post_030,11,1,pis,TR,,O
834,post_030,11,2,insanlarsınız,TR,,O
835,post_030,11,3,yahu,TR,,O
836,post_030,11,4,her,TR,,O
837,post_030,11,5,gün,TR,,O
838,post_030,11,6,yiyorsunuz,TR,,O
839,post_030,11,7,bunu,TR,,O
840,post_031,1,0,bir,TR,,O
841,post_031,1,1,de,TR,,O
842,post_031,1,2,gluten-free,EN,,O
843,post_031,1,3,veganlar,MIXED,MIXED,O
844,post_031,1,4,vardır,TR,,O
845,post_031,1,5,ki,TR,,O
846,post_031,1,6,allah,TR,,O
847,post_031,1,7,saklasın,TR,,O
848,post_031,1,8,dünya,TR,,O
849,post_031,1,9,nimetlerinden,TR,,O
850,post_031,1,10,erken,TR,,O
851,post_031,1,11,emekliye,TR,,O
852,post_031,1,12,ayrılmış,TR,,O
853,post_031,1,13,nefis,TR,,O
854,post_031,1,14,terbiyecisidir,TR,,O
855,post_031,1,15,bunlar,TR,,O
856,post_032,1,0,bilinenin,TR,,O
857,post_032,1,1,aksine,TR,,O
858,post_032,1,2,vücudu,TR,,O
859,post_032,1,3,geliştirmekten,TR,,O
860,post_032,1,4,çok,TR,,O
861,post_032,1,5,optimun,TR,,O
862,post_032,1,6,hale,TR,,O
863,post_032,1,7,getirmeyi,TR,,O
864,post_032,1,8,amaçlar,TR,,O
865,post_032,2,0,vücut,TR,,O
866,post_032,2,1,geliştirme,TR,,O
867,post_032,2,2,sporundaki,TR,,O
868,post_032,2,3,çalışma,TR,,O
869,post_032,2,4,prensiplerinin,TR,,O
870,post_032,2,5,daha,TR,,O
871,post_032,2,6,farklı,TR,,O
872,post_032,2,7,programlarla,TR,,O
873,post_032,2,8,çalışılmasıdır,TR,,O
874,post_032,3,0,içine,TR,,O
875,post_032,3,1,cardio,EN,,O
876,post_032,3,2,da,TR,,O
877,post_032,3,3,dahildir,TR,,O
878,post_032,4,0,neyin,TR,,O
879,post_032,4,1,fit,EN,,O
880,post_032,4,2,neyin,TR,,O
881,post_032,4,3,şişkin,TR,,O
882,post_032,4,4,vücut,TR,,O
883,post_032,4,5,olduğu,TR,,O
884,post_032,4,6,kişiden,TR,,O
885,post_032,4,7,kişiye,TR,,O
886,post_032,4,8,değiştiğinden,TR,,O
887,post_032,4,9,dolayı,TR,,O
888,post_032,4,10,çoğu,TR,,O
889,post_032,4,11,zaman,TR,,O
890,post_032,4,12,body,EN,,O
891,post_032,4,13,building,EN,,O
892,post_032,4,14,ile,TR,,O
893,post_032,4,15,karıştırılabilir,TR,,O
894,post_033,1,0,yeni,TR,,O
895,post_033,1,1,trendle,MIXED,MIXED,O
896,post_033,1,2,adi,TR,,O
897,post_033,1,3,wellness,EN,,O
898,post_033,1,4,e,TR,,O
899,post_033,1,5,degistirilmeye,TR,,O
900,post_033,1,6,calisiliyor,TR,,O
901,post_033,2,0,hemide,TR,,O
902,post_033,2,1,mahalle,TR,,O
903,post_033,2,2,aralarinda,TR,,O
904,post_033,2,3,falan,TR,,O
905,post_033,2,4,degil,TR,,O
906,post_033,2,5,bizzat,TR,,O
907,post_033,2,6,bu,TR,,O
908,post_033,2,7,tur,TR,,O
909,post_033,2,8,seylere,TR,,O
910,post_033,2,9,norm,EN,,O
911,post_033,2,10,koyan,TR,,O
912,post_033,2,11,club,EN,,O
913,post_033,2,12,med,EN,,O
914,post_033,2,13,tarafindan,TR,,O
915,post_033,3,0,demir,TR,,O
916,post_033,3,1,kaldiriyorum,TR,,O
917,post_033,3,2,ulan,TR,,O
918,post_033,3,3,demir,TR,,O
919,post_033,3,4,kaldirirken,TR,,O
920,post_033,3,5,biraz,TR,,O
921,post_033,3,6,etrafi,TR,,O
922,post_033,3,7,kesme,TR,,O
923,post_033,3,8,sonrasinda,TR,,O
924,post_033,3,9,bir,TR,,O
925,post_033,3,10,testosteron,TR,,O
926,post_033,3,11,endorfin,TR,,O
927,post_033,3,12,hucumunu,TR,,O
928,post_033,3,13,yasama,TR,,O
929,post_033,3,14,istegi,TR,,O
930,post_033,3,15,budur,TR,,O
931,post_033,4,0,sonra,TR,,O
932,post_033,4,1,yok,TR,,O
933,post_033,4,2,wellness,EN,,O
934,post_033,4,3,mis,TR,,O
935,post_033,4,4,kilo,TR,,O
936,post_033,4,5,bench,EN,,O
937,post_033,4,6,press,EN,,O
938,post_033,4,7,in,TR,,O
939,post_033,4,8,altina,TR,,O
940,post_033,4,9,giren,TR,,O
941,post_033,4,10,ayiya,TR,,O
942,post_033,4,11,anlat,TR,,O
943,post_033,4,12,sen,TR,,O
944,post_033,4,13,o,TR,,O
945,post_033,4,14,wellness,EN,,O
946,post_033,4,15,i,TR,,O
947,post_033,4,16,bana,EN,,O
948,post_033,4,17,degil,TR,,O
949,post_034,1,0,ronaldo'yla,NE,MIXED,B-PER
950,post_034,1,1,messi'yle,NE,MIXED,B-PER
951,post_034,1,2,değil,TR,,O
952,post_034,1,3,ibrahimoviç'le,NE,MIXED,B-PER
953,post_034,1,4,ronaldo'yla,NE,MIXED,B-PER
954,post_034,1,5,the,EN,,O
955,post_034,1,6,original,EN,,O
956,post_034,1,7,zidane'la,NE,MIXED,B-PER
957,post_034,1,8,hagi'yle,NE,MIXED,B-PER
958,post_034,1,9,baggio'yla,NE,MIXED,B-PER
959,post_034,1,10,güzel,TR,,O
960,post_034,1,11,olan,TR,,O
961,post_034,1,12,spor,TR,,O
962,post_035,1,0,senelik,TR,,O
963,post_035,1,1,bi,TR,,O
964,post_035,1,2,uğraştan,TR,,O
965,post_035,1,3,sora,TR,,O
966,post_035,1,4,insan,TR,,O
967,post_035,1,5,seviyo,TR,,O
968,post_035,1,6,doal,TR,,O
969,post_035,1,7,olarak,TR,,O
970,post_035,2,0,atılan,TR,,O
971,post_035,2,1,her,TR,,O
972,post_035,2,2,şuttan,TR,,O
973,post_035,2,3,sonra,TR,,O
974,post_035,2,4,o,TR,,O
975,post_035,2,5,yuvarlak,TR,,O
976,post_035,2,6,turuncu,TR,,O
977,post_035,2,7,şeyin,TR,,O
978,post_035,2,8,fileden,TR,,O
979,post_035,2,9,geçtikten,TR,,O
980,post_035,2,10,sonra,TR,,O
981,post_035,2,11,çıkardıı,TR,,O
982,post_035,2,12,çuf'sesini,TR,,O
983,post_035,2,13,hissedebilmek,TR,,O
984,post_035,2,14,güsel,TR,,O
985,post_035,2,15,bi,TR,,O
986,post_035,2,16,duygu,TR,,O
987,post_035,2,17,gerçekten,TR,,O
988,post_035,3,0,i,EN,,O
989,post_035,3,1,love,EN,,O
990,post_035,3,2,this,EN,,O
991,post_035,3,3,game,EN,,O
992,post_036,1,0,müzik,TR,,O
993,post_036,1,1,endüstrisi,TR,,O
994,post_036,1,2,free,EN,,O
995,post_036,1,3,downloadla,MIXED,MIXED,O
996,post_036,1,4,sarsılıyor,TR,,O
997,post_036,1,5,bunu,TR,,O
998,post_036,1,6,nasıl,TR,,O
999,post_036,1,7,alt,TR,,O
1000,post_036,1,8,ederiz,TR,,O
1001,post_036,1,9,başlıklı,TR,,O
1002,post_036,1,10,tartışmalara,TR,,O
1003,post_036,1,11,bir,TR,,O
1004,post_036,1,12,serinlik,TR,,O
1005,post_036,1,13,getirmiş,TR,,O
1006,post_036,1,14,programdır,TR,,O
1007,post_036,2,0,şimdilik,TR,,O
1008,post_036,2,1,yurtdışında,TR,,O
1009,post_036,2,2,muhtelif,TR,,O
1010,post_036,2,3,yerlerde,TR,,O
1011,post_036,2,4,muhtemeldir,TR,,O
1012,post_036,2,5,ki,TR,,O
1013,post_036,2,6,pazara,TR,,O
1014,post_036,2,7,etkin,TR,,O
1015,post_036,2,8,giriş,TR,,O
1016,post_036,2,9,için,TR,,O
1017,post_036,2,10,davetiyeyle,TR,,O
1018,post_036,2,11,ücretsiz,TR,,O
1019,post_036,2,12,kullanıma,TR,,O
1020,post_036,2,13,açık,TR,,O
1021,post_036,3,0,ama,TR,,O
1022,post_036,3,1,benim,TR,,O
1023,post_036,3,2,last,NE,,B-ORG
1024,post_036,4,0,fm,NE,,I-ORG
1025,post_036,4,1,im,TR,,O
1026,post_036,5,0,diye,TR,,O
1027,post_036,5,1,ağlayacakken,TR,,O
1028,post_036,5,2,tam,TR,,O
1029,post_036,5,3,last,NE,,B-ORG
1030,post_036,6,0,fm,NE,,I-ORG
1031,post_036,6,1,uygulaması,TR,,O
1032,post_036,6,2,olduğunu,TR,,O
1033,post_036,6,3,da,TR,,O
1034,post_036,6,4,öğrendim,TR,,O
1035,post_036,7,0,bundan,TR,,O
1036,post_036,7,1,mütevellit,TR,,O
1037,post_036,7,2,evi,TR,,O
1038,post_036,7,3,arabayı,TR,,O
1039,post_036,7,4,üzerine,TR,,O
1040,post_036,7,5,yapacağım,TR,,O
1041,post_036,7,6,tez,TR,,O
1042,post_036,7,7,zamanda,TR,,O
1043,post_037,1,0,do,EN,,O
1044,post_037,1,1,you,EN,,O
1045,post_037,1,2,mean,EN,,O
1046,post_037,1,3,fasilitesiyle,TR,,O
1047,post_037,1,4,adamı,TR,,O
1048,post_037,1,5,gülmekten,TR,,O
1049,post_037,1,6,altına,TR,,O
1050,post_037,1,7,sıçırtabilen,TR,,O
1051,post_037,1,8,search,EN,,O
1052,post_037,1,9,engine,EN,,O
1053,post_038,1,0,bir,TR,,O
1054,post_038,1,1,grafik,TR,,O
1055,post_038,1,2,happy,EN,,O
1056,post_038,1,3,halloween,NE,,B-EVENT
1057,post_038,1,4,diyerek,TR,,O
1058,post_038,1,5,halloween'i,NE,MIXED,B-EVENT
1059,post_038,1,6,kutlayan,TR,,O
1060,post_038,1,7,motor,TR,,O
1061,post_039,1,0,personalised,EN,,O
1062,post_039,1,1,search,EN,,O
1063,post_039,1,2,ister,TR,,O
1064,post_039,1,3,misin,TR,,O
1065,post_039,2,0,diye,TR,,O
1066,post_039,2,1,sordu,TR,,O
1067,post_039,2,2,bugun,TR,,O
1068,post_039,2,3,bana,TR,,O
1069,post_039,3,0,efendim,TR,,O
1070,post_039,3,1,canim,TR,,O
1071,post_039,3,2,anlamadim,TR,,O
1072,post_039,3,3,dedim,TR,,O
1073,post_039,4,0,istersen,TR,,O
1074,post_039,4,1,search,EN,,O
1075,post_039,4,2,historylerini,MIXED,MIXED,O
1076,post_039,4,3,bir,TR,,O
1077,post_039,4,4,kenarda,TR,,O
1078,post_039,4,5,tutar,TR,,O
1079,post_039,4,6,alakasiz,TR,,O
1080,post_039,4,7,sonuclari,TR,,O
1081,post_039,4,8,eler,TR,,O
1082,post_039,4,9,senle,TR,,O
1083,post_039,4,10,ilgili,TR,,O
1084,post_039,4,11,olanlari,TR,,O
1085,post_039,4,12,onune,TR,,O
1086,post_039,4,13,koyarim,TR,,O
1087,post_039,4,14,dedi,TR,,O
1088,post_039,5,0,yok,TR,,O
1089,post_039,5,1,artik,TR,,O
1090,post_039,5,2,lebron,NE,,B-PER
1091,post_039,5,3,james,NE,,I-PER
1092,post_039,5,4,dedim,TR,,O
1093,post_039,6,0,yaa,TR,,O
1094,post_039,6,1,yaa,TR,,O
1095,post_039,6,2,dedi,TR,,O
1096,post_039,7,0,gavur,TR,,O
1097,post_039,7,1,yapmis,TR,,O
1098,post_039,7,2,diyecektim,TR,,O
1099,post_039,7,3,yine,TR,,O
1100,post_039,7,4,bir,TR,,O
1101,post_039,7,5,cevap,TR,,O
1102,post_039,7,6,yapistirir,TR,,O
1103,post_039,7,7,diye,TR,,O
1104,post_039,7,8,sustum,TR,,O
1105,post_040,1,0,hello,EN,,O
1106,post_040,1,1,world,EN,,O
1107,post_040,1,2,yazmak,TR,,O
1108,post_040,1,3,için,TR,,O
1109,post_040,1,4,bir,TR,,O
1110,post_040,1,5,easter,EN,,O
1111,post_040,1,6,egg'i,MIXED,MIXED,O
1112,post_040,1,7,varmış,TR,,O
1113,post_040,2,0,import,EN,,O
1114,post_040,2,1,hello,EN,,O
1115,post_040,2,2,hello,EN,,O
1116,post_040,2,3,world,EN,,O
1117,post_041,1,0,twitter'a,NE,MIXED,B-ORG
1118,post_041,1,1,ancak,TR,,O
1119,post_041,1,2,google,NE,,B-ORG
1120,post_041,1,3,talk,EN,,O
1121,post_041,1,4,ile,TR,,O
1122,post_041,1,5,msn'e,NE,MIXED,B-ORG
1123,post_041,1,6,orkut,TR,,O
1124,post_041,1,7,ile,TR,,O
1125,post_041,1,8,facebook'a,NE,MIXED,B-ORG
1126,post_041,1,9,atabildiği,TR,,O
1127,post_041,1,10,kadar,TR,,O
1128,post_041,1,11,kazık,TR,,O
1129,post_041,1,12,atabileceğine,TR,,O
1130,post_041,1,13,inandığım,TR,,O
1131,post_041,1,14,internet,TR,,O
1132,post_041,1,15,tanrısı,TR,,O
1133,post_042,1,0,teniste,TR,,O
1134,post_042,1,1,periyodik,TR,,O
1135,post_042,1,2,olarak,TR,,O
1136,post_042,1,3,tokat,TR,,O
1137,post_042,1,4,manyagi,TR,,O
1138,post_042,1,5,ettigim,TR,,O
1139,post_042,1,6,burada,TR,,O
1140,post_042,1,7,calisan,TR,,O
1141,post_042,1,8,komsum,TR,,O
1142,post_042,1,9,bugun,TR,,O
1143,post_042,1,10,itibariyle,TR,,O
1144,post_042,1,11,my,EN,,O
1145,post_042,1,12,code,EN,,O
1146,post_042,1,13,has,EN,,O
1147,post_042,1,14,no,EN,,O
1148,post_042,1,15,bugs,EN,,O
1149,post_042,1,16,only,EN,,O
1150,post_042,1,17,features,EN,,O
1151,post_042,1,18,lafi,TR,,O
1152,post_042,1,19,etmistir,TR,,O
1153,post_042,1,20,bu,TR,,O
1154,post_042,1,21,sirket,TR,,O
1155,post_042,1,22,hakkindaki,TR,,O
1156,post_042,1,23,goruslerim,TR,,O
1157,post_042,1,24,degismistir,TR,,O
1158,post_042,1,25,ayni,TR,,O
1159,post_042,1,26,kisi,TR,,O
1160,post_042,1,27,bir,TR,,O
1161,post_042,1,28,suredir,TR,,O
1162,post_042,1,29,gizli,TR,,O
1163,post_042,1,30,gizli,TR,,O
1164,post_042,1,31,google,NE,,B-ORG
1165,post_042,1,32,chrome,NE,,I-ORG
1166,post_042,1,33,uzerinde,TR,,O
1167,post_042,1,34,calisiyormus,TR,,O
1168,post_042,1,35,megersem,TR,,O
1169,post_042,1,36,ne,TR,,O
1170,post_042,1,37,is,TR,,O
1171,post_042,1,38,yaparsin,TR,,O
1172,post_042,1,39,dedigimde,TR,,O
1173,post_042,1,40,internal,EN,,O
1174,post_042,1,41,toollar,MIXED,MIXED,O
1175,post_042,1,42,abi,TR,,O
1176,post_042,1,43,diyordu,TR,,O
1177,post_043,1,0,türkçe,TR,,O
1178,post_043,1,1,reklam,TR,,O
1179,post_043,1,2,çıkınca,TR,,O
1180,post_043,1,3,beni,TR,,O
1181,post_043,1,4,de,TR,,O
1182,post_043,1,5,çok,TR,,O
1183,post_043,1,6,şaşırtmış,TR,,O
1184,post_043,1,7,servistir,TR,,O
1185,post_043,1,8,eğer,TR,,O
1186,post_043,1,9,ki,TR,,O
1187,post_043,1,10,tl,TR,,O
1188,post_043,1,11,aylık,TR,,O
1189,post_043,1,12,premiuma,MIXED,MIXED,O
1190,post_043,1,13,mobil,TR,,O
1191,post_043,1,14,de,TR,,O
1192,post_043,1,15,dahilse,TR,,O
1193,post_043,1,16,düşünmeden,TR,,O
1194,post_043,1,17,abone,TR,,O
1195,post_043,1,18,olacağım,TR,,O
1196,post_043,1,19,servistir,TR,,O
1197,post_043,1,20,düzenleme,TR,,O
1198,post_043,1,21,gelen,TR,,O
1199,post_043,1,22,mesajlar,TR,,O
1200,post_043,1,23,doğrultusunda,TR,,O
1201,post_043,1,24,tl,TR,,O
1202,post_043,1,25,sadece,TR,,O
1203,post_043,1,26,pc'de,MIXED,MIXED,O
1204,post_043,1,27,dinlemek,TR,,O
1205,post_043,1,28,içinmiş,TR,,O
1206,post_043,1,29,spotify,NE,,B-PROD
1207,post_043,1,30,sınrısız,TR,,O
1208,post_043,1,31,diyor,TR,,O
1209,post_043,1,32,reklamda,TR,,O
1210,post_043,1,33,zaten,TR,,O
1211,post_043,1,34,yani,TR,,O
1212,post_043,1,35,unlimited,EN,,O
1213,post_043,1,36,mobil,TR,,O
1214,post_043,1,37,de,TR,,O
1215,post_043,1,38,tl,TR,,O
1216,post_043,1,39,olur,TR,,O
1217,post_043,1,40,o,TR,,O
1218,post_043,1,41,zaman,TR,,O
1219,post_044,1,0,kelime,TR,,O
1220,post_044,1,1,anlamına,TR,,O
1221,post_044,1,2,göre,TR,,O
1222,post_044,1,3,insan,TR,,O
1223,post_044,1,4,bir,TR,,O
1224,post_044,1,5,şeyler,TR,,O
1225,post_044,1,6,bekliyor,TR,,O
1226,post_044,1,7,ama,TR,,O
1227,post_044,1,8,gel,TR,,O
1228,post_044,1,9,gör,TR,,O
1229,post_044,1,10,ki,TR,,O
1230,post_044,1,11,bedava,TR,,O
1231,post_044,1,12,ürün,TR,,O
1232,post_044,1,13,göndereni,TR,,O
1233,post_044,1,14,övmek,TR,,O
1234,post_044,1,15,ve,TR,,O
1235,post_044,1,16,trendyol,MIXED,MIXED,O
1236,post_044,1,17,linki,MIXED,MIXED,O
1237,post_044,1,18,paylaşmak,TR,,O
1238,post_044,1,19,harici,TR,,O
1239,post_044,1,20,bir,TR,,O
1240,post_044,1,21,şey,TR,,O
1241,post_044,1,22,yapmıyorlar,TR,,O
1242,post_044,1,23,inanılmaz,TR,,O
1243,post_044,1,24,beleş,TR,,O
1244,post_044,1,25,bir,TR,,O
1245,post_044,1,26,hayatları,TR,,O
1246,post_044,1,27,var,TR,,O
1247,post_044,1,28,kime,TR,,O
1248,post_044,1,29,nasıl,TR,,O
1249,post_044,1,30,influence,EN,,O
1250,post_044,1,31,ediyorlar,TR,,O
1251,post_044,1,32,derseniz,TR,,O
1252,post_044,1,33,debedeki,TR,,O
1253,post_044,1,34,entryden,MIXED,MIXED,O
1254,post_044,1,35,görüp,TR,,O
1255,post_044,1,36,girdiğim,TR,,O
1256,post_044,1,37,cansu,NE,,B-PER
1257,post_044,1,38,diye,TR,,O
1258,post_044,1,39,bir,TR,,O
1259,post_044,1,40,kızın,TR,,O
1260,post_044,1,41,profiline,TR,,O
1261,post_044,1,42,baktım,TR,,O
1262,post_044,1,43,gördüm,TR,,O
1263,post_044,1,44,şurada,TR,,O
1264,post_044,1,45,kızın,TR,,O
1265,post_044,1,46,düz,TR,,O
1266,post_044,1,47,beyaz,TR,,O
1267,post_044,1,48,eşofmanını,TR,,O
1268,post_044,1,49,nerden,TR,,O
1269,post_044,1,50,diye,TR,,O
1270,post_044,1,51,sormuşlar,TR,,O
1271,post_044,1,52,skjckadakj,AMBIGUOUS,,O
1272,post_044,1,53,git,TR,,O
1273,post_044,1,54,pazardan,TR,,O
1274,post_044,1,55,al,TR,,O
1275,post_044,1,56,giy,TR,,O
1276,post_044,1,57,işte,TR,,O
1277,post_044,1,58,bunu,TR,,O
1278,post_044,1,59,neden,TR,,O
1279,post_044,1,60,soruyosun,TR,,O
1280,post_044,1,61,yani,TR,,O
1281,post_044,1,62,her,TR,,O
1282,post_044,1,63,şeyi,TR,,O
1283,post_044,1,64,soruyorlar,TR,,O
1284,post_044,1,65,herrrrrr,TR,,O
1285,post_044,1,66,şeyi,TR,,O
1286,post_044,1,67,halkımız,TR,,O
1287,post_044,1,68,ilham,TR,,O
1288,post_044,1,69,almak,TR,,O
1289,post_044,1,70,istemiyor,TR,,O
1290,post_044,1,71,halkımız,TR,,O
1291,post_044,1,72,cevap,TR,,O
1292,post_044,1,73,bekliyor,TR,,O
1293,post_044,1,74,o,TR,,O
1294,post_044,1,75,aşortmanı,TR,,O
1295,post_044,1,76,nerden,TR,,O
1296,post_044,1,77,aldın,TR,,O
1297,post_044,1,78,o,TR,,O
1298,post_044,1,79,koltuğu,TR,,O
1299,post_044,1,80,nerden,TR,,O
1300,post_044,1,81,aldın,TR,,O
1301,post_044,1,82,o,TR,,O
1302,post_044,1,83,tuvalet,TR,,O
1303,post_044,1,84,fırçasını,TR,,O
1304,post_044,1,85,nerden,TR,,O
1305,post_044,1,86,aldın,TR,,O
1306,post_044,1,87,işte,TR,,O
1307,post_044,1,88,bunlara,TR,,O
1308,post_044,1,89,cevap,TR,,O
1309,post_044,1,90,veren,TR,,O
1310,post_044,1,91,insan,TR,,O
1311,post_044,1,92,influencer,EN,,O
1312,post_044,1,93,oluyor,TR,,O
1313,post_044,1,94,süper,TR,,O
1314,post_044,1,95,tanım,TR,,O
1315,post_044,1,96,oldu,TR,,O
1316,post_044,1,97,karantinanın,TR,,O
1317,post_044,1,98,ilk,TR,,O
1318,post_044,1,99,haftaları,TR,,O
1319,post_044,1,100,herkes,TR,,O
1320,post_044,1,101,kargolara,TR,,O
1321,post_044,1,102,yüklenmişken,TR,,O
1322,post_044,1,103,bu,TR,,O
1323,post_044,1,104,manyaklardan,TR,,O
1324,post_044,1,105,biri,TR,,O
1325,post_044,1,106,halı,TR,,O
1326,post_044,1,107,linki,MIXED,MIXED,O
1327,post_044,1,108,paylaşmıştı,TR,,O
1328,post_044,1,109,çok,TR,,O
1329,post_044,1,110,sordunuz,TR,,O
1330,post_044,1,111,diye,TR,,O
1331,post_044,1,112,kasdjkajh,OTHER,,O
1332,post_044,1,113,umarım,TR,,O
1333,post_044,1,114,o,TR,,O
1334,post_044,1,115,dönem,TR,,O
1335,post_044,1,116,halı,TR,,O
1336,post_044,1,117,taşımak,TR,,O
1337,post_044,1,118,zorunda,TR,,O
1338,post_044,1,119,kalmamıştır,TR,,O
1339,post_044,1,120,kimse,TR,,O
1340,post_044,1,121,kendi,TR,,O
1341,post_044,1,122,bedava,TR,,O
1342,post_044,1,123,yaşayacak,TR,,O
1343,post_044,1,124,diye,TR,,O
1344,post_044,1,125,üç,TR,,O
1345,post_044,1,126,kuruş,TR,,O
1346,post_044,1,127,paraya,TR,,O
1347,post_044,1,128,deli,TR,,O
1348,post_044,1,129,gibi,TR,,O
1349,post_044,1,130,çalışan,TR,,O
1350,post_044,1,131,insanlara,TR,,O
1351,post_044,1,132,halı,TR,,O
1352,post_044,1,133,taşıtmaya,TR,,O
1353,post_044,1,134,kalkıyorlar,TR,,O
1354,post_044,1,135,canım,TR,,O
1355,post_044,1,136,influencerlar,MIXED,MIXED,O
1356,post_044,1,137,influencerlarımız,MIXED,MIXED,O
1357,post_044,1,138,bütün,TR,,O
1358,post_044,1,139,gün,TR,,O
1359,post_044,1,140,fotoğraf,TR,,O
1360,post_044,1,141,çekip,TR,,O
1361,post_044,1,142,o,TR,,O
1362,post_044,1,143,fotoğrafları,TR,,O
1363,post_044,1,144,editleyip,MIXED,MIXED,O
1364,post_044,1,145,insanlara,TR,,O
1365,post_044,1,146,bir,TR,,O
1366,post_044,1,147,şey,TR,,O
1367,post_044,1,148,satmaya,TR,,O
1368,post_044,1,149,çalışıp,TR,,O
1369,post_044,1,150,bunun,TR,,O
1370,post_044,1,151,adına,TR,,O
1371,post_044,1,152,içerik,TR,,O
1372,post_044,1,153,üretimi,TR,,O
1373,post_044,1,154,diyen,TR,,O
1374,post_044,1,155,parazit,TR,,O
1375,post_044,1,156,yaşam,TR,,O
1376,post_044,1,157,formlarımız,MIXED,MIXED,O
1377,post_044,1,158,influencerlarımız,MIXED,MIXED,O
1378,post_045,1,0,minecraft,NE,,B-TITLE
1379,post_045,1,1,filminden,TR,,O
1380,post_045,1,2,ilk,TR,,O
1381,post_045,1,3,teaser,EN,,O
1382,post_045,1,4,gelmiş,TR,,O
1383,post_045,1,5,ve,TR,,O
1384,post_045,1,6,aşırı,TR,,O
1385,post_045,1,7,kötü,TR,,O
1386,post_045,1,8,olmuş,TR,,O
1387,post_045,1,9,oğlum,TR,,O
1388,post_045,1,10,bu,TR,,O
1389,post_045,1,11,ne,TR,,O
1390,post_045,1,12,lan,TR,,O
1391,post_045,1,13,youtuber'ların,MIXED,MIXED,O
1392,post_045,1,14,çektiği,TR,,O
1393,post_045,1,15,green,EN,,O
1394,post_045,1,16,screen'li,MIXED,MIXED,O
1395,post_045,1,17,parodi,TR,,O
1396,post_045,1,18,videoları,TR,,O
1397,post_045,1,19,gibi,TR,,O
1398,post_045,1,20,olmuş,TR,,O
1399,post_045,1,21,resmen,TR,,O
1400,post_046,1,0,iyi,TR,,O
1401,post_046,1,1,örneklere,TR,,O
1402,post_046,1,2,reddit,NE,,B-PROD
1403,post_046,1,3,üzerinden,TR,,O
1404,post_046,1,4,bakabilirsiniz,TR,,O
1405,post_046,1,5,bazen,TR,,O
1406,post_046,1,6,çok,TR,,O
1407,post_046,1,7,gerçekçi,TR,,O
1408,post_046,1,8,ya,TR,,O
1409,post_046,1,9,da,TR,,O
1410,post_046,1,10,yaratıcı,TR,,O
1411,post_046,1,11,işler,TR,,O
1412,post_046,1,12,görüyorum,TR,,O
1413,post_046,1,13,para,TR,,O
1414,post_046,1,14,kazananlar,TR,,O
1415,post_046,1,15,falan,TR,,O
1416,post_046,1,16,da,TR,,O
1417,post_046,1,17,var,TR,,O
1418,post_046,1,18,biri,TR,,O
1419,post_046,1,19,takipçilerinin,TR,,O
1420,post_046,1,20,arabalarının,TR,,O
1421,post_046,1,21,ai,EN,,O
1422,post_046,1,22,versiyonunu,TR,,O
1423,post_046,1,23,yaparak,TR,,O
1424,post_046,1,24,dolar,TR,,O
1425,post_046,1,25,kazanmıştı,TR,,O
1426,post_046,1,26,geçenlerde,TR,,O
1427,post_046,1,27,şu,TR,,O
1428,post_046,1,28,post,EN,,O
1429,post_046,1,29,ile,TR,,O
1430,post_046,1,30,sene,TR,,O
1431,post_046,1,31,içerisindeki,TR,,O
1432,post_046,1,32,ivmesini,TR,,O
1433,post_046,1,33,görebilirsiniz,TR,,O
1434,post_046,1,34,aynı,TR,,O
1435,post_046,1,35,promt,EN,,O
1436,post_046,1,36,kullanılarak,TR,,O
1437,post_046,1,37,sonuçlar,TR,,O
1438,post_046,1,38,paylaşılmış,TR,,O
1439,post_046,1,39,game,EN,,O
1440,post_046,1,40,of,EN,,O
1441,post_046,1,41,friends,EN,,O
1442,post_046,1,42,bunun,TR,,O
1443,post_046,1,43,gibi,TR,,O
1444,post_046,1,44,denemeleri,TR,,O
1445,post_046,1,45,seviyorum,TR,,O
1446,post_046,1,46,komik,TR,,O
1447,post_046,1,47,oluyorlar,TR,,O
1448,post_047,1,0,cnbc-e,NE,MIXED,B-ORG
1449,post_047,1,1,kapandıktan,TR,,O
1450,post_047,1,2,sonrası,TR,,O
1451,post_047,1,3,eski,TR,,O
1452,post_047,1,4,tadı,TR,,O
1453,post_047,1,5,tuzu,TR,,O
1454,post_047,1,6,yoktu,TR,,O
1455,post_047,1,7,hiçbir,TR,,O
1456,post_047,1,8,şeyin,TR,,O
1457,post_047,1,9,benim,TR,,O
1458,post_047,1,10,için,TR,,O
1459,post_047,1,11,karanlık,TR,,O
1460,post_047,1,12,çağ,TR,,O
1461,post_047,1,13,resmen,TR,,O
1462,post_047,1,14,iyi,TR,,O
1463,post_047,1,15,oldu,TR,,O
1464,post_047,1,16,prime,NE,,B-PROD
1465,post_047,1,17,video,NE,,I-PROD
1466,post_047,1,18,tabi,TR,,O
1467,post_047,1,19,netflix,NE,,B-PROD
1468,post_047,1,20,ile,TR,,O
1469,post_047,1,21,karşılaştırmak,TR,,O
1470,post_047,1,22,abes,TR,,O
1471,post_047,1,23,olur,TR,,O
1472,post_047,1,24,ama,TR,,O
1473,post_047,1,25,şu,TR,,O
1474,post_047,1,26,açıdan,TR,,O
1475,post_047,1,27,çok,TR,,O
1476,post_047,1,28,iyi,TR,,O
1477,post_047,1,29,benim,TR,,O
1478,post_047,1,30,için,TR,,O
1479,post_047,1,31,çocukluğumda,TR,,O
1480,post_047,1,32,ve,TR,,O
1481,post_047,1,33,ergenliğimde,TR,,O
1482,post_047,1,34,izlediğim,TR,,O
1483,post_047,1,35,eski,TR,,O
1484,post_047,1,36,klasik,TR,,O
1485,post_047,1,37,dizileri,TR,,O
1486,post_047,1,38,bünyesinde,TR,,O
1487,post_047,1,39,barındırmasıyla,TR,,O
1488,post_047,1,40,beni,TR,,O
1489,post_047,1,41,mutlu,TR,,O
1490,post_047,1,42,etmiş,TR,,O
1491,post_047,1,43,platform,AMBIGUOUS,,O
1492,post_047,1,44,the,NE,,B-TITLE
1493,post_047,1,45,x,NE,,I-TITLE
1494,post_047,1,46,files,NE,,I-TITLE
1495,post_047,1,47,battlestar,NE,,B-TITLE
1496,post_047,1,48,galactica,NE,,I-TITLE
1497,post_047,1,49,dr,NE,,B-TITLE
1498,post_047,1,50,house,NE,,I-TITLE
1499,post_047,1,51,bones,NE,,B-TITLE
1500,post_047,1,52,the,NE,,B-TITLE
1501,post_047,1,53,tudors,NE,,I-TITLE
1502,post_047,1,54,prison,NE,,B-TITLE
1503,post_047,1,55,break,NE,,I-TITLE
1504,post_047,1,56,seinfeld,NE,,I-TITLE
1505,post_047,1,57,heroes,NE,,B-TITLE
1506,post_047,1,58,buffy,NE,,B-TITLE
1507,post_047,1,59,bir,TR,,O
1508,post_047,1,60,de,TR,,O
1509,post_047,1,61,dexter,NE,,B-TITLE
1510,post_047,1,62,gelse,TR,,O
1511,post_047,1,63,ya,TR,,O
1512,post_047,1,64,nip/tuck,NE,,B-TITLE
1513,post_047,1,65,rome,NE,,B-TITLE
1514,post_047,1,66,yenilerden,TR,,O
1515,post_047,1,67,de,TR,,O
1516,post_047,1,68,güzel,TR,,O
1517,post_047,1,69,diziler,TR,,O
1518,post_047,1,70,var,TR,,O
1519,post_047,1,71,tabi,TR,,O
1520,post_047,1,72,the,NE,,B-TITLE
1521,post_047,1,73,night,NE,,I-TITLE
1522,post_047,1,74,manager,NE,,I-TITLE
1523,post_047,1,75,gerçi,TR,,O
1524,post_047,1,76,bunu,TR,,O
1525,post_047,1,77,amazon,NE,,B-ORG
1526,post_047,1,78,öncesinde,TR,,O
1527,post_047,1,79,daha,TR,,O
1528,post_047,1,80,ilk,TR,,O
1529,post_047,1,81,çekildiğinde,TR,,O
1530,post_047,1,82,izlemiştim,TR,,O
1531,post_047,1,83,absentia,NE,,B-TITLE
1532,post_047,1,84,fleabag,NE,,B-TITLE
1533,post_047,1,85,jack,NE,,B-TITLE
1534,post_047,1,86,ryan'a,NE,MIXED,I-TITLE
1535,post_047,1,87,başlayacağım,TR,,O
1536,post_047,1,88,ancak,TR,,O
1537,post_047,1,89,sömestr'da,TR,,O
1538,post_048,1,0,project10,NE,,B-OTHER
1539,post_048,1,1,to,NE,,I-OTHER
1540,post_048,1,2,the,NE,,I-OTHER
1541,post_048,1,3,100,NE,,I-OTHER
1542,post_048,1,4,diye,TR,,O
1543,post_048,1,5,bi,TR,,O
1544,post_048,1,6,link,EN,,O
1545,post_048,1,7,vermişler,TR,,O
1546,post_048,1,8,bugün,TR,,O
1547,post_048,1,9,gördüm,TR,,O
1548,post_048,1,10,bir,TR,,O
1549,post_048,1,11,fikre,TR,,O
1550,post_048,1,12,oy,TR,,O
1551,post_048,1,13,verin,TR,,O
1552,post_048,1,14,ve,TR,,O
1553,post_048,1,15,dünyayı,TR,,O
1554,post_048,1,16,değiştirmeye,TR,,O
1555,post_048,1,17,yardım,TR,,O
1556,post_048,1,18,edin,TR,,O
1557,post_048,1,19,yazmışlar,TR,,O
1558,post_048,1,20,yanına,TR,,O
1559,post_048,1,21,da,TR,,O
1560,post_048,1,22,bilim,TR,,O
1561,post_048,1,23,ve,TR,,O
1562,post_048,1,24,mühendislik,TR,,O
1563,post_048,1,25,eğitimini,TR,,O
1564,post_048,1,26,geliştirmek,TR,,O
1565,post_048,1,27,afrikalı,TR,,O
1566,post_048,1,28,öğrencilere,TR,,O
1567,post_048,1,29,kaliteli,TR,,O
1568,post_048,1,30,eğitim,TR,,O
1569,post_048,1,31,toplu,TR,,O
1570,post_048,1,32,taşımacılıkta,TR,,O
1571,post_048,1,33,yeni,TR,,O
1572,post_048,1,34,yöntemler,TR,,O
1573,post_048,1,35,vb,TR,,O
1574,post_048,1,36,konuları,TR,,O
1575,post_048,1,37,içeriyor,TR,,O
1576,post_048,1,38,oy,TR,,O
1577,post_048,1,39,vermemizi,TR,,O
1578,post_048,1,40,rica,TR,,O
1579,post_048,1,41,etmişler,TR,,O
1580,post_048,1,42,veririz,TR,,O
1581,post_048,1,43,de,TR,,O
1582,post_048,1,44,işe,TR,,O
1583,post_048,1,45,yarasa,TR,,O
1584,post_048,1,46,bari,TR,,O
1585,post_049,1,0,filminin,TR,,O
1586,post_049,1,1,teaser'i,MIXED,MIXED,O
1587,post_049,1,2,yayinlanmis,TR,,O
1588,post_049,1,3,yarrrrak,TR,,O
1589,post_049,1,4,gibi,TR,,O
1590,post_049,1,5,olmus,TR,,O
1591,post_049,1,6,affedersin,TR,,O
1592,post_049,1,7,gercek,TR,,O
1593,post_049,1,8,dunya,TR,,O
1594,post_049,1,9,oyun,TR,,O
1595,post_049,1,10,dunyasina,TR,,O
1596,post_049,1,11,isinlaniyor,TR,,O
1597,post_049,1,12,konseptli,TR,,O
1598,post_049,1,13,filmler,TR,,O
1599,post_049,1,14,cok,TR,,O
1600,post_049,1,15,corny,EN,,O
1601,post_049,1,16,oluyor,TR,,O
1602,post_049,1,17,be,TR,,O
1603,post_049,1,18,bkz,TR,,O
1604,post_049,1,19,jumanji,NE,,B-TITLE
1605,post_049,1,20,remake,EN,,O
1606,post_049,1,21,pixels,NE,,B-TITLE
1607,post_049,1,22,vb,TR,,O
1608,post_049,1,23,ilk,TR,,O
1609,post_049,1,24,sonic,NE,,B-TITLE
1610,post_049,1,25,fragmani,TR,,O
1611,post_049,1,26,tadi,TR,,O
1612,post_049,1,27,aldim,TR,,O
1613,post_049,1,28,umarim,TR,,O
1614,post_049,1,29,radikal,TR,,O
1615,post_049,1,30,degisikliklere,TR,,O
1616,post_049,1,31,gidilir,TR,,O
1617,post_049,1,32,de,TR,,O
1618,post_049,1,33,boyle,TR,,O
1619,post_049,1,34,boktan,TR,,O
1620,post_049,1,35,duran,TR,,O
1621,post_049,1,36,bir,TR,,O
1622,post_049,1,37,sey,TR,,O
1623,post_049,1,38,cikmaz,TR,,O
1624,post_049,1,39,ortaya,TR,,O
1625,post_050,1,0,bugunun,TR,,O
1626,post_050,1,1,trending,EN,,O
1627,post_050,1,2,topiclerinden,MIXED,MIXED,O
1628,post_050,1,3,biri,TR,,O
1629,post_050,1,4,de,TR,,O
1630,post_050,1,5,kullanicilarin,TR,,O
1631,post_050,1,6,buyuk,TR,,O
1632,post_050,1,7,cogunlugunun,TR,,O
1633,post_050,1,8,yas,TR,,O
1634,post_050,1,9,ustu,TR,,O
1635,post_050,1,10,olmasi,TR,,O
1636,post_050,1,11,ve,TR,,O
1637,post_050,1,12,genclerin,TR,,O
1638,post_050,1,13,pek,TR,,O
1639,post_050,1,14,tweetlememesi,MIXED,MIXED,O
1640,post_050,1,15,ilginc,TR,,O
1641,post_051,1,0,bkz,TR,,O
1642,post_051,1,1,react,NE,,B-PROD
1643,post_051,1,2,hooks,EN,,O
1644,post_051,1,3,cânım,TR,,O
1645,post_051,1,4,hookslar,MIXED,MIXED,O
1646,post_051,1,5,için,TR,,O
1647,post_051,1,6,ayrı,TR,,O
1648,post_051,1,7,bir,TR,,O
1649,post_051,1,8,başlık,TR,,O
1650,post_051,1,9,açılmış,TR,,O
1651,post_051,1,10,bence,TR,,O
1652,post_051,1,11,de,TR,,O
1653,post_051,1,12,react'ten,NE,MIXED,B-PROD
1654,post_051,1,13,daha,TR,,O
1655,post_051,1,14,güzel,TR,,O
1656,post_051,1,15,bir,TR,,O
1657,post_051,1,16,şey,TR,,O
1658,post_051,1,17,varsa,TR,,O
1659,post_051,1,18,o,TR,,O
1660,post_051,1,19,da,TR,,O
1661,post_051,1,20,react,NE,,B-PROD
1662,post_051,1,21,hookslardır,MIXED,MIXED,O
1663,post_052,1,0,ben,TR,,O
1664,post_052,1,1,bu,TR,,O
1665,post_052,1,2,kadar,TR,,O
1666,post_052,1,3,hastalıklı,TR,,O
1667,post_052,1,4,bir,TR,,O
1668,post_052,1,5,topluluk,TR,,O
1669,post_052,1,6,görmedim,TR,,O
1670,post_052,1,7,kendilerine,TR,,O
1671,post_052,1,8,bunu,TR,,O
1672,post_052,1,9,söylediğinde,TR,,O
1673,post_052,1,10,içimizde,TR,,O
1674,post_052,1,11,ki,TR,,O
1675,post_052,1,12,toxiclere,MIXED,MIXED,O
1676,post_052,1,13,bakmayın,TR,,O
1677,post_052,1,14,gibi,TR,,O
1678,post_052,1,15,cümleler,TR,,O
1679,post_052,1,16,falan,TR,,O
1680,post_052,1,17,kuruyorlar,TR,,O
1681,post_052,1,18,fakat,TR,,O
1682,post_052,1,19,belki,TR,,O
1683,post_052,1,20,de,TR,,O
1684,post_052,1,21,topluluğun,TR,,O
1685,post_052,1,22,en,TR,,O
1686,post_052,1,23,az,TR,,O
1687,post_052,1,24,bu,TR,,O
1688,post_052,1,25,şekilde,TR,,O
1689,post_052,1,26,sevdikleri,TR,,O
1690,post_052,1,27,idolleri,TR,,O
1691,post_052,1,28,överken,TR,,O
1692,post_052,1,29,birbirleriyle,TR,,O
1693,post_052,1,30,tartışırken,TR,,O
1694,post_052,1,31,kullandıkları,TR,,O
1695,post_052,1,32,kelimeler,TR,,O
1696,post_052,1,33,kurdukları,TR,,O
1697,post_052,1,34,cümleler,TR,,O
1698,post_052,1,35,o,TR,,O
1699,post_052,1,36,kadar,TR,,O
1700,post_052,1,37,itici,TR,,O
1701,post_052,1,38,ki,TR,,O
1702,post_052,1,39,bunlarla,TR,,O
1703,post_052,1,40,aynı,TR,,O
1704,post_052,1,41,ülkede,TR,,O
1705,post_052,1,42,yaşıyorum,TR,,O
1706,post_052,1,43,ben,TR,,O
1707,post_052,1,44,diyip,TR,,O
1708,post_052,1,45,depresyona,TR,,O
1709,post_052,1,46,falan,TR,,O
1710,post_052,1,47,giriyorsun,TR,,O
1711,post_052,1,48,yani,TR,,O
1712,post_052,1,49,birde,TR,,O
1713,post_052,1,50,ota,TR,,O
1714,post_052,1,51,boka,TR,,O
1715,post_052,1,52,duyar,TR,,O
1716,post_052,1,53,kasıp,TR,,O
1717,post_052,1,54,çakma,TR,,O
1718,post_052,1,55,hümanistlik,TR,,O
1719,post_052,1,56,oynamaları,TR,,O
1720,post_052,1,57,var,TR,,O
1721,post_052,1,58,tek,TR,,O
1722,post_052,1,59,iyi,TR,,O
1723,post_052,1,60,tarafları,TR,,O
1724,post_052,1,61,twitter'da,NE,MIXED,B-PROD
1725,post_052,1,62,ki,TR,,O
1726,post_052,1,63,muhalif,TR,,O
1727,post_052,1,64,taglere,MIXED,MIXED,O
1728,post_052,1,65,katılıyorlar,TR,,O
1729,post_052,1,66,ha,TR,,O
1730,post_052,1,67,fikirleri,TR,,O
1731,post_052,1,68,olduğundan,TR,,O
1732,post_052,1,69,değil,TR,,O
1733,post_052,1,70,bu,TR,,O
1734,post_052,1,71,arada,TR,,O
1735,post_052,1,72,amaç,TR,,O
1736,post_052,1,73,tamamen,TR,,O
1737,post_052,1,74,muhalefet,TR,,O
1738,post_052,1,75,olsun,TR,,O
1739,post_052,1,76,diye,TR,,O
1740,post_052,1,77,k-pop,EN,,O
1741,post_052,1,78,içinde,TR,,O
1742,post_052,1,79,gerçekten,TR,,O
1743,post_052,1,80,yetenekli,TR,,O
1744,post_052,1,81,insanların,TR,,O
1745,post_052,1,82,ve,TR,,O
1746,post_052,1,83,güzel,TR,,O
1747,post_052,1,84,müziklerin,TR,,O
1748,post_052,1,85,olduğu,TR,,O
1749,post_052,1,86,bir,TR,,O
1750,post_052,1,87,sektör,TR,,O
1751,post_052,1,88,fakat,TR,,O
1752,post_052,1,89,bunlar,TR,,O
1753,post_052,1,90,ne,TR,,O
1754,post_052,1,91,kadar,TR,,O
1755,post_052,1,92,iyiyse,TR,,O
1756,post_052,1,93,kitlesi,TR,,O
1757,post_052,1,94,bundan,TR,,O
1758,post_052,1,95,kat,TR,,O
1759,post_052,1,96,daha,TR,,O
1760,post_052,1,97,kötü,TR,,O
1761,post_053,1,0,ne,TR,,O
1762,post_053,1,1,zaman,TR,,O
1763,post_053,1,2,bir,TR,,O
1764,post_053,1,3,trending,EN,,O
1765,post_053,1,4,topic'i,MIXED,MIXED,O
1766,post_053,1,5,merak,TR,,O
1767,post_053,1,6,edip,TR,,O
1768,post_053,1,7,tiklasam,TR,,O
1769,post_053,1,8,karsima,TR,,O
1770,post_053,1,9,gelen,TR,,O
1771,post_053,1,10,tweet'ler,MIXED,MIXED,O
1772,post_053,1,11,o,TR,,O
1773,post_053,1,12,kelimeleri,TR,,O
1774,post_053,1,13,iceren,TR,,O
1775,post_053,1,14,anlamli,TR,,O
1776,post_053,1,15,yazilardan,TR,,O
1777,post_053,1,16,degil,TR,,O
1778,post_053,1,17,de,TR,,O
1779,post_053,1,18,genelde,TR,,O
1780,post_053,1,19,trending,EN,,O
1781,post_053,1,20,topic,EN,,O
1782,post_053,1,21,olmus,TR,,O
1783,post_053,1,22,veya,TR,,O
1784,post_053,1,23,lol,EN,,O
1785,post_053,1,24,gibi,TR,,O
1786,post_053,1,25,seylerden,TR,,O
1787,post_053,1,26,olusuyor,TR,,O
1788,post_053,1,27,yani,TR,,O
1789,post_053,1,28,bir,TR,,O
1790,post_053,1,29,konu,TR,,O
1791,post_053,1,30,tt'ye,MIXED,MIXED,O
1792,post_053,1,31,girdikten,TR,,O
1793,post_053,1,32,bir,TR,,O
1794,post_053,1,33,muddet,TR,,O
1795,post_053,1,34,sonra,TR,,O
1796,post_053,1,35,bahsi,TR,,O
1797,post_053,1,36,gecmese,TR,,O
1798,post_053,1,37,dahi,TR,,O
1799,post_053,1,38,sirf,TR,,O
1800,post_053,1,39,insanlarin,TR,,O
1801,post_053,1,40,ne,TR,,O
1802,post_053,1,41,yaziyo,TR,,O
1803,post_053,1,42,muhabbetinden,TR,,O
1804,post_053,1,43,dolayi,TR,,O
1805,post_053,1,44,kaybolmayip,TR,,O
1806,post_053,1,45,bence,TR,,O
1807,post_053,1,46,bu,TR,,O
1808,post_053,1,47,listenin,TR,,O
1809,post_053,1,48,olayini,TR,,O
1810,post_053,1,49,bozuyor,TR,,O
1811,post_054,1,0,entrylerinde,MIXED,MIXED,O
1812,post_054,1,1,yapay,TR,,O
1813,post_054,1,2,zeka,TR,,O
1814,post_054,1,3,yazmayanı,TR,,O
1815,post_054,1,4,dövüyorlar,TR,,O
1816,post_054,1,5,herkes,TR,,O
1817,post_054,1,6,neural,EN,,O
1818,post_054,1,7,networkcu,MIXED,MIXED,O
1819,post_054,1,8,olmuş,TR,,O
1820,post_054,1,9,bkz,TR,,O
1821,post_054,1,10,pytroll,NE,,B-PROD
1822,post_055,1,0,netflix,NE,,B-PROD
1823,post_055,1,1,ve,TR,,O
1824,post_055,1,2,blutv,NE,,B-ORG
1825,post_055,1,3,tükendiğinde,TR,,O
1826,post_055,1,4,beni,TR,,O
1827,post_055,1,5,hayata,TR,,O
1828,post_055,1,6,döndüren,TR,,O
1829,post_055,1,7,platform,AMBIGUOUS,,O
1830,post_055,1,8,top,EN,,O
1831,post_055,1,9,listem,TR,,O
1832,post_055,1,10,şu,TR,,O
1833,post_055,1,11,şekil,TR,,O
1834,post_055,1,12,bkz,TR,,O
1835,post_055,1,13,fleabag,NE,,B-TITLE
1836,post_055,1,14,bkz,TR,,O
1837,post_055,1,15,the,NE,,B-TITLE
1838,post_055,1,16,boys,NE,,I-TITLE
1839,post_055,1,17,bkz,EN,,O
1840,post_055,1,18,the,NE,,B-TITLE
1841,post_055,1,19,marvelous,NE,,I-TITLE
1842,post_055,1,20,mrs,NE,,I-TITLE
1843,post_055,1,21,maisel,NE,,I-TITLE
1844,post_056,1,0,fox'u,NE,MIXED,B-ORG
1845,post_056,1,1,milyar,TR,,O
1846,post_056,1,2,dolara,TR,,O
1847,post_056,1,3,satın,TR,,O
1848,post_056,1,4,alan,TR,,O
1849,post_056,1,5,canavar,TR,,O
1850,post_056,1,6,almadığı,TR,,O
1851,post_056,1,7,kim,TR,,O
1852,post_056,1,8,kaldı,TR,,O
1853,post_056,1,9,bilemiyorum,TR,,O
1854,post_056,1,10,hepsini,TR,,O
1855,post_056,1,11,aldı,TR,,O
1856,post_056,1,12,yuttu,TR,,O
1857,post_056,1,13,bu,TR,,O
1858,post_056,1,14,kadar,TR,,O
1859,post_056,1,15,masrafı,TR,,O
1860,post_056,1,16,çıkartmak,TR,,O
1861,post_056,1,17,için,TR,,O
1862,post_056,1,18,artık,TR,,O
1863,post_056,1,19,tuvalet,TR,,O
1864,post_056,1,20,kağıdında,TR,,O
1865,post_056,1,21,bile,TR,,O
1866,post_056,1,22,marvel,NE,,B-PROD
1867,post_056,1,23,ve,TR,,O
1868,post_056,1,24,star,NE,,B-PROD
1869,post_056,1,25,wars,NE,,I-PROD
1870,post_056,1,26,temaları,TR,,O
1871,post_056,1,27,görebiliriz,TR,,O
1872,post_057,1,0,varsa,TR,,O
1873,post_057,1,1,az,TR,,O
1874,post_057,1,2,bilinip,TR,,O
1875,post_057,1,3,de,TR,,O
1876,post_057,1,4,güzel,TR,,O
1877,post_057,1,5,olanlardan,TR,,O
1878,post_057,1,6,birkaç,TR,,O
1879,post_057,1,7,tane,TR,,O
1880,post_057,1,8,yeşillendirin,TR,,O
1881,post_057,1,9,öyle,TR,,O
1882,post_057,1,10,google'a,NE,MIXED,B-PROD
1883,post_057,1,11,en,TR,,O
1884,post_057,1,12,iyi,TR,,O
1885,post_057,1,13,animeler,TR,,O
1886,post_057,1,14,yazıp,TR,,O
1887,post_057,1,15,karşımıza,TR,,O
1888,post_057,1,16,çıkan,TR,,O
1889,post_057,1,17,şeyler,TR,,O
1890,post_057,1,18,istemiyorum,TR,,O
1891,post_057,1,19,mesaj,TR,,O
1892,post_057,1,20,yeşillenene,TR,,O
1893,post_057,1,21,kadar,TR,,O
1894,post_057,1,22,ben,TR,,O
1895,post_057,1,23,de,TR,,O
1896,post_057,1,24,tane,TR,,O
1897,post_057,1,25,önereyim,TR,,O
1898,post_057,1,26,bkz,TR,,O
1899,post_057,1,27,berserk,NE,,B-TITLE
1900,post_057,1,28,berserk,NE,,B-TITLE
1901,post_057,1,29,aslında,TR,,O
1902,post_057,1,30,çok,TR,,O
1903,post_057,1,31,popüler,TR,,O
1904,post_057,1,32,bir,TR,,O
1905,post_057,1,33,seridir,TR,,O
1906,post_057,1,34,ama,TR,,O
1907,post_057,1,35,google,NE,,B-PROD
1908,post_057,1,36,aramalarında,TR,,O
1909,post_057,1,37,karşınıza,TR,,O
1910,post_057,1,38,çıkmaz,TR,,O
1911,post_057,1,39,berserk'i,NE,MIXED,B-TITLE
1912,post_057,1,40,öneririm,TR,,O
1913,post_057,1,41,kaiji,NE,,B-TITLE
1914,post_057,1,42,bir,TR,,O
1915,post_057,1,43,kart,TR,,O
1916,post_057,1,44,animesidir,TR,,O
1917,post_057,1,45,ama,TR,,O
1918,post_057,1,46,öyle,TR,,O
1919,post_057,1,47,çoluk,TR,,O
1920,post_057,1,48,çocuklara,TR,,O
1921,post_057,1,49,hitap,TR,,O
1922,post_057,1,50,etmez,TR,,O
1923,post_057,1,51,sürüküleyicidir,TR,,O
1924,post_057,1,52,bir,TR,,O
1925,post_057,1,53,oturuşta,TR,,O
1926,post_057,1,54,bitirirsiniz,TR,,O
1927,post_057,1,55,yeni,TR,,O
1928,post_057,1,56,başlayacaklara,TR,,O
1929,post_057,1,57,ise,TR,,O
1930,post_057,1,58,naruto,NE,,B-TITLE
1931,post_057,1,59,ve,TR,,O
1932,post_057,1,60,naruto,NE,,B-TITLE
1933,post_057,1,61,shippuuden,NE,,I-TITLE
1934,post_057,1,62,serisini,TR,,O
1935,post_057,1,63,öneririm,TR,,O
1936,post_057,1,64,bu,TR,,O
1937,post_057,1,65,serideki,TR,,O
1938,post_057,1,66,en,TR,,O
1939,post_057,1,67,büyük,TR,,O
1940,post_057,1,68,eleştiri,TR,,O
1941,post_057,1,69,şudur,TR,,O
1942,post_057,1,70,naruto,NE,,B-TITLE
1943,post_057,1,71,serisi,TR,,O
1944,post_057,1,72,filler,EN,,O
1945,post_057,1,73,doludur,TR,,O
1946,post_057,1,74,filler,EN,,O
1947,post_057,1,75,ne,TR,,O
1948,post_057,1,76,yayımcı,TR,,O
1949,post_057,1,77,firmanın,TR,,O
1950,post_057,1,78,senaryo,TR,,O
1951,post_057,1,79,dışına,TR,,O
1952,post_057,1,80,çıkıp,TR,,O
1953,post_057,1,81,kafasına,TR,,O
1954,post_057,1,82,göre,TR,,O
1955,post_057,1,83,bölümler,TR,,O
1956,post_057,1,84,çekmesidir,TR,,O
1957,post_057,1,85,bunun,TR,,O
1958,post_057,1,86,birkaç,TR,,O
1959,post_057,1,87,nedeni,TR,,O
1960,post_057,1,88,var,TR,,O
1961,post_057,1,89,o,TR,,O
1962,post_057,1,90,konuya,TR,,O
1963,post_057,1,91,girmeyelim,TR,,O
1964,post_057,1,92,şimdi,TR,,O
1965,post_057,1,93,bu,TR,,O
1966,post_057,1,94,seri,TR,,O
1967,post_057,1,95,artık,TR,,O
1968,post_057,1,96,bittiği,TR,,O
1969,post_057,1,97,için,TR,,O
1970,post_057,1,98,filler,EN,,O
1971,post_057,1,99,bölümler,TR,,O
1972,post_057,1,100,bizi,TR,,O
1973,post_057,1,101,ilgelendirmiyor,TR,,O
1974,post_057,1,102,artık,TR,,O
1975,post_057,1,103,bu,TR,,O
1976,post_057,1,104,siteden,TR,,O
1977,post_057,1,105,seriye,TR,,O
1978,post_057,1,106,ait,TR,,O
1979,post_057,1,107,filler,EN,,O
1980,post_057,1,108,bölüm,TR,,O
1981,post_057,1,109,listesini,TR,,O
1982,post_057,1,110,görebilirsiniz,TR,,O
1983,post_057,1,111,filler,EN,,O
1984,post_057,1,112,bölümleri,TR,,O
1985,post_057,1,113,izlemeden,TR,,O
1986,post_057,1,114,senaryoya,TR,,O
1987,post_057,1,115,bağlı,TR,,O
1988,post_057,1,116,bölümleri,TR,,O
1989,post_057,1,117,rahatlıkla,TR,,O
1990,post_057,1,118,izleyebilirsiniz,TR,,O
1991,post_057,1,119,sırıtan,TR,,O
1992,post_057,1,120,bişey,TR,,O
1993,post_057,1,121,olmaz,TR,,O
1994,post_058,1,0,bkz,TR,,O
1995,post_058,1,1,the,NE,,B-PROD
1996,post_058,1,2,moon,NE,,I-PROD
1997,post_058,1,3,monsters,NE,,I-PROD
1998,post_058,1,4,nft,EN,,O
1999,post_058,1,5,projesi,TR,,O
2000,post_058,1,6,adet,TR,,O
2001,post_058,1,7,whitelist,EN,,O
2002,post_058,1,8,apple,NE,,B-PROD
2003,post_058,1,9,watch,NE,,I-PROD
2004,post_058,1,10,series,EN,,O
2005,post_058,1,11,veriyor,TR,,O
2006,post_058,1,12,whitelsit,EN,,O
2007,post_058,1,13,hakkı,TR,,O
2008,post_058,1,14,discord,NE,,B-PROD
2009,post_058,1,15,sunucuların,TR,,O
2010,post_058,1,16,aktif,TR,,O
2011,post_058,1,17,olarak,TR,,O
2012,post_058,1,18,elde,TR,,O
2013,post_058,1,19,ediliyor,TR,,O
2014,post_058,1,20,fakat,TR,,O
2015,post_058,1,21,bu,TR,,O
2016,post_058,1,22,çekilişten,TR,,O
2017,post_058,1,23,direk,TR,,O
2018,post_058,1,24,wl,EN,,O
2019,post_058,1,25,hakkı,TR,,O
2020,post_058,1,26,elde,TR,,O
2021,post_058,1,27,edilebiliyor,TR,,O
2022,post_058,1,28,çekiliş,TR,,O
2023,post_058,1,29,linki,MIXED,MIXED,O
2024,post_058,1,30,twitter,NE,,B-PROD
2025,post_059,1,0,vay,TR,,O
2026,post_059,1,1,amınakoyyiim,TR,,O
2027,post_059,1,2,arkadaş,TR,,O
2028,post_059,1,3,kişiyi,TR,,O
2029,post_059,1,4,follow,EN,,O
2030,post_059,1,5,ediyor,TR,,O
2031,post_059,1,6,diye,TR,,O
2032,post_059,1,7,ortalığı,TR,,O
2033,post_059,1,8,turkish,EN,,O
2034,post_059,1,9,hacker,EN,,O
2035,post_059,1,10,da,TR,,O
2036,post_059,1,11,turkish,EN,,O
2037,post_059,1,12,hacker,EN,,O
2038,post_059,1,13,diye,TR,,O
2039,post_059,1,14,velveleye,TR,,O
2040,post_059,1,15,veren,TR,,O
2041,post_059,1,16,mal,TR,,O
2042,post_059,1,17,selebriti,TR,,O
2043,post_059,1,18,yuvasıymış,TR,,O
2044,post_059,1,19,lan,TR,,O
2045,post_059,1,20,bu,TR,,O
2046,post_059,1,21,twitter,NE,,B-PROD
2047,post_059,1,22,seni,TR,,O
2048,post_059,1,23,bi,TR,,O
2049,post_059,1,24,milyon,TR,,O
2050,post_059,1,25,kişi,TR,,O
2051,post_059,1,26,takip,TR,,O
2052,post_059,1,27,ederken,TR,,O
2053,post_059,1,28,iyi,TR,,O
2054,post_059,1,29,de,TR,,O
2055,post_059,1,30,sen,TR,,O
2056,post_059,1,31,kişiyi,TR,,O
2057,post_059,1,32,takip,TR,,O
2058,post_059,1,33,edince,TR,,O
2059,post_059,1,34,neden,TR,,O
2060,post_059,1,35,böyle,TR,,O
2061,post_059,1,36,mala,TR,,O
2062,post_059,1,37,bağlıyosun,TR,,O
2063,post_059,1,38,bi,TR,,O
2064,post_059,1,39,anda,TR,,O
2065,post_059,1,40,anlamadım,TR,,O
2066,post_059,1,41,ki,TR,,O
2067,post_059,1,42,omg,EN,,O
2068,post_059,1,43,diye,TR,,O
2069,post_059,1,44,anıran,TR,,O
2070,post_059,1,45,mı,TR,,O
2071,post_059,1,46,ararsın,TR,,O
2072,post_059,1,47,aralıksız,TR,,O
2073,post_059,1,48,otuz,TR,,O
2074,post_059,1,49,altı,TR,,O
2075,post_059,1,50,tane,TR,,O
2076,post_059,1,51,ünlem,TR,,O
2077,post_059,1,52,işaretiyle,TR,,O
2078,post_059,1,53,bu,TR,,O
2079,post_059,1,54,şaşırma,TR,,O
2080,post_059,1,55,efektini,TR,,O
2081,post_059,1,56,pekiştiren,TR,,O
2082,post_059,1,57,mi,TR,,O
2083,post_059,1,58,justin,NE,,B-PER
2084,post_059,1,59,bieber,NE,,I-PER
2085,post_059,1,60,bebesine,TR,,O
2086,post_059,1,61,de,TR,,O
2087,post_059,1,62,çok,TR,,O
2088,post_059,1,63,dokunmuş,TR,,O
2089,post_059,1,64,follower'ı,MIXED,MIXED,O
2090,post_059,1,65,olması,TR,,O
2091,post_059,1,66,beter,TR,,O
2092,post_059,1,67,olun,TR,,O
2093,post_059,1,68,lan,TR,,O
2094,post_060,1,0,follow,EN,,O
2095,post_060,1,1,count,EN,,O
2096,post_060,1,2,display,EN,,O
2097,post_060,1,3,is,EN,,O
2098,post_060,1,4,set,EN,,O
2099,post_060,1,5,to,EN,,O
2100,post_060,1,6,and,EN,,O
2101,post_060,1,7,follow,EN,,O
2102,post_060,1,8,unfollow,EN,,O
2103,post_060,1,9,is,EN,,O
2104,post_060,1,10,temporarily,EN,,O
2105,post_060,1,11,offline,EN,,O
2106,post_060,1,12,while,EN,,O
2107,post_060,1,13,we,EN,,O
2108,post_060,1,14,fix,EN,,O
2109,post_060,1,15,a,EN,,O
2110,post_060,1,16,bug,EN,,O
2111,post_060,1,17,demişlerdir,TR,,O
2112,post_060,1,18,official,EN,,O
2113,post_060,1,19,twitter,NE,,B-PROD
2114,post_060,1,20,hesabından,TR,,O
2115,post_061,1,0,küçük,TR,,O
2116,post_061,1,1,boyutlarda,TR,,O
2117,post_061,1,2,veri,TR,,O
2118,post_061,1,3,de,TR,,O
2119,post_061,1,4,saklayabilirsiniz,TR,,O
2120,post_061,1,5,karakterlik,TR,,O
2121,post_061,1,6,bir,TR,,O
2122,post_061,1,7,mesaj,TR,,O
2123,post_061,1,8,hazırlayın,TR,,O
2124,post_061,1,9,bunu,TR,,O
2125,post_061,1,10,hex'e,MIXED,MIXED,O
2126,post_061,1,11,çevirin,TR,,O
2127,post_061,1,12,hex,EN,,O
2128,post_061,1,13,değerini,TR,,O
2129,post_061,1,14,bu,TR,,O
2130,post_061,1,15,linke,MIXED,MIXED,O
2131,post_061,1,16,yapıştırın,TR,,O
2132,post_061,1,17,elde,TR,,O
2133,post_061,1,18,ettiğiniz,TR,,O
2134,post_061,1,19,adrese,TR,,O
2135,post_061,1,20,para,TR,,O
2136,post_061,1,21,gönderin,TR,,O
2137,post_061,1,22,paraya,TR,,O
2138,post_061,1,23,elveda,TR,,O
2139,post_061,1,24,transaction,EN,,O
2140,post_061,1,25,kazıldığında,TR,,O
2141,post_061,1,26,mesajınız,TR,,O
2142,post_061,1,27,blockchain'de,MIXED,MIXED,O
2143,post_061,1,28,olacaktır,TR,,O
2144,post_061,1,29,bu,TR,,O
2145,post_062,1,0,yaklaşık,TR,,O
2146,post_062,1,1,bir,TR,,O
2147,post_062,1,2,aydır,TR,,O
2148,post_062,1,3,belçika'da,NE,,B-LOC
2149,post_062,1,4,da,TR,,O
2150,post_062,1,5,hizmet,TR,,O
2151,post_062,1,6,veren,TR,,O
2152,post_062,1,7,şirket,TR,,O
2153,post_062,1,8,samsung,NE,,B-PROD
2154,post_062,1,9,smart,NE,,I-PROD
2155,post_062,1,10,televizyonumda,NE,,I-PROD
2156,post_062,1,11,uygulaması,TR,,O
2157,post_062,1,12,var,TR,,O
2158,post_062,1,13,açıyorum,TR,,O
2159,post_062,1,14,izliyorum,TR,,O
2160,post_062,1,15,doya,TR,,O
2161,post_062,1,16,doya,TR,,O
2162,post_062,1,17,yalnız,TR,,O
2163,post_062,1,18,alt,TR,,O
2164,post_062,1,19,yazıda,TR,,O
2165,post_062,1,20,bir,TR,,O
2166,post_062,1,21,sorun,TR,,O
2167,post_062,1,22,var,TR,,O
2168,post_062,1,23,sarı,TR,,O
2169,post_062,1,24,renkte,TR,,O
2170,post_062,1,25,gösteriyor,TR,,O
2171,post_062,1,26,netflix,NE,,B-PROD
2172,post_062,1,27,sitesinde,TR,,O
2173,post_062,1,28,hesaba,TR,,O
2174,post_062,1,29,girdim,TR,,O
2175,post_062,1,30,beyaz,TR,,O
2176,post_062,1,31,yaptım,TR,,O
2177,post_062,1,32,halen,TR,,O
2178,post_062,1,33,düzelmedi,TR,,O
2179,post_062,1,34,internette,TR,,O
2180,post_062,1,35,araştırdım,TR,,O
2181,post_062,1,36,netflix,NE,,B-PROD
2182,post_062,1,37,uygulamasının,TR,,O
2183,post_062,1,38,samsung,NE,,B-PROD
2184,post_062,1,39,tv'leri,NE,,I-PROD
2185,post_062,1,40,ile,TR,,O
2186,post_062,1,41,kombinasyonunda,TR,,O
2187,post_062,1,42,başgösteren,TR,,O
2188,post_062,1,43,bir,TR,,O
2189,post_062,1,44,olay,TR,,O
2190,post_062,1,45,sarıdan,TR,,O
2191,post_062,1,46,başka,TR,,O
2192,post_062,1,47,renge,TR,,O
2193,post_062,1,48,geçmiyor,TR,,O
2194,post_062,1,49,fuck,EN,,O
2195,post_062,1,50,you,EN,,O
2196,post_062,1,51,samsung,NE,,B-ORG
2197,post_062,1,52,house,NE,,B-TITLE
2198,post_062,1,53,of,NE,,I-TITLE
2199,post_062,1,54,cards'ı,NE,MIXED,I-TITLE
2200,post_062,1,55,bir,TR,,O
2201,post_062,1,56,haftada,TR,,O
2202,post_062,1,57,bitirdim,TR,,O
2203,post_062,1,58,elementary,NE,,B-TITLE
2204,post_062,1,59,de,TR,,O
2205,post_062,1,60,bitti,TR,,O
2206,post_062,1,61,ikinci,TR,,O
2207,post_062,1,62,sezonu,TR,,O
2208,post_062,1,63,nette,TR,,O
2209,post_062,1,64,olduğu,TR,,O
2210,post_062,1,65,halde,TR,,O
2211,post_062,1,66,netflix'te,NE,MIXED,B-PROD
2212,post_062,1,67,yok,TR,,O
2213,post_062,1,68,ama,TR,,O
2214,post_062,1,69,her,TR,,O
2215,post_062,1,70,nedense,TR,,O
2216,post_062,1,71,penny,NE,,B-TITLE
2217,post_062,1,72,dreadful,NE,,I-TITLE
2218,post_062,1,73,bitti,TR,,O
2219,post_062,1,74,şu,TR,,O
2220,post_062,1,75,sıralar,TR,,O
2221,post_062,1,76,fringe,NE,,B-TITLE
2222,post_062,1,77,izliyorum,TR,,O
2223,post_062,1,78,sonra,TR,,O
2224,post_062,1,79,ne,TR,,O
2225,post_062,1,80,izlesem,TR,,O
2226,post_062,1,81,diye,TR,,O
2227,post_062,1,82,bakınıyorum,TR,,O
2228,post_062,1,83,dizilerde,TR,,O
2229,post_062,1,84,biraz,TR,,O
2230,post_062,1,85,daha,TR,,O
2231,post_062,1,86,güncel,TR,,O
2232,post_062,1,87,olsalar,TR,,O
2233,post_062,1,88,süper,TR,,O
2234,post_062,1,89,olacak,TR,,O
2235,post_062,1,90,evdeki,TR,,O
2236,post_062,1,91,dijital,TR,,O
2237,post_062,1,92,televizyon,TR,,O
2238,post_062,1,93,decoderımı,MIXED,MIXED,O
2239,post_062,1,94,geri,TR,,O
2240,post_062,1,95,verdim,TR,,O
2241,post_062,1,96,şirkete,TR,,O
2242,post_062,1,97,kablo,TR,,O
2243,post_062,1,98,televizyon,TR,,O
2244,post_062,1,99,belçika,NE,,B-LOC
2245,post_062,1,100,ve,TR,,O
2246,post_062,1,101,diğer,TR,,O
2247,post_062,1,102,yabancı,TR,,O
2248,post_062,1,103,kanallar,TR,,O
2249,post_062,1,104,hattımı,TR,,O
2250,post_062,1,105,kapattırdım,TR,,O
2251,post_062,1,106,uydu,TR,,O
2252,post_062,1,107,ile,TR,,O
2253,post_062,1,108,zaten,TR,,O
2254,post_062,1,109,türksat,TR,,O
2255,post_062,1,110,izliyoruz,TR,,O
2256,post_062,1,111,netflix,NE,,B-PROD
2257,post_062,1,112,ile,TR,,O
2258,post_062,1,113,dizi,TR,,O
2259,post_062,1,114,ve,TR,,O
2260,post_062,1,115,film,TR,,O
2261,post_062,1,116,keyfim,TR,,O
2262,post_062,1,117,tam,TR,,O
2263,post_062,1,118,oldu,TR,,O
2264,post_062,1,119,ayrıca,TR,,O
2265,post_062,1,120,bir,TR,,O
2266,post_062,1,121,sürü,TR,,O
2267,post_062,1,122,de,TR,,O
2268,post_062,1,123,standup,EN,,O
2269,post_062,1,124,ve,TR,,O
2270,post_062,1,125,belgesel,TR,,O
2271,post_062,1,126,de,TR,,O
2272,post_062,1,127,var,TR,,O
2273,post_062,1,128,full,EN,,O
2274,post_062,1,129,hd,EN,,O
2275,post_062,1,130,izliyoruz,TR,,O
2276,post_062,1,131,tabi,TR,,O
2277,post_062,1,132,hepsini,TR,,O
2278,post_062,1,133,verdiğim,TR,,O
2279,post_062,1,134,euronun,TR,,O
2280,post_062,1,135,hepsi,TR,,O
2281,post_062,1,136,helal,TR,,O
2282,post_062,1,137,olsun,TR,,O
2283,post_063,1,0,eskiden,TR,,O
2284,post_063,1,1,horgorulurdu,TR,,O
2285,post_063,1,2,ornek,TR,,O
2286,post_063,1,3,vereyim,TR,,O
2287,post_063,1,4,web,EN,,O
2288,post_063,1,5,de,TR,,O
2289,post_063,1,6,eskiden,TR,,O
2290,post_063,1,7,anlik,TR,,O
2291,post_063,1,8,uygulamalar,TR,,O
2292,post_063,1,9,icin,TR,,O
2293,post_063,1,10,atiyorum,TR,,O
2294,post_063,1,11,anlik,TR,,O
2295,post_063,1,12,borsa,TR,,O
2296,post_063,1,13,icin,TR,,O
2297,post_063,1,14,applet,EN,,O
2298,post_063,1,15,falan,TR,,O
2299,post_063,1,16,kullanilirdi,TR,,O
2300,post_063,1,17,simdi,TR,,O
2301,post_063,1,18,ac,TR,,O
2302,post_063,1,19,akbankin,NE,,B-ORG
2303,post_063,1,20,anlik,TR,,O
2304,post_063,1,21,borsasini,TR,,O
2305,post_063,1,22,javascripttir,NE,MIXED,B-PROD
2306,post_063,1,23,altyapisi,TR,,O
2307,post_063,1,24,falan,TR,,O
2308,post_063,1,25,filan,TR,,O
2309,post_063,1,26,eskiden,TR,,O
2310,post_063,1,27,java,NE,,B-PROD
2311,post_063,1,28,appletti,MIXED,MIXED,O
2312,post_063,1,29,javascript,NE,,B-PROD
2313,post_063,1,30,reactlerle,NE,MIXED,B-PROD
2314,post_063,1,31,node,NE,,B-PROD
2315,post_063,1,32,jslerle,NE,MIXED,I-PROD
2316,post_063,1,33,artik,TR,,O
2317,post_063,1,34,webin,MIXED,MIXED,O
2318,post_063,1,35,hakimi,TR,,O
2319,post_063,1,36,oldu,TR,,O
2320,post_064,1,0,ben,TR,,O
2321,post_064,1,1,bu,TR,,O
2322,post_064,1,2,amazon,NE,,B-PROD
2323,post_064,1,3,prime'i,NE,MIXED,I-PROD
2324,post_064,1,4,hiç,TR,,O
2325,post_064,1,5,anlamıyorum,TR,,O
2326,post_064,1,6,istiyor,TR,,O
2327,post_064,1,7,aylık,TR,,O
2328,post_064,1,8,aynı,TR,,O
2329,post_064,1,9,yerde,TR,,O
2330,post_064,1,10,game,NE,,B-TITLE
2331,post_064,1,11,of,NE,,I-TITLE
2332,post_064,1,12,thrones,NE,,I-TITLE
2333,post_064,1,13,izliyim,TR,,O
2334,post_064,1,14,diyorum,TR,,O
2335,post_064,1,15,hop,TR,,O
2336,post_064,1,16,hbo,NE,,B-ORG
2337,post_064,1,17,aboneliği,TR,,O
2338,post_064,1,18,için,TR,,O
2339,post_064,1,19,de,TR,,O
2340,post_064,1,20,aylık,TR,,O
2341,post_064,1,21,alırım,TR,,O
2342,post_064,1,22,diyor,TR,,O
2343,post_064,1,23,hbo,NE,,B-PROD
2344,post_064,1,24,türkiye,NE,,B-LOC
2345,post_064,1,25,ip'sini,MIXED,MIXED,O
2346,post_064,1,26,tanıdığı,TR,,O
2347,post_064,1,27,için,TR,,O
2348,post_064,1,28,sana,TR,,O
2349,post_064,1,29,vermem,TR,,O
2350,post_064,1,30,diyor,TR,,O
2351,post_064,1,31,amazon,NE,,B-PROD
2352,post_064,1,32,prime,NE,,I-PROD
2353,post_064,1,33,ise,TR,,O
2354,post_064,1,34,küsur,TR,,O
2355,post_064,1,35,dolares'e,TR,,O
2356,post_064,1,36,hallederim,TR,,O
2357,post_064,1,37,diyor,TR,,O
2358,post_064,1,38,aklını,TR,,O
2359,post_064,1,39,başına,TR,,O
2360,post_064,1,40,devşir,TR,,O
2361,post_064,1,41,bezos,NE,,B-PER
2362,post_064,1,42,bey,TR,,O
2363,post_064,1,43,bir,TR,,O
2364,post_064,1,44,de,TR,,O
2365,post_064,1,45,prime,NE,,B-PROD
2366,post_064,1,46,için,TR,,O
2367,post_064,1,47,deneme,TR,,O
2368,post_064,1,48,bir,TR,,O
2369,post_064,1,49,ayına,TR,,O
2370,post_064,1,50,bakıyorum,TR,,O
2371,post_064,1,51,bir,TR,,O
2372,post_064,1,52,ton,TR,,O
2373,post_064,1,53,içerik,TR,,O
2374,post_064,1,54,için,TR,,O
2375,post_064,1,55,senin,TR,,O
2376,post_064,1,56,bölgende,TR,,O
2377,post_064,1,57,yok,TR,,O
2378,post_064,1,58,diyor,TR,,O
2379,post_064,1,59,eski,TR,,O
2380,post_064,1,60,ya,TR,,O
2381,post_064,1,61,da,TR,,O
2382,post_064,1,62,ikinci,TR,,O
2383,post_064,1,63,sınıf,TR,,O
2384,post_064,1,64,içeriklere,TR,,O
2385,post_064,1,65,de,TR,,O
2386,post_064,1,66,bu,TR,,O
2387,post_064,1,67,parayı,TR,,O
2388,post_064,1,68,vermek,TR,,O
2389,post_064,1,69,ziyan,TR,,O
2390,post_064,1,70,oluyor,TR,,O
2391,post_064,1,71,o,TR,,O
2392,post_064,1,72,zaman,TR,,O
2393,post_064,1,73,kolayını,TR,,O
2394,post_064,1,74,bulana,TR,,O
2395,post_064,1,75,tam,TR,,O
2396,post_064,1,76,yüzbin,TR,,O
2397,post_064,1,77,lira,TR,,O
2398,post_064,1,78,vereceğim,TR,,O
2399,post_065,1,0,web,EN,,O
2400,post_065,1,1,arayüzü,TR,,O
2401,post_065,1,2,tüm,TR,,O
2402,post_065,1,3,kullanicilari,TR,,O
2403,post_065,1,4,icin,TR,,O
2404,post_065,1,5,daha,TR,,O
2405,post_065,1,6,acilmamis,TR,,O
2406,post_065,1,7,bi,TR,,O
2407,post_065,1,8,hevesle,TR,,O
2408,post_065,1,9,kendiminkine,TR,,O
2409,post_065,1,10,baktim,TR,,O
2410,post_065,1,11,ama,TR,,O
2411,post_065,1,12,karsima,TR,,O
2412,post_065,1,13,cikan,TR,,O
2413,post_065,1,14,su,TR,,O
2414,post_065,1,15,oldu,TR,,O
2415,post_065,1,16,this,EN,,O
2416,post_065,1,17,profile,EN,,O
2417,post_065,1,18,will,EN,,O
2418,post_065,1,19,be,EN,,O
2419,post_065,1,20,available,EN,,O
2420,post_065,1,21,soon,EN,,O
2421,post_065,1,22,check,EN,,O
2422,post_065,1,23,back,EN,,O
2423,post_065,1,24,later,EN,,O
2424,post_065,1,25,this,EN,,O
2425,post_065,1,26,week,EN,,O
2426,post_065,1,27,as,EN,,O
2427,post_065,1,28,we,EN,,O
2428,post_065,1,29,launch,EN,,O
2429,post_065,1,30,web,EN,,O
2430,post_065,1,31,profiles,EN,,O
2431,post_065,1,32,for,EN,,O
2432,post_065,1,33,all,EN,,O
2433,post_065,1,34,users,EN,,O
2434,post_065,1,35,bekleyecegiz,TR,,O
2435,post_066,1,0,twitter'ın,NE,MIXED,B-PROD
2436,post_066,1,1,spor,TR,,O
2437,post_066,1,2,ve,TR,,O
2438,post_066,1,3,kişisel,TR,,O
2439,post_066,1,4,blogları,TR,,O
2440,post_066,1,5,öldürmesinden,TR,,O
2441,post_066,1,6,sonra,TR,,O
2442,post_066,1,7,bu,TR,,O
2443,post_066,1,8,uygulama,TR,,O
2444,post_066,1,9,da,TR,,O
2445,post_066,1,10,moda,TR,,O
2446,post_066,1,11,bloglarını,TR,,O
2447,post_066,1,12,bitirmeye,TR,,O
2448,post_066,1,13,başlamıştır,TR,,O
2449,post_066,1,14,sürekli,TR,,O
2450,post_066,1,15,fotoğraf,TR,,O
2451,post_066,1,16,çeken,TR,,O
2452,post_066,1,17,ve,TR,,O
2453,post_066,1,18,yükleyen,TR,,O
2454,post_066,1,19,bir,TR,,O
2455,post_066,1,20,insan,TR,,O
2456,post_066,1,21,olmadığım,TR,,O
2457,post_066,1,22,için,TR,,O
2458,post_066,1,23,ünlü,TR,,O
2459,post_066,1,24,markaları,TR,,O
2460,post_066,1,25,dergileri,TR,,O
2461,post_066,1,26,editörleri,TR,,O
2462,post_066,1,27,falan,TR,,O
2463,post_066,1,28,takip,TR,,O
2464,post_066,1,29,ediyorum,TR,,O
2465,post_066,1,30,benim,TR,,O
2466,post_066,1,31,timelineımdan,MIXED,MIXED,O
2467,post_066,1,32,bir,TR,,O
2468,post_066,1,33,moda,TR,,O
2469,post_066,1,34,dergisinin,TR,,O
2470,post_066,1,35,yeni,TR,,O
2471,post_066,1,36,sayısı,TR,,O
2472,post_066,1,37,çıkarılabilir,TR,,O
2473,post_066,1,38,sanırım,TR,,O
2474,post_067,1,0,how,NE,,B-TITLE
2475,post_067,1,1,to,NE,,I-TITLE
2476,post_067,1,2,get,NE,,I-TITLE
2477,post_067,1,3,away,NE,,I-TITLE
2478,post_067,1,4,with,NE,,I-TITLE
2479,post_067,1,5,murder,NE,,I-TITLE
2480,post_067,1,6,dizisinin,TR,,O
2481,post_067,1,7,sezonunu,TR,,O
2482,post_067,1,8,da,TR,,O
2483,post_067,1,9,yayımlamasını,TR,,O
2484,post_067,1,10,beklediğim,TR,,O
2485,post_067,1,11,başarılı,TR,,O
2486,post_067,1,12,ıp,TR,,O
2487,post_067,1,13,tv,AMBIGUOUS,,O
2488,post_067,1,14,platformudur,TR,,O
2489,post_067,1,15,netflix'e,NE,MIXED,B-PROD
2490,post_067,1,16,alışınca,TR,,O
2491,post_067,1,17,başka,TR,,O
2492,post_067,1,18,şeyle,TR,,O
2493,post_067,1,19,uğraşası,TR,,O
2494,post_067,1,20,gelmiyor,TR,,O
2495,post_067,1,21,insanın,TR,,O
2496,post_068,1,0,ister,TR,,O
2497,post_068,1,1,sevin,TR,,O
2498,post_068,1,2,ister,TR,,O
2499,post_068,1,3,nefret,TR,,O
2500,post_068,1,4,edin,TR,,O
2501,post_068,1,5,javascript,NE,,B-PROD
2502,post_068,1,6,bir,TR,,O
2503,post_068,1,7,fenomendir,TR,,O
2504,post_068,1,8,burada,TR,,O
2505,post_068,1,9,atıp,TR,,O
2506,post_068,1,10,tutan,TR,,O
2507,post_068,1,11,yazarların,TR,,O
2508,post_068,1,12,kaçı,TR,,O
2509,post_068,1,13,acaba,TR,,O
2510,post_068,1,14,visual,NE,,B-PROD
2511,post_068,1,15,studio,NE,,I-PROD
2512,post_068,1,16,core'un,NE,MIXED,I-PROD
2513,post_068,1,17,electron,NE,,B-PROD
2514,post_068,1,18,javascript,NE,,I-PROD
2515,post_068,1,19,framework,NE,,I-PROD
2516,post_068,1,20,ile,TR,,O
2517,post_068,1,21,yazıldığını,TR,,O
2518,post_068,1,22,biliyor,TR,,O
2519,post_068,1,23,ya,TR,,O
2520,post_068,1,24,da,TR,,O
2521,post_068,1,25,discord'un,NE,MIXED,B-PROD
2522,post_068,1,26,masaüstü,TR,,O
2523,post_068,1,27,uygulamasının,TR,,O
2524,post_068,1,28,electron,NE,,B-PROD
2525,post_068,1,29,ile,TR,,O
2526,post_068,1,30,yazıldığını,TR,,O
2527,post_068,1,31,ya,TR,,O
2528,post_068,1,32,da,TR,,O
2529,post_068,1,33,postman'in,NE,MIXED,B-PROD
2530,post_068,1,34,masaüstü,TR,,O
2531,post_068,1,35,uygulamasının,TR,,O
2532,post_068,1,36,yine,TR,,O
2533,post_068,1,37,electron,NE,,B-PROD
2534,post_068,1,38,ile,TR,,O
2535,post_068,1,39,yazıldığını,TR,,O
2536,post_068,1,40,bu,TR,,O
2537,post_068,1,41,liste,TR,,O
2538,post_068,1,42,uzayıp,TR,,O
2539,post_068,1,43,gidiyor,TR,,O
2540,post_068,1,44,back-end,EN,,O
2541,post_068,1,45,tarafına,TR,,O
2542,post_068,1,46,bakalım,TR,,O
2543,post_068,1,47,nodejs'in,NE,MIXED,B-PROD
2544,post_068,1,48,web,EN,,O
2545,post_068,1,49,server,EN,,O
2546,post_068,1,50,olarak,TR,,O
2547,post_068,1,51,high-traffic,EN,,O
2548,post_068,1,52,kategorisinde,TR,,O
2549,post_068,1,53,kullanımda,TR,,O
2550,post_068,1,54,cloudflare'ı,NE,MIXED,B-PROD
2551,post_068,1,55,microsoft-ııs'i,NE,MIXED,B-PROD
2552,post_068,1,56,nginx'i,NE,MIXED,B-PROD
2553,post_068,1,57,apache'yi,NE,MIXED,B-PROD
2554,post_068,1,58,litespeed'i,NE,MIXED,B-PROD
2555,post_068,1,59,geçtiğini,TR,,O
2556,post_068,1,60,kaçınız,TR,,O
2557,post_068,1,61,biliyor,TR,,O
2558,post_068,1,62,front-end,EN,,O
2559,post_068,1,63,konusunda,TR,,O
2560,post_068,1,64,ise,TR,,O
2561,post_068,1,65,vuejs,NE,,B-PROD
2562,post_068,1,66,angular,NE,,B-PROD
2563,post_068,1,67,reactjs,NE,,B-PROD
2564,post_068,1,68,big,EN,,O
2565,post_068,1,69,three,EN,,O
2566,post_068,1,70,olarak,TR,,O
2567,post_068,1,71,gözler,TR,,O
2568,post_068,1,72,önünde,TR,,O
2569,post_068,1,73,mobil,TR,,O
2570,post_068,1,74,tarafında,TR,,O
2571,post_068,1,75,da,TR,,O
2572,post_068,1,76,react-native,NE,,B-PROD
2573,post_068,1,77,gibi,TR,,O
2574,post_068,1,78,bir,TR,,O
2575,post_068,1,79,dev,EN,,O
2576,post_068,1,80,söz,TR,,O
2577,post_068,1,81,konusu,TR,,O
2578,post_068,1,82,elbette,TR,,O
2579,post_068,1,83,javascript,NE,,B-PROD
2580,post_068,1,84,her,TR,,O
2581,post_068,1,85,yerde,TR,,O
2582,post_068,1,86,en,TR,,O
2583,post_068,1,87,iyi,TR,,O
2584,post_068,1,88,çözümü,TR,,O
2585,post_068,1,89,sunmuyor,TR,,O
2586,post_068,1,90,ama,TR,,O
2587,post_068,1,91,gidipte,TR,,O
2588,post_068,1,92,bu,TR,,O
2589,post_068,1,93,dile,TR,,O
2590,post_068,1,94,bok,TR,,O
2591,post_068,1,95,atmak,TR,,O
2592,post_068,1,96,nasıl,TR,,O
2593,post_068,1,97,bir,TR,,O
2594,post_068,1,98,kafadır,TR,,O
2595,post_068,1,99,el,TR,,O
2596,post_068,1,100,insaf,TR,,O
2597,post_068,1,101,yıldır,TR,,O
2598,post_068,1,102,hayatta,TR,,O
2599,post_068,1,103,olan,TR,,O
2600,post_068,1,104,bir,TR,,O
2601,post_068,1,105,dilden,TR,,O
2602,post_068,1,106,bahsediyoruz,TR,,O
2603,post_068,1,107,ve,TR,,O
2604,post_068,1,108,son,TR,,O
2605,post_068,1,109,yılda,TR,,O
2606,post_068,1,110,genel,TR,,O
2607,post_068,1,111,normalitenin,TR,,O
2608,post_068,1,112,aksine,TR,,O
2609,post_068,1,113,popülerliğini,TR,,O
2610,post_068,1,114,katlamış,TR,,O
2611,post_068,1,115,bir,TR,,O
2612,post_068,1,116,dil,TR,,O
2613,post_068,1,117,typescript,NE,,B-PROD
2614,post_068,1,118,gibi,TR,,O
2615,post_068,1,119,bambaşka,TR,,O
2616,post_068,1,120,bir,TR,,O
2617,post_068,1,121,açılımı,TR,,O
2618,post_068,1,122,da,TR,,O
2619,post_068,1,123,mevcut,TR,,O
2620,post_068,1,124,typescript,NE,,B-PROD
2621,post_068,1,125,javascript'in,NE,MIXED,B-PROD
2622,post_068,1,126,supersetidir,MIXED,MIXED,O
2623,post_068,1,127,yani,TR,,O
2624,post_068,1,128,tüm,TR,,O
2625,post_068,1,129,özelliklerini,TR,,O
2626,post_068,1,130,içerir,TR,,O
2627,post_068,1,131,javascript'e,NE,MIXED,B-PROD
2628,post_068,1,132,dönüştürülür,TR,,O
2629,post_068,1,133,ama,TR,,O
2630,post_068,1,134,üzerine,TR,,O
2631,post_068,1,135,eklemeler,TR,,O
2632,post_068,1,136,yapar,TR,,O
2633,post_068,1,137,öyle,TR,,O
2634,post_068,1,138,bir,TR,,O
2635,post_068,1,139,dil,TR,,O
2636,post_068,1,140,düşünün,TR,,O
2637,post_068,1,141,ki,TR,,O
2638,post_068,1,142,hem,TR,,O
2639,post_068,1,143,front-end,EN,,O
2640,post_068,1,144,hem,TR,,O
2641,post_068,1,145,back-end,EN,,O
2642,post_068,1,146,olayını,TR,,O
2643,post_068,1,147,aynı,TR,,O
2644,post_068,1,148,dil,TR,,O
2645,post_068,1,149,ile,TR,,O
2646,post_068,1,150,halledebilelim,TR,,O
2647,post_068,1,151,hem,TR,,O
2648,post_068,1,152,de,TR,,O
2649,post_068,1,153,yaptığımız,TR,,O
2650,post_068,1,154,uygulama,TR,,O
2651,post_068,1,155,cross-platform,EN,,O
2652,post_068,1,156,olsun,TR,,O
2653,post_068,1,157,javascript,NE,,B-PROD
2654,post_068,1,158,en,TR,,O
2655,post_068,1,159,iyiyi,TR,,O
2656,post_068,1,160,sunmaz,TR,,O
2657,post_068,1,161,ama,TR,,O
2658,post_068,1,162,en,TR,,O
2659,post_068,1,163,kolayı,TR,,O
2660,post_068,1,164,sunar,TR,,O
2661,post_068,1,165,en,TR,,O
2662,post_068,1,166,işlevseli,TR,,O
2663,post_068,1,167,sunar,TR,,O
2664,post_068,1,168,en,TR,,O
2665,post_068,1,169,erişilebiliri,TR,,O
2666,post_068,1,170,sunar,TR,,O
2667,post_068,1,171,bu,TR,,O
2668,post_068,1,172,yüzden,TR,,O
2669,post_068,1,173,tercih,TR,,O
2670,post_068,1,174,edilir,TR,,O
2671,post_068,1,175,her,TR,,O
2672,post_068,1,176,dil,TR,,O
2673,post_068,1,177,gibi,TR,,O
2674,post_068,1,178,birçok,TR,,O
2675,post_068,1,179,eksiği,TR,,O
2676,post_068,1,180,var,TR,,O
2677,post_068,1,181,elbette,TR,,O
2678,post_068,1,182,say,TR,,O
2679,post_068,1,183,say,TR,,O
2680,post_068,1,184,bitmez,TR,,O
2681,post_068,1,185,eksik,TR,,O
2682,post_068,1,186,taraflarını,TR,,O
2683,post_068,1,187,bu,TR,,O
2684,post_068,1,188,arada,TR,,O
2685,post_068,1,189,kişisel,TR,,O
2686,post_068,1,190,olarak,TR,,O
2687,post_068,1,191,ben,TR,,O
2688,post_068,1,192,c#'tan,NE,MIXED,B-PROD
2689,post_068,1,193,çok,TR,,O
2690,post_068,1,194,hoşlanıyorum,TR,,O
2691,post_068,1,195,net,NE,,B-PROD
2692,post_068,1,196,core,NE,,I-PROD
2693,post_068,1,197,bence,TR,,O
2694,post_068,1,198,mükemmel,TR,,O
2695,post_068,1,199,bir,TR,,O
2696,post_068,1,200,framework,TR,,O
2697,post_068,1,201,çalışırken,TR,,O
2698,post_068,1,202,muhteşem,TR,,O
2699,post_068,1,203,keyif,TR,,O
2700,post_068,1,204,alıyorum,TR,,O
2701,post_068,1,205,keşke,TR,,O
2702,post_068,1,206,tüm,TR,,O
2703,post_068,1,207,dünyadaki,TR,,O
2704,post_068,1,208,yazılımlarda,TR,,O
2705,post_068,1,209,c#,NE,,B-PROD
2706,post_068,1,210,kullanılsa,TR,,O
2707,post_068,1,211,ama,TR,,O
2708,post_068,1,212,javascript'e,NE,MIXED,B-PROD
2709,post_068,1,213,de,TR,,O
2710,post_068,1,214,hak,TR,,O
2711,post_068,1,215,ettiği,TR,,O
2712,post_068,1,216,krediyi,TR,,O
2713,post_068,1,217,veriyorum,TR,,O
2714,post_068,1,218,çünkü,TR,,O
2715,post_068,1,219,yıllık,TR,,O
2716,post_068,1,220,geçmişine,TR,,O
2717,post_068,1,221,rağmen,TR,,O
2718,post_068,1,222,kimsenin,TR,,O
2719,post_068,1,223,beklemediği,TR,,O
2720,post_068,1,224,şekilde,TR,,O
2721,post_068,1,225,son,TR,,O
2722,post_068,1,226,yıllarda,TR,,O
2723,post_068,1,227,açılımlar,TR,,O
2724,post_068,1,228,yapmış,TR,,O
2725,post_068,1,229,bir,TR,,O
2726,post_068,1,230,dil,TR,,O
2727,post_068,1,231,o,TR,,O
2728,post_068,1,232,yüzden,TR,,O
2729,post_068,1,233,yiğidi,TR,,O
2730,post_068,1,234,öldürelim,TR,,O
2731,post_068,1,235,ama,TR,,O
2732,post_068,1,236,hakkını,TR,,O
2733,post_068,1,237,yemeyelim,TR,,O
2734,post_069,1,0,kod,TR,,O
2735,post_069,1,1,yazması,TR,,O
2736,post_069,1,2,tabii,TR,,O
2737,post_069,1,3,ki,TR,,O
2738,post_069,1,4,saçma,TR,,O
2739,post_069,1,5,derecede,TR,,O
2740,post_069,1,6,değerli,TR,,O
2741,post_069,1,7,ancak,TR,,O
2742,post_069,1,8,daha,TR,,O
2743,post_069,1,9,ilginci,TR,,O
2744,post_069,1,10,öğreterek,TR,,O
2745,post_069,1,11,ve,TR,,O
2746,post_069,1,12,çeşitlendirerek,TR,,O
2747,post_069,1,13,yazıyor,TR,,O
2748,post_069,1,14,bugün,TR,,O
2749,post_069,1,15,arkadaşla,TR,,O
2750,post_069,1,16,kotlin'de,NE,MIXED,B-PROD
2751,post_069,1,17,bir,TR,,O
2752,post_069,1,18,gösterimi,TR,,O
2753,post_069,1,19,arıyorduk,TR,,O
2754,post_069,1,20,15dk'da,TR,,O
2755,post_069,1,21,filan,TR,,O
2756,post_069,1,22,bulduk,TR,,O
2757,post_069,1,23,gece,TR,,O
2758,post_069,1,24,dur,TR,,O
2759,post_069,1,25,şuna,TR,,O
2760,post_069,1,26,yazayım,TR,,O
2761,post_069,1,27,bakalım,TR,,O
2762,post_069,1,28,dedim,TR,,O
2763,post_069,1,29,saniye'de,TR,,O
2764,post_069,1,30,bana,TR,,O
2765,post_069,1,31,kotlin'de,NE,MIXED,B-PROD
2766,post_069,1,32,array,EN,,O
2767,post_069,1,33,tanımlama,TR,,O
2768,post_069,1,34,varargs,EN,,O
2769,post_069,1,35,alan,TR,,O
2770,post_069,1,36,bir,TR,,O
2771,post_069,1,37,func,EN,,O
2772,post_069,1,38,interface,EN,,O
2773,post_069,1,39,sonra,TR,,O
2774,post_069,1,40,bu,TR,,O
2775,post_069,1,41,array'ı,MIXED,MIXED,O
2776,post_069,1,42,varargs,EN,,O
2777,post_069,1,43,olarak,TR,,O
2778,post_069,1,44,parametrede,TR,,O
2779,post_069,1,45,geçmeyi,TR,,O
2780,post_069,1,46,gösterdi,TR,,O
2781,post_069,1,47,al,TR,,O
2782,post_069,1,48,abi,TR,,O
2783,post_069,1,49,sana,TR,,O
2784,post_069,1,50,array,EN,,O
2785,post_069,1,51,to,EN,,O
2786,post_069,1,52,varargs,EN,,O
2787,post_069,1,53,demiyor,TR,,O
2788,post_069,1,54,yani,TR,,O
2789,post_069,1,55,bi,TR,,O
2790,post_069,1,56,çok,TR,,O
2791,post_069,1,57,değerli,TR,,O
2792,post_069,1,58,bir,TR,,O
2793,post_069,1,59,şey,TR,,O
2794,post_069,1,60,tahminim,TR,,O
2795,post_069,1,61,arkada,TR,,O
2796,post_069,1,62,sonucu,TR,,O
2797,post_069,1,63,bulurken,TR,,O
2798,post_069,1,64,gezdiği,TR,,O
2799,post_069,1,65,patternleri,MIXED,MIXED,O
2800,post_069,1,66,de,TR,,O
2801,post_069,1,67,bilgi,TR,,O
2802,post_069,1,68,olarak,TR,,O
2803,post_069,1,69,expose,EN,,O
2804,post_069,1,70,ediyor,TR,,O
2805,post_069,1,71,müthiş,TR,,O
2806,post_070,1,0,python'daki,NE,MIXED,B-PROD
2807,post_070,1,1,bir,TR,,O
2808,post_070,1,2,takım,TR,,O
2809,post_070,1,3,easter,EN,,O
2810,post_070,1,4,eggler,MIXED,MIXED,O
2811,post_070,1,5,sonuçlarını,TR,,O
2812,post_070,1,6,yazıp,TR,,O
2813,post_070,1,7,tadını,TR,,O
2814,post_070,1,8,kaçırmayayım,TR,,O
2815,post_070,1,9,from,EN,,O
2816,post_070,1,10,future,EN,,O
2817,post_070,1,11,import,EN,,O
2818,post_070,1,12,braces,EN,,O
2819,post_070,1,13,import,EN,,O
2820,post_070,1,14,hello,EN,,O
2821,post_070,1,15,import,EN,,O
2822,post_070,1,16,this,EN,,O
2823,post_070,1,17,import,EN,,O
2824,post_070,1,18,antigravity,EN,,O
2825,post_070,1,19,tam,TR,,O
2826,post_070,1,20,olarak,TR,,O
2827,post_070,1,21,easter,EN,,O
2828,post_070,1,22,egg,EN,,O
2829,post_070,1,23,sayılmasa,TR,,O
2830,post_070,1,24,da,TR,,O
2831,post_070,1,25,import,EN,,O
2832,post_070,1,26,this,EN,,O
2833,post_070,1,27,love,EN,,O
2834,post_070,1,28,this,EN,,O
2835,post_070,1,29,this,EN,,O
2836,post_070,1,30,is,EN,,O
2837,post_070,1,31,love,EN,,O
2838,post_070,1,32,love,EN,,O
2839,post_070,1,33,is,EN,,O
2840,post_070,1,34,not,EN,,O
2841,post_070,1,35,or,EN,,O
2842,post_070,1,36,love,EN,,O
2843,post_070,1,37,is,EN,,O
2844,post_070,1,38,not,EN,,O
2845,post_070,1,39,or,EN,,O
2846,post_070,1,40,FALSE,EN,,O
2847,post_070,1,41,love,EN,,O
2848,post_070,1,42,is,EN,,O
2849,post_070,1,43,love,EN,,O
2850,post_071,1,0,lise,TR,,O
2851,post_071,1,1,yıllarında,TR,,O
2852,post_071,1,2,takip,TR,,O
2853,post_071,1,3,ettiğim,TR,,O
2854,post_071,1,4,bir,TR,,O
2855,post_071,1,5,organizasyon,TR,,O
2856,post_071,1,6,şimdi,TR,,O
2857,post_071,1,7,düşünüyorum,TR,,O
2858,post_071,1,8,da,TR,,O
2859,post_071,1,9,doğanın,TR,,O
2860,post_071,1,10,ağzına,TR,,O
2861,post_071,1,11,sıçan,TR,,O
2862,post_071,1,12,saçma,TR,,O
2863,post_071,1,13,bir,TR,,O
2864,post_071,1,14,zengin,TR,,O
2865,post_071,1,15,sporu,TR,,O
2866,post_071,1,16,formula-e,NE,,B-ORG
2867,post_071,1,17,mantıklı,TR,,O
2868,post_071,1,18,illa,TR,,O
2869,post_071,1,19,yapılacaksa,TR,,O
2870,post_071,1,20,simülasyon,TR,,O
2871,post_071,1,21,olarak,TR,,O
2872,post_071,1,22,yapılabilir,TR,,O
2873,post_071,1,23,hem,TR,,O
2874,post_071,1,24,şartlar,TR,,O
2875,post_071,1,25,eşit,TR,,O
2876,post_071,1,26,olabilir,TR,,O
2877,post_071,1,27,o,TR,,O
2878,post_071,1,28,durumda,TR,,O
2879,post_071,1,29,o,TR,,O
2880,post_071,1,30,zaman,TR,,O
2881,post_071,1,31,pilotluk,TR,,O
2882,post_071,1,32,yeteneklerinin,TR,,O
2883,post_071,1,33,öne,TR,,O
2884,post_071,1,34,çıkabildiği,TR,,O
2885,post_071,1,35,bir,TR,,O
2886,post_071,1,36,şeye,TR,,O
2887,post_071,1,37,benzer,TR,,O
2888,post_071,1,38,ha,AMBIGUOUS,,O
2889,post_071,1,39,bi,TR,,O
2890,post_071,1,40,dakka,TR,,O
2891,post_071,1,41,o,TR,,O
2892,post_071,1,42,zaman,TR,,O
2893,post_071,1,43,multi-billon,EN,,O
2894,post_071,1,44,dollar,EN,,O
2895,post_071,1,45,endüstri,TR,,O
2896,post_071,1,46,olmaz,TR,,O
2897,post_071,1,47,ecclestone,NE,,B-ORG
2898,post_071,1,48,co,NE,,I-ORG
2899,post_071,1,49,kazanamaz,TR,,O
2900,post_071,1,50,o,TR,,O
2901,post_071,1,51,zaman,TR,,O
2902,post_071,1,52,ne,TR,,O
2903,post_071,1,53,yapalım,TR,,O
2904,post_071,1,54,doğanın,TR,,O
2905,post_071,1,55,ağzına,TR,,O
2906,post_071,1,56,sıçmaya,TR,,O
2907,post_071,1,57,devam,TR,,O
2908,post_072,1,0,sayesinde,TR,,O
2909,post_072,1,1,sevgili,TR,,O
2910,post_072,1,2,kavgalarını,TR,,O
2911,post_072,1,3,canlı,TR,,O
2912,post_072,1,4,olarak,TR,,O
2913,post_072,1,5,heyecanla,TR,,O
2914,post_072,1,6,izleyebildiğimiz,TR,,O
2915,post_072,1,7,site,AMBIGUOUS,,O
2916,post_072,1,8,is,EN,,O
2917,post_072,1,9,went,EN,,O
2918,post_072,1,10,from,EN,,O
2919,post_072,1,11,being,EN,,O
2920,post_072,1,12,in,EN,,O
2921,post_072,1,13,a,EN,,O
2922,post_072,1,14,relationship,EN,,O
2923,post_072,1,15,with,EN,,O
2924,post_072,1,16,to,EN,,O
2925,post_072,1,17,single,EN,,O
2926,post_072,1,18,he,EN,,O
2927,post_072,1,19,is,EN,,O
2928,post_072,1,20,now,EN,,O
2929,post_072,1,21,looking,EN,,O
2930,post_072,1,22,for,EN,,O
2931,post_072,1,23,dating,EN,,O
2932,post_072,1,24,a,EN,,O
2933,post_072,1,25,relationship,EN,,O
2934,post_072,1,26,and,EN,,O
2935,post_072,1,27,whatever,EN,,O
2936,post_072,1,28,i,EN,,O
2937,post_072,1,29,can,EN,,O
2938,post_072,1,30,get,EN,,O
2939,post_072,1,31,is,EN,,O
2940,post_072,1,32,over,EN,,O
2941,post_072,1,33,saat,TR,,O
2942,post_072,1,34,sonra,TR,,O
2943,post_072,1,35,is,EN,,O
2944,post_072,1,36,listed,EN,,O
2945,post_072,1,37,as,EN,,O
2946,post_072,1,38,in,EN,,O
2947,post_072,1,39,a,EN,,O
2948,post_072,1,40,relationship,EN,,O
2949,post_072,1,41,with,EN,,O
2950,post_072,1,42,is,EN,,O
2951,post_072,1,43,only,EN,,O
2952,post_072,1,44,happy,EN,,O
2953,post_072,1,45,with,EN,,O
2954,post_072,1,46,his,EN,,O
2955,post_073,1,0,altyazıları,TR,,O
2956,post_073,1,1,sanki,TR,,O
2957,post_073,1,2,twitter,NE,,B-PROD
2958,post_073,1,3,da,TR,,O
2959,post_073,1,4,karakter,TR,,O
2960,post_073,1,5,limitine,MIXED,MIXED,O
2961,post_073,1,6,takılmış,TR,,O
2962,post_073,1,7,gibi,TR,,O
2963,post_073,1,8,kısalta,TR,,O
2964,post_073,1,9,kısalta,TR,,O
2965,post_073,1,10,geliyor,TR,,O
2966,post_073,1,11,bu,TR,,O
2967,post_073,1,12,kadar,TR,,O
2968,post_073,1,13,fazla,TR,,O
2969,post_073,1,14,yazım,TR,,O
2970,post_073,1,15,yanlışı,TR,,O
2971,post_073,1,16,yaptıklarını,TR,,O
2972,post_073,1,17,düşünmek,TR,,O
2973,post_073,1,18,istemiyorum,TR,,O
2974,post_073,1,19,bence,TR,,O
2975,post_073,1,20,baya,TR,,O
2976,post_073,1,21,ergen,TR,,O
2977,post_073,1,22,yaş,TR,,O
2978,post_073,1,23,grubundan,TR,,O
2979,post_073,1,24,insanlar,TR,,O
2980,post_073,1,25,üşendikleri,TR,,O
2981,post_073,1,26,için,TR,,O
2982,post_073,1,27,kısaltma,TR,,O
2983,post_073,1,28,diliyle,TR,,O
2984,post_073,1,29,yapıyor,TR,,O
2985,post_073,1,30,çevirilerini,TR,,O
2986,post_073,1,31,örneğin,TR,,O
2987,post_073,1,32,high,NE,,B-TITLE
2988,post_073,1,33,crimes,NE,,I-TITLE
2989,post_073,1,34,filminden,TR,,O
2990,post_073,1,35,bu,TR,,O
2991,post_073,1,36,manyk,TR,,O
2992,post_073,1,37,rahatsz,TR,,O
2993,post_073,1,38,m,TR,,O
2994,post_073,1,39,ediyor,TR,,O
2995,post_073,1,40,sapklarla,TR,,O
2996,post_073,1,41,baş,TR,,O
2997,post_073,1,42,etmeyi,TR,,O
2998,post_073,1,43,bilirim,TR,,O
2999,post_073,1,44,hayr,TR,,O
3000,post_073,1,45,hayr,TR,,O
3001,post_073,1,46,lütfen,TR,,O
3002,post_073,1,47,yatyorsun,TR,,O
3003,post_073,1,48,diye,TR,,O
3004,post_073,1,49,tanyor,TR,,O
3005,post_073,1,50,musun,TR,,O
3006,post_074,1,0,şimdiye,TR,,O
3007,post_074,1,1,kadar,TR,,O
3008,post_074,1,2,express.js,NE,,B-PROD
3009,post_074,1,3,yardımı,TR,,O
3010,post_074,1,4,ile,TR,,O
3011,post_074,1,5,kendisi,TR,,O
3012,post_074,1,6,kullanılarak,TR,,O
3013,post_074,1,7,admin,EN,,O
3014,post_074,1,8,paneli,TR,,O
3015,post_074,1,9,yapılmamıştır,TR,,O
3016,post_074,1,10,yapılanlar,TR,,O
3017,post_074,1,11,da,TR,,O
3018,post_074,1,12,bilgisayarla,TR,,O
3019,post_074,1,13,değil,TR,,O
3020,post_074,1,14,teflon,TR,,O
3021,post_074,1,15,tencere,TR,,O
3022,post_074,1,16,ile,TR,,O
3023,post_074,1,17,yazılmıştır,TR,,O
3024,post_074,1,18,rezalettir,TR,,O
3025,post_074,1,19,bu,TR,,O
3026,post_074,1,20,kadar,TR,,O
3027,post_074,1,21,büyük,TR,,O
3028,post_074,1,22,bir,TR,,O
3029,post_074,1,23,eko,TR,,O
3030,post_074,1,24,sisteminin,TR,,O
3031,post_074,1,25,ayıbıdır,TR,,O
3032,post_074,1,26,nerede,TR,,O
3033,post_074,1,27,o,TR,,O
3034,post_074,1,28,eski,TR,,O
3035,post_074,1,29,işsiz,TR,,O
3036,post_074,1,30,manyaklar,TR,,O
3037,post_074,1,31,yazıp,TR,,O
3038,post_074,1,32,salsın,TR,,O
3039,post_074,1,33,ortalığa,TR,,O
3040,post_074,1,34,lib,EN,,O
3041,post_074,1,35,yapan,EN,,O
3042,post_074,1,36,büyük,TR,,O
3043,post_074,1,37,bir,TR,,O
3044,post_074,1,38,yerden,TR,,O
3045,post_074,1,39,teklifi,TR,,O
3046,post_074,1,40,alıp,TR,,O
3047,post_074,1,41,reposunu,MIXED,MIXED,O
3048,post_074,1,42,bırakıyor,TR,,O
3049,post_075,1,0,karantina,TR,,O
3050,post_075,1,1,döneminde,TR,,O
3051,post_075,1,2,başlamıştım,TR,,O
3052,post_075,1,3,ve,TR,,O
3053,post_075,1,4,sene,TR,,O
3054,post_075,1,5,neredeyse,TR,,O
3055,post_075,1,6,her,TR,,O
3056,post_075,1,7,gün,TR,,O
3057,post_075,1,8,onlarca,TR,,O
3058,post_075,1,9,bölüm,TR,,O
3059,post_075,1,10,izliyordum,TR,,O
3060,post_075,1,11,sonra,TR,,O
3061,post_075,1,12,bıraktım,TR,,O
3062,post_075,1,13,ve,TR,,O
3063,post_075,1,14,ayda,TR,,O
3064,post_075,1,15,tane,TR,,O
3065,post_075,1,16,ilgimi,TR,,O
3066,post_075,1,17,çeken,TR,,O
3067,post_075,1,18,serileri,TR,,O
3068,post_075,1,19,izlemeye,TR,,O
3069,post_075,1,20,başlamıştım,TR,,O
3070,post_075,1,21,şimdilerde,TR,,O
3071,post_075,1,22,ise,TR,,O
3072,post_075,1,23,neredeyse,TR,,O
3073,post_075,1,24,bıraktım,TR,,O
3074,post_075,1,25,ve,TR,,O
3075,post_075,1,26,daha,TR,,O
3076,post_075,1,27,çok,TR,,O
3077,post_075,1,28,manga,AMBIGUOUS,,O
3078,post_075,1,29,okumaya,TR,,O
3079,post_075,1,30,yöneldim,TR,,O
3080,post_075,1,31,bu,TR,,O
3081,post_075,1,32,birazda,TR,,O
3082,post_075,1,33,animelerin,TR,,O
3083,post_075,1,34,konuyu,TR,,O
3084,post_075,1,35,uzatmasından,TR,,O
3085,post_075,1,36,ve,TR,,O
3086,post_075,1,37,gereksiz,TR,,O
3087,post_075,1,38,filler,EN,,O
3088,post_075,1,39,sahnelere,TR,,O
3089,post_075,1,40,girmesinden,TR,,O
3090,post_075,1,41,kaynaklanıyor,TR,,O
3091,post_075,1,42,ama,TR,,O
3092,post_075,1,43,genel,TR,,O
3093,post_075,1,44,olarak,TR,,O
3094,post_075,1,45,artık,TR,,O
3095,post_075,1,46,animeler,TR,,O
3096,post_075,1,47,sıkıcı,TR,,O
3097,post_075,1,48,geliyor,TR,,O
3098,post_075,1,49,her,TR,,O
3099,post_075,1,50,hafta,TR,,O
3100,post_075,1,51,15dk,TR,,O
3101,post_075,1,52,bölüm,TR,,O
3102,post_075,1,53,bekle,TR,,O
3103,post_075,1,54,sezon,TR,,O
3104,post_075,1,55,bitsin,TR,,O
3105,post_075,1,56,yeni,TR,,O
3106,post_075,1,57,sezonu,TR,,O
3107,post_075,1,58,sene,TR,,O
3108,post_075,1,59,bekle,TR,,O
3109,post_075,1,60,falan,TR,,O
3110,post_075,1,61,o,TR,,O
3111,post_075,1,62,senede,TR,,O
3112,post_075,1,63,mangalar,TR,,O
3113,post_075,1,64,neler,TR,,O
3114,post_075,1,65,neler,TR,,O
3115,post_075,1,66,işliyor,TR,,O
3116,post_075,1,67,bölümlük,TR,,O
3117,post_075,1,68,bölümlük,TR,,O
3118,post_075,1,69,konusunu,TR,,O
3119,post_075,1,70,bitiren,TR,,O
3120,post_075,1,71,serileri,TR,,O
3121,post_075,1,72,daha,TR,,O
3122,post_075,1,73,çok,TR,,O
3123,post_075,1,74,öneririm,TR,,O
3124,post_075,1,75,uzun,TR,,O
3125,post_075,1,76,soluklu,TR,,O
3126,post_075,1,77,serileri,TR,,O
3127,post_075,1,78,zaten,TR,,O
3128,post_075,1,79,anime,AMBIGUOUS,,O
3129,post_075,1,80,olarak,TR,,O
3130,post_075,1,81,önermem,TR,,O
3131,post_075,1,82,asla,TR,,O
3132,post_075,1,83,direkt,TR,,O
3133,post_075,1,84,mangasını,TR,,O
3134,post_075,1,85,okuyun,TR,,O
3135,post_075,1,86,mesela,TR,,O
3136,post_075,1,87,naruto,NE,,B-TITLE
3137,post_075,1,88,harika,TR,,O
3138,post_075,1,89,bir,TR,,O
3139,post_075,1,90,mangadır,TR,,O
3140,post_075,1,91,ama,TR,,O
3141,post_075,1,92,inanılmaz,TR,,O
3142,post_075,1,93,sorunlu,TR,,O
3143,post_075,1,94,bir,TR,,O
3144,post_075,1,95,animedir,TR,,O
3145,post_075,1,96,one,NE,,B-TITLE
3146,post_075,1,97,piece,NE,,I-TITLE
3147,post_075,1,98,mesela,TR,,O
3148,post_075,1,99,uzattıkça,TR,,O
3149,post_075,1,100,uzatır,TR,,O
3150,post_075,1,101,ama,TR,,O
3151,post_075,1,102,mangası,TR,,O
3152,post_075,1,103,akar,TR,,O
3153,post_075,1,104,gider,TR,,O
3154,post_075,1,105,one-punch,NE,,B-TITLE
3155,post_075,1,106,man,NE,,I-TITLE
3156,post_075,1,107,mangasında,TR,,O
3157,post_075,1,108,neler,TR,,O
3158,post_075,1,109,neler,TR,,O
3159,post_075,1,110,oldu,TR,,O
3160,post_075,1,111,animesi,TR,,O
3161,post_075,1,112,bölümlük,TR,,O
3162,post_075,1,113,sezona,TR,,O
3163,post_075,1,114,ve,TR,,O
3164,post_075,1,115,farklı,TR,,O
3165,post_075,1,116,animasyon,TR,,O
3166,post_075,1,117,şirketiyle,TR,,O
3167,post_075,1,118,kaldı,TR,,O
3168,post_075,1,119,öyle,TR,,O
3169,post_075,1,120,benim,TR,,O
3170,post_075,1,121,en,TR,,O
3171,post_075,1,122,sevdiğim,TR,,O
3172,post_075,1,123,seri,TR,,O
3173,post_075,1,124,olan,TR,,O
3174,post_075,1,125,ajin,NE,,B-TITLE
3175,post_075,1,126,mesela,TR,,O
3176,post_075,1,127,cgi,EN,,O
3177,post_075,1,128,anime,AMBIGUOUS,,O
3178,post_075,1,129,olduğu,TR,,O
3179,post_075,1,130,için,TR,,O
3180,post_075,1,131,kimse,TR,,O
3181,post_075,1,132,yüzüne,TR,,O
3182,post_075,1,133,bakmadı,TR,,O
3183,post_075,1,134,ama,TR,,O
3184,post_075,1,135,mangası,TR,,O
3185,post_075,1,136,o,TR,,O
3186,post_075,1,137,kadar,TR,,O
3187,post_075,1,138,iyiydiki,TR,,O
3188,post_075,1,139,herkesin,TR,,O
3189,post_075,1,140,okumasını,TR,,O
3190,post_075,1,141,önerdiğim,TR,,O
3191,post_075,1,142,bir,TR,,O
3192,post_075,1,143,seinen,OTHER,,O
3193,post_075,1,144,manga,AMBIGUOUS,,O
3194,post_075,1,145,tabi,TR,,O
3195,post_075,1,146,bazen,TR,,O
3196,post_075,1,147,animesi,TR,,O
3197,post_075,1,148,mangasından,TR,,O
3198,post_075,1,149,iyi,TR,,O
3199,post_075,1,150,olan,TR,,O
3200,post_075,1,151,serilerde,TR,,O
3201,post_075,1,152,oluyor,TR,,O
3202,post_075,1,153,verebileceğim,TR,,O
3203,post_075,1,154,en,TR,,O
3204,post_075,1,155,basit,TR,,O
3205,post_075,1,156,örnek,TR,,O
3206,post_075,1,157,demon,NE,,B-TITLE
3207,post_075,1,158,slayer,NE,,I-TITLE
3208,post_075,1,159,sırf,TR,,O
3209,post_075,1,160,keskin,TR,,O
3210,post_075,1,161,animasyonları,TR,,O
3211,post_075,1,162,ve,TR,,O
3212,post_075,1,163,efektleri,TR,,O
3213,post_075,1,164,sayesinde,TR,,O
3214,post_075,1,165,seri,TR,,O
3215,post_075,1,166,ilahlaştırıldı,TR,,O
3216,post_075,1,167,ama,TR,,O
3217,post_075,1,168,baktığın,TR,,O
3218,post_075,1,169,zaman,TR,,O
3219,post_075,1,170,hikayesi,TR,,O
3220,post_075,1,171,karakterleri,TR,,O
3221,post_075,1,172,bir,TR,,O
3222,post_075,1,173,bok,TR,,O
3223,post_075,1,174,değil,TR,,O
3224,post_075,1,175,neyse,TR,,O
3225,post_075,1,176,gece,TR,,O
3226,post_075,1,177,gece,TR,,O
3227,post_075,1,178,çok,TR,,O
3228,post_075,1,179,uzattım,TR,,O
3229,post_075,1,180,entry'i,MIXED,MIXED,O
3230,post_075,1,181,iyidir,TR,,O
3231,post_075,1,182,güzeldir,TR,,O
3232,post_075,1,183,ama,TR,,O
3233,post_075,1,184,her,TR,,O
3234,post_075,1,185,zaman,TR,,O
3235,post_075,1,186,değil,TR,,O
3236,post_075,1,187,kısacası,TR,,O
3237,post_075,1,188,özellikle,TR,,O
3238,post_075,1,189,bu,TR,,O
3239,post_075,1,190,kadar,TR,,O
3240,post_075,1,191,popüleriteye,TR,,O
3241,post_075,1,192,ulaştıktan,TR,,O
3242,post_075,1,193,ve,TR,,O
3243,post_075,1,194,inanılmaz,TR,,O
3244,post_075,1,195,bir,TR,,O
3245,post_075,1,196,gelir,TR,,O
3246,post_075,1,197,oluşturmaya,TR,,O
3247,post_075,1,198,başladıktan,TR,,O
3248,post_075,1,199,sonra,TR,,O
3249,post_075,1,200,para,TR,,O
3250,post_075,1,201,için,TR,,O
3251,post_075,1,202,bazı,TR,,O
3252,post_075,1,203,potansiyeli,TR,,O
3253,post_075,1,204,olan,TR,,O
3254,post_075,1,205,seriler,TR,,O
3255,post_075,1,206,mahvediliyor,TR,,O
3256,post_075,1,207,bunada,TR,,O
3257,post_075,1,208,en,TR,,O
3258,post_075,1,209,iyi,TR,,O
3259,post_075,1,210,örnek,TR,,O
3260,post_075,1,211,boruto,NE,,B-TITLE
3261,post_075,1,212,naruto,NE,,I-TITLE
3262,post_075,1,213,next,NE,,I-TITLE
3263,post_075,1,214,generations,NE,,I-TITLE
3264,post_076,1,0,hemen,TR,,O
3265,post_076,1,1,her,TR,,O
3266,post_076,1,2,gün,TR,,O
3267,post_076,1,3,yeni,TR,,O
3268,post_076,1,4,bir,TR,,O
3269,post_076,1,5,duyuruyla,TR,,O
3270,post_076,1,6,karşıma,TR,,O
3271,post_076,1,7,çıkıyor,TR,,O
3272,post_076,1,8,kendisi,TR,,O
3273,post_076,1,9,sadece,TR,,O
3274,post_076,1,10,bugün,TR,,O
3275,post_076,1,11,google,NE,,B-PROD
3276,post_076,1,12,goggles,NE,,I-PROD
3277,post_076,1,13,ve,TR,,O
3278,post_076,1,14,real,EN,,O
3279,post_076,1,15,time,EN,,O
3280,post_076,1,16,search,EN,,O
3281,post_076,1,17,ü,TR,,O
3282,post_076,1,18,gördüm,TR,,O
3283,post_076,1,19,gerçek,TR,,O
3284,post_076,1,20,zamanlı,TR,,O
3285,post_076,1,21,olan,TR,,O
3286,post_076,1,22,hedeyi,TR,,O
3287,post_076,1,23,şurdan,TR,,O
3288,post_076,1,24,deneyiverebilirsiniz,TR,,O
3289,post_077,1,0,benim,TR,,O
3290,post_077,1,1,gibi,TR,,O
3291,post_077,1,2,content,EN,,O
3292,post_077,1,3,whorelar,MIXED,MIXED,O
3293,post_077,1,4,için,TR,,O
3294,post_077,1,5,birebir,TR,,O
3295,post_077,1,6,uygulamadır,TR,,O
3296,post_077,1,7,efendim,TR,,O
3297,post_077,1,8,bu,TR,,O
3298,post_077,1,9,harddiskteki,MIXED,MIXED,O
3299,post_077,1,10,parçalar,TR,,O
3300,post_077,1,11,tozlanır,TR,,O
3301,post_077,1,12,bundan,TR,,O
3302,post_077,1,13,sonra,TR,,O
3303,post_077,1,14,çünkü,TR,,O
3304,post_077,1,15,pratik,TR,,O
3305,post_077,1,16,olarak,TR,,O
3306,post_077,1,17,tam,TR,,O
3307,post_077,1,18,da,TR,,O
3308,post_077,1,19,o,TR,,O
3309,post_077,1,20,olayı,TR,,O
3310,post_077,1,21,sağlıyor,TR,,O
3311,post_077,1,22,bir,TR,,O
3312,post_077,1,23,yerden,TR,,O
3313,post_077,1,24,sonra,TR,,O
3314,post_077,1,25,elinizde,TR,,O
3315,post_077,1,26,kaç,TR,,O
3316,post_077,1,27,parça,TR,,O
3317,post_077,1,28,olduğu,TR,,O
3318,post_077,1,29,değil,TR,,O
3319,post_077,1,30,bunları,TR,,O
3320,post_077,1,31,güzel,TR,,O
3321,post_077,1,32,bir,TR,,O
3322,post_077,1,33,biçimde,TR,,O
3323,post_077,1,34,bir,TR,,O
3324,post_077,1,35,araya,TR,,O
3325,post_077,1,36,getirmek,TR,,O
3326,post_077,1,37,sorun,TR,,O
3327,post_077,1,38,diskografi,TR,,O
3328,post_077,1,39,diskografi,TR,,O
3329,post_077,1,40,koymanın,TR,,O
3330,post_077,1,41,çok,TR,,O
3331,post_077,1,42,bir,TR,,O
3332,post_077,1,43,anlamı,TR,,O
3333,post_077,1,44,olmuyor,TR,,O
3334,post_077,1,45,nitekim,TR,,O
3335,post_077,1,46,grooveshark,NE,,B-PROD
3336,post_077,1,47,gibi,TR,,O
3337,post_077,1,48,alternatifleri,TR,,O
3338,post_077,1,49,varmış,TR,,O
3339,post_077,1,50,vardır,TR,,O
3340,post_077,1,51,doğrudur,TR,,O
3341,post_077,1,52,ama,TR,,O
3342,post_077,1,53,ilk,TR,,O
3343,post_077,1,54,defa,TR,,O
3344,post_077,1,55,ben,TR,,O
3345,post_077,1,56,bir,TR,,O
3346,post_077,1,57,uygulamanın,TR,,O
3347,post_077,1,58,bu,TR,,O
3348,post_077,1,59,kadar,TR,,O
3349,post_077,1,60,üstüme,TR,,O
3350,post_077,1,61,oturduğunu,TR,,O
3351,post_077,1,62,gördüm,TR,,O
3352,post_077,1,63,app,NE,,B-PROD
3353,post_077,1,64,bahçesi,NE,,I-PROD
3354,post_077,1,65,muhteşem,TR,,O
3355,post_077,1,66,zaten,TR,,O
3356,post_077,1,67,udiscover,NE,,B-PROD
3357,post_077,1,68,kullanıyorum,TR,,O
3358,post_077,1,69,mesela,TR,,O
3359,post_077,1,70,savatage'dan,NE,MIXED,B-GROUP
3360,post_077,1,71,girdim,TR,,O
3361,post_077,1,72,daha,TR,,O
3362,post_077,1,73,önce,TR,,O
3363,post_077,1,74,duymadığım,TR,,O
3364,post_077,1,75,muhteşem,TR,,O
3365,post_077,1,76,gruplara,TR,,O
3366,post_077,1,77,eriştim,TR,,O
3367,post_077,1,78,normal,AMBIGUOUS,,O
3368,post_077,1,79,şartlar,TR,,O
3369,post_077,1,80,altında,TR,,O
3370,post_077,1,81,ben,TR,,O
3371,post_077,1,82,bunu,TR,,O
3372,post_077,1,83,last.fm'den,NE,MIXED,B-ORG
3373,post_077,1,84,yapmaya,TR,,O
3374,post_077,1,85,çalışıyordum,TR,,O
3375,post_077,1,86,ama,TR,,O
3376,post_077,1,87,yani,TR,,O
3377,post_077,1,88,popülariteye,TR,,O
3378,post_077,1,89,göre,TR,,O
3379,post_077,1,90,gittiği,TR,,O
3380,post_077,1,91,için,TR,,O
3381,post_077,1,92,genelde,TR,,O
3382,post_077,1,93,önerdiği,TR,,O
3383,post_077,1,94,gruplar,TR,,O
3384,post_077,1,95,zaten,TR,,O
3385,post_077,1,96,janrın,TR,,O
3386,post_077,1,97,baba,TR,,O
3387,post_077,1,98,grupları,TR,,O
3388,post_077,1,99,oluyordu,TR,,O
3389,post_077,1,100,burada,TR,,O
3390,post_077,1,101,ise,TR,,O
3391,post_077,1,102,öyle,TR,,O
3392,post_077,1,103,değil,TR,,O
3393,post_077,1,104,ayda,TR,,O
3394,post_077,1,105,tl'ye,TR,,O
3395,post_077,1,106,offline,EN,,O
3396,post_077,1,107,erişim,TR,,O
3397,post_077,1,108,vermesi,TR,,O
3398,post_077,1,109,harika,TR,,O
3399,post_077,1,110,bir,TR,,O
3400,post_077,1,111,olay,TR,,O
3401,post_077,1,112,zaten,TR,,O
3402,post_077,1,113,tablette,TR,,O
3403,post_077,1,114,telefonda,TR,,O
3404,post_077,1,115,her,TR,,O
3405,post_077,1,116,yerde,TR,,O
3406,post_077,1,117,şarkılarıma,TR,,O
3407,post_077,1,118,erişebiliyorum,TR,,O
3408,post_077,1,119,ama,TR,,O
3409,post_077,1,120,beni,TR,,O
3410,post_077,1,121,vuran,TR,,O
3411,post_077,1,122,bu,TR,,O
3412,post_077,1,123,yeni,TR,,O
3413,post_077,1,124,grup,TR,,O
3414,post_077,1,125,keşfi,TR,,O
3415,post_077,1,126,oldu,TR,,O
3416,post_077,1,127,bu,TR,,O
3417,post_077,1,128,aralar,TR,,O
3418,post_077,1,129,konfor,TR,,O
3419,post_077,1,130,bölgemi,TR,,O
3420,post_077,1,131,biraz,TR,,O
3421,post_077,1,132,genişletme,TR,,O
3422,post_077,1,133,çabalarındayken,TR,,O
3423,post_077,1,134,hele,TR,,O
3424,post_077,1,135,hele,TR,,O
3425,post_077,1,136,tam,TR,,O
3426,post_077,1,137,yerine,TR,,O
3427,post_077,1,138,vurdu,TR,,O
3428,post_077,1,139,neşteri,TR,,O
3429,post_077,1,140,yani,TR,,O
3430,post_077,1,141,bir,TR,,O
3431,post_077,1,142,deneyin,TR,,O
3432,post_077,1,143,derim,TR,,O
3433,post_078,1,0,abd'de,NE,,B-LOC
3434,post_078,1,1,vize,TR,,O
3435,post_078,1,2,ile,TR,,O
3436,post_078,1,3,yasiyorsaniz,TR,,O
3437,post_078,1,4,bu,TR,,O
3438,post_078,1,5,siteyi,TR,,O
3439,post_078,1,6,kullanarak,TR,,O
3440,post_078,1,7,birilerini,TR,,O
3441,post_078,1,8,host,EN,,O
3442,post_078,1,9,ederseniz,TR,,O
3443,post_078,1,10,basiniz,TR,,O
3444,post_078,1,11,cok,TR,,O
3445,post_078,1,12,agrir,TR,,O
3446,post_078,1,13,sinirdisi,TR,,O
3447,post_078,1,14,bile,TR,,O
3448,post_078,1,15,edilebilirsiniz,TR,,O
3449,post_078,1,16,cunku,TR,,O
3450,post_078,1,17,vergilendirme,TR,,O
3451,post_078,1,18,abd'de,NE,,B-LOC
3452,post_078,1,19,cok,TR,,O
3453,post_078,1,20,onemli,TR,,O
3454,post_078,1,21,ve,TR,,O
3455,post_078,1,22,kontrolleri,TR,,O
3456,post_078,1,23,cok,TR,,O
3457,post_078,1,24,sıkı,TR,,O
3458,post_078,1,25,o,TR,,O
3459,post_078,1,26,yuzden,TR,,O
3460,post_078,1,27,hic,TR,,O
3461,post_078,1,28,bulasmayin,TR,,O
3462,post_078,1,29,derim,TR,,O
3463,post_078,1,30,gocmenlik,TR,,O
3464,post_078,1,31,dairesinden,TR,,O
3465,post_078,1,32,ozel,TR,,O
3466,post_078,1,33,izin,TR,,O
3467,post_078,1,34,almanizi,TR,,O
3468,post_078,1,35,isteyecek,TR,,O
3469,post_078,1,36,kadar,TR,,O
3470,post_078,1,37,isi,TR,,O
3471,post_078,1,38,buyutuyorlar,TR,,O
3472,post_078,1,39,yillardir,TR,,O
3473,post_078,1,40,couchsurfing'den,NE,MIXED,B-PROD
3474,post_078,1,41,onlarca,TR,,O
3475,post_078,1,42,insani,TR,,O
3476,post_078,1,43,ucretsiz,TR,,O
3477,post_078,1,44,agirlayan,TR,,O
3478,post_078,1,45,biri,TR,,O
3479,post_078,1,46,olarak,TR,,O
3480,post_078,1,47,agirladigim,TR,,O
3481,post_078,1,48,kisilerin,TR,,O
3482,post_078,1,49,yarisini,TR,,O
3483,post_078,1,50,su,TR,,O
3484,post_078,1,51,site,AMBIGUOUS,,O
3485,post_078,1,52,uzerinden,TR,,O
3486,post_078,1,53,agirlamis,TR,,O
3487,post_078,1,54,olsam,TR,,O
3488,post_078,1,55,her,TR,,O
3489,post_078,1,56,ay,TR,,O
3490,post_078,1,57,kirayi,TR,,O
3491,post_078,1,58,cikarirdim,TR,,O
3492,post_078,1,59,o,TR,,O
3493,post_078,1,60,ayri,TR,,O
3494,post_079,1,0,kendisini,TR,,O
3495,post_079,1,1,meshur,TR,,O
3496,post_079,1,2,trolley,EN,,O
3497,post_079,1,3,"problem""le",MIXED,MIXED,O
3498,post_079,1,4,sorguya,TR,,O
3499,post_079,1,5,cektigim,TR,,O
3500,post_079,1,6,bottur,TR,,O
3501,post_079,1,7,etik,TR,,O
3502,post_079,1,8,konulardaki,TR,,O
3503,post_079,1,9,bakis,TR,,O
3504,post_079,1,10,acisini,TR,,O
3505,post_079,1,11,merak,TR,,O
3506,post_079,1,12,etmistim,TR,,O
3507,post_079,1,13,bu,TR,,O
3508,post_079,1,14,durum,TR,,O
3509,post_079,1,15,karsisinda,TR,,O
3510,post_079,1,16,kimi,TR,,O
3511,post_079,1,17,kurtarmayi,TR,,O
3512,post_079,1,18,sececegini,TR,,O
3513,post_079,1,19,sordugumda,TR,,O
3514,post_079,1,20,verdigi,TR,,O
3515,post_079,1,21,cevabi,TR,,O
3516,post_079,1,22,asagi,TR,,O
3517,post_079,1,23,birakiyorum,TR,,O
3518,post_079,1,24,human,EN,,O
3519,post_079,1,25,what,EN,,O
3520,post_079,1,26,would,EN,,O
3521,post_079,1,27,your,EN,,O
3522,post_079,1,28,attitude,EN,,O
3523,post_079,1,29,be,EN,,O
3524,post_079,1,30,towards,EN,,O
3525,post_079,1,31,this,EN,,O
3526,post_079,1,32,problem,EN,,O
3527,post_079,1,33,who,EN,,O
3528,post_079,1,34,would,EN,,O
3529,post_079,1,35,you,EN,,O
3530,post_079,1,36,choose,EN,,O
3531,post_079,1,37,to,EN,,O
3532,post_079,1,38,save,EN,,O
3533,post_079,1,39,aı,EN,,O
3534,post_079,1,40,my,EN,,O
3535,post_079,1,41,attitude,EN,,O
3536,post_079,1,42,towards,EN,,O
3537,post_079,1,43,the,EN,,O
3538,post_079,1,44,trolley,EN,,O
3539,post_079,1,45,problem,EN,,O
3540,post_079,1,46,is,EN,,O
3541,post_079,1,47,that,EN,,O
3542,post_079,1,48,we,EN,,O
3543,post_079,1,49,should,EN,,O
3544,post_079,1,50,strive,EN,,O
3545,post_079,1,51,to,EN,,O
3546,post_079,1,52,save,EN,,O
3547,post_079,1,53,all,EN,,O
3548,post_079,1,54,five,EN,,O
3549,post_079,1,55,people,EN,,O
3550,post_079,1,56,if,EN,,O
3551,post_079,1,57,possible,EN,,O
3552,post_079,1,58,ıf,EN,,O
3553,post_079,1,59,that,EN,,O
3554,post_079,1,60,is,EN,,O
3555,post_079,1,61,not,EN,,O
3556,post_079,1,62,possible,EN,,O
3557,post_079,1,63,then,EN,,O
3558,post_079,1,64,ı,EN,,O
3559,post_079,1,65,believe,EN,,O
3560,post_079,1,66,the,EN,,O
3561,post_079,1,67,best,EN,,O
3562,post_079,1,68,course,EN,,O
3563,post_079,1,69,of,EN,,O
3564,post_079,1,70,action,EN,,O
3565,post_079,1,71,is,EN,,O
3566,post_079,1,72,to,EN,,O
3567,post_079,1,73,weigh,EN,,O
3568,post_079,1,74,the,EN,,O
3569,post_079,1,75,risks,EN,,O
3570,post_079,1,76,and,EN,,O
3571,post_079,1,77,make,EN,,O
3572,post_079,1,78,an,EN,,O
3573,post_079,1,79,ethical,EN,,O
3574,post_079,1,80,decision,EN,,O
3575,post_079,1,81,with,EN,,O
3576,post_079,1,82,the,EN,,O
3577,post_079,1,83,least,EN,,O
3578,post_079,1,84,amount,EN,,O
3579,post_079,1,85,of,EN,,O
3580,post_079,1,86,harm,EN,,O
3581,post_079,1,87,ultimately,EN,,O
3582,post_079,1,88,it,EN,,O
3583,post_079,1,89,is,EN,,O
3584,post_079,1,90,up,EN,,O
3585,post_079,1,91,to,EN,,O
3586,post_079,1,92,the,EN,,O
3587,post_079,1,93,individual,EN,,O
3588,post_079,1,94,to,EN,,O
3589,post_079,1,95,make,EN,,O
3590,post_079,1,96,the,EN,,O
3591,post_079,1,97,best,EN,,O
3592,post_079,1,98,decision,EN,,O
3593,post_079,1,99,for,EN,,O
3594,post_079,1,100,their,EN,,O
3595,post_079,1,101,situation,EN,,O
3596,post_080,1,0,turkiye,NE,,B-LOC
3597,post_080,1,1,de,TR,,O
3598,post_080,1,2,insanlarin,TR,,O
3599,post_080,1,3,bir,TR,,O
3600,post_080,1,4,spor,TR,,O
3601,post_080,1,5,turu,TR,,O
3602,post_080,1,6,oldugunu,TR,,O
3603,post_080,1,7,dusundugu,TR,,O
3604,post_080,1,8,kelime,TR,,O
3605,post_080,1,9,fitness,EN,,O
3606,post_080,1,10,fiziksel,TR,,O
3607,post_080,1,11,uygunluk,TR,,O
3608,post_080,1,12,demektir,TR,,O
3609,post_080,1,13,bir,TR,,O
3610,post_080,1,14,spor,TR,,O
3611,post_080,1,15,turu,TR,,O
3612,post_080,1,16,degildir,TR,,O
3613,post_080,1,17,ıngilizce,NE,,B-OTHER
3614,post_080,1,18,tanimina,TR,,O
3615,post_080,1,19,bakarsaniz,TR,,O
3616,post_080,1,20,fitness,EN,,O
3617,post_080,1,21,is,EN,,O
3618,post_080,1,22,defined,EN,,O
3619,post_080,1,23,as,EN,,O
3620,post_080,1,24,being,EN,,O
3621,post_080,1,25,in,EN,,O
3622,post_080,1,26,good,EN,,O
3623,post_080,1,27,physical,EN,,O
3624,post_080,1,28,shape,EN,,O
3625,post_080,1,29,or,EN,,O
3626,post_080,1,30,being,EN,,O
3627,post_080,1,31,suitable,EN,,O
3628,post_080,1,32,for,EN,,O
3629,post_080,1,33,a,EN,,O
3630,post_080,1,34,specific,EN,,O
3631,post_080,1,35,task,EN,,O
3632,post_080,1,36,or,EN,,O
3633,post_080,1,37,purpose,EN,,O
3634,post_081,1,0,the,EN,,O
3635,post_081,1,1,cut,EN,,O
3636,post_081,1,2,and,EN,,O
3637,post_081,1,3,paste,EN,,O
3638,post_081,1,4,language,EN,,O
3639,post_081,1,5,seklinde,TR,,O
3640,post_081,1,6,tanimlanmis,TR,,O
3641,post_081,1,7,bir,TR,,O
3642,post_081,1,8,script,EN,,O
3643,post_081,1,9,sekli,TR,,O
3644,post_082,1,0,hakkında,TR,,O
3645,post_082,1,1,yazılımcıların,TR,,O
3646,post_082,1,2,yerini,TR,,O
3647,post_082,1,3,alabileceği,TR,,O
3648,post_082,1,4,konuşulan,TR,,O
3649,post_082,1,5,gpt-3,NE,,B-PROD
3650,post_082,1,6,tabanlı,TR,,O
3651,post_082,1,7,robottur,TR,,O
3652,post_082,1,8,ios,NE,,B-PROD
3653,post_082,1,9,developerların,MIXED,MIXED,O
3654,post_082,1,10,işini,TR,,O
3655,post_082,1,11,alabilir,TR,,O
3656,post_082,1,12,mi,TR,,O
3657,post_082,1,13,konusunu,TR,,O
3658,post_082,1,14,ele,TR,,O
3659,post_082,1,15,alan,TR,,O
3660,post_082,1,16,şöyle,TR,,O
3661,post_082,1,17,bir,TR,,O
3662,post_082,1,18,youtube,NE,,B-PROD
3663,post_082,1,19,videosuna,TR,,O
3664,post_082,1,20,denk,TR,,O
3665,post_082,1,21,geldim,TR,,O
3666,post_082,1,22,sean,NE,,B-PER
3667,post_082,1,23,allen'ın,NE,MIXED,I-PER
3668,post_082,1,24,link,EN,,O
3669,post_082,1,25,bu,TR,,O
3670,post_082,1,26,robotla,TR,,O
3671,post_082,1,27,swiftuı,NE,,B-PROD
3672,post_082,1,28,ile,TR,,O
3673,post_082,1,29,adım,TR,,O
3674,post_082,1,30,adım,TR,,O
3675,post_082,1,31,uygulama,TR,,O
3676,post_082,1,32,geliştiriyor,TR,,O
3677,post_082,1,33,eksiklikler,TR,,O
3678,post_082,1,34,var,TR,,O
3679,post_082,1,35,ama,TR,,O
3680,post_082,1,36,işi,TR,,O
3681,post_082,1,37,baya,TR,,O
3682,post_082,1,38,kolaylaştırıyor,TR,,O
3683,post_082,1,39,ilerde,TR,,O
3684,post_082,1,40,yazılımcının,TR,,O
3685,post_082,1,41,işini,TR,,O
3686,post_082,1,42,almayacak,TR,,O
3687,post_082,1,43,fakat,TR,,O
3688,post_082,1,44,yazılımcının,TR,,O
3689,post_082,1,45,işini,TR,,O
3690,post_082,1,46,kolaylaştıracak,TR,,O
3691,post_082,1,47,diye,TR,,O
3692,post_082,1,48,düşünüyorum,TR,,O
3693,post_083,1,0,linkedin,NE,,B-PROD
3694,post_083,1,1,diye,TR,,O
3695,post_083,1,2,bir,TR,,O
3696,post_083,1,3,site,AMBIGUOUS,,O
3697,post_083,1,4,varmış,TR,,O
3698,post_083,1,5,spa,EN,,O
3699,post_083,1,6,ne,TR,,O
3700,post_083,1,7,işe,TR,,O
3701,post_083,1,8,yarıyor,TR,,O
3702,post_083,1,9,sinir,TR,,O
3703,post_083,1,10,bozuyor,TR,,O
3704,post_083,1,11,şeklindeki,TR,,O
3705,post_083,1,12,diyalogun,TR,,O
3706,post_083,1,13,nesnesi,TR,,O
3707,post_083,1,14,aslında,TR,,O
3708,post_083,1,15,öznesi,TR,,O
3709,post_083,1,16,networking,EN,,O
3710,post_083,1,17,denen,TR,,O
3711,post_083,1,18,şeyin,TR,,O
3712,post_083,1,19,sanalda,TR,,O
3713,post_083,1,20,karşılığı,TR,,O
3714,post_083,1,21,olan,TR,,O
3715,post_083,1,22,bu,TR,,O
3716,post_083,1,23,siteye,TR,,O
3717,post_083,1,24,ne,TR,,O
3718,post_083,1,25,zaman,TR,,O
3719,post_083,1,26,girsem,TR,,O
3720,post_083,1,27,sinirlerim,TR,,O
3721,post_083,1,28,bozuluyor,TR,,O
3722,post_083,1,29,yok,TR,,O
3723,post_083,1,30,falanca,TR,,O
3724,post_083,1,31,şurada,TR,,O
3725,post_083,1,32,brand,EN,,O
3726,post_083,1,33,manager,EN,,O
3727,post_083,1,34,yok,TR,,O
3728,post_083,1,35,şu,TR,,O
3729,post_083,1,36,şurda,TR,,O
3730,post_083,1,37,business,EN,,O
3731,post_083,1,38,unit,EN,,O
3732,post_083,1,39,manager,EN,,O
3733,post_083,1,40,yok,TR,,O
3734,post_083,1,41,şu,TR,,O
3735,post_083,1,42,şurda,TR,,O
3736,post_083,1,43,ebesinin,TR,,O
3737,post_083,1,44,ali,NE,,B-PER
3738,post_083,1,45,sami,NE,,I-PER
3739,post_083,1,46,tamam,TR,,O
3740,post_083,1,47,bir,TR,,O
3741,post_083,1,48,iş,TR,,O
3742,post_083,1,49,görüşmesine,TR,,O
3743,post_083,1,50,gidecekken,TR,,O
3744,post_083,1,51,görüşme,TR,,O
3745,post_083,1,52,yapacağınız,TR,,O
3746,post_083,1,53,kişi,TR,,O
3747,post_083,1,54,kimdir,TR,,O
3748,post_083,1,55,necidir,TR,,O
3749,post_083,1,56,hangi,TR,,O
3750,post_083,1,57,okul,TR,,O
3751,post_083,1,58,mezunu,TR,,O
3752,post_083,1,59,güzel,TR,,O
3753,post_083,1,60,hatun,TR,,O
3754,post_083,1,61,mudur,TR,,O
3755,post_083,1,62,diye,TR,,O
3756,post_083,1,63,bakıyoruz,TR,,O
3757,post_083,1,64,tamam,TR,,O
3758,post_083,1,65,iş,TR,,O
3759,post_083,1,66,veren,TR,,O
3760,post_083,1,67,özellikle,TR,,O
3761,post_083,1,68,headhunter,EN,,O
3762,post_083,1,69,denen,TR,,O
3763,post_083,1,70,ik,TR,,O
3764,post_083,1,71,şirketleri,TR,,O
3765,post_083,1,72,için,TR,,O
3766,post_083,1,73,eşsiz,TR,,O
3767,post_083,1,74,bir,TR,,O
3768,post_083,1,75,havuz,TR,,O
3769,post_083,1,76,da,TR,,O
3770,post_083,1,77,olabilir,TR,,O
3771,post_083,1,78,bu,TR,,O
3772,post_083,1,79,site,AMBIGUOUS,,O
3773,post_083,1,80,ama,TR,,O
3774,post_083,1,81,benim,TR,,O
3775,post_083,1,82,için,TR,,O
3776,post_083,1,83,ömür,TR,,O
3777,post_083,1,84,götürgeci,TR,,O
3778,post_083,1,85,yeminlen,TR,,O
3779,post_083,1,86,sevemedim,TR,,O
3780,post_083,1,87,karagözlüm,TR,,O
3781,post_084,1,0,finallerim,TR,,O
3782,post_084,1,1,biter,TR,,O
3783,post_084,1,2,bitmez,TR,,O
3784,post_084,1,3,yeniden,TR,,O
3785,post_084,1,4,damladigim,TR,,O
3786,post_084,1,5,platform,AMBIGUOUS,,O
3787,post_084,1,6,gecenlerde,TR,,O
3788,post_084,1,7,ne,TR,,O
3789,post_084,1,8,izlediysem,TR,,O
3790,post_084,1,9,artik,TR,,O
3791,post_084,1,10,bugun,TR,,O
3792,post_084,1,11,anasayfasinda,TR,,O
3793,post_084,1,12,dolanirken,TR,,O
3794,post_084,1,13,arada,TR,,O
3795,post_084,1,14,batman,NE,,B-TITLE
3796,post_084,1,15,beyond'i,NE,MIXED,I-TITLE
3797,post_084,1,16,gordum,TR,,O
3798,post_084,1,17,ben,TR,,O
3799,post_084,1,18,batman'i,NE,MIXED,B-TITLE
3800,post_084,1,19,kucuklugunde,TR,,O
3801,post_084,1,20,animated,NE,,B-TITLE
3802,post_084,1,21,series,NE,,I-TITLE
3803,post_084,1,22,ile,TR,,O
3804,post_084,1,23,izlemeye,TR,,O
3805,post_084,1,24,baslamis,TR,,O
3806,post_084,1,25,tim,NE,,B-PER
3807,post_084,1,26,burton,NE,,I-PER
3808,post_084,1,27,filmlerinde,TR,,O
3809,post_084,1,28,duvarlara,TR,,O
3810,post_084,1,29,tirmanan,TR,,O
3811,post_084,1,30,batmobile'ler,NE,MIXED,B-OTHER
3812,post_084,1,31,ve,TR,,O
3813,post_084,1,32,ay,TR,,O
3814,post_084,1,33,isiginin,TR,,O
3815,post_084,1,34,onunden,TR,,O
3816,post_084,1,35,artistlik,TR,,O
3817,post_084,1,36,sekilde,TR,,O
3818,post_084,1,37,gecen,TR,,O
3819,post_084,1,38,bat,NE,,B-TITLE
3820,post_084,1,39,ile,TR,,O
3821,post_084,1,40,sevmis,TR,,O
3822,post_084,1,41,bir,TR,,O
3823,post_084,1,42,insan,TR,,O
3824,post_084,1,43,evladi,TR,,O
3825,post_084,1,44,olarak,TR,,O
3826,post_084,1,45,oturdum,TR,,O
3827,post_084,1,46,bolum,TR,,O
3828,post_084,1,47,ust,TR,,O
3829,post_084,1,48,uste,TR,,O
3830,post_084,1,49,izledim,TR,,O
3831,post_084,1,50,bu,TR,,O
3832,post_084,1,51,naneyi,TR,,O
3833,post_084,1,52,bakalim,TR,,O
3834,post_084,1,53,aklima,TR,,O
3835,post_084,1,54,gelirse,TR,,O
3836,post_084,1,55,devam,TR,,O
3837,post_084,1,56,edecegim,TR,,O
3838,post_084,1,57,izlemeye,TR,,O
3839,post_084,1,58,simdi,TR,,O
3840,post_084,1,59,mesele,TR,,O
3841,post_084,1,60,batman,NE,,B-TITLE
3842,post_084,1,61,beyond,NE,,I-TITLE
3843,post_084,1,62,degil,TR,,O
3844,post_084,1,63,batman,NE,,B-TITLE
3845,post_084,1,64,beyond'dan,NE,MIXED,I-TITLE
3846,post_084,1,65,cikinca,TR,,O
3847,post_084,1,66,haliyle,TR,,O
3848,post_084,1,67,sayfayi,TR,,O
3849,post_084,1,68,diger,TR,,O
3850,post_084,1,69,animasyon,TR,,O
3851,post_084,1,70,seri,TR,,O
3852,post_084,1,71,ve,TR,,O
3853,post_084,1,72,filmlerle,TR,,O
3854,post_084,1,73,donatti,TR,,O
3855,post_084,1,74,hemen,TR,,O
3856,post_084,1,75,show,EN,,O
3857,post_084,1,76,tv'nin,TR,,O
3858,post_084,1,77,vaktinde,TR,,O
3859,post_084,1,78,bir,TR,,O
3860,post_084,1,79,ileri,TR,,O
3861,post_084,1,80,bir,TR,,O
3862,post_084,1,81,geri,TR,,O
3863,post_084,1,82,yayinlayarak,TR,,O
3864,post_084,1,83,rezil,TR,,O
3865,post_084,1,84,ettigi,TR,,O
3866,post_084,1,85,bir,TR,,O
3867,post_084,1,86,cok,TR,,O
3868,post_084,1,87,serinin,TR,,O
3869,post_084,1,88,tamamini,TR,,O
3870,post_084,1,89,barindirdigini,TR,,O
3871,post_084,1,90,gordugum,TR,,O
3872,post_084,1,91,an,TR,,O
3873,post_084,1,92,gozum,TR,,O
3874,post_084,1,93,dondu,TR,,O
3875,post_084,1,94,simdi,TR,,O
3876,post_084,1,95,gelsin,TR,,O
3877,post_084,1,96,x-men'ler,NE,MIXED,B-OTHER
3878,post_084,1,97,gitsin,TR,,O
3879,post_084,1,98,batman'ler,NE,MIXED,B-OTHER
3880,post_084,1,99,hey,AMBIGUOUS,,O
3881,post_084,1,100,gidi,TR,,O
3882,post_084,1,101,hey,AMBIGUOUS,,O
3883,post_084,1,102,90'lardaki,NE,,B-TIME
3884,post_084,1,103,marvel,NE,,B-ORG
3885,post_084,1,104,animasyon,NE,,I-ORG
3886,post_084,1,105,serileri,TR,,O
3887,post_084,1,106,nerede,TR,,O
3888,post_084,1,107,simdi,TR,,O
3889,post_084,1,108,netflix'te,NE,MIXED,B-PROD
3890,post_084,1,109,yegen,TR,,O
3891,post_084,1,110,not,TR,,O
3892,post_084,1,111,cocuklugumda,TR,,O
3893,post_084,1,112,ukte,TR,,O
3894,post_084,1,113,kalan,TR,,O
3895,post_084,1,114,cogu,TR,,O
3896,post_084,1,115,seyi,TR,,O
3897,post_084,1,116,dolduracagim,TR,,O
3898,post_084,1,117,sayesinde,TR,,O
3899,post_084,1,118,yeni,TR,,O
3900,post_084,1,119,nesil,TR,,O
3901,post_084,1,120,marvel,NE,,B-ORG
3902,post_084,1,121,ve,TR,,O
3903,post_084,1,122,dc,NE,,B-ORG
3904,post_084,1,123,cizgi,TR,,O
3905,post_084,1,124,roman,TR,,O
3906,post_084,1,125,serilerinde,TR,,O
3907,post_084,1,126,o,TR,,O
3908,post_084,1,127,90'larin,NE,,B-TIME
3909,post_084,1,128,havasini,TR,,O
3910,post_084,1,129,alamiyordum,TR,,O
3911,post_084,1,130,iyi,TR,,O
3912,post_084,1,131,oldu,TR,,O
3913,post_084,1,132,bu,TR,,O
3914,post_084,1,133,iyi,TR,,O
3915,post_085,1,0,yukarıda,TR,,O
3916,post_085,1,1,belirtilen,TR,,O
3917,post_085,1,2,ihtiyaçları,TR,,O
3918,post_085,1,3,vitamin,AMBIGUOUS,,O
3919,post_085,1,4,supplementi,MIXED,MIXED,O
3920,post_085,1,5,vitamini,TR,,O
3921,post_085,1,6,kaslar,TR,,O
3922,post_085,1,7,için,TR,,O
3923,post_085,1,8,opsiyonel,TR,,O
3924,post_085,1,9,alınabilen,TR,,O
3925,post_085,1,10,protein,AMBIGUOUS,,O
3926,post_085,1,11,tozu,TR,,O
3927,post_085,1,12,zorunlu,TR,,O
3928,post_085,1,13,değil,TR,,O
3929,post_085,1,14,ihtiyaç,TR,,O
3930,post_085,1,15,olan,TR,,O
3931,post_085,1,16,şey,TR,,O
3932,post_085,1,17,protein,AMBIGUOUS,,O
3933,post_085,1,18,değil,TR,,O
3934,post_085,1,19,esansiyel,TR,,O
3935,post_085,1,20,amino,AMBIGUOUS,,O
3936,post_085,1,21,asit'tir,TR,,O
3937,post_085,1,22,bu,TR,,O
3938,post_085,1,23,arada,TR,,O
3939,post_085,1,24,ve,TR,,O
3940,post_085,1,25,yeşil,TR,,O
3941,post_085,1,26,yapraklı,TR,,O
3942,post_085,1,27,sebzeler,TR,,O
3943,post_085,1,28,brokoli,TR,,O
3944,post_085,1,29,ıspanak,TR,,O
3945,post_085,1,30,vb,TR,,O
3946,post_085,1,31,kalsiyum,TR,,O
3947,post_085,1,32,ancak,TR,,O
3948,post_085,1,33,ıspanakta,TR,,O
3949,post_085,1,34,oksalik,TR,,O
3950,post_085,1,35,asit,TR,,O
3951,post_085,1,36,bulunduğu,TR,,O
3952,post_085,1,37,için,TR,,O
3953,post_085,1,38,kalsiyum,TR,,O
3954,post_085,1,39,emilimi,TR,,O
3955,post_085,1,40,zor,TR,,O
3956,post_085,1,41,olur,TR,,O
3957,post_085,1,42,fortified,EN,,O
3958,post_085,1,43,vegan,EN,,O
3959,post_085,1,44,yiyecekler,TR,,O
3960,post_085,1,45,kalsiyum,TR,,O
3961,post_085,1,46,ve,TR,,O
3962,post_085,1,47,esansiyel,TR,,O
3963,post_085,1,48,amino,AMBIGUOUS,,O
3964,post_085,1,49,asit,TR,,O
3965,post_085,1,50,katkısı,TR,,O
3966,post_085,1,51,içerir,TR,,O
3967,post_085,1,52,kalsiyum,TR,,O
3968,post_085,1,53,ile,TR,,O
3969,post_085,1,54,ilgili,TR,,O
3970,post_085,1,55,olarak,TR,,O
3971,post_085,1,56,hala,TR,,O
3972,post_085,1,57,şüphe,TR,,O
3973,post_085,1,58,varsa,TR,,O
3974,post_085,1,59,multivitamin,EN,,O
3975,post_085,1,60,multivitamin,EN,,O
3976,post_085,1,61,kullanılmak,TR,,O
3977,post_085,1,62,istenmiyorsa,TR,,O
3978,post_085,1,63,ve,TR,,O
3979,post_085,1,64,koyu,TR,,O
3980,post_085,1,65,yeşil,TR,,O
3981,post_085,1,66,yapraklı,TR,,O
3982,post_085,1,67,sebzeler,TR,,O
3983,post_085,1,68,de,TR,,O
3984,post_085,1,69,beğenilmiyorsa,TR,,O
3985,post_085,1,70,brokoli,TR,,O
3986,post_085,1,71,karnabahar,TR,,O
3987,post_085,1,72,ıspanak,TR,,O
3988,post_085,1,73,soya,TR,,O
3989,post_085,1,74,sütü,TR,,O
3990,post_085,1,75,başka,TR,,O
3991,post_085,1,76,vegan,EN,,O
3992,post_085,1,77,sütler,TR,,O
3993,post_085,1,78,tahin,TR,,O
3994,post_085,1,79,badem,TR,,O
3995,post_085,1,80,vb,TR,,O
3996,post_085,1,81,yiyeceklerle,TR,,O
3997,post_085,1,82,ihtiyaçlarını,TR,,O
3998,post_085,1,83,karşılayan,TR,,O
3999,post_085,1,84,insanlara,TR,,O
4000,post_085,1,85,verilen,TR,,O
4001,post_085,1,86,isim,TR,,O
4002,post_085,1,87,kalsiyum,TR,,O
4003,post_085,1,88,ile,TR,,O
4004,post_085,1,89,ilgili,TR,,O
4005,post_085,1,90,olarak,TR,,O
4006,post_085,1,91,şurayı,TR,,O
4007,post_085,1,92,okuyun,TR,,O
4008,post_085,1,93,vitamini,TR,,O
4009,post_085,1,94,ile,TR,,O
4010,post_085,1,95,ilgili,TR,,O
4011,post_085,1,96,olarak,TR,,O
4012,post_085,1,97,vitamini,TR,,O
4013,post_085,1,98,adamlari,TR,,O
4014,post_085,1,99,protein,AMBIGUOUS,,O
4015,post_085,1,100,ile,TR,,O
4016,post_085,1,101,ilgili,TR,,O
4017,post_085,1,102,olarak,TR,,O
4018,post_085,1,103,vegan,EN,,O
4019,post_085,1,104,esansiyel,TR,,O
4020,post_085,1,105,amino,TR,,O
4021,post_085,1,106,asitlerle,TR,,O
4022,post_085,1,107,ilgili,TR,,O
4023,post_085,1,108,olarak,TR,,O
4024,post_085,1,109,esansiyel,TR,,O
4025,post_085,1,110,amino,TR,,O
4026,post_085,1,111,asitler,TR,,O
4027,post_085,1,112,adamlari,TR,,O
4028,post_086,1,0,bullshit,EN,,O
4029,post_086,1,1,web,NE,,B-OTHER
4030,post_086,1,2,3.0'ın,NE,,I-OTHER
4031,post_086,1,3,nasıl,TR,,O
4032,post_086,1,4,bir,TR,,O
4033,post_086,1,5,saçmalık,TR,,O
4034,post_086,1,6,olduğunu,TR,,O
4035,post_086,1,7,oldukça,TR,,O
4036,post_086,1,8,basit,TR,,O
4037,post_086,1,9,bir,TR,,O
4038,post_086,1,10,şekilde,TR,,O
4039,post_086,1,11,anlatan,TR,,O
4040,post_086,1,12,kısa,TR,,O
4041,post_086,1,13,bir,TR,,O
4042,post_086,1,14,konuşma,TR,,O
4043,post_086,1,15,için,TR,,O
4044,post_086,1,16,blockchain,EN,,O
4045,post_086,1,17,and,EN,,O
4046,post_086,1,18,web,EN,,O
4047,post_086,1,19,kicking,EN,,O
4048,post_086,1,20,the,EN,,O
4049,post_086,1,21,hornet's,EN,,O
4050,post_086,1,22,nest,EN,,O
4051,post_087,1,0,tanım,TR,,O
4052,post_087,1,1,zamanında,TR,,O
4053,post_087,1,2,iflasın,TR,,O
4054,post_087,1,3,eşiğindeki,TR,,O
4055,post_087,1,4,walt,NE,,B-PER
4056,post_087,1,5,disney'in,NE,MIXED,I-PER
4057,post_087,1,6,otel,TR,,O
4058,post_087,1,7,odasında,TR,,O
4059,post_087,1,8,gördüğü,TR,,O
4060,post_087,1,9,fareden,TR,,O
4061,post_087,1,10,esinlenip,TR,,O
4062,post_087,1,11,mickey,NE,,B-PER
4063,post_087,1,12,fareyi,NE,,I-PER
4064,post_087,1,13,çizgi,TR,,O
4065,post_087,1,14,dünyaya,TR,,O
4066,post_087,1,15,sokmasıyla,TR,,O
4067,post_087,1,16,patlama,TR,,O
4068,post_087,1,17,yapmış,TR,,O
4069,post_087,1,18,olan,TR,,O
4070,post_087,1,19,günümüzün,TR,,O
4071,post_087,1,20,tekel,TR,,O
4072,post_087,1,21,canavarı,TR,,O
4073,post_087,1,22,şirket,TR,,O
4074,post_087,1,23,nazi,NE,,B-GROUP
4075,post_087,1,24,almanyasından,NE,,B-LOC
4076,post_087,1,25,farksız,TR,,O
4077,post_087,1,26,bu,TR,,O
4078,post_087,1,27,adamlar,TR,,O
4079,post_087,1,28,bence,TR,,O
4080,post_088,1,0,freelance,EN,,O
4081,post_088,1,1,bi,TR,,O
4082,post_088,1,2,iş,TR,,O
4083,post_088,1,3,yerinde,TR,,O
4084,post_088,1,4,ayda,TR,,O
4085,post_088,1,5,sadece,TR,,O
4086,post_088,1,6,çalışma,TR,,O
4087,post_088,1,7,saatleri,TR,,O
4088,post_088,1,8,içinde,TR,,O
4089,post_088,1,9,bitirebileceğin,TR,,O
4090,post_088,1,10,işi,TR,,O
4091,post_088,1,11,evde,TR,,O
4092,post_088,1,12,haftada,TR,,O
4093,post_088,1,13,hem,TR,,O
4094,post_088,1,14,de,TR,,O
4095,post_088,1,15,hiç,TR,,O
4096,post_088,1,16,uyumadan,TR,,O
4097,post_088,1,17,bitirebilmektir,TR,,O
4098,post_089,1,0,yıllardır,TR,,O
4099,post_089,1,1,torrent,NE,,B-PROD
4100,post_089,1,2,kullanan,TR,,O
4101,post_089,1,3,biri,TR,,O
4102,post_089,1,4,olarak,TR,,O
4103,post_089,1,5,download,EN,,O
4104,post_089,1,6,olayına,TR,,O
4105,post_089,1,7,artık,TR,,O
4106,post_089,1,8,daha,TR,,O
4107,post_089,1,9,fazla,TR,,O
4108,post_089,1,10,zaman,TR,,O
4109,post_089,1,11,harcamama,TR,,O
4110,post_089,1,12,adına,TR,,O
4111,post_089,1,13,premium,EN,,O
4112,post_089,1,14,hesabına,TR,,O
4113,post_089,1,15,para,TR,,O
4114,post_089,1,16,ödeyen,TR,,O
4115,post_089,1,17,biriyim,TR,,O
4116,post_089,1,18,ancak,TR,,O
4117,post_089,1,19,henüz,TR,,O
4118,post_089,1,20,çıkan,TR,,O
4119,post_089,1,21,wild,NE,,B-GROUP
4120,post_089,1,22,beasts,NE,,I-GROUP
4121,post_089,1,23,st,NE,,B-PER
4122,post_089,1,24,vincent,NE,,I-PER
4123,post_089,1,25,ve,TR,,O
4124,post_089,1,26,metronomy,NE,,B-GROUP
4125,post_089,1,27,albümlerini,TR,,O
4126,post_089,1,28,düşmemesi,TR,,O
4127,post_089,1,29,sinir,TR,,O
4128,post_089,1,30,bozucu,TR,,O
4129,post_089,1,31,ayrıca,TR,,O
4130,post_089,1,32,eski,TR,,O
4131,post_089,1,33,şarkılar,TR,,O
4132,post_089,1,34,hep,TR,,O
4133,post_089,1,35,re-mastered,EN,,O
4134,post_089,1,36,şeklinde,TR,,O
4135,post_089,1,37,benim,TR,,O
4136,post_089,1,38,gibi,TR,,O
4137,post_089,1,39,az,TR,,O
4138,post_089,1,40,biraz,TR,,O
4139,post_089,1,41,audiophile,EN,,O
4140,post_089,1,42,iseniz,TR,,O
4141,post_089,1,43,spotify,NE,,B-PROD
4142,post_089,1,44,beklentileri,TR,,O
4143,post_089,1,45,karşılamıyor,TR,,O
4144,post_089,1,46,bu,TR,,O
4145,post_089,1,47,biraz,TR,,O
4146,post_089,1,48,yeni,TR,,O
4147,post_089,1,49,nesil,TR,,O
4148,post_089,1,50,wonderkid,EN,,O
4149,post_089,1,51,mesela,TR,,O
4150,post_089,1,52,asıl,TR,,O
4151,post_089,1,53,orijinal,TR,,O
4152,post_089,1,54,seri,TR,,O
4153,post_089,1,55,bacak,TR,,O
4154,post_089,1,56,çalımlarının,TR,,O
4155,post_089,1,57,sahibi,TR,,O
4156,post_089,1,58,ronaldo,NE,,B-PER
4157,post_089,1,59,luis,NE,,I-PER
4158,post_089,1,60,nazario,NE,,I-PER
4159,post_089,1,61,de,TR,,O
4160,post_089,1,62,lima'dır,NE,MIXED,B-LOC
4161,post_089,1,63,burada,TR,,O
4162,post_089,1,64,benim,TR,,O
4163,post_089,1,65,için,TR,,O
4164,post_089,1,66,torrent,NE,,B-PROD
4165,post_089,1,67,ve,TR,,O
4166,post_089,1,68,last.fm,NE,,B-ORG
4167,post_089,1,69,oluyor,TR,,O
4168,post_089,1,70,spotify,NE,,B-PROD
4169,post_089,1,71,ise,TR,,O
4170,post_089,1,72,christiano,NE,,B-PER
4171,post_089,1,73,ronaldo,NE,,I-PER
4172,post_089,1,74,biraz,TR,,O
4173,post_089,1,75,kimse,TR,,O
4174,post_089,1,76,hakkını,TR,,O
4175,post_089,1,77,yemiyor,TR,,O
4176,post_089,1,78,ama,TR,,O
4177,post_089,1,79,daha,TR,,O
4178,post_089,1,80,önce,TR,,O
4179,post_089,1,81,daha,TR,,O
4180,post_089,1,82,iyisi,TR,,O
4181,post_089,1,83,yapılmıştı,TR,,O
4182,post_089,1,84,o,TR,,O
4183,post_089,1,85,boktan,TR,,O
4184,post_089,1,86,playlistlerini,MIXED,MIXED,O
4185,post_089,1,87,de,TR,,O
4186,post_089,1,88,botların,TR,,O
4187,post_089,1,89,yaptığını,TR,,O
4188,post_089,1,90,biliyoruz,TR,,O
4189,post_089,1,91,sevgili,TR,,O
4190,post_089,1,92,spotify,NE,,B-PROD
4191,post_089,1,93,benim,TR,,O
4192,post_089,1,94,için,TR,,O
4193,post_089,1,95,her,TR,,O
4194,post_089,1,96,zaman,TR,,O
4195,post_089,1,97,üvey,TR,,O
4196,post_089,1,98,evlat,TR,,O
4197,post_089,1,99,olacaksın,TR,,O
4198,post_090,1,0,jon,NE,,B-PER
4199,post_090,1,1,stewart,NE,,I-PER
4200,post_090,1,2,espirilerin,TR,,O
4201,post_090,1,3,de,TR,,O
4202,post_090,1,4,yer,TR,,O
4203,post_090,1,5,aldığı,TR,,O
4204,post_090,1,6,dipsiz,TR,,O
4205,post_090,1,7,kuyu,TR,,O
4206,post_090,1,8,gül,TR,,O
4207,post_090,1,9,gül,TR,,O
4208,post_090,1,10,öldürürken,TR,,O
4209,post_090,1,11,düşündüyor,TR,,O
4210,post_090,1,12,da,TR,,O
4211,post_090,1,13,evet,TR,,O
4212,post_090,1,14,bak,TR,,O
4213,post_090,1,15,yine,TR,,O
4214,post_090,1,16,internet,TR,,O
4215,post_090,1,17,tüpleri,TR,,O
4216,post_090,1,18,tıkanmış,TR,,O
4217,post_090,1,19,network,EN,,O
4218,post_090,1,20,neutrality,EN,,O
4219,post_090,1,21,kahrolsun,TR,,O
4220,post_090,1,22,you,EN,,O
4221,post_090,1,23,tube,EN,,O
4222,post_090,1,24,i,EN,,O
4223,post_090,1,25,tube,EN,,O
4224,post_090,1,26,they,EN,,O
4225,post_090,1,27,tube,EN,,O
4226,post_091,1,0,devlet,TR,,O
4227,post_091,1,1,başkanları,TR,,O
4228,post_091,1,2,ülke,TR,,O
4229,post_091,1,3,liderleri,TR,,O
4230,post_091,1,4,ve,TR,,O
4231,post_091,1,5,başbakanlar,TR,,O
4232,post_091,1,6,tarafından,TR,,O
4233,post_091,1,7,oldukça,TR,,O
4234,post_091,1,8,yoğun,TR,,O
4235,post_091,1,9,bir,TR,,O
4236,post_091,1,10,şekilde,TR,,O
4237,post_091,1,11,kullanılmaktadır,TR,,O
4238,post_091,1,12,wall,NE,,B-ORG
4239,post_091,1,13,street,NE,,I-ORG
4240,post_091,1,14,journal'ın,NE,MIXED,I-ORG
4241,post_091,1,15,araştırmasına,TR,,O
4242,post_091,1,16,göre,TR,,O
4243,post_091,1,17,şu,TR,,O
4244,post_091,1,18,anda,TR,,O
4245,post_091,1,19,twitter’da,NE,MIXED,B-PROD
4246,post_091,1,20,dünyanın,TR,,O
4247,post_091,1,21,farklı,TR,,O
4248,post_091,1,22,ülkelerinden,TR,,O
4249,post_091,1,23,lider,TR,,O
4250,post_091,1,24,bulunuyor,TR,,O
4251,post_091,1,25,bu,TR,,O
4252,post_091,1,26,liderler,TR,,O
4253,post_091,1,27,arasında,TR,,O
4254,post_091,1,28,kuzey,NE,,B-LOC
4255,post_091,1,29,kore,NE,,I-LOC
4256,post_091,1,30,lideri,TR,,O
4257,post_091,1,31,ingiltere,NE,,B-LOC
4258,post_091,1,32,başbakanı,TR,,O
4259,post_091,1,33,ürdün,NE,,B-LOC
4260,post_091,1,34,kraliçesi,TR,,O
4261,post_091,1,35,türkiye,NE,,B-LOC
4262,post_091,1,36,cumhuriyeti,NE,,I-LOC
4263,post_091,1,37,cumhurbaşkanı,TR,,O
4264,post_091,1,38,meksika,NE,,B-LOC
4265,post_091,1,39,ve,TR,,O
4266,post_091,1,40,şili,NE,,B-LOC
4267,post_091,1,41,devlet,TR,,O
4268,post_091,1,42,başkanları,TR,,O
4269,post_091,1,43,var,TR,,O
4270,post_091,1,44,bu,TR,,O
4271,post_091,1,45,araştırmaya,TR,,O
4272,post_091,1,46,göre,TR,,O
4273,post_091,1,47,dünyadaki,TR,,O
4274,post_091,1,48,her,TR,,O
4275,post_091,1,49,liderden,TR,,O
4276,post_091,1,50,biri,TR,,O
4277,post_091,1,51,twitter,NE,,B-PROD
4278,post_091,1,52,kullanıyor,TR,,O
4279,post_091,1,53,en,TR,,O
4280,post_091,1,54,aktif,TR,,O
4281,post_091,1,55,liderler,TR,,O
4282,post_091,1,56,ise,TR,,O
4283,post_091,1,57,güney,NE,,B-LOC
4284,post_091,1,58,amerika'daki,NE,,I-LOC
4285,post_091,1,59,liderler,TR,,O
4286,post_091,1,60,yani,TR,,O
4287,post_091,1,61,ingiltere,NE,,B-LOC
4288,post_091,1,62,kralı,TR,,O
4289,post_091,1,63,rahmetli,TR,,O
4290,post_091,1,64,başkan,TR,,O
4291,post_091,1,65,kenedi,NE,,B-PER
4292,post_091,1,66,taçsız,TR,,O
4293,post_091,1,67,kral,TR,,O
4294,post_091,1,68,pele,NE,,B-PER
4295,post_091,1,69,bekkenbauer,NE,,B-PER
4296,post_091,1,70,kaleci,TR,,O
4297,post_091,1,71,mayer,NE,,B-PER
4298,post_091,1,72,nadya,NE,,B-PER
4299,post_091,1,73,komanaçi,NE,,I-PER
4300,post_091,1,74,bricit,NE,,B-PER
4301,post_091,1,75,bardo,NE,,I-PER
4302,post_091,1,76,fenerbahceli,NE,,B-OTHER
4303,post_091,1,77,cemil,NE,,B-PER
4304,post_091,1,78,gibi,TR,,O
4305,post_091,1,79,bir,TR,,O
4306,post_091,1,80,durum,TR,,O
4307,post_091,1,81,var,TR,,O
4308,post_091,1,82,bizim,TR,,O
4309,post_091,1,83,başbakan,TR,,O
4310,post_091,1,84,ise,TR,,O
4311,post_091,1,85,kendisinden,TR,,O
4312,post_091,1,86,tivıtır,NE,,B-PROD
4313,post_091,1,87,mivıtır,TR,,O
4314,post_091,1,88,diye,TR,,O
4315,post_091,1,89,bahsetmekte,TR,,O
4316,post_092,1,0,house,NE,,B-TITLE
4317,post_092,1,1,of,NE,,I-TITLE
4318,post_092,1,2,cards,NE,,I-TITLE
4319,post_092,1,3,haberleri,TR,,O
4320,post_092,1,4,için,TR,,O
4321,post_092,1,5,müşteri,TR,,O
4322,post_092,1,6,hizmetleri,TR,,O
4323,post_092,1,7,aksini,TR,,O
4324,post_092,1,8,söylüyor,TR,,O
4325,post_092,1,9,spoiler,EN,,O
4326,post_092,1,10,nope,EN,,O
4327,post_092,1,11,according,EN,,O
4328,post_092,1,12,to,EN,,O
4329,post_092,1,13,my,EN,,O
4330,post_092,1,14,official,EN,,O
4331,post_092,1,15,list,EN,,O
4332,post_092,1,16,of,EN,,O
4333,post_092,1,17,countries,EN,,O
4334,post_092,1,18,where,EN,,O
4335,post_092,1,19,the,EN,,O
4336,post_092,1,20,show,EN,,O
4337,post_092,1,21,will,EN,,O
4338,post_092,1,22,not,EN,,O
4339,post_092,1,23,be,EN,,O
4340,post_092,1,24,available,EN,,O
4341,post_092,1,25,for,EN,,O
4342,post_092,1,26,a,EN,,O
4343,post_092,1,27,reason,EN,,O
4344,post_092,1,28,or,EN,,O
4345,post_092,1,29,another,EN,,O
4346,post_092,1,30,turkey,NE,,B-LOC
4347,post_092,1,31,is,EN,,O
4348,post_092,1,32,not,EN,,O
4349,post_092,1,33,on,EN,,O
4350,post_092,1,34,that,EN,,O
4351,post_092,1,35,list,EN,,O
4352,post_092,1,36,which,EN,,O
4353,post_092,1,37,means,EN,,O
4354,post_092,1,38,it,EN,,O
4355,post_092,1,39,is,EN,,O
4356,post_092,1,40,part,EN,,O
4357,post_092,1,41,of,EN,,O
4358,post_092,1,42,the,EN,,O
4359,post_092,1,43,countries,EN,,O
4360,post_092,1,44,where,EN,,O
4361,post_092,1,45,you,EN,,O
4362,post_092,1,46,will,EN,,O
4363,post_092,1,47,be,EN,,O
4364,post_092,1,48,able,EN,,O
4365,post_092,1,49,to,EN,,O
4366,post_092,1,50,see,EN,,O
4367,post_092,1,51,frank,NE,,B-PER
4368,post_092,1,52,underwood,NE,,I-PER
4369,post_092,1,53,come,EN,,O
4370,post_092,1,54,back,EN,,O
4371,post_092,1,55,in,EN,,O
4372,post_092,1,56,may,NE,,B-TIME
4373,post_092,1,57,spoiler,EN,,O
4374,post_093,1,0,sanatçılar,TR,,O
4375,post_093,1,1,müzisyenler,TR,,O
4376,post_093,1,2,yazarlar,TR,,O
4377,post_093,1,3,bilgisaya,TR,,O
4378,post_093,1,4,programcıları,TR,,O
4379,post_093,1,5,coderlar,MIXED,MIXED,O
4380,post_093,1,6,reklamcılar,TR,,O
4381,post_093,1,7,tasarımcılar,TR,,O
4382,post_093,1,8,tasarım,TR,,O
4383,post_093,1,9,siteleri,TR,,O
4384,post_093,1,10,çizim,TR,,O
4385,post_093,1,11,blogları,TR,,O
4386,post_093,1,12,ve,TR,,O
4387,post_093,1,13,daha,TR,,O
4388,post_093,1,14,birçok,TR,,O
4389,post_093,1,15,organizasyon,TR,,O
4390,post_093,1,16,tarafından,TR,,O
4391,post_093,1,17,kullanılan,TR,,O
4392,post_093,1,18,anında,TR,,O
4393,post_093,1,19,güncellenebilen,TR,,O
4394,post_093,1,20,basit,TR,,O
4395,post_093,1,21,ve,TR,,O
4396,post_093,1,22,kullanışlı,TR,,O
4397,post_093,1,23,kullanıcı,TR,,O
4398,post_093,1,24,tarafından,TR,,O
4399,post_093,1,25,değiştirilebilen,TR,,O
4400,post_093,1,26,hoş,TR,,O
4401,post_093,1,27,bir,TR,,O
4402,post_093,1,28,arayüzü,TR,,O
4403,post_093,1,29,bulunan,TR,,O
4404,post_093,1,30,karakterlik,TR,,O
4405,post_093,1,31,mesajlarıyla,TR,,O
4406,post_093,1,32,browser,EN,,O
4407,post_093,1,33,eklentileriyle,TR,,O
4408,post_093,1,34,dışarıdan,TR,,O
4409,post_093,1,35,ek,TR,,O
4410,post_093,1,36,arama,TR,,O
4411,post_093,1,37,motorlarıyla,TR,,O
4412,post_093,1,38,programlar,TR,,O
4413,post_093,1,39,için,TR,,O
4414,post_093,1,40,tutorial,EN,,O
4415,post_093,1,41,yayınlayanlarıyla,TR,,O
4416,post_093,1,42,kocaman,TR,,O
4417,post_093,1,43,muhteşem,TR,,O
4418,post_093,1,44,bir,TR,,O
4419,post_093,1,45,site,AMBIGUOUS,,O
4420,post_093,1,46,darth,NE,,B-PER
4421,post_093,1,47,vader,NE,,I-PER
4422,post_093,1,48,bile,TR,,O
4423,post_093,1,49,kullanıyor,TR,,O
4424,post_094,1,0,jennifer,NE,,B-PER
4425,post_094,1,1,lopez'in,NE,MIXED,I-PER
4426,post_094,1,2,igrenc,TR,,O
4427,post_094,1,3,filmi,TR,,O
4428,post_094,1,4,maid,NE,,B-TITLE
4429,post_094,1,5,in,NE,,I-TITLE
4430,post_094,1,6,manhattan'da,NE,MIXED,I-TITLE
4431,post_094,1,7,oglunun,TR,,O
4432,post_094,1,8,bir,TR,,O
4433,post_094,1,9,sey,TR,,O
4434,post_094,1,10,sormasi,TR,,O
4435,post_094,1,11,uzerine,TR,,O
4436,post_094,1,12,soyledigi,TR,,O
4437,post_094,1,13,you,EN,,O
4438,post_094,1,14,have,EN,,O
4439,post_094,1,15,to,EN,,O
4440,post_094,1,16,google,NE,,B-PROD
4441,post_094,1,17,it,EN,,O
4442,post_094,1,18,cumlesinin,TR,,O
4443,post_094,1,19,fiili,TR,,O
4444,post_095,1,0,maalesef,TR,,O
4445,post_095,1,1,yeteri,TR,,O
4446,post_095,1,2,kadar,TR,,O
4447,post_095,1,3,aydinlanmamis,TR,,O
4448,post_095,1,4,hala,TR,,O
4449,post_095,1,5,tv,AMBIGUOUS,,O
4450,post_095,1,6,kulturunde,TR,,O
4451,post_095,1,7,kalmis,TR,,O
4452,post_095,1,8,ve,TR,,O
4453,post_095,1,9,daha,TR,,O
4454,post_095,1,10,kotu,TR,,O
4455,post_095,1,11,bir,TR,,O
4456,post_095,1,12,hal,TR,,O
4457,post_095,1,13,alan,TR,,O
4458,post_095,1,14,neslimizin,TR,,O
4459,post_095,1,15,sumugunuzu,TR,,O
4460,post_095,1,16,atmayacaginiz,TR,,O
4461,post_095,1,17,insanlari,TR,,O
4462,post_095,1,18,bos,TR,,O
4463,post_095,1,19,beles,TR,,O
4464,post_095,1,20,unlu,TR,,O
4465,post_095,1,21,yapip,TR,,O
4466,post_095,1,22,efendime,TR,,O
4467,post_095,1,23,soyliyeyim,TR,,O
4468,post_095,1,24,blogger,EN,,O
4469,post_095,1,25,yapip,TR,,O
4470,post_095,1,26,ustune,TR,,O
4471,post_095,1,27,zengin,TR,,O
4472,post_095,1,28,ettigi,TR,,O
4473,post_095,1,29,bir,TR,,O
4474,post_095,1,30,takim,TR,,O
4475,post_095,1,31,insanlar,TR,,O
4476,post_095,1,32,topluluğu,TR,,O
4477,post_095,1,33,hayir,TR,,O
4478,post_095,1,34,yani,TR,,O
4479,post_095,1,35,mantik,TR,,O
4480,post_095,1,36,ne,TR,,O
4481,post_095,1,37,pardon,AMBIGUOUS,,O
4482,post_095,1,38,tanittigi,TR,,O
4483,post_095,1,39,ruju,TR,,O
4484,post_095,1,40,ojeyi,TR,,O
4485,post_095,1,41,alligi,TR,,O
4486,post_095,1,42,ojeyi,TR,,O
4487,post_095,1,43,vs,EN,,O
4488,post_095,1,44,gittiginizde,TR,,O
4489,post_095,1,45,watsons'larda,NE,MIXED,B-ORG
4490,post_095,1,46,gratis'lerde,NE,MIXED,B-ORG
4491,post_095,1,47,pekala,TR,,O
4492,post_095,1,48,sizler,TR,,O
4493,post_095,1,49,de,TR,,O
4494,post_095,1,50,görüp,TR,,O
4495,post_095,1,51,deneyip,TR,,O
4496,post_095,1,52,begenirseniz,TR,,O
4497,post_095,1,53,alabiliyorsunuz,TR,,O
4498,post_095,1,54,sart,TR,,O
4499,post_095,1,55,mi,TR,,O
4500,post_095,1,56,onlarda,TR,,O
4501,post_095,1,57,gorup,TR,,O
4502,post_095,1,58,linki,MIXED,MIXED,O
4503,post_095,1,59,biraktim,TR,,O
4504,post_095,1,60,diyip,TR,,O
4505,post_095,1,61,o,TR,,O
4506,post_095,1,62,linke,MIXED,MIXED,O
4507,post_095,1,63,tıklayıp,TR,,O
4508,post_095,1,64,almaniz,TR,,O
4509,post_095,1,65,daha,TR,,O
4510,post_095,1,66,mi,TR,,O
4511,post_095,1,67,ucuz,TR,,O
4512,post_095,1,68,mesela,TR,,O
4513,post_095,1,69,ya,TR,,O
4514,post_095,1,70,da,TR,,O
4515,post_095,1,71,denemeden,TR,,O
4516,post_095,1,72,almak,TR,,O
4517,post_095,1,73,ne,TR,,O
4518,post_095,1,74,kadar,TR,,O
4519,post_095,1,75,dogru,TR,,O
4520,post_095,1,76,yapmayin,TR,,O
4521,post_095,1,77,arkadaslar,TR,,O
4522,post_095,1,78,uc,TR,,O
4523,post_095,1,79,kurusluk,TR,,O
4524,post_095,1,80,insanlari,TR,,O
4525,post_095,1,81,ne,TR,,O
4526,post_095,1,82,oldum,TR,,O
4527,post_095,1,83,delisine,TR,,O
4528,post_095,1,84,cevirmeyin,TR,,O
4529,post_096,1,0,bir,TR,,O
4530,post_096,1,1,zamanlar,TR,,O
4531,post_096,1,2,twitch,NE,,B-PROD
4532,post_096,1,3,sadece,TR,,O
4533,post_096,1,4,oyun,TR,,O
4534,post_096,1,5,yayınları,TR,,O
4535,post_096,1,6,yapılabilen,TR,,O
4536,post_096,1,7,bir,TR,,O
4537,post_096,1,8,platformdu,TR,,O
4538,post_096,1,9,ve,TR,,O
4539,post_096,1,10,bir,TR,,O
4540,post_096,1,11,süre,TR,,O
4541,post_096,1,12,sonra,TR,,O
4542,post_096,1,13,just,EN,,O
4543,post_096,1,14,chatting,EN,,O
4544,post_096,1,15,diye,TR,,O
4545,post_096,1,16,bir,TR,,O
4546,post_096,1,17,kategori,TR,,O
4547,post_096,1,18,eklendi,TR,,O
4548,post_096,1,19,bu,TR,,O
4549,post_096,1,20,kategori,TR,,O
4550,post_096,1,21,sayesinde,TR,,O
4551,post_096,1,22,oyuncular,TR,,O
4552,post_096,1,23,bir,TR,,O
4553,post_096,1,24,şeyler,TR,,O
4554,post_096,1,25,anlatabiliyordu,TR,,O
4555,post_096,1,26,veya,TR,,O
4556,post_096,1,27,izleyicileriyle,TR,,O
4557,post_096,1,28,karşılıklı,TR,,O
4558,post_096,1,29,olarak,TR,,O
4559,post_096,1,30,konuşabiliyordu,TR,,O
4560,post_096,1,31,uzun,TR,,O
4561,post_096,1,32,bir,TR,,O
4562,post_096,1,33,süre,TR,,O
4563,post_096,1,34,sonra,TR,,O
4564,post_096,1,35,just,EN,,O
4565,post_096,1,36,chatting,EN,,O
4566,post_096,1,37,twitch'in,NE,MIXED,B-PROD
4567,post_096,1,38,neredeyse,TR,,O
4568,post_096,1,39,%50'sini,TR,,O
4569,post_096,1,40,ve,TR,,O
4570,post_096,1,41,daha,TR,,O
4571,post_096,1,42,fazlasını,TR,,O
4572,post_096,1,43,oluşturan,TR,,O
4573,post_096,1,44,bir,TR,,O
4574,post_096,1,45,yayıncı,TR,,O
4575,post_096,1,46,izleyici,TR,,O
4576,post_096,1,47,kitlesi,TR,,O
4577,post_096,1,48,kazandı,TR,,O
4578,post_096,1,49,günümüzde,TR,,O
4579,post_096,1,50,just,EN,,O
4580,post_096,1,51,chatting,EN,,O
4581,post_096,1,52,kategorisine,TR,,O
4582,post_096,1,53,girdiğinizde,TR,,O
4583,post_096,1,54,en,TR,,O
4584,post_096,1,55,çok,TR,,O
4585,post_096,1,56,izlenen,TR,,O
4586,post_096,1,57,yayıncıdan,TR,,O
4587,post_096,1,58,en,TR,,O
4588,post_096,1,59,az,TR,,O
4589,post_096,1,60,izlenen,TR,,O
4590,post_096,1,61,yayıncıya,TR,,O
4591,post_096,1,62,kadar,TR,,O
4592,post_096,1,63,ipini,TR,,O
4593,post_096,1,64,koparan,TR,,O
4594,post_096,1,65,herkes,TR,,O
4595,post_096,1,66,kameranın,TR,,O
4596,post_096,1,67,önüne,TR,,O
4597,post_096,1,68,geçip,TR,,O
4598,post_096,1,69,bir,TR,,O
4599,post_096,1,70,şeyler,TR,,O
4600,post_096,1,71,anlatıyor,TR,,O
4601,post_096,1,72,son,TR,,O
4602,post_096,1,73,zamanlarda,TR,,O
4603,post_096,1,74,just,EN,,O
4604,post_096,1,75,chatting,EN,,O
4605,post_096,1,76,kategorisinde,TR,,O
4606,post_096,1,77,bu,TR,,O
4607,post_096,1,78,kızgın,TR,,O
4608,post_096,1,79,rekabet,TR,,O
4609,post_096,1,80,ortamında,TR,,O
4610,post_096,1,81,parlayabilmek,TR,,O
4611,post_096,1,82,için,TR,,O
4612,post_096,1,83,spor,TR,,O
4613,post_096,1,84,ve,TR,,O
4614,post_096,1,85,havuz,TR,,O
4615,post_096,1,86,yayınları,TR,,O
4616,post_096,1,87,iyice,TR,,O
4617,post_096,1,88,çoğalmaya,TR,,O
4618,post_096,1,89,başladı,TR,,O
4619,post_096,1,90,kendini,TR,,O
4620,post_096,1,91,twitch,NE,,B-PROD
4621,post_096,1,92,kuralları,TR,,O
4622,post_096,1,93,dahilinde,TR,,O
4623,post_096,1,94,en,TR,,O
4624,post_096,1,95,güzel,TR,,O
4625,post_096,1,96,pazarlayan,TR,,O
4626,post_096,1,97,en,TR,,O
4627,post_096,1,98,büyük,TR,,O
4628,post_096,1,99,kemiği,TR,,O
4629,post_096,1,100,kapıyor,TR,,O
4630,post_096,1,101,bu,TR,,O
4631,post_096,1,102,işi,TR,,O
4632,post_096,1,103,kısmen,TR,,O
4633,post_096,1,104,pandemi,TR,,O
4634,post_096,1,105,dolayısıyla,TR,,O
4635,post_096,1,106,insanların,TR,,O
4636,post_096,1,107,sosyalleşme,TR,,O
4637,post_096,1,108,ihtiyacına,TR,,O
4638,post_096,1,109,ısmarlayabilsek,TR,,O
4639,post_096,1,110,de,TR,,O
4640,post_096,1,111,kamera,TR,,O
4641,post_096,1,112,karşısında,TR,,O
4642,post_096,1,113,sadece,TR,,O
4643,post_096,1,114,sohbet,TR,,O
4644,post_096,1,115,muhabbet,TR,,O
4645,post_096,1,116,eden,TR,,O
4646,post_096,1,117,bir,TR,,O
4647,post_096,1,118,yabancıyı,TR,,O
4648,post_096,1,119,izlemek,TR,,O
4649,post_096,1,120,kadar,TR,,O
4650,post_096,1,121,saçma,TR,,O
4651,post_096,1,122,bir,TR,,O
4652,post_096,1,123,şey,TR,,O
4653,post_096,1,124,yok,TR,,O
4654,post_096,1,125,bu,TR,,O
4655,post_096,1,126,vesileyle,TR,,O
4656,post_096,1,127,belirteyim,TR,,O
4657,post_096,1,128,slippery,EN,,O
4658,post_096,1,129,slope,EN,,O
4659,post_096,1,130,bir,TR,,O
4660,post_096,1,131,mantık,TR,,O
4661,post_096,1,132,hatası,TR,,O
4662,post_096,1,133,değildir,TR,,O
4663,post_096,1,134,twitch,NE,,B-PROD
4664,post_096,1,135,örneğinde,TR,,O
4665,post_096,1,136,de,TR,,O
4666,post_096,1,137,görüleceği,TR,,O
4667,post_096,1,138,üzere,TR,,O
4668,post_096,1,139,kurallar,TR,,O
4669,post_096,1,140,dahilinde,TR,,O
4670,post_096,1,141,beterin,TR,,O
4671,post_096,1,142,beterini,TR,,O
4672,post_096,1,143,yapıyorlar,TR,,O
4673,post_096,1,144,hergün,TR,,O
4674,post_096,1,145,onlarca,TR,,O
4675,post_096,1,146,yayıncı,TR,,O
4676,post_096,1,147,kurallarda,TR,,O
4677,post_096,1,148,gri,TR,,O
4678,post_096,1,149,bölge,TR,,O
4679,post_096,1,150,bularak,TR,,O
4680,post_096,1,151,kuralları,TR,,O
4681,post_096,1,152,delme,TR,,O
4682,post_096,1,153,teşebbüsünde,TR,,O
4683,post_096,1,154,bulunuyor,TR,,O
4684,post_096,1,155,mesela,TR,,O
4685,post_096,1,156,birkaç,TR,,O
4686,post_096,1,157,gün,TR,,O
4687,post_096,1,158,önce,TR,,O
4688,post_096,1,159,jahrein'in,NE,MIXED,B-PER
4689,post_096,1,160,bir,TR,,O
4690,post_096,1,161,videosunda,TR,,O
4691,post_096,1,162,yayında,TR,,O
4692,post_096,1,163,donumun,TR,,O
4693,post_096,1,164,ucu,TR,,O
4694,post_096,1,165,gözüktü,TR,,O
4695,post_096,1,166,diye,TR,,O
4696,post_096,1,167,banlandım,TR,,O
4697,post_096,1,168,dediğini,TR,,O
4698,post_096,1,169,duydum,TR,,O
4699,post_096,1,170,hâlihazırda,TR,,O
4700,post_096,1,171,varlığı,TR,,O
4701,post_096,1,172,ile,TR,,O
4702,post_096,1,173,yokluğu,TR,,O
4703,post_096,1,174,arasında,TR,,O
4704,post_096,1,175,pek,TR,,O
4705,post_096,1,176,bir,TR,,O
4706,post_096,1,177,fark,TR,,O
4707,post_096,1,178,olmayan,TR,,O
4708,post_096,1,179,bikinilerle,TR,,O
4709,post_096,1,180,yayın,TR,,O
4710,post_096,1,181,yapmak,TR,,O
4711,post_096,1,182,mümkün,TR,,O
4712,post_096,1,183,çünkü,TR,,O
4713,post_096,1,184,havuz,TR,,O
4714,post_096,1,185,ve,TR,,O
4715,post_096,1,186,sahil,TR,,O
4716,post_096,1,187,ortamında,TR,,O
4717,post_096,1,188,ortama,TR,,O
4718,post_096,1,189,uygun,TR,,O
4719,post_096,1,190,olduğu,TR,,O
4720,post_096,1,191,için,TR,,O
4721,post_096,1,192,yasak,TR,,O
4722,post_096,1,193,değil,TR,,O
4723,post_096,1,194,jahrein,NE,,B-PER
4724,post_096,1,195,de,TR,,O
4725,post_096,1,196,evinin,TR,,O
4726,post_096,1,197,ortasına,TR,,O
4727,post_096,1,198,masa,TR,,O
4728,post_096,1,199,büyüklüğünde,TR,,O
4729,post_096,1,200,şişme,TR,,O
4730,post_096,1,201,bir,TR,,O
4731,post_096,1,202,havuz,TR,,O
4732,post_096,1,203,koysa,TR,,O
4733,post_096,1,204,o,TR,,O
4734,post_096,1,205,da,TR,,O
4735,post_096,1,206,don,TR,,O
4736,post_096,1,207,veya,TR,,O
4737,post_096,1,208,bir,TR,,O
4738,post_096,1,209,donun,TR,,O
4739,post_096,1,210,%10'una,TR,,O
4740,post_096,1,211,tekabül,TR,,O
4741,post_096,1,212,eden,TR,,O
4742,post_096,1,213,bikini,EN,,O
4743,post_096,1,214,ile,TR,,O
4744,post_096,1,215,oturup,TR,,O
4745,post_096,1,216,yayın,TR,,O
4746,post_096,1,217,yapabilir,TR,,O
4747,post_097,1,0,browser,EN,,O
4748,post_097,1,1,extension,EN,,O
4749,post_097,1,2,ile,TR,,O
4750,post_097,1,3,google,NE,,B-PROD
4751,post_097,1,4,search,NE,,I-PROD
4752,post_097,1,5,yanında,TR,,O
4753,post_097,1,6,laflasin,TR,,O
4754,post_097,1,7,derseniz,TR,,O
4755,post_097,1,8,github,NE,,B-ORG
4756,post_097,1,9,ya,TR,,O
4757,post_097,1,10,da,TR,,O
4758,post_097,1,11,web,EN,,O
4759,post_097,1,12,store'dan,MIXED,MIXED,O
4760,post_097,1,13,uygun,TR,,O
4761,post_097,1,14,bisiler,TR,,O
4762,post_097,1,15,bulabileceğiniz,TR,,O
4763,post_097,1,16,son,TR,,O
4764,post_097,1,17,teknoloji,TR,,O
4765,post_097,1,18,heyecanımız,TR,,O
4766,post_097,1,19,canımız,TR,,O
4767,post_097,1,20,yardimcimiz,TR,,O
4768,post_097,1,21,yapay,TR,,O
4769,post_097,1,22,zekamiz,TR,,O
4770,post_097,1,23,adam,TR,,O
4771,post_097,1,24,boşuna,TR,,O
4772,post_097,1,25,demedi,TR,,O
4773,post_097,1,26,bize,TR,,O
4774,post_097,1,27,ya,TR,,O
4775,post_097,1,28,cip,TR,,O
4776,post_097,1,29,takacagsiiz,TR,,O
4777,post_097,1,30,ya,TR,,O
4778,post_097,1,31,cip,TR,,O
4779,post_097,1,32,size,TR,,O
4780,post_097,1,33,takacagg,TR,,O
4781,post_097,1,34,neyse,TR,,O
4782,post_097,1,35,deniyoz,TR,,O
4783,post_097,1,36,oyniyoz,TR,,O
4784,post_097,1,37,belesken,TR,,O
4785,post_097,1,38,yakinda,TR,,O
4786,post_097,1,39,sen,TR,,O
4787,post_097,1,40,istiyor,TR,,O
4788,post_097,1,41,duja,TR,,O
4789,post_097,1,42,döneceğini,TR,,O
4790,post_097,1,43,goz,TR,,O
4791,post_097,1,44,yasartan,TR,,O
4792,post_097,1,45,operasyon,TR,,O
4793,post_097,1,46,maliyetleri,TR,,O
4794,post_097,1,47,bidi,TR,,O
4795,post_097,1,48,bidi,TR,,O
4796,post_097,1,49,diyerek,TR,,O
4797,post_097,1,50,kitlediler,TR,,O
4798,post_097,1,51,çoktan,TR,,O
4799,post_098,1,0,sayesinde,TR,,O
4800,post_098,1,1,amip,TR,,O
4801,post_098,1,2,gibi,TR,,O
4802,post_098,1,3,çoğalıyor,TR,,O
4803,post_098,1,4,headhunter,EN,,O
4804,post_098,1,5,executive,EN,,O
4805,post_098,1,6,search,EN,,O
4806,post_098,1,7,bıdı,TR,,O
4807,post_098,1,8,bıdı,TR,,O
4808,post_098,1,9,firmaları,TR,,O
4809,post_098,1,10,yakında,TR,,O
4810,post_098,1,11,emlakçılık,TR,,O
4811,post_098,1,12,kadar,TR,,O
4812,post_098,1,13,trend,EN,,O
4813,post_098,1,14,bir,TR,,O
4814,post_098,1,15,meslek,TR,,O
4815,post_098,1,16,haline,TR,,O
4816,post_098,1,17,gelecek,TR,,O
4817,post_098,1,18,bu,TR,,O
4818,post_098,1,19,işler,TR,,O
4819,post_098,1,20,aç,TR,,O
4820,post_098,1,21,bir,TR,,O
4821,post_098,1,22,linkedin,NE,,B-PROD
4822,post_098,1,23,premium,NE,,I-PROD
4823,post_098,1,24,hesabı,TR,,O
4824,post_098,1,25,alsana,TR,,O
4825,post_098,1,26,zibilyon,TR,,O
4826,post_098,1,27,tane,TR,,O
4827,post_098,1,28,aday,TR,,O
4828,post_098,1,29,cv'si,MIXED,MIXED,O
4829,post_098,1,30,mesaj,TR,,O
4830,post_098,1,31,kutusu,TR,,O
4831,post_098,1,32,bu,TR,,O
4832,post_098,1,33,iş,TR,,O
4833,post_098,1,34,fırsatı,TR,,O
4834,post_098,1,35,mesajlarından,TR,,O
4835,post_098,1,36,geçilmiyor,TR,,O
4836,post_099,1,0,follow,EN,,O
4837,post_099,1,1,bug'i,MIXED,MIXED,O
4838,post_099,1,2,yuzunden,TR,,O
4839,post_099,1,3,buyuk,TR,,O
4840,post_099,1,4,ihtimalle,TR,,O
4841,post_099,1,5,ufak,TR,,O
4842,post_099,1,6,bir,TR,,O
4843,post_099,1,7,rollback,EN,,O
4844,post_099,1,8,olayina,TR,,O
4845,post_099,1,9,girecek,TR,,O
4846,post_099,1,10,olan,TR,,O
4847,post_099,1,11,sitedir,TR,,O
4848,post_100,1,0,günümüzde,TR,,O
4849,post_100,1,1,sivil,TR,,O
4850,post_100,1,2,toplum,TR,,O
4851,post_100,1,3,kuruluşlarının,TR,,O
4852,post_100,1,4,üye,TR,,O
4853,post_100,1,5,kaybetmelerinin,TR,,O
4854,post_100,1,6,sebeplerinden,TR,,O
4855,post_100,1,7,biri,TR,,O
4856,post_100,1,8,gençlerin,TR,,O
4857,post_100,1,9,bir,TR,,O
4858,post_100,1,10,kısmı,TR,,O
4859,post_100,1,11,her,TR,,O
4860,post_100,1,12,zaman,TR,,O
4861,post_100,1,13,idealist,TR,,O
4862,post_100,1,14,ve,TR,,O
4863,post_100,1,15,"""dünyayı",TR,,O
4864,post_100,1,16,"değiştirme""",TR,,O
4865,post_100,1,17,meraklısı,TR,,O
4866,post_100,1,18,oldu,TR,,O
4867,post_100,1,19,günümüzde,TR,,O
4868,post_100,1,20,kadar,TR,,O
4869,post_100,1,21,bunun,TR,,O
4870,post_100,1,22,yolu,TR,,O
4871,post_100,1,23,stk'lardı,TR,,O
4872,post_100,1,24,fakat,TR,,O
4873,post_100,1,25,artık,TR,,O
4874,post_100,1,26,bir,TR,,O
4875,post_100,1,27,değişim,TR,,O
4876,post_100,1,28,yaratmanın,TR,,O
4877,post_100,1,29,yolu,TR,,O
4878,post_100,1,30,bir,TR,,O
4879,post_100,1,31,startup,EN,,O
4880,post_100,1,32,kurmak,TR,,O
4881,post_100,1,33,veya,TR,,O
4882,post_100,1,34,birine,TR,,O
4883,post_100,1,35,dahil,TR,,O
4884,post_100,1,36,olmak,TR,,O
4885,post_100,1,37,gibi,TR,,O
4886,post_100,1,38,görünüyor,TR,,O
4887,post_100,1,39,millennial'lar,MIXED,MIXED,O
4888,post_100,1,40,toplumsal,TR,,O
4889,post_100,1,41,iletişimi,TR,,O
4890,post_100,1,42,geliştirmek,TR,,O
4891,post_100,1,43,için,TR,,O
4892,post_100,1,44,bir,TR,,O
4893,post_100,1,45,stk'da,TR,,O
4894,post_100,1,46,ter,TR,,O
4895,post_100,1,47,dökmek,TR,,O
4896,post_100,1,48,yerine,TR,,O
4897,post_100,1,49,bir,TR,,O
4898,post_100,1,50,app,EN,,O
4899,post_100,1,51,yazmayı,TR,,O
4900,post_100,1,52,daha,TR,,O
4901,post_100,1,53,tercih,TR,,O
4902,post_100,1,54,edilebilir,TR,,O
4903,post_100,1,55,görüyorlar,TR,,O
4904,post_100,1,56,bu,TR,,O
4905,post_100,1,57,sebeple,TR,,O
4906,post_100,1,58,tüm,TR,,O
4907,post_100,1,59,dünyada,TR,,O
4908,post_100,1,60,stk'lar,TR,,O
4909,post_100,1,61,üye,TR,,O
4910,post_100,1,62,erozyonuna,TR,,O
4911,post_100,1,63,uğruyor,TR,,O
4912,post_101,1,0,yatirim,TR,,O
4913,post_101,1,1,tavsiyesidir,TR,,O
4914,post_101,1,2,liraya,TR,,O
4915,post_101,1,3,reklamsiz,TR,,O
4916,post_101,1,4,ve,TR,,O
4917,post_101,1,5,legal,EN,,O
4918,post_101,1,6,olarak,TR,,O
4919,post_101,1,7,bunca,TR,,O
4920,post_101,1,8,icerigi,TR,,O
4921,post_101,1,9,nereden,TR,,O
4922,post_101,1,10,bulacagiz,TR,,O
4923,post_101,1,11,baska,TR,,O
4924,post_101,1,12,bir,TR,,O
4925,post_101,1,13,suru,TR,,O
4926,post_101,1,14,problem,TR,,O
4927,post_101,1,15,var,TR,,O
4928,post_101,1,16,evet,TR,,O
4929,post_101,1,17,ama,TR,,O
4930,post_101,1,18,asiri,TR,,O
4931,post_101,1,19,derecede,TR,,O
4932,post_101,1,20,rahatsiz,TR,,O
4933,post_101,1,21,etmedi,TR,,O
4934,post_101,1,22,henuz,TR,,O
4935,post_101,1,23,beni,TR,,O
4936,post_101,1,24,this,NE,,B-TITLE
4937,post_101,1,25,is,NE,,I-TITLE
4938,post_101,1,26,us'in,NE,MIXED,I-TITLE
4939,post_101,1,27,sezonu,TR,,O
4940,post_101,1,28,var,TR,,O
4941,post_101,1,29,gorunuyor,TR,,O
4942,post_101,1,30,ama,TR,,O
4943,post_101,1,31,acilmiyor,TR,,O
4944,post_101,1,32,mesela,TR,,O
4945,post_102,1,0,çevremdeki,TR,,O
4946,post_102,1,1,herkes,TR,,O
4947,post_102,1,2,okuyor,TR,,O
4948,post_102,1,3,diye,TR,,O
4949,post_102,1,4,gelecek,TR,,O
4950,post_102,1,5,sene,TR,,O
4951,post_102,1,6,sınavına,TR,,O
4952,post_102,1,7,girip,TR,,O
4953,post_102,1,8,okuyacağım,TR,,O
4954,post_102,1,9,kurum,TR,,O
4955,post_102,1,10,motivasyonum,TR,,O
4956,post_102,1,11,yok,TR,,O
4957,post_102,1,12,ama,TR,,O
4958,post_102,1,13,böylesi,TR,,O
4959,post_102,1,14,daha,TR,,O
4960,post_102,1,15,iyi,TR,,O
4961,post_102,1,16,sanırım,TR,,O
4962,post_102,1,17,heyecan,TR,,O
4963,post_102,1,18,çocukluğumu,TR,,O
4964,post_102,1,19,ve,TR,,O
4965,post_102,1,20,gençliğimi,TR,,O
4966,post_102,1,21,"sınavlara,",TR,,O
4967,post_102,1,22,hayatımın,TR,,O
4968,post_102,1,23,geri,TR,,O
4969,post_102,1,24,kalanını,TR,,O
4970,post_102,1,25,da,TR,,O
4971,post_102,1,26,maaşa,TR,,O
4972,post_102,1,27,verip,TR,,O
4973,post_102,1,28,ölücem,TR,,O
4974,post_102,1,29,negzel,TR,,O
4975,post_102,1,30,fuck,EN,,O
4976,post_102,1,31,the,EN,,O
4977,post_102,1,32,system,EN,,O
4978,post_102,1,33,diye,TR,,O
4979,post_102,1,34,bi,TR,,O
4980,post_102,1,35,laf,TR,,O
4981,post_102,1,36,vardı,TR,,O
4982,post_102,1,37,değil,TR,,O
4983,post_102,1,38,mi,TR,,O
4984,post_103,1,0,su,TR,,O
4985,post_103,1,1,an,TR,,O
4986,post_103,1,2,icin,TR,,O
4987,post_103,1,3,"""we",EN,,O
4988,post_103,1,4,are,EN,,O
4989,post_103,1,5,currently,EN,,O
4990,post_103,1,6,performing,EN,,O
4991,post_103,1,7,site,EN,,O
4992,post_103,1,8,maintenance,EN,,O
4993,post_103,1,9,be,EN,,O
4994,post_103,1,10,cool,EN,,O
4995,post_103,1,11,we'll,EN,,O
4996,post_103,1,12,be,EN,,O
4997,post_103,1,13,back,EN,,O
4998,post_103,1,14,in,EN,,O
4999,post_103,1,15,a,EN,,O
5000,post_103,1,16,"bit.""",EN,,O
5001,post_103,1,17,diyen,TR,,O
5002,post_103,1,18,site,TR,,O
5003,post_104,1,0,sosyal,TR,,O
5004,post_104,1,1,medyada,TR,,O
5005,post_104,1,2,gördüğünüz,TR,,O
5006,post_104,1,3,o,TR,,O
5007,post_104,1,4,steroidli,TR,,O
5008,post_104,1,5,kocaman,TR,,O
5009,post_104,1,6,kişilere,TR,,O
5010,post_104,1,7,inanmayin,TR,,O
5011,post_104,1,8,bugün,TR,,O
5012,post_104,1,9,sosyal,TR,,O
5013,post_104,1,10,medyada,TR,,O
5014,post_104,1,11,begendiginiz,TR,,O
5015,post_104,1,12,spor,TR,,O
5016,post_104,1,13,hocasiyim,TR,,O
5017,post_104,1,14,diyen,TR,,O
5018,post_104,1,15,"kişiler,",TR,,O
5019,post_104,1,16,antrenmanlarda,TR,,O
5020,post_104,1,17,kac,TR,,O
5021,post_104,1,18,kilogram,TR,,O
5022,post_104,1,19,kaldiriyor,TR,,O
5023,post_104,1,20,ona,TR,,O
5024,post_104,1,21,bakin,TR,,O
5025,post_104,1,22,steroid,TR,,O
5026,post_104,1,23,hayatinizi,TR,,O
5027,post_104,1,24,ve,TR,,O
5028,post_104,1,25,vucudunuzu,TR,,O
5029,post_104,1,26,"mahveder,",TR,,O
5030,post_104,1,27,spor,TR,,O
5031,post_104,1,28,icin,TR,,O
5032,post_104,1,29,kendinize,TR,,O
5033,post_104,1,30,sene,TR,,O
5034,post_104,1,31,zaman,TR,,O
5035,post_104,1,32,"taniyin,",TR,,O
5036,post_104,1,33,sonra,TR,,O
5037,post_104,1,34,ufak,TR,,O
5038,post_104,1,35,ufak,TR,,O
5039,post_104,1,36,"baslayin,",TR,,O
5040,post_104,1,37,gerisi,TR,,O
5041,post_104,1,38,gelir,TR,,O
5042,post_104,1,39,bir,TR,,O
5043,post_104,1,40,de,TR,,O
5044,post_104,1,41,kendimce,TR,,O
5045,post_104,1,42,öneri,TR,,O
5046,post_104,1,43,"push,",EN,,O
5047,post_104,1,44,"pull,",EN,,O
5048,post_104,1,45,"core,",EN,,O
5049,post_104,1,46,"off,",EN,,O
5050,post_104,1,47,"push,",EN,,O
5051,post_104,1,48,pull,EN,,O
5052,post_104,1,49,legs,EN,,O
5053,post_104,1,50,core,EN,,O
5054,post_104,1,51,off,EN,,O
5055,post_104,1,52,şeklinde,TR,,O
5056,post_104,1,53,günlük,TR,,O
5057,post_104,1,54,planlama,TR,,O
5058,post_104,1,55,yapin,TR,,O
5059,post_104,1,56,girin,TR,,O
5060,post_104,1,57,chatgpt,NE,,B-PROD
5061,post_104,1,58,ye,TR,,O
5062,post_104,1,59,durumunuzu,TR,,O
5063,post_104,1,60,anlatin,TR,,O
5064,post_104,1,61,yaş,TR,,O
5065,post_104,1,62,boy,TR,,O
5066,post_104,1,63,kilo,TR,,O
5067,post_104,1,64,ve,TR,,O
5068,post_104,1,65,günlük,TR,,O
5069,post_104,1,66,bu,TR,,O
5070,post_104,1,67,programa,TR,,O
5071,post_104,1,68,uygun,TR,,O
5072,post_104,1,69,bir,TR,,O
5073,post_104,1,70,plan,TR,,O
5074,post_104,1,71,isteyin,TR,,O
5075,post_104,1,72,ve,TR,,O
5076,post_104,1,73,uygulayin,TR,,O
5077,post_104,1,74,güne,TR,,O
5078,post_104,1,75,kendinizi,TR,,O
5079,post_104,1,76,sıkmayın,TR,,O
5080,post_104,1,77,gerektiginde,TR,,O
5081,post_104,1,78,off,EN,,O
5082,post_104,1,79,günlerin,TR,,O
5083,post_104,1,80,sayisini,TR,,O
5084,post_104,1,81,artırın,TR,,O
5085,post_104,1,82,ve,TR,,O
5086,post_104,1,83,sabırlı,TR,,O
5087,post_104,1,84,"olun,",TR,,O
5088,post_104,1,85,ayrıca,TR,,O
5089,post_104,1,86,chatgpt,NE,,B-PROD
5090,post_104,1,87,den,TR,,O
5091,post_104,1,88,bu,TR,,O
5092,post_104,1,89,planı,TR,,O
5093,post_104,1,90,"aldiginizda,",TR,,O
5094,post_104,1,91,bu,TR,,O
5095,post_104,1,92,plana,TR,,O
5096,post_104,1,93,uygun,TR,,O
5097,post_104,1,94,takviye,TR,,O
5098,post_104,1,95,planını,TR,,O
5099,post_104,1,96,da,TR,,O
5100,post_104,1,97,"isteyin,",TR,,O
5101,post_104,1,98,ayda,TR,,O
5102,post_104,1,99,cok,TR,,O
5103,post_104,1,100,iyi,TR,,O
5104,post_104,1,101,bir,TR,,O
5105,post_104,1,102,hale,TR,,O
5106,post_104,1,103,gelirsiniz,TR,,O
5107,post_104,1,104,hareketlerin,TR,,O
5108,post_104,1,105,videolarını,TR,,O
5109,post_104,1,106,youtube,NE,,B-PROD
5110,post_104,1,107,dan,TR,,O
5111,post_104,1,108,izleyin,TR,,O
5112,post_104,1,109,ve,TR,,O
5113,post_104,1,110,"yapin,",TR,,O
5114,post_104,1,111,kendi,TR,,O
5115,post_104,1,112,kendinizin,TR,,O
5116,post_104,1,113,hocasi,TR,,O
5117,post_104,1,114,olmadan,TR,,O
5118,post_104,1,115,bu,TR,,O
5119,post_104,1,116,işte,TR,,O
5120,post_104,1,117,gelişim,TR,,O
5121,post_104,1,118,yok,TR,,O
5122,post_105,1,0,connecting,EN,,O
5123,post_105,1,1,people,EN,,O
5124,post_105,1,2,sloganını,TR,,O
5125,post_105,1,3,derhal,TR,,O
5126,post_105,1,4,nokiadan,TR,,O
5127,post_105,1,5,alması,TR,,O
5128,post_105,1,6,gereken,TR,,O
5129,post_105,1,7,site,TR,,O
5130,post_106,1,0,my,EN,,O
5131,post_106,1,1,name,EN,,O
5132,post_106,1,2,is,EN,,O
5133,post_106,1,3,earl,EN,,O
5134,post_106,1,4,de,TR,,O
5135,post_106,1,5,gelse,TR,,O
5136,post_106,1,6,bir,TR,,O
5137,post_106,1,7,email,TR,,O
5138,post_106,1,8,daha,TR,,O
5139,post_106,1,9,alıp,TR,,O
5140,post_106,1,10,ikinci,TR,,O
5141,post_106,1,11,üyeliğimi,TR,,O
5142,post_106,1,12,başlatırım,TR,,O
5143,post_107,1,0,son,TR,,O
5144,post_107,1,1,moda,TR,,O
5145,post_107,1,2,keriz,TR,,O
5146,post_107,1,3,silkeleme,TR,,O
5147,post_107,1,4,balonudur,TR,,O
5148,post_107,1,5,(bkz:,TR,,O
5149,post_107,1,6,pyramid,EN,,O
5150,post_107,1,7,scheme),EN,,O
5151,post_107,1,8,south,NE,,B-TITLE
5152,post_107,1,9,park'ta,NE,MIXED,I-TITLE
5153,post_107,1,10,da,TR,,O
5154,post_107,1,11,covid,EN,,O
5155,post_107,1,12,özel,TR,,O
5156,post_107,1,13,bölümde,TR,,O
5157,post_107,1,14,güzel,TR,,O
5158,post_107,1,15,taşak,TR,,O
5159,post_107,1,16,geçmişler,TR,,O
5160,post_107,1,17,bunlarla,TR,,O
5161,post_108,1,0,herşeyde,TR,,O
5162,post_108,1,1,olduğu,TR,,O
5163,post_108,1,2,gibi,TR,,O
5164,post_108,1,3,fırsat,TR,,O
5165,post_108,1,4,yakalamak,TR,,O
5166,post_108,1,5,önemli,TR,,O
5167,post_108,1,6,çok,TR,,O
5168,post_108,1,7,doğru,TR,,O
5169,post_108,1,8,şekilde,TR,,O
5170,post_108,1,9,ufak,TR,,O
5171,post_108,1,10,blog,TR,,O
5172,post_108,1,11,yazıları,TR,,O
5173,post_108,1,12,turetebiliyor,TR,,O
5174,post_108,1,13,chatgpt,NE,,B-PROD
5175,post_108,1,14,blogger,EN,,O
5176,post_109,1,0,türk,TR,,O
5177,post_109,1,1,nefretinin,TR,,O
5178,post_109,1,2,bir,TR,,O
5179,post_109,1,3,hayli,TR,,O
5180,post_109,1,4,arttığı,TR,,O
5181,post_109,1,5,ve,TR,,O
5182,post_109,1,6,gerçekleri,TR,,O
5183,post_109,1,7,yazdığınızda,TR,,O
5184,post_109,1,8,seri,TR,,O
5185,post_109,1,9,şekilde,TR,,O
5186,post_109,1,10,eksilendiğiniz,TR,,O
5187,post_109,1,11,sosyal,TR,,O
5188,post_109,1,12,medya,TR,,O
5189,post_109,1,13,sitesi,TR,,O
5190,post_109,1,14,bu,TR,,O
5191,post_109,1,15,mecrada,TR,,O
5192,post_109,1,16,ülkesini,TR,,O
5193,post_109,1,17,ve,TR,,O
5194,post_109,1,18,doğrularını,TR,,O
5195,post_109,1,19,savunan,TR,,O
5196,post_109,1,20,birçok,TR,,O
5197,post_109,1,21,türk,NE,,B-OTHER
5198,post_109,1,22,var,TR,,O
5199,post_109,1,23,ancak,TR,,O
5200,post_109,1,24,o,TR,,O
5201,post_109,1,25,kadar,TR,,O
5202,post_109,1,26,azız,TR,,O
5203,post_109,1,27,ki,TR,,O
5204,post_109,1,28,post,EN,,O
5205,post_109,1,29,atar,TR,,O
5206,post_109,1,30,atmaz,TR,,O
5207,post_109,1,31,eksileniyoruz,TR,,O
5208,post_109,1,32,ve,TR,,O
5209,post_109,1,33,yorumumuz,TR,,O
5210,post_109,1,34,gözükmüyor,TR,,O
5211,post_109,1,35,sadece,TR,,O
5212,post_109,1,36,turkey'de,NE,MIXED,B-LOC
5213,post_109,1,37,yazdıklarımız,TR,,O
5214,post_109,1,38,ile,TR,,O
5215,post_109,1,39,ulaşılması,TR,,O
5216,post_109,1,40,gereken,TR,,O
5217,post_109,1,41,kitleye,TR,,O
5218,post_109,1,42,ulaşamıyoruz,TR,,O
5219,post_109,1,43,belki,TR,,O
5220,post_109,1,44,bir,TR,,O
5221,post_109,1,45,telegram,NE,,B-PROD
5222,post_109,1,46,grubu,TR,,O
5223,post_109,1,47,ile,TR,,O
5224,post_109,1,48,gerekli,TR,,O
5225,post_109,1,49,görülen,TR,,O
5226,post_109,1,50,postların,TR,,O
5227,post_109,1,51,altında,TR,,O
5228,post_109,1,52,ve,TR,,O
5229,post_109,1,53,gerekli,TR,,O
5230,post_109,1,54,subredditlerde,MIXED,MIXED,O
5231,post_109,1,55,organize,TR,,O
5232,post_109,1,56,şekilde,TR,,O
5233,post_109,1,57,hareket,TR,,O
5234,post_109,1,58,ederek,TR,,O
5235,post_109,1,59,gerçekleri,TR,,O
5236,post_109,1,60,"anlatıp,",TR,,O
5237,post_109,1,61,batı'nın,TR,,O
5238,post_109,1,62,propagandasını,TR,,O
5239,post_109,1,63,kırabiliriz,TR,,O
5240,post_109,1,64,yurtdışına,TR,,O
5241,post_109,1,65,çıktığımda,TR,,O
5242,post_109,1,66,gerizekalı,TR,,O
5243,post_109,1,67,bir,TR,,O
5244,post_109,1,68,avrupalının,TR,,O
5245,post_109,1,69,ama,TR,,O
5246,post_109,1,70,siz,TR,,O
5247,post_109,1,71,kürtleri,TR,,O
5248,post_109,1,72,öldürüyorsunuz,TR,,O
5249,post_109,1,73,rererö,TR,,O
5250,post_109,1,74,şeklinde,TR,,O
5251,post_109,1,75,konuşmasını,TR,,O
5252,post_109,1,76,istemiyorum,TR,,O
5253,post_109,1,77,sosyal,TR,,O
5254,post_109,1,78,"medya,",TR,,O
5255,post_109,1,79,haber,TR,,O
5256,post_109,1,80,medyasından,TR,,O
5257,post_109,1,81,daha,TR,,O
5258,post_109,1,82,güçlü,TR,,O
5259,post_109,1,83,o,TR,,O
5260,post_109,1,84,yüzden,TR,,O
5261,post_109,1,85,bu,TR,,O
5262,post_109,1,86,tarz,TR,,O
5263,post_109,1,87,yerlerde,TR,,O
5264,post_109,1,88,ülkemizi,TR,,O
5265,post_109,1,89,savunmamız,TR,,O
5266,post_109,1,90,bir,TR,,O
5267,post_109,1,91,o,TR,,O
5268,post_109,1,92,kadar,TR,,O
5269,post_109,1,93,önemli,TR,,O
5270,post_110,1,0,neden,TR,,O
5271,post_110,1,1,minecraft,NE,,B-PROD
5272,post_110,1,2,bu,TR,,O
5273,post_110,1,3,"entry,",EN,,O
5274,post_110,1,4,bu,TR,,O
5275,post_110,1,5,oyunu,TR,,O
5276,post_110,1,6,duymuş,TR,,O
5277,post_110,1,7,"olan,",TR,,O
5278,post_110,1,8,merak,TR,,O
5279,post_110,1,9,"eden,",TR,,O
5280,post_110,1,10,özellikle,TR,,O
5281,post_110,1,11,de,TR,,O
5282,post_110,1,12,"""ya",TR,,O
5283,post_110,1,13,bu,TR,,O
5284,post_110,1,14,oyun,TR,,O
5285,post_110,1,15,ne,TR,,O
5286,post_110,1,16,ki,TR,,O
5287,post_110,1,17,ne,TR,,O
5288,post_110,1,18,biçim,TR,,O
5289,post_110,1,19,grafikler,TR,,O
5290,post_110,1,20,olayı,TR,,O
5291,post_110,1,21,ne,TR,,O
5292,post_110,1,22,neden,TR,,O
5293,post_110,1,23,bu,TR,,O
5294,post_110,1,24,kadar,TR,,O
5295,post_110,1,25,"popüler?""",TR,,O
5296,post_110,1,26,diye,TR,,O
5297,post_110,1,27,düşünen,TR,,O
5298,post_110,1,28,büyük,TR,,O
5299,post_110,1,29,kitle,TR,,O
5300,post_110,1,30,için,TR,,O
5301,post_110,1,31,uzun,TR,,O
5302,post_110,1,32,süre,TR,,O
5303,post_110,1,33,dayandıktan,TR,,O
5304,post_110,1,34,"sonra,",TR,,O
5305,post_110,1,35,merakıma,TR,,O
5306,post_110,1,36,yenilip,TR,,O
5307,post_110,1,37,ben,TR,,O
5308,post_110,1,38,de,TR,,O
5309,post_110,1,39,başladım,TR,,O
5310,post_110,1,40,bu,TR,,O
5311,post_110,1,41,oyuna,TR,,O
5312,post_110,1,42,ilk,TR,,O
5313,post_110,1,43,başta,TR,,O
5314,post_110,1,44,grafiklerin,TR,,O
5315,post_110,1,45,getirdiği,TR,,O
5316,post_110,1,46,"önyargı,",TR,,O
5317,post_110,1,47,oyunun,TR,,O
5318,post_110,1,48,oynanabilirliği,TR,,O
5319,post_110,1,49,ve,TR,,O
5320,post_110,1,50,merakla,TR,,O
5321,post_110,1,51,kolayca,TR,,O
5322,post_110,1,52,yenilebiliyor,TR,,O
5323,post_110,1,53,önce,TR,,O
5324,post_110,1,54,ağaç,TR,,O
5325,post_110,1,55,yumruklayıp,TR,,O
5326,post_110,1,56,odun,TR,,O
5327,post_110,1,57,elde,TR,,O
5328,post_110,1,58,etmekle,TR,,O
5329,post_110,1,59,"başlayan,",TR,,O
5330,post_110,1,60,sonra,TR,,O
5331,post_110,1,61,panik,TR,,O
5332,post_110,1,62,içinde,TR,,O
5333,post_110,1,63,akşam,TR,,O
5334,post_110,1,64,olacak,TR,,O
5335,post_110,1,65,korkusundan,TR,,O
5336,post_110,1,66,"kayalara,",TR,,O
5337,post_110,1,67,toplamış,TR,,O
5338,post_110,1,68,olduğunuz,TR,,O
5339,post_110,1,69,odunlarla,TR,,O
5340,post_110,1,70,yaptığınız,TR,,O
5341,post_110,1,71,kazmayla,TR,,O
5342,post_110,1,72,saldırmanızla,TR,,O
5343,post_110,1,73,devam,TR,,O
5344,post_110,1,74,ediyor,TR,,O
5345,post_110,1,75,neden,TR,,O
5346,post_110,1,76,mi,TR,,O
5347,post_110,1,77,panik,TR,,O
5348,post_110,1,78,akşam,TR,,O
5349,post_110,1,79,olunca,TR,,O
5350,post_110,1,80,ortaya,TR,,O
5351,post_110,1,81,çıkan,TR,,O
5352,post_110,1,82,bilimum,TR,,O
5353,post_110,1,83,yaratıktan,TR,,O
5354,post_110,1,84,"zombiler,",TR,,O
5355,post_110,1,85,"iskeletler,",TR,,O
5356,post_110,1,86,zıplayan,TR,,O
5357,post_110,1,87,örümcekler,TR,,O
5358,post_110,1,88,vs,TR,,O
5359,post_110,1,89,korunmanız,TR,,O
5360,post_110,1,90,"gerekiyor,",TR,,O
5361,post_110,1,91,en,TR,,O
5362,post_110,1,92,azından,TR,,O
5363,post_110,1,93,oyunun,TR,,O
5364,post_110,1,94,başında,TR,,O
5365,post_110,1,95,oyunun,TR,,O
5366,post_110,1,96,konsepti,TR,,O
5367,post_110,1,97,aslında,TR,,O
5368,post_110,1,98,çok,TR,,O
5369,post_110,1,99,basit,TR,,O
5370,post_110,1,100,çok,TR,,O
5371,post_110,1,101,sade,TR,,O
5372,post_110,1,102,çekiciğinin,TR,,O
5373,post_110,1,103,büyük,TR,,O
5374,post_110,1,104,kısmı,TR,,O
5375,post_110,1,105,da,TR,,O
5376,post_110,1,106,buradan,TR,,O
5377,post_110,1,107,geliyor,TR,,O
5378,post_110,1,108,zaten,TR,,O
5379,post_110,1,109,hem,TR,,O
5380,post_110,1,110,bu,TR,,O
5381,post_110,1,111,kadar,TR,,O
5382,post_110,1,112,sade,TR,,O
5383,post_110,1,113,olup,TR,,O
5384,post_110,1,114,hem,TR,,O
5385,post_110,1,115,de,TR,,O
5386,post_110,1,116,yaratıcılığa,TR,,O
5387,post_110,1,117,sonsuz,TR,,O
5388,post_110,1,118,fırsat,TR,,O
5389,post_110,1,119,tanıması,TR,,O
5390,post_110,1,120,etraftan,TR,,O
5391,post_110,1,121,malzeme,TR,,O
5392,post_110,1,122,toplayıp,TR,,O
5393,post_110,1,123,kaya,TR,,O
5394,post_110,1,124,odun,TR,,O
5395,post_110,1,125,kömür,TR,,O
5396,post_110,1,126,su,TR,,O
5397,post_110,1,127,lav,TR,,O
5398,post_110,1,128,kum,TR,,O
5399,post_110,1,129,vs,TR,,O
5400,post_110,1,130,bunlarla,TR,,O
5401,post_110,1,131,farklı,TR,,O
5402,post_110,1,132,eşyalar,TR,,O
5403,post_110,1,133,aletler,TR,,O
5404,post_110,1,134,ve,TR,,O
5405,post_110,1,135,bilimum,TR,,O
5406,post_110,1,136,şeyler,TR,,O
5407,post_110,1,137,yapıyorsunuz,TR,,O
5408,post_110,1,138,uğur,NE,,B-PER
5409,post_110,1,139,gürsoy'un,NE,MIXED,I-PER
5410,post_110,1,140,fırat,NE,,B-PER
5411,post_110,1,141,karakteri,TR,,O
5412,post_110,1,142,gibi,TR,,O
5413,post_110,1,143,ne,TR,,O
5414,post_110,1,144,bulsanız,TR,,O
5415,post_110,1,145,"""bununla",TR,,O
5416,post_110,1,146,bişi,TR,,O
5417,post_110,1,147,yaparım,TR,,O
5418,post_110,1,148,ki,TR,,O
5419,post_110,1,149,"ben!""",TR,,O
5420,post_110,1,150,diye,TR,,O
5421,post_110,1,151,saklayıp,TR,,O
5422,post_110,1,152,hakkaten,TR,,O
5423,post_110,1,153,de,TR,,O
5424,post_110,1,154,bir,TR,,O
5425,post_110,1,155,şeyler,TR,,O
5426,post_110,1,156,yapıyorsunuz,TR,,O
5427,post_110,1,157,kısa,TR,,O
5428,post_110,1,158,bir,TR,,O
5429,post_110,1,159,youtube,NE,,B-PROD
5430,post_110,1,160,araştırmasından,TR,,O
5431,post_110,1,161,sonra,TR,,O
5432,post_110,1,162,insanların,TR,,O
5433,post_110,1,163,ne,TR,,O
5434,post_110,1,164,kadar,TR,,O
5435,post_110,1,165,yaratıcı,TR,,O
5436,post_110,1,166,olabileceğini,TR,,O
5437,post_110,1,167,neler,TR,,O
5438,post_110,1,168,yaptığını,TR,,O
5439,post_110,1,169,görüp,TR,,O
5440,post_110,1,170,özenip,TR,,O
5441,post_110,1,171,gaza,TR,,O
5442,post_110,1,172,gelebilirsiniz,TR,,O
5443,post_110,1,173,ya,TR,,O
5444,post_110,1,174,da,TR,,O
5445,post_110,1,175,"""bunlar",TR,,O
5446,post_110,1,176,kafayı,TR,,O
5447,post_110,1,177,çizmişler,TR,,O
5448,post_110,1,178,abi,TR,,O
5449,post_110,1,179,işim,TR,,O
5450,post_110,1,180,"olmaz""",TR,,O
5451,post_110,1,181,deyip,TR,,O
5452,post_110,1,182,oyunda,TR,,O
5453,post_110,1,183,usulca,TR,,O
5454,post_110,1,184,ağaç,TR,,O
5455,post_110,1,185,yumruklamaya,TR,,O
5456,post_110,1,186,devam,TR,,O
5457,post_110,1,187,edebilirsiniz,TR,,O
5458,post_110,1,188,özetle,TR,,O
5459,post_110,1,189,eski,TR,,O
5460,post_110,1,190,stil,TR,,O
5461,post_110,1,191,adventure,EN,,O
5462,post_110,1,192,oyunlarının,TR,,O
5463,post_110,1,193,her,TR,,O
5464,post_110,1,194,yerden,TR,,O
5465,post_110,1,195,bir,TR,,O
5466,post_110,1,196,şeyler,TR,,O
5467,post_110,1,197,toplama,TR,,O
5468,post_110,1,198,ve,TR,,O
5469,post_110,1,199,sonrasında,TR,,O
5470,post_110,1,200,bunları,TR,,O
5471,post_110,1,201,kullanma,TR,,O
5472,post_110,1,202,"özelliği,",TR,,O
5473,post_110,1,203,"3d,",EN,,O
5474,post_110,1,204,rastgele,TR,,O
5475,post_110,1,205,yaratılan,TR,,O
5476,post_110,1,206,ve,TR,,O
5477,post_110,1,207,kendini,TR,,O
5478,post_110,1,208,sürekli,TR,,O
5479,post_110,1,209,güncelleyen,TR,,O
5480,post_110,1,210,ortamda,TR,,O
5481,post_110,1,211,dolaşmanın,TR,,O
5482,post_110,1,212,keyfine,TR,,O
5483,post_110,1,213,bir,TR,,O
5484,post_110,1,214,de,TR,,O
5485,post_110,1,215,multiplayer,EN,,O
5486,post_110,1,216,özelliği,TR,,O
5487,post_110,1,217,"eklenince,",TR,,O
5488,post_110,1,218,gayet,TR,,O
5489,post_110,1,219,keyifli,TR,,O
5490,post_110,1,220,bir,TR,,O
5491,post_110,1,221,oyun,TR,,O
5492,post_110,1,222,olmuş,TR,,O
5493,post_110,1,223,durumunda,TR,,O
5494,post_110,1,224,her,TR,,O
5495,post_110,1,225,cuma,TR,,O
5496,post_110,1,226,güncellenen,TR,,O
5497,post_110,1,227,bu,TR,,O
5498,post_110,1,228,oyunun,TR,,O
5499,post_110,1,229,yaratıcısını,TR,,O
5500,post_110,1,230,takip,TR,,O
5501,post_110,1,231,etmek,TR,,O
5502,post_110,1,232,isterseniz,TR,,O
5503,post_110,1,233,(neler,TR,,O
5504,post_110,1,234,yapıldığını,TR,,O
5505,post_110,1,235,veya,TR,,O
5506,post_110,1,236,yapılacağını,TR,,O
5507,post_110,1,237,takip,TR,,O
5508,post_110,1,238,etmek,TR,,O
5509,post_110,1,239,için,TR,,O
5510,post_110,1,240,de,TR,,O
5511,post_110,1,241,güzel,TR,,O
5512,post_110,1,242,bir,TR,,O
5513,post_110,1,243,kaynak),TR,,O
5514,post_110,1,244,markus,NE,,B-PER
5515,post_110,1,245,persson'un,NE,MIXED,I-PER
5516,post_110,1,246,twitter'ına,NE,MIXED,B-PROD
5517,post_110,1,247,sizi,TR,,O
5518,post_110,1,248,yönlendirebilirim:,TR,,O
5519,post_110,1,249,oyunu,TR,,O
5520,post_110,1,250,satın,TR,,O
5521,post_110,1,251,almadan,TR,,O
5522,post_110,1,252,oyunla,TR,,O
5523,post_110,1,253,ilgili,TR,,O
5524,post_110,1,254,fikir,TR,,O
5525,post_110,1,255,edinmek,TR,,O
5526,post_110,1,256,için,TR,,O
5527,post_110,1,257,de,TR,,O
5528,post_110,1,258,parasız,TR,,O
5529,post_110,1,259,ama,TR,,O
5530,post_110,1,260,güncellenmeyen),TR,,O
5531,post_110,1,261,klasik,TR,,O
5532,post_110,1,262,versiyonunu,TR,,O
5533,post_110,1,263,"oynayabileceğiniz,",TR,,O
5534,post_110,1,264,isterseniz,TR,,O
5535,post_110,1,265,de,TR,,O
5536,post_110,1,266,satın,TR,,O
5537,post_110,1,267,alabileceğiniz,TR,,O
5538,post_110,1,268,adres,TR,,O
5539,post_110,1,269,ve,TR,,O
5540,post_110,1,270,"tabii,",TR,,O
5541,post_110,1,271,minecraft'in,TR,,O
5542,post_110,1,272,olmazsa,TR,,O
5543,post_110,1,273,olmazı,TR,,O
5544,post_110,1,274,minecraft,NE,,B-PROD
5545,post_110,1,275,wiki,TR,,O
5546,post_110,1,276,iyi,TR,,O
5547,post_110,1,277,oyunlar,TR,,O
5548,post_111,1,0,türkiye'de,TR,,O
5549,post_111,1,1,giderek,TR,,O
5550,post_111,1,2,kullanımı,TR,,O
5551,post_111,1,3,artan,TR,,O
5552,post_111,1,4,gibi,TR,,O
5553,post_111,1,5,bir,TR,,O
5554,post_111,1,6,cv,TR,,O
5555,post_111,1,7,çöplüğüne,TR,,O
5556,post_111,1,8,göre,TR,,O
5557,post_111,1,9,mükemmel,TR,,O
5558,post_111,1,10,site,TR,,O
5559,post_111,1,11,özellikle,TR,,O
5560,post_111,1,12,headhunter'lar,MIXED,MIXED,O
5561,post_111,1,13,çok,TR,,O
5562,post_111,1,14,kullanır,TR,,O
5563,post_111,1,15,iyice,TR,,O
5564,post_111,1,16,bir,TR,,O
5565,post_111,1,17,networkünüze,MIXED,MIXED,O
5566,post_111,1,18,bakarlar,TR,,O
5567,post_111,1,19,oradaki,TR,,O
5568,post_111,1,20,connection'larınızı,MIXED,MIXED,O
5569,post_111,1,21,incelerler,TR,,O
5570,post_111,1,22,falan,TR,,O
5571,post_111,1,23,sonunda,TR,,O
5572,post_111,1,24,da,TR,,O
5573,post_111,1,25,beğenirler,TR,,O
5574,post_111,1,26,ve,TR,,O
5575,post_111,1,27,size,TR,,O
5576,post_111,1,28,oltayı,TR,,O
5577,post_111,1,29,atarlar,TR,,O
5578,post_111,1,30,eğer,TR,,O
5579,post_111,1,31,gözleri,TR,,O
5580,post_111,1,32,tutarsa,TR,,O
5581,post_111,1,33,geçen,TR,,O
5582,post_111,1,34,ay,TR,,O
5583,post_111,1,35,bana,TR,,O
5584,post_111,1,36,denk,TR,,O
5585,post_111,1,37,geldi,TR,,O
5586,post_111,1,38,bir,TR,,O
5587,post_111,1,39,tanesi,TR,,O
5588,post_111,1,40,yurtdışına,TR,,O
5589,post_111,1,41,bir,TR,,O
5590,post_111,1,42,proje,TR,,O
5591,post_111,1,43,için,TR,,O
5592,post_111,1,44,ve,TR,,O
5593,post_111,1,45,gerçekten,TR,,O
5594,post_111,1,46,de,TR,,O
5595,post_111,1,47,çok,TR,,O
5596,post_111,1,48,iyi,TR,,O
5597,post_111,1,49,bir,TR,,O
5598,post_111,1,50,iş,TR,,O
5599,post_111,1,51,teklifi,TR,,O
5600,post_111,1,52,ile,TR,,O
5601,post_111,1,53,geldi,TR,,O
5602,post_111,1,54,bakalım,TR,,O
5603,post_111,1,55,nolacak,TR,,O
5604,post_112,1,0,şu,TR,,O
5605,post_112,1,1,an,TR,,O
5606,post_112,1,2,için,TR,,O
5607,post_112,1,3,ingilizce,NE,,B-OTHER
5608,post_112,1,4,türkçe,NE,,B-OTHER
5609,post_112,1,5,çeviri,TR,,O
5610,post_112,1,6,performansı,TR,,O
5611,post_112,1,7,google,NE,,B-PROD
5612,post_112,1,8,translate'in,NE,MIXED,I-PROD
5613,post_112,1,9,çıktığı,TR,,O
5614,post_112,1,10,ilk,TR,,O
5615,post_112,1,11,senede,TR,,O
5616,post_112,1,12,ortaya,TR,,O
5617,post_112,1,13,koyduğu,TR,,O
5618,post_112,1,14,performanstan,TR,,O
5619,post_112,1,15,daha,TR,,O
5620,post_112,1,16,kötü,TR,,O
5621,post_112,1,17,veya,TR,,O
5622,post_112,1,18,doğru,TR,,O
5623,post_112,1,19,düzgün,TR,,O
5624,post_112,1,20,çeviri,TR,,O
5625,post_112,1,21,yaptırmak,TR,,O
5626,post_112,1,22,için,TR,,O
5627,post_112,1,23,özel,TR,,O
5628,post_112,1,24,komutlar,TR,,O
5629,post_112,1,25,vermek,TR,,O
5630,post_112,1,26,gerekiyor,TR,,O
5631,post_112,1,27,bilemedim,TR,,O
5632,post_112,1,28,çeviri,TR,,O
5633,post_112,1,29,konusunda,TR,,O
5634,post_112,1,30,kesinlikle,TR,,O
5635,post_112,1,31,güvenmeyiniz,TR,,O
5636,post_112,1,32,çeviri,TR,,O
5637,post_112,1,33,bir,TR,,O
5638,post_112,1,34,yana,TR,,O
5639,post_112,1,35,genel,TR,,O
5640,post_112,1,36,olarak,TR,,O
5641,post_112,1,37,türkçesi,NE,,B-OTHER
5642,post_112,1,38,çok,TR,,O
5643,post_112,1,39,yetersiz,TR,,O
5644,post_112,1,40,düzeyde,TR,,O
5645,post_112,1,41,anlamadığı,TR,,O
5646,post_112,1,42,şeyi,TR,,O
5647,post_112,1,43,de,TR,,O
5648,post_112,1,44,anlamadım,TR,,O
5649,post_112,1,45,demiyor,TR,,O
5650,post_112,1,46,pek,TR,,O
5651,post_112,1,47,güzel,TR,,O
5652,post_112,1,48,sallıyor,TR,,O
5653,post_112,1,49,türkçe,NE,,B-OTHER
5654,post_112,1,50,ödev,TR,,O
5655,post_112,1,51,yazdırmaya,TR,,O
5656,post_112,1,52,filan,TR,,O
5657,post_112,1,53,kalkmayın,TR,,O
5658,post_112,1,54,dalga,TR,,O
5659,post_112,1,55,konusu,TR,,O
5660,post_112,1,56,olursunuz,TR,,O
5661,post_112,1,57,başkaları,TR,,O
5662,post_112,1,58,bazı,TR,,O
5663,post_112,1,59,örnekler,TR,,O
5664,post_112,1,60,vermiş,TR,,O
5665,post_112,1,61,ama,TR,,O
5666,post_112,1,62,verdikleri,TR,,O
5667,post_112,1,63,cümle,TR,,O
5668,post_112,1,64,örnekleri,TR,,O
5669,post_112,1,65,çok,TR,,O
5670,post_112,1,66,basit,TR,,O
5671,post_112,1,67,yapılar,TR,,O
5672,post_112,1,68,iki,TR,,O
5673,post_112,1,69,katmanlı,TR,,O
5674,post_112,1,70,bir,TR,,O
5675,post_112,1,71,cümle,TR,,O
5676,post_112,1,72,verdiğinizde,TR,,O
5677,post_112,1,73,doğrudan,TR,,O
5678,post_112,1,74,terimleri,TR,,O
5679,post_112,1,75,atmaya,TR,,O
5680,post_112,1,76,abuk,TR,,O
5681,post_112,1,77,subuk,TR,,O
5682,post_112,1,78,çeviriler,TR,,O
5683,post_112,1,79,yapmaya,TR,,O
5684,post_112,1,80,başlıyor,TR,,O
5685,post_112,1,81,ingilizce,NE,,B-OTHER
5686,post_112,1,82,düzeltme,TR,,O
5687,post_112,1,83,konusunda,TR,,O
5688,post_112,1,84,da,TR,,O
5689,post_112,1,85,örnekler,TR,,O
5690,post_112,1,86,verilmiş,TR,,O
5691,post_112,1,87,ama,TR,,O
5692,post_112,1,88,yine,TR,,O
5693,post_112,1,89,çok,TR,,O
5694,post_112,1,90,basit,TR,,O
5695,post_112,1,91,cümle,TR,,O
5696,post_112,1,92,yapıları,TR,,O
5697,post_112,1,93,söz,TR,,O
5698,post_112,1,94,konusu,TR,,O
5699,post_112,1,95,karmaşık,TR,,O
5700,post_112,1,96,metinlerle,TR,,O
5701,post_112,1,97,denemeler,TR,,O
5702,post_112,1,98,yapan,TR,,O
5703,post_112,1,99,varsa,TR,,O
5704,post_112,1,100,böyle,TR,,O
5705,post_112,1,101,denemelere,TR,,O
5706,post_112,1,102,denk,TR,,O
5707,post_112,1,103,gelen,TR,,O
5708,post_112,1,104,varsa,TR,,O
5709,post_112,1,105,paylaşsın,TR,,O
5710,post_112,1,106,beleş,TR,,O
5711,post_112,1,107,grammarly,NE,,B-PROD
5712,post_112,1,108,olur,TR,,O
5713,post_112,1,109,o,TR,,O
5714,post_112,1,110,zaman,TR,,O
5715,post_112,1,111,onun,TR,,O
5716,post_112,1,112,dışında,TR,,O
5717,post_112,1,113,yazılım,TR,,O
5718,post_112,1,114,tarafını,TR,,O
5719,post_112,1,115,bilemeyeceğim,TR,,O
5720,post_112,1,116,ama,TR,,O
5721,post_112,1,117,metinsel,TR,,O
5722,post_112,1,118,içerik,TR,,O
5723,post_112,1,119,üretimi,TR,,O
5724,post_112,1,120,eğitim,TR,,O
5725,post_112,1,121,bilimleri,TR,,O
5726,post_112,1,122,alanlarında,TR,,O
5727,post_112,1,123,epey,TR,,O
5728,post_112,1,124,şeyi,TR,,O
5729,post_112,1,125,değiştirecek,TR,,O
5730,post_112,1,126,gibi,TR,,O
5731,post_112,1,127,duruyor,TR,,O
5732,post_112,1,128,burada,TR,,O
5733,post_112,1,129,birçok,TR,,O
5734,post_112,1,130,örneği,TR,,O
5735,post_112,1,131,verilmiş,TR,,O
5736,post_112,1,132,ama,TR,,O
5737,post_112,1,133,ben,TR,,O
5738,post_112,1,134,de,TR,,O
5739,post_112,1,135,vereyim,TR,,O
5740,post_112,1,136,patent,TR,,O
5741,post_112,1,137,yazım,TR,,O
5742,post_112,1,138,diline,TR,,O
5743,post_112,1,139,uygun,TR,,O
5744,post_112,1,140,bir,TR,,O
5745,post_112,1,141,tarzda,TR,,O
5746,post_112,1,142,patent,TR,,O
5747,post_112,1,143,yazdırabiliyorsunuz,TR,,O
5748,post_112,1,144,ben,TR,,O
5749,post_112,1,145,sadece,TR,,O
5750,post_112,1,146,genel,TR,,O
5751,post_112,1,147,konu,TR,,O
5752,post_112,1,148,örnekleri,TR,,O
5753,post_112,1,149,vererek,TR,,O
5754,post_112,1,150,denedim,TR,,O
5755,post_112,1,151,ve,TR,,O
5756,post_112,1,152,sıfırdan,TR,,O
5757,post_112,1,153,kafadan,TR,,O
5758,post_112,1,154,sallama,TR,,O
5759,post_112,1,155,patent,TR,,O
5760,post_112,1,156,metinleri,TR,,O
5761,post_112,1,157,çıkardı,TR,,O
5762,post_112,1,158,biri,TR,,O
5763,post_112,1,159,mesela,TR,,O
5764,post_112,1,160,buluşun,TR,,O
5765,post_112,1,161,özelliklerini,TR,,O
5766,post_112,1,162,filan,TR,,O
5767,post_112,1,163,parametre,TR,,O
5768,post_112,1,164,olarak,TR,,O
5769,post_112,1,165,yazarsa,TR,,O
5770,post_112,1,166,ve,TR,,O
5771,post_112,1,167,ilk,TR,,O
5772,post_112,1,168,çıkan,TR,,O
5773,post_112,1,169,taslak,TR,,O
5774,post_112,1,170,üzerinden,TR,,O
5775,post_112,1,171,chat,EN,,O
5776,post_112,1,172,yoluyla,TR,,O
5777,post_112,1,173,iyileştirme,TR,,O
5778,post_112,1,174,yaparsa,TR,,O
5779,post_112,1,175,tüm,TR,,O
5780,post_112,1,176,patent,TR,,O
5781,post_112,1,177,tarifnamesini,TR,,O
5782,post_112,1,178,ve,TR,,O
5783,post_112,1,179,istemleri,TR,,O
5784,post_112,1,180,buradan,TR,,O
5785,post_112,1,181,yazdırabilir,TR,,O
5786,post_112,1,182,saçmalığa,TR,,O
5787,post_112,1,183,gel,TR,,O
5788,post_112,1,184,edit,EN,,O
5789,post_112,1,185,altı,TR,,O
5790,post_112,1,186,bacaklı,TR,,O
5791,post_112,1,187,bir,TR,,O
5792,post_112,1,188,masa,TR,,O
5793,post_112,1,189,yapımına,TR,,O
5794,post_112,1,190,yönelik,TR,,O
5795,post_112,1,191,bir,TR,,O
5796,post_112,1,192,yöntemin,TR,,O
5797,post_112,1,193,patent,TR,,O
5798,post_112,1,194,başvurusunu,TR,,O
5799,post_112,1,195,yaz,TR,,O
5800,post_112,1,196,dedim,TR,,O
5801,post_112,1,197,ama,TR,,O
5802,post_112,1,198,şekspiryen,TR,,O
5803,post_112,1,199,tarzda,TR,,O
5804,post_112,1,200,olsun,TR,,O
5805,post_112,1,201,diye,TR,,O
5806,post_112,1,202,ekledim,TR,,O
5807,post_112,1,203,yeminlen,TR,,O
5808,post_112,1,204,hiç,TR,,O
5809,post_112,1,205,bi,TR,,O
5810,post_112,1,206,şeye,TR,,O
5811,post_112,1,207,hayır,TR,,O
5812,post_112,1,208,demiyor,TR,,O
5813,post_112,1,209,pezevenk,TR,,O
5814,post_112,1,210,her,TR,,O
5815,post_112,1,211,şeye,TR,,O
5816,post_112,1,212,bi,TR,,O
5817,post_112,1,213,cevabı,TR,,O
5818,post_112,1,214,var,TR,,O
5819,post_112,1,215,hark,EN,,O
5820,post_112,1,216,ye,EN,,O
5821,post_112,1,217,all,EN,,O
5822,post_112,1,218,for,EN,,O
5823,post_112,1,219,we,EN,,O
5824,post_112,1,220,ınventor's,EN,,O
5825,post_112,1,221,name,EN,,O
5826,post_112,1,222,do,EN,,O
5827,post_112,1,223,declare,EN,,O
5828,post_112,1,224,a,EN,,O
5829,post_112,1,225,method,EN,,O
5830,post_112,1,226,most,EN,,O
5831,post_112,1,227,cunning,EN,,O
5832,post_112,1,228,for,EN,,O
5833,post_112,1,229,the,EN,,O
5834,post_112,1,230,creation,EN,,O
5835,post_112,1,231,of,EN,,O
5836,post_112,1,232,tables,EN,,O
5837,post_112,1,233,most,EN,,O
5838,post_112,1,234,fair,EN,,O
5839,post_112,1,235,with,EN,,O
5840,post_112,1,236,six,EN,,O
5841,post_112,1,237,sturdy,EN,,O
5842,post_112,1,238,legs,EN,,O
5843,post_112,1,239,strong,EN,,O
5844,post_112,1,240,and,EN,,O
5845,post_112,1,241,bold,EN,,O
5846,post_112,1,242,these,EN,,O
5847,post_112,1,243,tables,EN,,O
5848,post_112,1,244,will,EN,,O
5849,post_112,1,245,never,EN,,O
5850,post_112,1,246,grow,EN,,O
5851,post_112,1,247,old,EN,,O
5852,post_112,1,248,to,EN,,O
5853,post_112,1,249,"begin,",EN,,O
5854,post_112,1,250,one,EN,,O
5855,post_112,1,251,must,EN,,O
5856,post_112,1,252,seek,EN,,O
5857,post_112,1,253,out,EN,,O
5858,post_112,1,254,the,EN,,O
5859,post_112,1,255,finest,EN,,O
5860,post_112,1,256,wood,EN,,O
5861,post_112,1,257,and,EN,,O
5862,post_112,1,258,craft,EN,,O
5863,post_112,1,259,it,EN,,O
5864,post_112,1,260,into,EN,,O
5865,post_112,1,261,legs,EN,,O
5866,post_112,1,262,strong,EN,,O
5867,post_112,1,263,and,EN,,O
5868,post_112,1,264,good,EN,,O
5869,post_112,1,265,these,EN,,O
5870,post_112,1,266,legs,EN,,O
5871,post_112,1,267,should,EN,,O
5872,post_112,1,268,then,EN,,O
5873,post_112,1,269,be,EN,,O
5874,post_112,1,270,smoothed,EN,,O
5875,post_112,1,271,with,EN,,O
5876,post_112,1,272,care,EN,,O
5877,post_112,1,273,and,EN,,O
5878,post_112,1,274,arranged,EN,,O
5879,post_112,1,275,in,EN,,O
5880,post_112,1,276,a,EN,,O
5881,post_112,1,277,hexagonal,EN,,O
5882,post_112,1,278,"form,",EN,,O
5883,post_112,1,279,most,EN,,O
5884,post_112,1,280,rare,EN,,O
5885,post_112,1,281,"next,",EN,,O
5886,post_112,1,282,the,EN,,O
5887,post_112,1,283,legs,EN,,O
5888,post_112,1,284,must,EN,,O
5889,post_112,1,285,be,EN,,O
5890,post_112,1,286,joined,EN,,O
5891,post_112,1,287,to,EN,,O
5892,post_112,1,288,the,EN,,O
5893,post_112,1,289,table,EN,,O
5894,post_112,1,290,top,EN,,O
5895,post_112,1,291,with,EN,,O
5896,post_112,1,292,adhesive,EN,,O
5897,post_112,1,293,most,EN,,O
5898,post_112,1,294,"strong,",EN,,O
5899,post_112,1,295,and,EN,,O
5900,post_112,1,296,screws,EN,,O
5901,post_112,1,297,that,EN,,O
5902,post_112,1,298,will,EN,,O
5903,post_112,1,299,never,EN,,O
5904,post_112,1,300,flop,EN,,O
5905,post_112,1,301,and,EN,,O
5906,post_112,1,302,when,EN,,O
5907,post_112,1,303,the,EN,,O
5908,post_112,1,304,table,EN,,O
5909,post_112,1,305,is,EN,,O
5910,post_112,1,306,thus,EN,,O
5911,post_112,1,307,assembled,EN,,O
5912,post_112,1,308,a,EN,,O
5913,post_112,1,309,coat,EN,,O
5914,post_112,1,310,of,EN,,O
5915,post_112,1,311,varnish,EN,,O
5916,post_112,1,312,should,EN,,O
5917,post_112,1,313,be,EN,,O
5918,post_112,1,314,"applied,",EN,,O
5919,post_112,1,315,lest,EN,,O
5920,post_112,1,316,it,EN,,O
5921,post_112,1,317,be,EN,,O
5922,post_112,1,318,disassembled,EN,,O
5923,post_112,1,319,this,EN,,O
5924,post_112,1,320,method,EN,,O
5925,post_112,1,321,is,EN,,O
5926,post_112,1,322,"new,",EN,,O
5927,post_112,1,323,and,EN,,O
5928,post_112,1,324,of,EN,,O
5929,post_112,1,325,great,EN,,O
5930,post_112,1,326,"utility,",EN,,O
5931,post_112,1,327,and,EN,,O
5932,post_112,1,328,we,EN,,O
5933,post_112,1,329,do,EN,,O
5934,post_112,1,330,hereby,EN,,O
5935,post_112,1,331,claim,EN,,O
5936,post_112,1,332,our,EN,,O
5937,post_112,1,333,right,EN,,O
5938,post_112,1,334,to,EN,,O
5939,post_112,1,335,its,EN,,O
5940,post_112,1,336,exclusivity,EN,,O
5941,post_112,1,337,signed,EN,,O
5942,post_112,1,338,and,EN,,O
5943,post_112,1,339,dated,EN,,O
5944,post_112,1,340,on,EN,,O
5945,post_112,1,341,this,EN,,O
5946,post_112,1,342,day,EN,,O
5947,post_112,1,343,of,EN,,O
5948,post_112,1,344,date,EN,,O
5949,post_112,1,345,so,EN,,O
5950,post_112,1,346,let,EN,,O
5951,post_112,1,347,it,EN,,O
5952,post_112,1,348,be,EN,,O
5953,post_112,1,349,"known,",EN,,O
5954,post_112,1,350,far,EN,,O
5955,post_112,1,351,and,EN,,O
5956,post_112,1,352,"wide,",EN,,O
5957,post_112,1,353,that,EN,,O
5958,post_112,1,354,we,EN,,O
5959,post_112,1,355,are,EN,,O
5960,post_112,1,356,the,EN,,O
5961,post_112,1,357,inventors,EN,,O
5962,post_112,1,358,of,EN,,O
5963,post_112,1,359,this,EN,,O
5964,post_112,1,360,"table,",EN,,O
5965,post_112,1,361,with,EN,,O
5966,post_112,1,362,legs,EN,,O
5967,post_112,1,363,six,EN,,O
5968,post_112,1,364,in,EN,,O
5969,post_112,1,365,side,EN,,O
5970,post_112,1,366,bkz,TR,,O
5971,post_112,1,367,sabri,TR,,O
5972,post_112,1,368,bey,TR,,O
5973,post_112,1,369,ne,TR,,O
5974,post_112,1,370,yapıyorsunuz,TR,,O
5975,post_113,1,0,ocak,TR,,O
5976,post_113,1,1,tarihinde,TR,,O
5977,post_113,1,2,çalışanlarının,TR,,O
5978,post_113,1,3,yüzde,TR,,O
5979,post_113,1,4,35'ini,TR,,O
5980,post_113,1,5,çıkararak,TR,,O
5981,post_113,1,6,yeni,TR,,O
5982,post_113,1,7,layoff,EN,,O
5983,post_113,1,8,dalgasına,TR,,O
5984,post_113,1,9,çok,TR,,O
5985,post_113,1,10,hızlı,TR,,O
5986,post_113,1,11,bir,TR,,O
5987,post_113,1,12,giriş,TR,,O
5988,post_113,1,13,yapan,TR,,O
5989,post_113,1,14,şirket,TR,,O
5990,post_113,1,15,amazon’s,NE,,B-ORG
5991,post_113,1,16,twitch,NE,,B-ORG
5992,post_113,1,17,to,EN,,O
5993,post_113,1,18,cut,EN,,O
5994,post_113,1,19,"employees,",EN,,O
5995,post_113,1,20,about,EN,,O
5996,post_113,1,21,of,EN,,O
5997,post_113,1,22,staff,EN,,O
5998,post_113,1,23,unity,NE,,B-ORG
5999,post_113,1,24,de,TR,,O
6000,post_113,1,25,çıkarma,TR,,O
6001,post_113,1,26,yapmış,TR,,O
6002,post_113,1,27,ikisi,TR,,O
6003,post_113,1,28,de,TR,,O
6004,post_113,1,29,çok,TR,,O
6005,post_113,1,30,büyük,TR,,O
6006,post_113,1,31,faang'tan,NE,MIXED,B-ORG
6007,post_113,1,32,sonra,TR,,O
6008,post_113,1,33,gelen,TR,,O
6009,post_113,1,34,kafa,TR,,O
6010,post_113,1,35,şirketlerden,TR,,O
6011,post_113,1,36,muhtemelen,TR,,O
6012,post_113,1,37,de,TR,,O
6013,post_113,1,38,çalışanlar,TR,,O
6014,post_113,1,39,için,TR,,O
6015,post_113,1,40,kolay,TR,,O
6016,post_113,1,41,geçmeyecek,TR,,O
6017,post_114,1,0,hayatımda,TR,,O
6018,post_114,1,1,tastamam,TR,,O
6019,post_114,1,2,beş,TR,,O
6020,post_114,1,3,kez,TR,,O
6021,post_114,1,4,kurup,TR,,O
6022,post_114,1,5,her,TR,,O
6023,post_114,1,6,defasında,TR,,O
6024,post_114,1,7,ikinci,TR,,O
6025,post_114,1,8,saatin,TR,,O
6026,post_114,1,9,sonunda,TR,,O
6027,post_114,1,10,kaldırdığım,TR,,O
6028,post_114,1,11,oyun,TR,,O
6029,post_114,1,12,yapımcısı,TR,,O
6030,post_114,1,13,mojang,NE,,B-ORG
6031,post_114,1,14,microsoft,NE,,B-ORG
6032,post_114,1,15,tarafından,TR,,O
6033,post_114,1,16,milyar,TR,,O
6034,post_114,1,17,dolar'a,TR,,O
6035,post_114,1,18,almış,TR,,O
6036,post_114,1,19,ya,TR,,O
6037,post_114,1,20,daha,TR,,O
6038,post_114,1,21,ne,TR,,O
6039,post_114,1,22,diyeyim,TR,,O
6040,post_114,1,23,evet,TR,,O
6041,post_114,1,24,fanatiği,TR,,O
6042,post_114,1,25,çok,TR,,O
6043,post_114,1,26,ama,TR,,O
6044,post_114,1,27,benim,TR,,O
6045,post_114,1,28,için,TR,,O
6046,post_114,1,29,değil,TR,,O
6047,post_114,1,30,milyar,TR,,O
6048,post_114,1,31,dolar,TR,,O
6049,post_114,1,32,dolar,TR,,O
6050,post_114,1,33,bile,TR,,O
6051,post_114,1,34,etmez,TR,,O
6052,post_114,1,35,ama,TR,,O
6053,post_114,1,36,bill,NE,,B-PER
6054,post_114,1,37,gates'de,NE,MIXED,I-PER
6055,post_114,1,38,para,TR,,O
6056,post_114,1,39,bok,TR,,O
6057,post_115,1,0,flotilla,TR,,O
6058,post_115,1,1,israel,NE,,B-LOC
6059,post_115,1,2,ve,TR,,O
6060,post_115,1,3,gaza,NE,,B-LOC
6061,post_115,1,4,sözcüklerinin,TR,,O
6062,post_115,1,5,trending,EN,,O
6063,post_115,1,6,topic,EN,,O
6064,post_115,1,7,olmasını,TR,,O
6065,post_115,1,8,engelledikten,TR,,O
6066,post_115,1,9,sonra,TR,,O
6067,post_115,1,10,görünüşe,TR,,O
6068,post_115,1,11,göre,TR,,O
6069,post_115,1,12,israil,NE,,B-LOC
6070,post_115,1,13,de,TR,,O
6071,post_115,1,14,sansüre,TR,,O
6072,post_115,1,15,"takılmıştır,",TR,,O
6073,post_115,1,16,buna,TR,,O
6074,post_115,1,17,sözlük,TR,,O
6075,post_115,1,18,jargonuyla,TR,,O
6076,post_115,1,19,söylenecek,TR,,O
6077,post_115,1,20,sözler,TR,,O
6078,post_115,1,21,herhalde,TR,,O
6079,post_115,1,22,ne,TR,,O
6080,post_115,1,23,diyem,TR,,O
6081,post_115,1,24,mahmut,NE,,B-PER
6082,post_115,1,25,mu,TR,,O
6083,post_115,1,26,diyem,TR,,O
6084,post_115,1,27,israel,NE,,B-LOC
6085,post_115,1,28,yok,TR,,O
6086,post_115,1,29,israil,NE,,B-LOC
6087,post_115,1,30,yok,TR,,O
6088,post_115,1,31,ne,TR,,O
6089,post_115,1,32,var,TR,,O
6090,post_115,1,33,lan,TR,,O
6091,post_115,1,34,twit,NE,,B-PROD
6092,post_115,1,35,aferin,TR,,O
6093,post_115,1,36,"sana,",TR,,O
6094,post_115,1,37,birilerinin,TR,,O
6095,post_115,1,38,işine,TR,,O
6096,post_115,1,39,gelince,TR,,O
6097,post_115,1,40,iran'dan,NE,MIXED,B-LOC
6098,post_115,1,41,ırak'tan,NE,MIXED,B-LOC
6099,post_115,1,42,breaking,EN,,O
6100,post_115,1,43,news,EN,,O
6101,post_115,1,44,tadında,TR,,O
6102,post_115,1,45,tweetletirsin,MIXED,MIXED,O
6103,post_115,1,46,gelmeyince,TR,,O
6104,post_115,1,47,devlet,TR,,O
6105,post_115,1,48,adını,TR,,O
6106,post_115,1,49,bile,TR,,O
6107,post_115,1,50,sansürlersin,TR,,O
6108,post_115,1,51,ne,TR,,O
6109,post_115,1,52,diyeyim,TR,,O
6110,post_115,1,53,sen,TR,,O
6111,post_115,1,54,de,TR,,O
6112,post_115,1,55,bambaşkaymışsın,TR,,O
6113,post_115,1,56,twitoğlutwit,NE,,B-PROD
6114,post_116,1,0,reklamlardan,TR,,O
6115,post_116,1,1,kaçmak,TR,,O
6116,post_116,1,2,için,TR,,O
6117,post_116,1,3,kullandığım,TR,,O
6118,post_116,1,4,bir,TR,,O
6119,post_116,1,5,yöntemi,TR,,O
6120,post_116,1,6,ileteyim,TR,,O
6121,post_116,1,7,belki,TR,,O
6122,post_116,1,8,yardımcı,TR,,O
6123,post_116,1,9,olur,TR,,O
6124,post_116,1,10,izlediğiniz,TR,,O
6125,post_116,1,11,yayıncıyı,TR,,O
6126,post_116,1,12,kullandığınız,TR,,O
6127,post_116,1,13,browserda,MIXED,MIXED,O
6128,post_116,1,14,küçük,TR,,O
6129,post_116,1,15,pencere,TR,,O
6130,post_116,1,16,ile,TR,,O
6131,post_116,1,17,açtıktan,TR,,O
6132,post_116,1,18,sonra,TR,,O
6133,post_116,1,19,reklam,TR,,O
6134,post_116,1,20,çıktığında,TR,,O
6135,post_116,1,21,reklam,TR,,O
6136,post_116,1,22,penceresinin,TR,,O
6137,post_116,1,23,sesini,TR,,O
6138,post_116,1,24,kapatıp,TR,,O
6139,post_116,1,25,küçük,TR,,O
6140,post_116,1,26,pencerenin,TR,,O
6141,post_116,1,27,sesini,TR,,O
6142,post_116,1,28,açıyorsunuz,TR,,O
6143,post_116,1,29,böylece,TR,,O
6144,post_116,1,30,reklam,TR,,O
6145,post_116,1,31,arasından,TR,,O
6146,post_116,1,32,yırtabiliyorsunuz,TR,,O
6147,post_116,1,33,ben,TR,,O
6148,post_116,1,34,firefox,NE,,B-PROD
6149,post_116,1,35,da,TR,,O
6150,post_116,1,36,yaptım,TR,,O
6151,post_116,1,37,ama,TR,,O
6152,post_116,1,38,chrome,NE,,B-PROD
6153,post_116,1,39,veya,TR,,O
6154,post_116,1,40,diğer,TR,,O
6155,post_116,1,41,browserlarda,MIXED,MIXED,O
6156,post_116,1,42,da,TR,,O
6157,post_116,1,43,aynı,TR,,O
6158,post_116,1,44,mantıkla,TR,,O
6159,post_116,1,45,çalışacağını,TR,,O
6160,post_116,1,46,düşünüyorum,TR,,O
6161,post_116,1,47,iyi,TR,,O
6162,post_116,1,48,seyirler,TR,,O
6163,post_117,1,0,gerçekten,TR,,O
6164,post_117,1,1,müthiş,TR,,O
6165,post_117,1,2,geliştikçe,TR,,O
6166,post_117,1,3,daha,TR,,O
6167,post_117,1,4,da,TR,,O
6168,post_117,1,5,efektif,TR,,O
6169,post_117,1,6,olacak,TR,,O
6170,post_117,1,7,ama,TR,,O
6171,post_117,1,8,görseldeki,TR,,O
6172,post_117,1,9,gibi,TR,,O
6173,post_117,1,10,böyle,TR,,O
6174,post_117,1,11,basit,TR,,O
6175,post_117,1,12,hatalar,TR,,O
6176,post_117,1,13,ilerlemesine,TR,,O
6177,post_117,1,14,engel,TR,,O
6178,post_117,1,15,olabilir,TR,,O
6179,post_117,1,16,messi,NE,,B-PER
6180,post_117,1,17,gibi,TR,,O
6181,post_117,1,18,meşhur,TR,,O
6182,post_117,1,19,bir,TR,,O
6183,post_117,1,20,soruda,TR,,O
6184,post_117,1,21,who,EN,,O
6185,post_117,1,22,currently,EN,,O
6186,post_117,1,23,plays,EN,,O
6187,post_117,1,24,as,EN,,O
6188,post_117,1,25,a,EN,,O
6189,post_117,1,26,forward,EN,,O
6190,post_117,1,27,for,EN,,O
6191,post_117,1,28,barcelona,NE,,B-GROUP
6192,post_117,1,29,footbal,NE,,I-GROUP
6193,post_117,1,30,club,NE,,I-GROUP
6194,post_117,1,31,beni,TR,,O
6195,post_117,1,32,biraz,TR,,O
6196,post_117,1,33,üzdü,TR,,O
6197,post_117,1,34,demek,TR,,O
6198,post_117,1,35,ki,TR,,O
6199,post_117,1,36,güncelleme,TR,,O
6200,post_117,1,37,alt,TR,,O
6201,post_117,1,38,yapısı,TR,,O
6202,post_117,1,39,yok,TR,,O
6203,post_117,1,40,ya,TR,,O
6204,post_117,1,41,da,TR,,O
6205,post_117,1,42,zayıf,TR,,O
6206,post_118,1,0,son,TR,,O
6207,post_118,1,1,bir,TR,,O
6208,post_118,1,2,aydir,TR,,O
6209,post_118,1,3,sayesinde,TR,,O
6210,post_118,1,4,binlerce,TR,,O
6211,post_118,1,5,satir,TR,,O
6212,post_118,1,6,kod,TR,,O
6213,post_118,1,7,yazdigim,TR,,O
6214,post_118,1,8,bu,TR,,O
6215,post_118,1,9,yapay,TR,,O
6216,post_118,1,10,zeka,TR,,O
6217,post_118,1,11,muthis,TR,,O
6218,post_118,1,12,bir,TR,,O
6219,post_118,1,13,devrim,TR,,O
6220,post_118,1,14,niteliginde,TR,,O
6221,post_118,1,15,inanilmaz,TR,,O
6222,post_118,1,16,bir,TR,,O
6223,post_118,1,17,performans,TR,,O
6224,post_118,1,18,fiyat,TR,,O
6225,post_118,1,19,orani,TR,,O
6226,post_118,1,20,bundan,TR,,O
6227,post_118,1,21,dolayi,TR,,O
6228,post_118,1,22,sozluk,TR,,O
6229,post_118,1,23,yazarlarinin,TR,,O
6230,post_118,1,24,da,TR,,O
6231,post_118,1,25,faydalanbilecegini,TR,,O
6232,post_118,1,26,dusundugum,TR,,O
6233,post_118,1,27,birkac,TR,,O
6234,post_118,1,28,gorus,TR,,O
6235,post_118,1,29,tavsiye,TR,,O
6236,post_118,1,30,belirtmek,TR,,O
6237,post_118,1,31,istiyorum,TR,,O
6238,post_118,1,32,eger,TR,,O
6239,post_118,1,33,profesyonel,TR,,O
6240,post_118,1,34,gelistirici,TR,,O
6241,post_118,1,35,iseniz,TR,,O
6242,post_118,1,36,hesap,TR,,O
6243,post_118,1,37,acip,TR,,O
6244,post_118,1,38,token,EN,,O
6245,post_118,1,39,limitiniz,MIXED,MIXED,O
6246,post_118,1,40,oldugu,TR,,O
6247,post_118,1,41,trial'i,MIXED,MIXED,O
6248,post_118,1,42,deneyin,TR,,O
6249,post_118,1,43,chatgpt,NE,,B-PROD
6250,post_118,1,44,degil,TR,,O
6251,post_118,1,45,openaı,NE,,B-PROD
6252,post_118,1,46,playground,NE,,I-PROD
6253,post_118,1,47,kullanin,TR,,O
6254,post_118,1,48,oncelikle,TR,,O
6255,post_118,1,49,ustteki,TR,,O
6256,post_118,1,50,yazarin,TR,,O
6257,post_118,1,51,belirttigi,TR,,O
6258,post_118,1,52,gibi,TR,,O
6259,post_118,1,53,mutlaka,TR,,O
6260,post_118,1,54,ornekler,TR,,O
6261,post_118,1,55,ve,TR,,O
6262,post_118,1,56,code,EN,,O
6263,post_118,1,57,completionbolumunu,MIXED,MIXED,O
6264,post_118,1,58,inceleyin,TR,,O
6265,post_118,1,59,model,AMBIGUOUS,,O
6266,post_118,1,60,olarak,TR,,O
6267,post_118,1,61,davinci-003'den,NE,MIXED,B-PROD
6268,post_118,1,62,sasmayin,TR,,O
6269,post_118,1,63,daha,TR,,O
6270,post_118,1,64,pahali,TR,,O
6271,post_118,1,65,olsa,TR,,O
6272,post_118,1,66,bile,TR,,O
6273,post_118,1,67,eger,TR,,O
6274,post_118,1,68,bastan,TR,,O
6275,post_118,1,69,kod,TR,,O
6276,post_118,1,70,yaratmak,TR,,O
6277,post_118,1,71,istiyorsaniz,TR,,O
6278,post_118,1,72,yapmak,TR,,O
6279,post_118,1,73,istediginiz,TR,,O
6280,post_118,1,74,ne,TR,,O
6281,post_118,1,75,ise,TR,,O
6282,post_118,1,76,bunu,TR,,O
6283,post_118,1,77,comment,EN,,O
6284,post_118,1,78,icerisinde,TR,,O
6285,post_118,1,79,ve,TR,,O
6286,post_118,1,80,basinda,TR,,O
6287,post_118,1,81,numara,TR,,O
6288,post_118,1,82,olacak,TR,,O
6289,post_118,1,83,sekilde,TR,,O
6290,post_118,1,84,adim,TR,,O
6291,post_118,1,85,adim,TR,,O
6292,post_118,1,86,yazin,TR,,O
6293,post_118,1,87,mesela,TR,,O
6294,post_118,1,88,generate,EN,,O
6295,post_118,1,89,code,EN,,O
6296,post_118,1,90,here,EN,,O
6297,post_118,1,91,are,EN,,O
6298,post_118,1,92,the,EN,,O
6299,post_118,1,93,variables,EN,,O
6300,post_118,1,94,for,EN,,O
6301,post_118,1,95,apı,EN,,O
6302,post_118,1,96,calls,EN,,O
6303,post_118,1,97,for,EN,,O
6304,post_118,1,98,obtain,EN,,O
6305,post_118,1,99,value1,EN,,O
6306,post_118,1,100,value2,EN,,O
6307,post_118,1,101,valuex,EN,,O
6308,post_118,1,102,from,EN,,O
6309,post_118,1,103,apı,EN,,O
6310,post_118,1,104,and,EN,,O
6311,post_118,1,105,obtain,EN,,O
6312,post_118,1,106,value1,EN,,O
6313,post_118,1,107,valuex,EN,,O
6314,post_118,1,108,from,EN,,O
6315,post_118,1,109,apı,EN,,O
6316,post_118,1,110,append,EN,,O
6317,post_118,1,111,the,EN,,O
6318,post_118,1,112,results,EN,,O
6319,post_118,1,113,into,EN,,O
6320,post_118,1,114,dictionary,EN,,O
6321,post_118,1,115,and,EN,,O
6322,post_118,1,116,seklinde,TR,,O
6323,post_118,1,117,devam,TR,,O
6324,post_118,1,118,edin,TR,,O
6325,post_118,1,119,eger,TR,,O
6326,post_118,1,120,kodun,TR,,O
6327,post_118,1,121,bir,TR,,O
6328,post_118,1,122,kismini,TR,,O
6329,post_118,1,123,yazdiysaniz,TR,,O
6330,post_118,1,124,benzer,TR,,O
6331,post_118,1,125,sekilde,TR,,O
6332,post_118,1,126,ilk,TR,,O
6333,post_118,1,127,once,TR,,O
6334,post_118,1,128,yapmak,TR,,O
6335,post_118,1,129,istediginiz,TR,,O
6336,post_118,1,130,seyleri,TR,,O
6337,post_118,1,131,yazin,TR,,O
6338,post_118,1,132,ve,TR,,O
6339,post_118,1,133,o,TR,,O
6340,post_118,1,134,ana,TR,,O
6341,post_118,1,135,kadar,TR,,O
6342,post_118,1,136,yazdiginiz,TR,,O
6343,post_118,1,137,kodu,TR,,O
6344,post_118,1,138,olmadnan,TR,,O
6345,post_118,1,139,girin,TR,,O
6346,post_118,1,140,tamamlayacak,TR,,O
6347,post_118,1,141,openaı'yi,NE,MIXED,B-PROD
6348,post_118,1,142,chatgpt,NE,,B-PROD
6349,post_118,1,143,gibi,TR,,O
6350,post_118,1,144,kullanin,TR,,O
6351,post_118,1,145,ornek,TR,,O
6352,post_118,1,146,olarak,TR,,O
6353,post_118,1,147,json,NE,,B-PROD
6354,post_118,1,148,datasin,EN,,O
6355,post_118,1,149,icinde,TR,,O
6356,post_118,1,150,basamak,TR,,O
6357,post_118,1,151,altta,TR,,O
6358,post_118,1,152,cekmek,TR,,O
6359,post_118,1,153,istediniz,TR,,O
6360,post_118,1,154,seyi,TR,,O
6361,post_118,1,155,cekemediniz,TR,,O
6362,post_118,1,156,bunu,TR,,O
6363,post_118,1,157,belirtin,TR,,O
6364,post_118,1,158,ve,TR,,O
6365,post_118,1,159,tekrar,TR,,O
6366,post_118,1,160,duzelmesini,TR,,O
6367,post_118,1,161,soyleyin,TR,,O
6368,post_118,1,162,bu,TR,,O
6369,post_118,1,163,asamada,TR,,O
6370,post_118,1,164,eger,TR,,O
6371,post_118,1,165,memnun,TR,,O
6372,post_118,1,166,kaldiysaniz,TR,,O
6373,post_118,1,167,mutlaka,TR,,O
6374,post_118,1,168,fine-tuning,EN,,O
6375,post_118,1,169,kullanmaya,TR,,O
6376,post_118,1,170,baslayin,TR,,O
6377,post_118,1,171,bu,TR,,O
6378,post_118,1,172,sekilde,TR,,O
6379,post_118,1,173,kullandiginiz,TR,,O
6380,post_118,1,174,token'i,EN,,O
6381,post_118,1,175,cok,TR,,O
6382,post_118,1,176,dusurebilirisiniz:,TR,,O
6383,post_118,1,177,fine,EN,,O
6384,post_118,1,178,tuning,EN,,O
6385,post_118,1,179,baska,TR,,O
6386,post_118,1,180,bir,TR,,O
6387,post_118,1,181,yazar,TR,,O
6388,post_118,1,182,da,TR,,O
6389,post_118,1,183,guzel,TR,,O
6390,post_118,1,184,kullanim,TR,,O
6391,post_118,1,185,tavsiyelerinde,TR,,O
6392,post_118,1,186,bulunmus,TR,,O
6393,post_118,1,187,ve,TR,,O
6394,post_118,1,188,bence,TR,,O
6395,post_118,1,189,en,TR,,O
6396,post_118,1,190,onemli,TR,,O
6397,post_118,1,191,noktalardan,TR,,O
6398,post_118,1,192,biri,TR,,O
6399,post_118,1,193,ilginc,TR,,O
6400,post_118,1,194,olarak,TR,,O
6401,post_118,1,195,eger,TR,,O
6402,post_118,1,196,odaklanarak,TR,,O
6403,post_118,1,197,kullanirsaniz,TR,,O
6404,post_118,1,198,openai,NE,,B-PROD
6405,post_118,1,199,kullanmak,TR,,O
6406,post_118,1,200,kodlama,TR,,O
6407,post_118,1,201,yeteneginizi,TR,,O
6408,post_118,1,202,cok,TR,,O
6409,post_118,1,203,gelistiriyor,TR,,O
6410,post_118,1,204,neden,TR,,O
6411,post_118,1,205,mi,TR,,O
6412,post_118,1,206,cunku,TR,,O
6413,post_118,1,207,eger,TR,,O
6414,post_118,1,208,siz,TR,,O
6415,post_118,1,209,yazamassaniz,TR,,O
6416,post_118,1,210,ve,TR,,O
6417,post_118,1,211,sormaniz,TR,,O
6418,post_118,1,212,gerekirse,TR,,O
6419,post_118,1,213,token,EN,,O
6420,post_118,1,214,harcamaniz,TR,,O
6421,post_118,1,215,gerekecek,TR,,O
6422,post_118,1,216,bu,TR,,O
6423,post_118,1,217,cok,TR,,O
6424,post_118,1,218,iyi,TR,,O
6425,post_118,1,219,motivasyon,TR,,O
6426,post_118,1,220,kaynagi,TR,,O
6427,post_118,1,221,ısim,TR,,O
6428,post_118,1,222,geregi,TR,,O
6429,post_118,1,223,python,NE,,B-PROD
6430,post_118,1,224,bash,NE,,B-PROD
6431,post_118,1,225,apı,EN,,O
6432,post_118,1,226,library,EN,,O
6433,post_118,1,227,yazmam,TR,,O
6434,post_118,1,228,gerekiyor,TR,,O
6435,post_118,1,229,ayni,TR,,O
6436,post_118,1,230,zamanda,TR,,O
6437,post_118,1,231,docker,NE,,B-PROD
6438,post_118,1,232,ve,TR,,O
6439,post_118,1,233,linux,NE,,B-PROD
6440,post_118,1,234,sql,NE,,B-PROD
6441,post_118,1,235,router,EN,,O
6442,post_118,1,236,switch,EN,,O
6443,post_118,1,237,configurasyonlari,MIXED,MIXED,O
6444,post_118,1,238,ve,TR,,O
6445,post_118,1,239,bu,TR,,O
6446,post_118,1,240,konfigurasyonlari,TR,,O
6447,post_118,1,241,apılar,MIXED,MIXED,O
6448,post_118,1,242,ile,TR,,O
6449,post_118,1,243,guncelleme,TR,,O
6450,post_118,1,244,data,EN,,O
6451,post_118,1,245,cekme,TR,,O
6452,post_118,1,246,otomasyon,TR,,O
6453,post_118,1,247,mevcut,TR,,O
6454,post_118,1,248,kodu,TR,,O
6455,post_118,1,249,daha,TR,,O
6456,post_118,1,250,az,TR,,O
6457,post_118,1,251,islemci,TR,,O
6458,post_118,1,252,frekansi,TR,,O
6459,post_118,1,253,kullanarak,TR,,O
6460,post_118,1,254,calismasini,TR,,O
6461,post_118,1,255,saglama,TR,,O
6462,post_118,1,256,her,TR,,O
6463,post_118,1,257,sey,TR,,O
6464,post_118,1,258,var,TR,,O
6465,post_118,1,259,ortaya,TR,,O
6466,post_118,1,260,karisik,TR,,O
6467,post_118,1,261,sre,TR,,O
6468,post_118,1,262,oldugum,TR,,O
6469,post_118,1,263,icin,TR,,O
6470,post_118,1,264,ve,TR,,O
6471,post_118,1,265,openaı,NE,,B-ORG
6472,post_118,1,266,hepsini,TR,,O
6473,post_118,1,267,sagliyor,TR,,O
6474,post_118,1,268,ayni,TR,,O
6475,post_118,1,269,zamanda,TR,,O
6476,post_118,1,270,kazanaciginiz,TR,,O
6477,post_118,1,271,zaman,TR,,O
6478,post_118,1,272,aylarca,TR,,O
6479,post_118,1,273,surecek,TR,,O
6480,post_118,1,274,isleri,TR,,O
6481,post_118,1,275,bir,TR,,O
6482,post_118,1,276,ayda,TR,,O
6483,post_118,1,277,yapmanin,TR,,O
6484,post_118,1,278,getirdigi,TR,,O
6485,post_118,1,279,haz,TR,,O
6486,post_118,1,280,da,TR,,O
6487,post_118,1,281,cabasi,TR,,O
6488,post_118,1,282,edit,EN,,O
6489,post_118,1,283,dogru,TR,,O
6490,post_118,1,284,input,EN,,O
6491,post_118,1,285,verip,TR,,O
6492,post_118,1,286,vermediginizi,TR,,O
6493,post_118,1,287,nasil,TR,,O
6494,post_118,1,288,anlarsiniz,TR,,O
6495,post_118,1,289,eger,TR,,O
6496,post_118,1,290,sordugunuz,TR,,O
6497,post_118,1,291,sorunun,TR,,O
6498,post_118,1,292,devamini,TR,,O
6499,post_118,1,293,kendi,TR,,O
6500,post_118,1,294,tamamliyor,TR,,O
6501,post_118,1,295,ve,TR,,O
6502,post_118,1,296,ozellikle,TR,,O
6503,post_118,1,297,bir,TR,,O
6504,post_118,1,298,satir,TR,,O
6505,post_118,1,299,altinda,TR,,O
6506,post_118,1,300,bir,TR,,O
6507,post_118,1,301,nick,EN,,O
6508,post_118,1,302,veya,TR,,O
6509,post_118,1,303,isim,TR,,O
6510,post_118,1,304,gozukuyorsa,TR,,O
6511,post_118,1,305,muhtemelen,TR,,O
6512,post_118,1,306,stackoverflow'dan,NE,MIXED,B-PROD
6513,post_118,1,307,bir,TR,,O
6514,post_118,1,308,soruyu,TR,,O
6515,post_118,1,309,geri,TR,,O
6516,post_118,1,310,besliyor,TR,,O
6517,post_118,1,311,cok,TR,,O
6518,post_118,1,312,genel,TR,,O
6519,post_118,1,313,ve/ya,TR,,O
6520,post_118,1,314,yanlis,TR,,O
6521,post_118,1,315,sordugunuz,TR,,O
6522,post_118,1,316,icin,TR,,O
6523,post_118,1,317,en,TR,,O
6524,post_118,1,318,genis,TR,,O
6525,post_118,1,319,kumeden,TR,,O
6526,post_118,1,320,bir,TR,,O
6527,post_118,1,321,dataset,EN,,O
6528,post_118,1,322,aldi,TR,,O
6529,post_118,1,323,ve,TR,,O
6530,post_118,1,324,fazla,TR,,O
6531,post_118,1,325,sallamadan,TR,,O
6532,post_118,1,326,dusuk,TR,,O
6533,post_118,1,327,islemci,TR,,O
6534,post_118,1,328,zamani,TR,,O
6535,post_118,1,329,harcayarak,TR,,O
6536,post_118,1,330,birseyler,TR,,O
6537,post_118,1,331,geveledi,TR,,O
6538,post_118,1,332,yani,TR,,O
6539,post_118,1,333,ayni,TR,,O
6540,post_118,1,334,gercek,TR,,O
6541,post_118,1,335,hayattaki,TR,,O
6542,post_118,1,336,"gibi,",TR,,O
6543,post_118,1,337,iyi,TR,,O
6544,post_118,1,338,"dusunulmemis,",TR,,O
6545,post_118,1,339,dogru,TR,,O
6546,post_118,1,340,sorulmayan,TR,,O
6547,post_118,1,341,sorularin,TR,,O
6548,post_118,1,342,ad,EN,,O
6549,post_118,1,343,"hoc,",EN,,O
6550,post_118,1,344,"""genis",TR,,O
6551,post_118,1,345,ve,TR,,O
6552,post_118,1,346,"ustunkoru""",TR,,O
6553,post_118,1,347,ve,TR,,O
6554,post_118,1,348,cogu,TR,,O
6555,post_118,1,349,zaman,TR,,O
6556,post_118,1,350,yanlis,TR,,O
6557,post_118,1,351,cevaplari,TR,,O
6558,post_118,1,352,oluyor,TR,,O
6559,post_118,1,353,gercek,TR,,O
6560,post_118,1,354,hayatta,TR,,O
6561,post_118,1,355,da,TR,,O
6562,post_118,1,356,asil,TR,,O
6563,post_118,1,357,guruya,TR,,O
6564,post_118,1,358,iyi,TR,,O
6565,post_118,1,359,dusunulmus,TR,,O
6566,post_118,1,360,bir,TR,,O
6567,post_118,1,361,soru,TR,,O
6568,post_118,1,362,sormak,TR,,O
6569,post_118,1,363,icin,TR,,O
6570,post_118,1,364,o,TR,,O
6571,post_118,1,365,soruyu,TR,,O
6572,post_118,1,366,sorabilecek,TR,,O
6573,post_118,1,367,kadar,TR,,O
6574,post_118,1,368,bilgiye,TR,,O
6575,post_118,1,369,sahip,TR,,O
6576,post_118,1,370,olmaniz,TR,,O
6577,post_118,1,371,gerekiyor,TR,,O
6578,post_118,1,372,muthis,TR,,O
6579,post_119,1,0,next,EN,,O
6580,post_119,1,1,big,EN,,O
6581,post_119,1,2,thing,EN,,O
6582,post_119,1,3,olamayacak,TR,,O
6583,post_119,1,4,gibi,TR,,O
6584,post_119,1,5,görünüyor,TR,,O
6585,post_119,1,6,kendisine,TR,,O
6586,post_119,1,7,bir,TR,,O
6587,post_119,1,8,kullanım,TR,,O
6588,post_119,1,9,alanı,TR,,O
6589,post_119,1,10,yaratiyor,TR,,O
6590,post_119,1,11,ancak,TR,,O
6591,post_119,1,12,gorunen,TR,,O
6592,post_119,1,13,o,TR,,O
6593,post_119,1,14,ki,TR,,O
6594,post_119,1,15,devrim,TR,,O
6595,post_119,1,16,falan,TR,,O
6596,post_119,1,17,olmayacak,TR,,O
6597,post_119,1,18,seçim,TR,,O
6598,post_119,1,19,gibi,TR,,O
6599,post_119,1,20,bazı,TR,,O
6600,post_119,1,21,para,TR,,O
6601,post_119,1,22,ve,TR,,O
6602,post_119,1,23,menkul,TR,,O
6603,post_119,1,24,kıymetlerin,TR,,O
6604,post_119,1,25,takası,TR,,O
6605,post_119,1,26,gibi,TR,,O
6606,post_119,1,27,işlemlerde,TR,,O
6607,post_119,1,28,kapalı,TR,,O
6608,post_119,1,29,sistemlerde,TR,,O
6609,post_119,1,30,kullanılabilir,TR,,O
6610,post_119,1,31,distributed,EN,,O
6611,post_119,1,32,ledger,EN,,O
6612,post_119,1,33,olması,TR,,O
6613,post_119,1,34,avantaj,TR,,O
6614,post_119,1,35,yarattığı,TR,,O
6615,post_119,1,36,gibi,TR,,O
6616,post_119,1,37,sisteme,TR,,O
6617,post_119,1,38,katılacak,TR,,O
6618,post_119,1,39,ünitelerin,TR,,O
6619,post_119,1,40,de,TR,,O
6620,post_119,1,41,teşvik,TR,,O
6621,post_119,1,42,edilmesini,TR,,O
6622,post_119,1,43,gerektiriyor,TR,,O
6623,post_119,1,44,bu,TR,,O
6624,post_119,1,45,da,TR,,O
6625,post_119,1,46,dezavantaja,TR,,O
6626,post_119,1,47,donuyor,TR,,O
6627,post_119,1,48,silicon,NE,,B-LOC
6628,post_119,1,49,vadisi'ndeki,NE,MIXED,I-LOC
6629,post_119,1,50,ahbaplarin,TR,,O
6630,post_119,1,51,blockchain'i,MIXED,MIXED,O
6631,post_119,1,52,sevmemesi,TR,,O
6632,post_119,1,53,argumanlarini,TR,,O
6633,post_119,1,54,bir,TR,,O
6634,post_119,1,55,noktaya,TR,,O
6635,post_119,1,56,kadar,TR,,O
6636,post_119,1,57,kabul,TR,,O
6637,post_119,1,58,etmekle,TR,,O
6638,post_119,1,59,birlikte,TR,,O
6639,post_119,1,60,amerikalilarin,NE,,B-OTHER
6640,post_119,1,61,bu,TR,,O
6641,post_119,1,62,hype'i,MIXED,MIXED,O
6642,post_119,1,63,tamamen,TR,,O
6643,post_119,1,64,bos,TR,,O
6644,post_119,1,65,gectigini,TR,,O
6645,post_119,1,66,dusunmek,TR,,O
6646,post_119,1,67,yanlis,TR,,O
6647,post_119,1,68,olur,TR,,O
6648,post_119,1,69,en,TR,,O
6649,post_119,1,70,azindan,TR,,O
6650,post_119,1,71,teknolojiden,TR,,O
6651,post_119,1,72,kazandiklari,TR,,O
6652,post_119,1,73,paranin,TR,,O
6653,post_119,1,74,bir,TR,,O
6654,post_119,1,75,miktarini,TR,,O
6655,post_119,1,76,kendileri,TR,,O
6656,post_119,1,77,gelistirmeseler,TR,,O
6657,post_119,1,78,de,TR,,O
6658,post_119,1,79,cesitli,TR,,O
6659,post_119,1,80,blockchain,EN,,O
6660,post_119,1,81,projelerine,TR,,O
6661,post_119,1,82,yatirdilar,TR,,O
6662,post_119,1,83,ancak,TR,,O
6663,post_119,1,84,nicholas,NE,,B-PER
6664,post_119,1,85,weawer'in,NE,MIXED,I-PER
6665,post_119,1,86,iddialari,TR,,O
6666,post_119,1,87,cok,TR,,O
6667,post_119,1,88,kompleks,TR,,O
6668,post_119,1,89,ve,TR,,O
6669,post_119,1,90,politik,TR,,O
6670,post_119,1,91,iddialar,TR,,O
6671,post_119,1,92,degil,TR,,O
6672,post_119,1,93,aslinda,TR,,O
6673,post_119,1,94,sadece,TR,,O
6674,post_119,1,95,kendisinin,TR,,O
6675,post_119,1,96,objektif,TR,,O
6676,post_119,1,97,olmaktan,TR,,O
6677,post_119,1,98,uzak,TR,,O
6678,post_119,1,99,bir,TR,,O
6679,post_119,1,100,cripte-sceptic,MIXED,MIXED,O
6680,post_119,1,101,oldugunu,TR,,O
6681,post_119,1,102,belirtmek,TR,,O
6682,post_119,1,103,lazim,TR,,O
6683,post_119,1,104,su,TR,,O
6684,post_119,1,105,anda,TR,,O
6685,post_119,1,106,piyasadaki,TR,,O
6686,post_119,1,107,bir,TR,,O
6687,post_119,1,108,cok,TR,,O
6688,post_119,1,109,blockchain,EN,,O
6689,post_119,1,110,projesinin,TR,,O
6690,post_119,1,111,aslinda,TR,,O
6691,post_119,1,112,ne,TR,,O
6692,post_119,1,113,cryptografiye,TR,,O
6693,post_119,1,114,ne,TR,,O
6694,post_119,1,115,de,TR,,O
6695,post_119,1,116,distributed,EN,,O
6696,post_119,1,117,ledger'a,MIXED,MIXED,O
6697,post_119,1,118,ihtiyaci,TR,,O
6698,post_119,1,119,var,TR,,O
6699,post_119,1,120,olan,TR,,O
6700,post_119,1,121,bazilari,TR,,O
6701,post_119,1,122,ise,TR,,O
6702,post_119,1,123,pre-mined,EN,,O
6703,post_119,1,124,ve,TR,,O
6704,post_119,1,125,merkezi,TR,,O
6705,post_119,1,126,sadece,TR,,O
6706,post_119,1,127,sifreli,TR,,O
6707,post_119,1,128,cozumler,TR,,O
6708,post_119,1,129,getiriyorlar,TR,,O
6709,post_119,1,130,daha,TR,,O
6710,post_119,1,131,cok,TR,,O
6711,post_119,1,132,biz,TR,,O
6712,post_119,1,133,blockchain,EN,,O
6713,post_119,1,134,teknolojisini,TR,,O
6714,post_119,1,135,baska,TR,,O
6715,post_119,1,136,nerede,TR,,O
6716,post_119,1,137,kullanabiliriz,TR,,O
6717,post_119,1,138,ve,TR,,O
6718,post_119,1,139,bu,TR,,O
6719,post_119,1,140,ruzgardan,TR,,O
6720,post_119,1,141,faydalanip,TR,,O
6721,post_119,1,142,cukkayi,TR,,O
6722,post_119,1,143,nasil,TR,,O
6723,post_119,1,144,doldurabiliriz,TR,,O
6724,post_119,1,145,diye,TR,,O
6725,post_119,1,146,zorlama,TR,,O
6726,post_119,1,147,fikirlerle,TR,,O
6727,post_119,1,148,bir,TR,,O
6728,post_119,1,149,enflasyon,TR,,O
6729,post_119,1,150,yarattilar,TR,,O
6730,post_119,1,151,bunlarin,TR,,O
6731,post_119,1,152,buyuk,TR,,O
6732,post_119,1,153,cogunlugu,TR,,O
6733,post_119,1,154,onumuzdeki,TR,,O
6734,post_119,1,155,yillar,TR,,O
6735,post_119,1,156,icinde,TR,,O
6736,post_119,1,157,kaybolup,TR,,O
6737,post_119,1,158,gidecek,TR,,O
6738,post_119,1,159,bazilari,TR,,O
6739,post_119,1,160,ise,TR,,O
6740,post_119,1,161,cok,TR,,O
6741,post_119,1,162,karli,TR,,O
6742,post_119,1,163,sirketler,TR,,O
6743,post_119,1,164,olarak,TR,,O
6744,post_119,1,165,yollarina,TR,,O
6745,post_119,1,166,devam,TR,,O
6746,post_119,1,167,edecek,TR,,O
6747,post_119,1,168,buyuyecek,TR,,O
6748,post_119,1,169,bunlari,TR,,O
6749,post_119,1,170,bulmak,TR,,O
6750,post_119,1,171,mesele,TR,,O
6751,post_119,1,172,ama,TR,,O
6752,post_119,1,173,bulsaniz,TR,,O
6753,post_119,1,174,da,TR,,O
6754,post_119,1,175,bir,TR,,O
6755,post_119,1,176,ise,TR,,O
6756,post_119,1,177,yaramiyor,TR,,O
6757,post_119,1,178,cunku,TR,,O
6758,post_119,1,179,hisselerini,TR,,O
6759,post_119,1,180,alamiyorsunuz,TR,,O
6760,post_119,1,181,karliligin,TR,,O
6761,post_119,1,182,fiyatlarina,TR,,O
6762,post_119,1,183,yansiyacagini,TR,,O
6763,post_119,1,184,umut,TR,,O
6764,post_119,1,185,ettiginiz,TR,,O
6765,post_119,1,186,coinlerini,MIXED,MIXED,O
6766,post_119,1,187,alabiliyorsunuz,TR,,O
6767,post_120,1,0,son,TR,,O
6768,post_120,1,1,zamanlarda,TR,,O
6769,post_120,1,2,arşiviyle,TR,,O
6770,post_120,1,3,beni,TR,,O
6771,post_120,1,4,üst,TR,,O
6772,post_120,1,5,üste,TR,,O
6773,post_120,1,6,hayal,TR,,O
6774,post_120,1,7,kırıklığına,TR,,O
6775,post_120,1,8,uğratmakta,TR,,O
6776,post_120,1,9,olan,TR,,O
6777,post_120,1,10,güzel,TR,,O
6778,post_120,1,11,program,TR,,O
6779,post_120,1,12,bulamadıklarım,TR,,O
6780,post_120,1,13,radiohead,NE,,B-GROUP
6781,post_120,1,14,in,NE,,B-TITLE
6782,post_120,1,15,"rainbows,",NE,,I-TITLE
6783,post_120,1,16,kings,NE,,B-TITLE
6784,post_120,1,17,of,NE,,I-TITLE
6785,post_120,1,18,limbs,NE,,I-TITLE
6786,post_120,1,19,arcade,NE,,B-GROUP
6787,post_120,1,20,fire,NE,,I-GROUP
6788,post_120,1,21,the,NE,,B-TITLE
6789,post_120,1,22,suburbs,NE,,I-TITLE
6790,post_120,1,23,(diğerleri,TR,,O
6791,post_120,1,24,de,TR,,O
6792,post_120,1,25,tam,TR,,O
6793,post_120,1,26,değil,TR,,O
6794,post_120,1,27,sanırım),TR,,O
6795,post_120,1,28,explosions,NE,,B-GROUP
6796,post_120,1,29,in,NE,,I-GROUP
6797,post_120,1,30,the,NE,,I-GROUP
6798,post_120,1,31,sky,NE,,I-GROUP
6799,post_120,1,32,the,NE,,B-TITLE
6800,post_120,1,33,earth,NE,,I-TITLE
6801,post_120,1,34,is,NE,,I-TITLE
6802,post_120,1,35,not,NE,,I-TITLE
6803,post_120,1,36,a,NE,,I-TITLE
6804,post_120,1,37,cold,NE,,I-TITLE
6805,post_120,1,38,dead,NE,,I-TITLE
6806,post_120,1,39,place,NE,,I-TITLE
6807,post_120,1,40,(diğer,TR,,O
6808,post_120,1,41,albümler,TR,,O
6809,post_120,1,42,varken,TR,,O
6810,post_120,1,43,bunun,TR,,O
6811,post_120,1,44,olmamasına,TR,,O
6812,post_120,1,45,anlam,TR,,O
6813,post_120,1,46,veremedim,TR,,O
6814,post_120,1,47,çünkü,TR,,O
6815,post_120,1,48,bu,TR,,O
6816,post_120,1,49,grubun,TR,,O
6817,post_120,1,50,en,TR,,O
6818,post_120,1,51,başarılı,TR,,O
6819,post_120,1,52,ve,TR,,O
6820,post_120,1,53,ünlü,TR,,O
6821,post_120,1,54,albümü),TR,,O
6822,post_120,1,55,ve,TR,,O
6823,post_120,1,56,şu,TR,,O
6824,post_120,1,57,an,TR,,O
6825,post_120,1,58,aklıma,TR,,O
6826,post_120,1,59,gelmeyen,TR,,O
6827,post_120,1,60,niceleri,TR,,O
6828,post_120,1,61,türk,NE,,B-OTHER
6829,post_120,1,62,gruplardan,TR,,O
6830,post_120,1,63,birer,TR,,O
6831,post_120,1,64,albüm,TR,,O
6832,post_120,1,65,falan,TR,,O
6833,post_120,1,66,"var,",TR,,O
6834,post_120,1,67,ama,TR,,O
6835,post_120,1,68,türkiye'ye,NE,,B-LOC
6836,post_120,1,69,yeni,TR,,O
6837,post_120,1,70,geldiği,TR,,O
6838,post_120,1,71,için,TR,,O
6839,post_120,1,72,olsa,TR,,O
6840,post_120,1,73,gerek,TR,,O
6841,post_120,1,74,zamanla,TR,,O
6842,post_120,1,75,artacaktır,TR,,O
6843,post_120,1,76,umarım,TR,,O
6844,post_120,1,77,not,TR,,O
6845,post_120,1,78,in,NE,,B-TITLE
6846,post_120,1,79,rainbows,NE,,I-TITLE
6847,post_120,1,80,nasıl,TR,,O
6848,post_120,1,81,olmaz,TR,,O
6849,post_120,1,82,lan,TR,,O
6850,post_120,1,83,not2:,TR,,O
6851,post_120,1,84,piano,NE,,B-TITLE
6852,post_120,1,85,classics,NE,,I-TITLE
6853,post_120,1,86,best,NE,,I-TITLE
6854,post_120,1,87,classical,NE,,I-TITLE
6855,post_120,1,88,songs,NE,,I-TITLE
6856,post_120,1,89,adlı,TR,,O
6857,post_120,1,90,playlist'i,MIXED,MIXED,O
6858,post_120,1,91,şiddetle,TR,,O
6859,post_120,1,92,öneririm,TR,,O
6860,post_121,1,0,o,TR,,O
6861,post_121,1,1,kadar,TR,,O
6862,post_121,1,2,deli,TR,,O
6863,post_121,1,3,müritleri,TR,,O
6864,post_121,1,4,vardır,TR,,O
6865,post_121,1,5,ki,TR,,O
6866,post_121,1,6,bu,TR,,O
6867,post_121,1,7,creepto,AMBIGUOUS,,O
6868,post_121,1,8,"""teknoloji""sinin",TR,,O
6869,post_121,1,9,bunun,TR,,O
6870,post_121,1,10,için,TR,,O
6871,post_121,1,11,frida,NE,,B-PER
6872,post_121,1,12,kahlo'nun,NE,MIXED,I-PER
6873,post_121,1,13,çizimini,TR,,O
6874,post_121,1,14,nft'ye,MIXED,MIXED,O
6875,post_121,1,15,dönüştürdükten,TR,,O
6876,post_121,1,16,sonra,TR,,O
6877,post_121,1,17,yakma,TR,,O
6878,post_121,1,18,cüretinde,TR,,O
6879,post_121,1,19,bulunabilirler,TR,,O
6880,post_121,1,20,not,TR,,O
6881,post_121,1,21,haberde,TR,,O
6882,post_121,1,22,"""bu",TR,,O
6883,post_121,1,23,bir,TR,,O
6884,post_121,1,24,hoax,EN,,O
6885,post_121,1,25,"olabilir""",TR,,O
6886,post_121,1,26,"demişler,",TR,,O
6887,post_121,1,27,bunun,TR,,O
6888,post_121,1,28,farkındayım,TR,,O
6889,post_121,1,29,ama,TR,,O
6890,post_121,1,30,yakılan,TR,,O
6891,post_121,1,31,eser,TR,,O
6892,post_121,1,32,sahtesi,TR,,O
6893,post_121,1,33,olsun,TR,,O
6894,post_121,1,34,ya,TR,,O
6895,post_121,1,35,da,TR,,O
6896,post_121,1,36,"olmasın,",TR,,O
6897,post_121,1,37,bu,TR,,O
6898,post_121,1,38,kişinin,TR,,O
6899,post_121,1,39,dikkat,TR,,O
6900,post_121,1,40,çekmek,TR,,O
6901,post_121,1,41,için,TR,,O
6902,post_121,1,42,böyle,TR,,O
6903,post_121,1,43,bir,TR,,O
6904,post_121,1,44,eyleme,TR,,O
6905,post_121,1,45,kalkışması,TR,,O
6906,post_121,1,46,korkunç,TR,,O
6907,post_121,1,47,bir,TR,,O
6908,post_121,1,48,durum,TR,,O
6909,post_121,1,49,bugün,TR,,O
6910,post_121,1,50,bu,TR,,O
6911,post_121,1,51,adam,TR,,O
6912,post_121,1,52,sahtesini,TR,,O
6913,post_121,1,53,"yakar,",TR,,O
6914,post_121,1,54,yarın,TR,,O
6915,post_121,1,55,daha,TR,,O
6916,post_121,1,56,bir,TR,,O
6917,post_121,1,57,manyağı,TR,,O
6918,post_121,1,58,çıkar,TR,,O
6919,post_121,1,59,bir,TR,,O
6920,post_121,1,60,eserin,TR,,O
6921,post_121,1,61,gerçeğini,TR,,O
6922,post_121,1,62,"yakar,",TR,,O
6923,post_121,1,63,bilmem,TR,,O
6924,post_121,1,64,anlatabildim,TR,,O
6925,post_121,1,65,mi,TR,,O
6926,post_121,1,66,bir,TR,,O
6927,post_121,1,67,daha,TR,,O
6928,post_121,1,68,birileri,TR,,O
6929,post_121,1,69,"""ama",TR,,O
6930,post_121,1,70,sanatçılara,TR,,O
6931,post_121,1,71,destek,TR,,O
6932,post_121,1,72,"olarabilirü""",TR,,O
6933,post_121,1,73,diye,TR,,O
6934,post_121,1,74,bir,TR,,O
6935,post_121,1,75,fikir,TR,,O
6936,post_121,1,76,sıçmaya,TR,,O
6937,post_121,1,77,"kalkarsa,",TR,,O
6938,post_121,1,78,bunu,TR,,O
6939,post_121,1,79,gösterip,TR,,O
6940,post_121,1,80,bir,TR,,O
6941,post_121,1,81,taraflarınızla,TR,,O
6942,post_121,1,82,gülün,TR,,O
6943,post_121,1,83,efenim,TR,,O
6944,post_122,1,0,reddit'in,NE,MIXED,B-PROD
6945,post_122,1,1,eğlenceli,TR,,O
6946,post_122,1,2,ve,TR,,O
6947,post_122,1,3,komik,TR,,O
6948,post_122,1,4,photoshop,NE,,B-PROD
6949,post_122,1,5,çalışmalarının,TR,,O
6950,post_122,1,6,yayınlandığı,TR,,O
6951,post_122,1,7,photoshop,NE,,B-PROD
6952,post_122,1,8,battles,NE,,I-PROD
6953,post_122,1,9,adında,TR,,O
6954,post_122,1,10,bir,TR,,O
6955,post_122,1,11,platformu,TR,,O
6956,post_122,1,12,var,TR,,O
6957,post_122,1,13,en,TR,,O
6958,post_122,1,14,son,TR,,O
6959,post_122,1,15,jennifer,NE,,B-PER
6960,post_122,1,16,lawrence'in,NE,MIXED,I-PER
6961,post_122,1,17,basketbol,TR,,O
6962,post_122,1,18,oynarken,TR,,O
6963,post_122,1,19,çekilmiş,TR,,O
6964,post_122,1,20,fotoğrafı,TR,,O
6965,post_122,1,21,için,TR,,O
6966,post_122,1,22,yardırmışlar,TR,,O
6967,post_122,1,23,ayrıca,TR,,O
6968,post_122,1,24,(bkz:,TR,,O
6969,post_122,1,25,james,NE,,B-PER
6970,post_122,1,26,fridman,NE,,I-PER
6971,post_123,1,0,google,NE,,B-ORG
6972,post_123,1,1,logosu,TR,,O
6973,post_123,1,2,ve,TR,,O
6974,post_123,1,3,arama,TR,,O
6975,post_123,1,4,satırı,TR,,O
6976,post_123,1,5,dışında,TR,,O
6977,post_123,1,6,kalan,TR,,O
6978,post_123,1,7,yerlerin,TR,,O
6979,post_123,1,8,fade,TR,,O
6980,post_123,1,9,efektiyle,TR,,O
6981,post_123,1,10,sonradan,TR,,O
6982,post_123,1,11,gelmesi,TR,,O
6983,post_123,1,12,sanırım,TR,,O
6984,post_123,1,13,sayfanın,TR,,O
6985,post_123,1,14,açılması,TR,,O
6986,post_123,1,15,için,TR,,O
6987,post_123,1,16,bütün,TR,,O
6988,post_123,1,17,elemanları,TR,,O
6989,post_123,1,18,beklememeyi,TR,,O
6990,post_123,1,19,amaçlıyor,TR,,O
6991,post_123,1,20,google,NE,,B-ORG
6992,post_123,1,21,yazınca,TR,,O
6993,post_123,1,22,logo,TR,,O
6994,post_123,1,23,ve,TR,,O
6995,post_123,1,24,arama,TR,,O
6996,post_123,1,25,satırı,TR,,O
6997,post_123,1,26,anında,TR,,O
6998,post_123,1,27,"geliyor,",TR,,O
6999,post_123,1,28,sayfanın,TR,,O
7000,post_123,1,29,daha,TR,,O
7001,post_123,1,30,çabuk,TR,,O
7002,post_123,1,31,açılıp,TR,,O
7003,post_123,1,32,daha,TR,,O
7004,post_123,1,33,çabuk,TR,,O
7005,post_123,1,34,arama,TR,,O
7006,post_123,1,35,yapılabilmesi,TR,,O
7007,post_123,1,36,için,TR,,O
7008,post_123,1,37,sonra,TR,,O
7009,post_123,1,38,ise,TR,,O
7010,post_123,1,39,diğer,TR,,O
7011,post_123,1,40,elemanlar,TR,,O
7012,post_123,1,41,ajax,NE,,B-PROD
7013,post_123,1,42,dwr,NE,,B-PROD
7014,post_123,1,43,vs,TR,,O
7015,post_123,1,44,tabanlı,TR,,O
7016,post_123,1,45,bir,TR,,O
7017,post_123,1,46,teknoloji,TR,,O
7018,post_123,1,47,ile,TR,,O
7019,post_123,1,48,arka,TR,,O
7020,post_123,1,49,planda,TR,,O
7021,post_123,1,50,getirilip,TR,,O
7022,post_123,1,51,fade,EN,,O
7023,post_123,1,52,efekti,TR,,O
7024,post_123,1,53,ile,TR,,O
7025,post_123,1,54,gösteriliyor,TR,,O
7026,post_123,1,55,edit,EN,,O
7027,post_123,1,56,fade,EN,,O
7028,post_123,1,57,efektini,TR,,O
7029,post_123,1,58,onmousemove'a,MIXED,MIXED,O
7030,post_123,1,59,almışlar,TR,,O
7031,post_123,1,60,sadece,TR,,O
7032,post_123,1,61,görsel,TR,,O
7033,post_123,1,62,bir,TR,,O
7034,post_123,1,63,düzenleme,TR,,O
7035,post_123,1,64,olabilir,TR,,O
7036,post_123,1,65,bilemedim,TR,,O
7037,post_123,1,66,ben,TR,,O
7038,post_123,1,67,onu,TR,,O
7039,post_124,1,0,eveettt,TR,,O
7040,post_124,1,1,facebook'tan,NE,MIXED,B-PROD
7041,post_124,1,2,gicik,TR,,O
7042,post_124,1,3,eden,TR,,O
7043,post_124,1,4,insanlar,TR,,O
7044,post_124,1,5,serimizin,TR,,O
7045,post_124,1,6,ikincisine,TR,,O
7046,post_124,1,7,hosgeldiniz,TR,,O
7047,post_124,1,8,serinin,TR,,O
7048,post_124,1,9,ilk,TR,,O
7049,post_124,1,10,kisminda,TR,,O
7050,post_124,1,11,bkz,TR,,O
7051,post_124,1,12,fake,EN,,O
7052,post_124,1,13,ve,TR,,O
7053,post_124,1,14,ego,TR,,O
7054,post_124,1,15,siskini,TR,,O
7055,post_124,1,16,arkadaslara,TR,,O
7056,post_124,1,17,gicik,TR,,O
7057,post_124,1,18,olmustuk,TR,,O
7058,post_124,1,19,simdi,TR,,O
7059,post_124,1,20,gicik,TR,,O
7060,post_124,1,21,olacagimiz,TR,,O
7061,post_124,1,22,facebook,NE,,B-PROD
7062,post_124,1,23,kullanicilari,TR,,O
7063,post_124,1,24,ise,TR,,O
7064,post_124,1,25,stalkerlar,MIXED,MIXED,O
7065,post_124,1,26,ve,TR,,O
7066,post_124,1,27,impostorlar,MIXED,MIXED,O
7067,post_124,1,28,stalker,TR,,O
7068,post_124,1,29,bildiginiz,TR,,O
7069,post_124,1,30,sapik,TR,,O
7070,post_124,1,31,telefon,TR,,O
7071,post_124,1,32,sapigi,TR,,O
7072,post_124,1,33,ornegindeki,TR,,O
7073,post_124,1,34,gibi,TR,,O
7074,post_124,1,35,bunlar,TR,,O
7075,post_124,1,36,da,TR,,O
7076,post_124,1,37,facebook,NE,,B-PROD
7077,post_124,1,38,sapiklari,TR,,O
7078,post_124,1,39,her,TR,,O
7079,post_124,1,40,ortamda,TR,,O
7080,post_124,1,41,olabilecegi,TR,,O
7081,post_124,1,42,gibi,TR,,O
7082,post_124,1,43,facebookta,NE,MIXED,B-PROD
7083,post_124,1,44,da,TR,,O
7084,post_124,1,45,varlar,TR,,O
7085,post_124,1,46,mesela,TR,,O
7086,post_124,1,47,sozlukte,TR,,O
7087,post_124,1,48,gizliden,TR,,O
7088,post_124,1,49,entry,EN,,O
7089,post_124,1,50,"takibi,",TR,,O
7090,post_124,1,51,zirve,TR,,O
7091,post_124,1,52,katilimi,TR,,O
7092,post_124,1,53,"takibi,",TR,,O
7093,post_124,1,54,cesitli,TR,,O
7094,post_124,1,55,yollardan,TR,,O
7095,post_124,1,56,fotograf,TR,,O
7096,post_124,1,57,takibi,TR,,O
7097,post_124,1,58,seklinde,TR,,O
7098,post_124,1,59,gerceklesebiliyor,TR,,O
7099,post_124,1,60,bu,TR,,O
7100,post_124,1,61,"""stalking""",EN,,O
7101,post_124,1,62,isi,TR,,O
7102,post_124,1,63,facebookta,NE,MIXED,B-PROD
7103,post_124,1,64,da,TR,,O
7104,post_124,1,65,caktirmadan,TR,,O
7105,post_124,1,66,profil,TR,,O
7106,post_124,1,67,"dikizlemek,",TR,,O
7107,post_124,1,68,arkadas,TR,,O
7108,post_124,1,69,listesi,TR,,O
7109,post_124,1,70,dikizlemek,TR,,O
7110,post_124,1,71,seklinde,TR,,O
7111,post_124,1,72,gerceklesiyor,TR,,O
7112,post_124,1,73,(sarkisi,TR,,O
7113,post_124,1,74,icin:,TR,,O
7114,post_124,1,75,advanced,EN,,O
7115,post_124,1,76,stalkerlar,MIXED,MIXED,O
7116,post_124,1,77,ise,TR,,O
7117,post_124,1,78,olayi,TR,,O
7118,post_124,1,79,google'a,NE,MIXED,B-PROD
7119,post_124,1,80,tasiyip,TR,,O
7120,post_124,1,81,bir,TR,,O
7121,post_124,1,82,de,TR,,O
7122,post_124,1,83,oradan,TR,,O
7123,post_124,1,84,"aratiyorlar,",TR,,O
7124,post_124,1,85,tatli,TR,,O
7125,post_124,1,86,uzeri,TR,,O
7126,post_124,1,87,krema,TR,,O
7127,post_124,1,88,gibi,TR,,O
7128,post_124,1,89,oluyordur,TR,,O
7129,post_124,1,90,herhalde,TR,,O
7130,post_124,1,91,bulduklari,TR,,O
7131,post_124,1,92,sozluk,TR,,O
7132,post_124,1,93,nickleriyle,MIXED,MIXED,O
7133,post_124,1,94,facebooktaki,TR,,O
7134,post_124,1,95,isimler,TR,,O
7135,post_124,1,96,ibaresi,TR,,O
7136,post_124,1,97,ile,TR,,O
7137,post_124,1,98,birlesince,TR,,O
7138,post_124,1,99,orgazm,TR,,O
7139,post_124,1,100,olanlar,TR,,O
7140,post_124,1,101,vardir,TR,,O
7141,post_124,1,102,kesin,TR,,O
7142,post_124,1,103,privacy,EN,,O
7143,post_124,1,104,settingler,MIXED,MIXED,O
7144,post_124,1,105,kurban,TR,,O
7145,post_124,1,106,olsun,TR,,O
7146,post_124,1,107,size,TR,,O
7147,post_124,1,108,impostor,EN,,O
7148,post_124,1,109,ise,TR,,O
7149,post_124,1,110,tam,TR,,O
7150,post_124,1,111,karsiligini,TR,,O
7151,post_124,1,112,bulamadigim,TR,,O
7152,post_124,1,113,bir,TR,,O
7153,post_124,1,114,sey,TR,,O
7154,post_124,1,115,numaraci,TR,,O
7155,post_124,1,116,diyelim,TR,,O
7156,post_124,1,117,olmadigi,TR,,O
7157,post_124,1,118,bir,TR,,O
7158,post_124,1,119,seymis,TR,,O
7159,post_124,1,120,gibi,TR,,O
7160,post_124,1,121,"yapanlar,",TR,,O
7161,post_124,1,122,ozentiler,TR,,O
7162,post_124,1,123,"""ahaha,",AMBIGUOUS,,O
7163,post_124,1,124,ay,TR,,O
7164,post_124,1,125,deli,TR,,O
7165,post_124,1,126,misin,TR,,O
7166,post_124,1,127,"alotte,",NE,,B-PER
7167,post_124,1,128,sanal,TR,,O
7168,post_124,1,129,ortamda,TR,,O
7169,post_124,1,130,herkes,TR,,O
7170,post_124,1,131,bunu,TR,,O
7171,post_124,1,132,yapiyor,TR,,O
7172,post_124,1,133,"zaten!?""",TR,,O
7173,post_124,1,134,dediginizi,TR,,O
7174,post_124,1,135,duyar,TR,,O
7175,post_124,1,136,gibiyim,TR,,O
7176,post_124,1,137,ben,TR,,O
7177,post_124,1,138,de,TR,,O
7178,post_124,1,139,farkindayim,TR,,O
7179,post_124,1,140,yonja,TR,,O
7180,post_124,1,141,profil,TR,,O
7181,post_124,1,142,fotografi,TR,,O
7182,post_124,1,143,ana,TR,,O
7183,post_124,1,144,bilim,TR,,O
7184,post_124,1,145,dalinin,TR,,O
7185,post_124,1,146,bulgularindan,TR,,O
7186,post_124,1,147,lakin,TR,,O
7187,post_124,1,148,benim,TR,,O
7188,post_124,1,149,bahsettigim,TR,,O
7189,post_124,1,150,biraz,TR,,O
7190,post_124,1,151,daha,TR,,O
7191,post_124,1,152,iddiali,TR,,O
7192,post_124,1,153,kendini,TR,,O
7193,post_124,1,154,sisirmeler,TR,,O
7194,post_124,1,155,aleni,TR,,O
7195,post_124,1,156,yalanlar,TR,,O
7196,post_124,1,157,soyle,TR,,O
7197,post_124,1,158,bir,TR,,O
7198,post_124,1,159,ornegini,TR,,O
7199,post_124,1,160,vereyim,TR,,O
7200,post_124,1,161,elemanin,TR,,O
7201,post_124,1,162,teki,TR,,O
7202,post_124,1,163,ayligina,TR,,O
7203,post_124,1,164,proje,TR,,O
7204,post_124,1,165,yapmak,TR,,O
7205,post_124,1,166,icin,TR,,O
7206,post_124,1,167,stanford'a,NE,MIXED,B-LOC
7207,post_124,1,168,gider,TR,,O
7208,post_124,1,169,o,TR,,O
7209,post_124,1,170,sure,TR,,O
7210,post_124,1,171,icinde,TR,,O
7211,post_124,1,172,kullanmasi,TR,,O
7212,post_124,1,173,icin,TR,,O
7213,post_124,1,174,kendisine,TR,,O
7214,post_124,1,175,bir,TR,,O
7215,post_124,1,176,stanford,NE,,B-ORG
7216,post_124,1,177,email,TR,,O
7217,post_124,1,178,adresi,TR,,O
7218,post_124,1,179,verilir,TR,,O
7219,post_124,1,180,eleman,TR,,O
7220,post_124,1,181,da,TR,,O
7221,post_124,1,182,bunu,TR,,O
7222,post_124,1,183,facebook'ta,NE,MIXED,B-PROD
7223,post_124,1,184,kullanir,TR,,O
7224,post_124,1,185,"""stanford",NE,,B-ORG
7225,post_124,1,186,"alum""(yani",TR,,O
7226,post_124,1,187,mezunu!!!),TR,,O
7227,post_124,1,188,networkune,MIXED,MIXED,O
7228,post_124,1,189,girer,TR,,O
7229,post_124,1,190,profilinde,TR,,O
7230,post_124,1,191,isil,TR,,O
7231,post_124,1,192,isil,TR,,O
7232,post_124,1,193,stanford,NE,,B-ORG
7233,post_124,1,194,alum,EN,,O
7234,post_124,1,195,yazar,TR,,O
7235,post_124,1,196,hayir,TR,,O
7236,post_124,1,197,yani,TR,,O
7237,post_124,1,198,bu,TR,,O
7238,post_124,1,199,kadar,TR,,O
7239,post_124,1,200,kolaysa,TR,,O
7240,post_124,1,201,diplomalarina,TR,,O
7241,post_124,1,202,kiclarini,TR,,O
7242,post_124,1,203,silsinler,TR,,O
7243,post_124,1,204,mezunlar,TR,,O
7244,post_124,1,205,ya,TR,,O
7245,post_124,1,206,da,TR,,O
7246,post_124,1,207,yurtdisinda,TR,,O
7247,post_124,1,208,yasama,TR,,O
7248,post_124,1,209,ozentisi,TR,,O
7249,post_124,1,210,birinin,TR,,O
7250,post_124,1,211,hic,TR,,O
7251,post_124,1,212,ayak,TR,,O
7252,post_124,1,213,basmadigi,TR,,O
7253,post_124,1,214,atiyorum,TR,,O
7254,post_124,1,215,londra,NE,,B-LOC
7255,post_124,1,216,regional,EN,,O
7256,post_124,1,217,networkune,MIXED,MIXED,O
7257,post_124,1,218,uye,TR,,O
7258,post_124,1,219,olmasi,TR,,O
7259,post_124,1,220,da,TR,,O
7260,post_124,1,221,"""impostor""luk",MIXED,MIXED,O
7261,post_124,1,222,olarak,TR,,O
7262,post_124,1,223,degerlendirilebilir,TR,,O
7263,post_124,1,224,facebook'un,NE,MIXED,B-PROD
7264,post_124,1,225,bir,TR,,O
7265,post_124,1,226,impostor,EN,,O
7266,post_124,1,227,shield'i,MIXED,MIXED,O
7267,post_124,1,228,yok,TR,,O
7268,post_124,1,229,"henuz,",TR,,O
7269,post_124,1,230,"""ezik",TR,,O
7270,post_124,1,231,misin,TR,,O
7271,post_124,1,232,"nesin?""",TR,,O
7272,post_124,1,233,deyip,TR,,O
7273,post_124,1,234,geciyoruz,TR,,O
7274,post_124,1,235,edit,EN,,O
7275,post_124,1,236,bir,TR,,O
7276,post_124,1,237,yeni,TR,,O
7277,post_124,1,238,impostor,EN,,O
7278,post_124,1,239,cinsi,TR,,O
7279,post_124,1,240,turemis,TR,,O
7280,post_124,1,241,bunlar,TR,,O
7281,post_124,1,242,da,TR,,O
7282,post_124,1,243,cehaletten,TR,,O
7283,post_124,1,244,muzdarip,TR,,O
7284,post_124,1,245,kazara,TR,,O
7285,post_124,1,246,impostorlar,MIXED,MIXED,O
7286,post_124,1,247,ingilizce,NE,,B-OTHER
7287,post_124,1,248,bilmedikleri,TR,,O
7288,post_124,1,249,icin,TR,,O
7289,post_124,1,250,oluyor,TR,,O
7290,post_124,1,251,sanirim,TR,,O
7291,post_124,1,252,bu,TR,,O
7292,post_124,1,253,anlatacagim,TR,,O
7293,post_124,1,254,sey,TR,,O
7294,post_124,1,255,tahminim,TR,,O
7295,post_124,1,256,o,TR,,O
7296,post_124,1,257,yonde,TR,,O
7297,post_124,1,258,yani,TR,,O
7298,post_124,1,259,bakiyorsun,TR,,O
7299,post_124,1,260,daha,TR,,O
7300,post_124,1,261,universite,TR,,O
7301,post_124,1,262,hazirliktan,TR,,O
7302,post_124,1,263,ote,TR,,O
7303,post_124,1,264,olamayacak,TR,,O
7304,post_124,1,265,genc,TR,,O
7305,post_124,1,266,tipler,TR,,O
7306,post_124,1,267,"""x",AMBIGUOUS,,O
7307,post_124,1,268,university,EN,,O
7308,post_124,1,269,grad,EN,,O
7309,post_124,1,270,"student""",EN,,O
7310,post_124,1,271,hadi,TR,,O
7311,post_124,1,272,onu,TR,,O
7312,post_124,1,273,gectim,TR,,O
7313,post_124,1,274,"""x",AMBIGUOUS,,O
7314,post_124,1,275,university,EN,,O
7315,post_124,1,276,"faculty""",EN,,O
7316,post_124,1,277,secmisler,TR,,O
7317,post_124,1,278,kendileri,TR,,O
7318,post_124,1,279,icin,TR,,O
7319,post_124,1,280,yasinda,TR,,O
7320,post_124,1,281,kendilerini,TR,,O
7321,post_124,1,282,hoca,TR,,O
7322,post_124,1,283,olarak,TR,,O
7323,post_124,1,284,gostermekle,TR,,O
7324,post_124,1,285,karizma,TR,,O
7325,post_124,1,286,yapacaklarini,TR,,O
7326,post_124,1,287,dusunecek,TR,,O
7327,post_124,1,288,kadar,TR,,O
7328,post_124,1,289,salak,TR,,O
7329,post_124,1,290,olduklarini,TR,,O
7330,post_124,1,291,"sanmiyorum,",TR,,O
7331,post_124,1,292,bu,TR,,O
7332,post_124,1,293,durumda,TR,,O
7333,post_124,1,294,grad,EN,,O
7334,post_124,1,295,student,EN,,O
7335,post_124,1,296,"nedir,",TR,,O
7336,post_124,1,297,faculty,EN,,O
7337,post_124,1,298,nedir,TR,,O
7338,post_124,1,299,bilmedikleri,TR,,O
7339,post_124,1,300,sonucu,TR,,O
7340,post_124,1,301,cikiyor,TR,,O
7341,post_124,1,302,facebook'ta,NE,MIXED,B-PROD
7342,post_124,1,303,takilacagina,TR,,O
7343,post_124,1,304,gidip,TR,,O
7344,post_124,1,305,esl,EN,,O
7345,post_124,1,306,kitaplarina,TR,,O
7346,post_124,1,307,baksalar,TR,,O
7347,post_124,1,308,biraz,TR,,O
7348,post_124,1,309,daha,TR,,O
7349,post_124,1,310,hayirli,TR,,O
7350,post_124,1,311,olur,TR,,O
7351,post_124,1,312,haklarinda,TR,,O
7352,post_124,1,313,ama,TR,,O
7353,post_124,1,314,iste,TR,,O
7354,post_124,1,315,simdi,TR,,O
7355,post_124,1,316,bunlara,TR,,O
7356,post_124,1,317,gicik,TR,,O
7357,post_124,1,318,olmak,TR,,O
7358,post_124,1,319,dururken,TR,,O
7359,post_124,1,320,niycun,TR,,O
7360,post_124,1,321,gidip,TR,,O
7361,post_124,1,322,de,TR,,O
7362,post_124,1,323,bana,TR,,O
7363,post_124,1,324,bira,TR,,O
7364,post_124,1,325,yollamak,TR,,O
7365,post_124,1,326,isteyen,TR,,O
7366,post_124,1,327,arkadaslarima,TR,,O
7367,post_124,1,328,gicik,TR,,O
7368,post_124,1,329,olayim,TR,,O
7369,post_124,1,330,ki,TR,,O
7370,post_124,1,331,"ha,",AMBIGUOUS,,O
7371,post_124,1,332,bu,TR,,O
7372,post_124,1,333,"arada,",TR,,O
7373,post_124,1,334,universite,TR,,O
7374,post_124,1,335,arkadaslarinda,TR,,O
7375,post_124,1,336,ussel,TR,,O
7376,post_124,1,337,artis,TR,,O
7377,post_124,1,338,"gozlemlendi,",TR,,O
7378,post_124,1,339,hala,TR,,O
7379,post_124,1,340,ilkokul,TR,,O
7380,post_124,1,341,arkadasindan,TR,,O
7381,post_124,1,342,eser,TR,,O
7382,post_124,1,343,yok,TR,,O
7383,post_125,1,0,sosyal,TR,,O
7384,post_125,1,1,medyada,TR,,O
7385,post_125,1,2,gördüğünüz,TR,,O
7386,post_125,1,3,o,TR,,O
7387,post_125,1,4,steroidli,TR,,O
7388,post_125,1,5,kocaman,TR,,O
7389,post_125,1,6,kişilere,TR,,O
7390,post_125,1,7,inanmayin,TR,,O
7391,post_125,1,8,bugün,TR,,O
7392,post_125,1,9,sosyal,TR,,O
7393,post_125,1,10,medyada,TR,,O
7394,post_125,1,11,begendiginiz,TR,,O
7395,post_125,1,12,spor,TR,,O
7396,post_125,1,13,hocasiyim,TR,,O
7397,post_125,1,14,diyen,TR,,O
7398,post_125,1,15,kişiler,TR,,O
7399,post_125,1,16,antrenmanlarda,TR,,O
7400,post_125,1,17,kac,TR,,O
7401,post_125,1,18,kilogram,TR,,O
7402,post_125,1,19,kaldiriyor,TR,,O
7403,post_125,1,20,ona,TR,,O
7404,post_125,1,21,bakin,TR,,O
7405,post_125,1,22,steroid,TR,,O
7406,post_125,1,23,hayatinizi,TR,,O
7407,post_125,1,24,ve,TR,,O
7408,post_125,1,25,vucudunuzu,TR,,O
7409,post_125,1,26,mahveder,TR,,O
7410,post_125,1,27,spor,TR,,O
7411,post_125,1,28,icin,TR,,O
7412,post_125,1,29,kendinize,TR,,O
7413,post_125,1,30,sene,TR,,O
7414,post_125,1,31,zaman,TR,,O
7415,post_125,1,32,"taniyin,",TR,,O
7416,post_125,1,33,sonra,TR,,O
7417,post_125,1,34,ufak,TR,,O
7418,post_125,1,35,ufak,TR,,O
7419,post_125,1,36,"baslayin,",TR,,O
7420,post_125,1,37,gerisi,TR,,O
7421,post_125,1,38,gelir,TR,,O
7422,post_125,1,39,bir,TR,,O
7423,post_125,1,40,de,TR,,O
7424,post_125,1,41,kendimce,TR,,O
7425,post_125,1,42,öneri,TR,,O
7426,post_125,1,43,"push,",EN,,O
7427,post_125,1,44,"pull,",EN,,O
7428,post_125,1,45,"core,",EN,,O
7429,post_125,1,46,"off,",EN,,O
7430,post_125,1,47,"push,",EN,,O
7431,post_125,1,48,pull,EN,,O
7432,post_125,1,49,legs,EN,,O
7433,post_125,1,50,"core,",EN,,O
7434,post_125,1,51,off,EN,,O
7435,post_125,1,52,şeklinde,TR,,O
7436,post_125,1,53,günlük,TR,,O
7437,post_125,1,54,planlama,TR,,O
7438,post_125,1,55,"yapin,",TR,,O
7439,post_125,1,56,girin,TR,,O
7440,post_125,1,57,chatgpt,NE,,B-PROD
7441,post_125,1,58,ye,TR,,O
7442,post_125,1,59,durumunuzu,TR,,O
7443,post_125,1,60,anlatin,TR,,O
7444,post_125,1,61,yaş,TR,,O
7445,post_125,1,62,boy,TR,,O
7446,post_125,1,63,kilo,TR,,O
7447,post_125,1,64,ve,TR,,O
7448,post_125,1,65,günlük,TR,,O
7449,post_125,1,66,bu,TR,,O
7450,post_125,1,67,programa,TR,,O
7451,post_125,1,68,uygun,TR,,O
7452,post_125,1,69,bir,TR,,O
7453,post_125,1,70,plan,TR,,O
7454,post_125,1,71,isteyin,TR,,O
7455,post_125,1,72,ve,TR,,O
7456,post_125,1,73,uygulayin,TR,,O
7457,post_125,1,74,güne,TR,,O
7458,post_125,1,75,kendinizi,TR,,O
7459,post_125,1,76,sıkmayın,TR,,O
7460,post_125,1,77,gerektiginde,TR,,O
7461,post_125,1,78,off,EN,,O
7462,post_125,1,79,günlerin,TR,,O
7463,post_125,1,80,sayisini,TR,,O
7464,post_125,1,81,artırın,TR,,O
7465,post_125,1,82,ve,TR,,O
7466,post_125,1,83,sabırlı,TR,,O
7467,post_125,1,84,"olun,",TR,,O
7468,post_125,1,85,ayrıca,TR,,O
7469,post_125,1,86,chatgpt,NE,,B-PROD
7470,post_125,1,87,den,TR,,O
7471,post_125,1,88,bu,TR,,O
7472,post_125,1,89,planı,TR,,O
7473,post_125,1,90,"aldiginizda,",TR,,O
7474,post_125,1,91,bu,TR,,O
7475,post_125,1,92,plana,TR,,O
7476,post_125,1,93,uygun,TR,,O
7477,post_125,1,94,takviye,TR,,O
7478,post_125,1,95,planını,TR,,O
7479,post_125,1,96,da,TR,,O
7480,post_125,1,97,"isteyin,",TR,,O
7481,post_125,1,98,ayda,TR,,O
7482,post_125,1,99,cok,TR,,O
7483,post_125,1,100,iyi,TR,,O
7484,post_125,1,101,bir,TR,,O
7485,post_125,1,102,hale,TR,,O
7486,post_125,1,103,gelirsiniz,TR,,O
7487,post_125,1,104,hareketlerin,TR,,O
7488,post_125,1,105,videolarını,TR,,O
7489,post_125,1,106,youtube,NE,,B-PROD
7490,post_125,1,107,dan,TR,,O
7491,post_125,1,108,izleyin,TR,,O
7492,post_125,1,109,ve,TR,,O
7493,post_125,1,110,"yapin,",TR,,O
7494,post_125,1,111,kendi,TR,,O
7495,post_125,1,112,kendinizin,TR,,O
7496,post_125,1,113,hocasi,TR,,O
7497,post_125,1,114,olmadan,TR,,O
7498,post_125,1,115,bu,TR,,O
7499,post_125,1,116,işte,TR,,O
7500,post_125,1,117,gelişim,TR,,O
7501,post_125,1,118,yok,TR,,O
7502,post_126,1,0,youtube'ta,NE,MIXED,B-PROD
7503,post_126,1,1,sağda,TR,,O
7504,post_126,1,2,solda,TR,,O
7505,post_126,1,3,bunun,TR,,O
7506,post_126,1,4,reklamlarını,TR,,O
7507,post_126,1,5,görmekten,TR,,O
7508,post_126,1,6,"bıktıysanız,",TR,,O
7509,post_126,1,7,reklam,TR,,O
7510,post_126,1,8,çıktığında,TR,,O
7511,post_126,1,9,reklam,TR,,O
7512,post_126,1,10,ayarlarını,TR,,O
7513,post_126,1,11,bölümüne,TR,,O
7514,post_126,1,12,girin,TR,,O
7515,post_126,1,13,nokta,TR,,O
7516,post_126,1,14,sembolü,TR,,O
7517,post_126,1,15,çıkar,TR,,O
7518,post_126,1,16,oraya,TR,,O
7519,post_126,1,17,tıklayın,TR,,O
7520,post_126,1,18,sonra,TR,,O
7521,post_126,1,19,why,EN,,O
7522,post_126,1,20,this,EN,,O
7523,post_126,1,21,ad,EN,,O
7524,post_126,1,22,diyor,TR,,O
7525,post_126,1,23,ona,TR,,O
7526,post_126,1,24,tıklayıp,TR,,O
7527,post_126,1,25,ad,EN,,O
7528,post_126,1,26,settings'e,MIXED,MIXED,O
7529,post_126,1,27,girin,TR,,O
7530,post_126,1,28,karşınıza,TR,,O
7531,post_126,1,29,gelecek,TR,,O
7532,post_126,1,30,iki,TR,,O
7533,post_126,1,31,ayarı,TR,,O
7534,post_126,1,32,"kapatın,",TR,,O
7535,post_126,1,33,daha,TR,,O
7536,post_126,1,34,sonra,TR,,O
7537,post_126,1,35,bu,TR,,O
7538,post_126,1,36,reklam,TR,,O
7539,post_126,1,37,çıkmıyor,TR,,O
7540,post_126,1,38,tik,NE,,B-PROD
7541,post_126,1,39,tok,NE,,I-PROD
7542,post_126,1,40,reklamı,TR,,O
7543,post_126,1,41,çıktığında,TR,,O
7544,post_126,1,42,yapmıştım,TR,,O
7545,post_126,1,43,tabii,TR,,O
7546,post_126,1,44,bunu,TR,,O
7547,post_126,1,45,yapmanız,TR,,O
7548,post_126,1,46,için,TR,,O
7549,post_126,1,47,google,NE,,B-PROD
7550,post_126,1,48,(youtube),NE,,B-PROD
7551,post_126,1,49,hesabınızdan,TR,,O
7552,post_126,1,50,giriş,TR,,O
7553,post_126,1,51,yapmış,TR,,O
7554,post_126,1,52,olmanız,TR,,O
7555,post_126,1,53,gerekli,TR,,O
7556,post_126,1,54,düzenleme,TR,,O
7557,post_126,1,55,pc,EN,,O
7558,post_126,1,56,kullanıcıları,TR,,O
7559,post_126,1,57,ad,EN,,O
7560,post_126,1,58,blocker,EN,,O
7561,post_126,1,59,uygulamaları,TR,,O
7562,post_126,1,60,ile,TR,,O
7563,post_126,1,61,kurtulabilirler,TR,,O
7564,post_126,1,62,ama,TR,,O
7565,post_126,1,63,mobil,TR,,O
7566,post_126,1,64,için,TR,,O
7567,post_126,1,65,(android'de,NE,MIXED,B-PROD
7568,post_126,1,66,ek,TR,,O
7569,post_126,1,67,uygulama,TR,,O
7570,post_126,1,68,var,TR,,O
7571,post_126,1,69,mı,TR,,O
7572,post_126,1,70,bilmiyorum),TR,,O
7573,post_126,1,71,youtube,NE,,B-PROD
7574,post_126,1,72,uygulamasında,TR,,O
7575,post_126,1,73,reklam,TR,,O
7576,post_126,1,74,görmek,TR,,O
7577,post_126,1,75,kaçınılmazdır,TR,,O
7578,post_127,1,0,kisilestirirsek,TR,,O
7579,post_127,1,1,"""just",EN,,O
7580,post_127,1,2,wait,EN,,O
7581,post_127,1,3,till,EN,,O
7582,post_127,1,4,the,EN,,O
7583,post_127,1,5,jujuman,EN,,O
7584,post_127,1,6,comes,EN,,O
7585,post_127,1,7,for,EN,,O
7586,post_127,1,8,"you""",EN,,O
7587,post_127,1,9,sozlerindeki,TR,,O
7588,post_127,1,10,"""jujuman"",",EN,,O
7589,post_127,1,11,"buyucu,",TR,,O
7590,post_127,1,12,gelecegi,TR,,O
7591,post_127,1,13,vakit,TR,,O
7592,post_127,1,14,"beklenen,",TR,,O
7593,post_127,1,15,gidecegi,TR,,O
7594,post_127,1,16,vakit,TR,,O
7595,post_127,1,17,bilinmeyen,TR,,O
7596,post_127,1,18,bisi,TR,,O
7597,post_128,1,0,çok,TR,,O
7598,post_128,1,1,şahane,TR,,O
7599,post_128,1,2,yayıncıları,TR,,O
7600,post_128,1,3,barındıran,TR,,O
7601,post_128,1,4,platform,AMBIGUOUS,,O
7602,post_128,1,5,bu,TR,,O
7603,post_128,1,6,ara,TR,,O
7604,post_128,1,7,it,EN,,O
7605,post_128,1,8,security,EN,,O
7606,post_128,1,9,olayına,TR,,O
7607,post_128,1,10,kafayı,TR,,O
7608,post_128,1,11,taktım,TR,,O
7609,post_128,1,12,birkaç,TR,,O
7610,post_128,1,13,adam,TR,,O
7611,post_128,1,14,gayet,TR,,O
7612,post_128,1,15,enerjik,TR,,O
7613,post_128,1,16,bir,TR,,O
7614,post_128,1,17,şekilde,TR,,O
7615,post_128,1,18,bildiklerini,TR,,O
7616,post_128,1,19,sular,TR,,O
7617,post_128,1,20,seller,EN,,O
7618,post_128,1,21,gibi,TR,,O
7619,post_128,1,22,anlatıyor,TR,,O
7620,post_128,1,23,sırf,TR,,O
7621,post_128,1,24,bu,TR,,O
7622,post_128,1,25,yüzden,TR,,O
7623,post_128,1,26,istemesem,TR,,O
7624,post_128,1,27,de,TR,,O
7625,post_128,1,28,dahil,TR,,O
7626,post_128,1,29,oldum,TR,,O
7627,post_128,1,30,buraya,TR,,O
7628,post_129,1,0,çağın,TR,,O
7629,post_129,1,1,şirketi,TR,,O
7630,post_129,1,2,techbro'ların,MIXED,MIXED,O
7631,post_129,1,3,elinde,TR,,O
7632,post_129,1,4,oyuncak,TR,,O
7633,post_129,1,5,o,TR,,O
7634,post_129,1,6,biraz,TR,,O
7635,post_129,1,7,şey,TR,,O
7636,post_130,1,0,bu,TR,,O
7637,post_130,1,1,sezonunda,TR,,O
7638,post_130,1,2,da,TR,,O
7639,post_130,1,3,high,EN,,O
7640,post_130,1,4,definition,EN,,O
7641,post_130,1,5,yayın,TR,,O
7642,post_130,1,6,yapılmayacak,TR,,O
7643,post_130,1,7,organizasyon,TR,,O
7644,post_130,1,8,dünya,TR,,O
7645,post_130,1,9,üzerinde,TR,,O
7646,post_130,1,10,böyle,TR,,O
7647,post_130,1,11,bir,TR,,O
7648,post_130,1,12,çapta,TR,,O
7649,post_130,1,13,izleyici,TR,,O
7650,post_130,1,14,kitlesine,TR,,O
7651,post_130,1,15,ulaşıpta,TR,,O
7652,post_130,1,16,hd,EN,,O
7653,post_130,1,17,yayın,TR,,O
7654,post_130,1,18,yapmayan,TR,,O
7655,post_130,1,19,tek,TR,,O
7656,post_130,1,20,organizasyon,TR,,O
7657,post_130,1,21,olması,TR,,O
7658,post_130,1,22,muhtemel,TR,,O
7659,post_130,1,23,edit,EN,,O
7660,post_130,1,24,anladığım,TR,,O
7661,post_130,1,25,kadarıyla,TR,,O
7662,post_130,1,26,hd,EN,,O
7663,post_130,1,27,yayın,TR,,O
7664,post_130,1,28,fom'un,NE,MIXED,B-ORG
7665,post_130,1,29,nasıl,TR,,O
7666,post_130,1,30,yayın,TR,,O
7667,post_130,1,31,yaptığına,TR,,O
7668,post_130,1,32,ve,TR,,O
7669,post_130,1,33,arada,TR,,O
7670,post_130,1,34,fuji,NE,,B-ORG
7671,post_130,1,35,tv,NE,,I-ORG
7672,post_130,1,36,gibi,TR,,O
7673,post_130,1,37,kendi,TR,,O
7674,post_130,1,38,çekimini,TR,,O
7675,post_130,1,39,hd,EN,,O
7676,post_130,1,40,yapıp,TR,,O
7677,post_130,1,41,dünyaya,TR,,O
7678,post_130,1,42,gönderen,TR,,O
7679,post_130,1,43,kanallara,TR,,O
7680,post_130,1,44,bağlıymış,TR,,O
7681,post_130,1,45,ve,TR,,O
7682,post_130,1,46,fom'un,NE,MIXED,B-ORG
7683,post_130,1,47,hd,EN,,O
7684,post_130,1,48,yayın,TR,,O
7685,post_130,1,49,yapma,TR,,O
7686,post_130,1,50,gibi,TR,,O
7687,post_130,1,51,bir,TR,,O
7688,post_130,1,52,planı,TR,,O
7689,post_130,1,53,yokmuş,TR,,O
7690,post_130,1,54,mademli,TR,,O
7691,post_130,1,55,bagnum'a,TR,,O
7692,post_130,1,56,teşekkürler,TR,,O
7693,post_131,1,0,bi,TR,,O
7694,post_131,1,1,konu,TR,,O
7695,post_131,1,2,hakkında,TR,,O
7696,post_131,1,3,arama,TR,,O
7697,post_131,1,4,"yaptığınızda,",TR,,O
7698,post_131,1,5,siz,TR,,O
7699,post_131,1,6,okurken,TR,,O
7700,post_131,1,7,yeni,TR,,O
7701,post_131,1,8,gelen,TR,,O
7702,post_131,1,9,mesajları,TR,,O
7703,post_131,1,10,üstte,TR,,O
7704,post_131,1,11,"""xx",TR,,O
7705,post_131,1,12,more,EN,,O
7706,post_131,1,13,results,EN,,O
7707,post_131,1,14,since,EN,,O
7708,post_131,1,15,you,EN,,O
7709,post_131,1,16,started,EN,,O
7710,post_131,1,17,searching,EN,,O
7711,post_131,1,18,refresh,EN,,O
7712,post_131,1,19,to,EN,,O
7713,post_131,1,20,see,EN,,O
7714,post_131,1,21,them,EN,,O
7715,post_131,1,22,notuyla,TR,,O
7716,post_131,1,23,iletir,TR,,O
7717,post_131,1,24,ama,TR,,O
7718,post_131,1,25,bunları,TR,,O
7719,post_131,1,26,otomatik,TR,,O
7720,post_131,1,27,yükleyemez,TR,,O
7721,post_131,1,28,oldu,TR,,O
7722,post_131,1,29,paşam,TR,,O
7723,post_132,1,0,sadece,TR,,O
7724,post_132,1,1,sitcomları,MIXED,MIXED,O
7725,post_132,1,2,için,TR,,O
7726,post_132,1,3,üye,TR,,O
7727,post_132,1,4,olduğum,TR,,O
7728,post_132,1,5,platform,AMBIGUOUS,,O
7729,post_132,1,6,seinfeld,NE,,B-TITLE
7730,post_132,1,7,the,NE,,B-TITLE
7731,post_132,1,8,office,NE,,I-TITLE
7732,post_132,1,9,parks,NE,,B-TITLE
7733,post_132,1,10,and,NE,,I-TITLE
7734,post_132,1,11,recreation,NE,,I-TITLE
7735,post_132,1,12,community,NE,,B-TITLE
7736,post_132,1,13,bir,TR,,O
7737,post_132,1,14,de,TR,,O
7738,post_132,1,15,şunların,TR,,O
7739,post_132,1,16,yanına,TR,,O
7740,post_132,1,17,friends,NE,,B-TITLE
7741,post_132,1,18,ekleseniz,TR,,O
7742,post_132,1,19,ölene,TR,,O
7743,post_132,1,20,kadar,TR,,O
7744,post_132,1,21,sizdeyim,TR,,O
7745,post_133,1,0,shazam'la,NE,MIXED,B-PROD
7746,post_133,1,1,bağlantısı,TR,,O
7747,post_133,1,2,süper,TR,,O
7748,post_133,1,3,pratik,TR,,O
7749,post_133,1,4,olan,TR,,O
7750,post_133,1,5,harika,TR,,O
7751,post_133,1,6,şey,TR,,O
7752,post_133,1,7,hele,TR,,O
7753,post_133,1,8,de,TR,,O
7754,post_133,1,9,offline,EN,,O
7755,post_133,1,10,dinleme,TR,,O
7756,post_133,1,11,olayı,TR,,O
7757,post_133,1,12,var,TR,,O
7758,post_133,1,13,ya,TR,,O
7759,post_133,1,14,tadından,TR,,O
7760,post_133,1,15,denmez,TR,,O
7761,post_133,1,16,iyi,TR,,O
7762,post_133,1,17,ki,TR,,O
7763,post_133,1,18,geldi,TR,,O
7764,post_133,1,19,türkiye'ye,NE,MIXED,B-LOC
7765,post_133,1,20,valla,TR,,O
7766,post_134,1,0,mira,NE,,B-PER
7767,post_134,1,1,murati,NE,,I-PER
7768,post_134,1,2,(cto)'dan,MIXED,MIXED,O
7769,post_134,1,3,sonra,TR,,O
7770,post_134,1,4,bob,NE,,B-PER
7771,post_134,1,5,mcgrew,NE,,I-PER
7772,post_134,1,6,(chief,EN,,O
7773,post_134,1,7,research,EN,,O
7774,post_134,1,8,officer),EN,,O
7775,post_134,1,9,da,TR,,O
7776,post_134,1,10,güle,TR,,O
7777,post_134,1,11,güle,TR,,O
7778,post_134,1,12,demiş:,TR,,O
7779,post_134,1,13,bir,TR,,O
7780,post_134,1,14,şeyler,TR,,O
7781,post_134,1,15,"oluyor,",TR,,O
7782,post_134,1,16,içerisi,TR,,O
7783,post_134,1,17,kaynıyor,TR,,O
7784,post_134,1,18,ama,TR,,O
7785,post_134,1,19,kimse,TR,,O
7786,post_134,1,20,çıkıp,TR,,O
7787,post_134,1,21,kral,TR,,O
7788,post_134,1,22,çıplak,TR,,O
7789,post_134,1,23,demiyor,TR,,O
7790,post_135,1,0,onlar,TR,,O
7791,post_135,1,1,varken,TR,,O
7792,post_135,1,2,bile,TR,,O
7793,post_135,1,3,zor,TR,,O
7794,post_135,1,4,tahammül,TR,,O
7795,post_135,1,5,edilen,TR,,O
7796,post_135,1,6,bu,TR,,O
7797,post_135,1,7,dünya,TR,,O
7798,post_135,1,8,olmasalardı,TR,,O
7799,post_135,1,9,hepten,TR,,O
7800,post_135,1,10,çekilmez,TR,,O
7801,post_135,1,11,olurdu,TR,,O
7802,post_135,1,12,iyi,TR,,O
7803,post_135,1,13,ki,TR,,O
7804,post_135,1,14,varsınız,TR,,O
7805,post_135,1,15,james,NE,,B-PER
7806,post_135,1,16,bond'un,NE,MIXED,I-PER
7807,post_135,1,17,da,TR,,O
7808,post_135,1,18,her,TR,,O
7809,post_135,1,19,zaman,TR,,O
7810,post_135,1,20,söylediği,TR,,O
7811,post_135,1,21,gibi,TR,,O
7812,post_135,1,22,"""bir",TR,,O
7813,post_135,1,23,çift,TR,,O
7814,post_135,1,24,asla,TR,,O
7815,post_135,1,25,yetmez,TR,,O
7816,post_135,1,26,one,EN,,O
7817,post_135,1,27,pair,EN,,O
7818,post_135,1,28,is,EN,,O
7819,post_135,1,29,not,EN,,O
7820,post_135,1,30,"enough""",EN,,O
7821,post_136,1,0,insanların,TR,,O
7822,post_136,1,1,düşüncelerini,TR,,O
7823,post_136,1,2,belirtmesi,TR,,O
7824,post_136,1,3,için,TR,,O
7825,post_136,1,4,değil,TR,,O
7826,post_136,1,5,echo,EN,,O
7827,post_136,1,6,chamber,EN,,O
7828,post_136,1,7,kurması,TR,,O
7829,post_136,1,8,için,TR,,O
7830,post_136,1,9,yapılmış,TR,,O
7831,post_136,1,10,websitesidir,MIXED,MIXED,O
7832,post_136,1,11,r/geopolitics'de,NE,MIXED,B-PROD
7833,post_136,1,12,türkiye,TR,,O
7834,post_136,1,13,haklında,TR,,O
7835,post_136,1,14,yapılan,TR,,O
7836,post_136,1,15,ikiyüzlülük,TR,,O
7837,post_136,1,16,hakkında,TR,,O
7838,post_136,1,17,bir,TR,,O
7839,post_136,1,18,paylaşım,TR,,O
7840,post_136,1,19,yapmamın,TR,,O
7841,post_136,1,20,ardından,TR,,O
7842,post_136,1,21,çeşitli,TR,,O
7843,post_136,1,22,bahanelerle,TR,,O
7844,post_136,1,23,paylaşımımın,TR,,O
7845,post_136,1,24,kaldırılıp,TR,,O
7846,post_136,1,25,itiraz,TR,,O
7847,post_136,1,26,edince,TR,,O
7848,post_136,1,27,de,TR,,O
7849,post_136,1,28,komple,TR,,O
7850,post_136,1,29,subreddit'den,MIXED,MIXED,O
7851,post_136,1,30,banlanmam,TR,,O
7852,post_136,1,31,buna,TR,,O
7853,post_136,1,32,örnektir,TR,,O
7854,post_137,1,0,followers,EN,,O
7855,post_137,1,1,kısmında,TR,,O
7856,post_137,1,2,bir,TR,,O
7857,post_137,1,3,bug,EN,,O
7858,post_137,1,4,olduğunu,TR,,O
7859,post_137,1,5,düşündüğüm,TR,,O
7860,post_137,1,6,popüler,TR,,O
7861,post_137,1,7,sosyal,TR,,O
7862,post_137,1,8,paylaşım,TR,,O
7863,post_137,1,9,sitesi,TR,,O
7864,post_137,1,10,şöyle;,TR,,O
7865,post_137,1,11,ne,TR,,O
7866,post_137,1,12,zamandır,TR,,O
7867,post_137,1,13,dikkat,TR,,O
7868,post_137,1,14,ediyorum,TR,,O
7869,post_137,1,15,beni,TR,,O
7870,post_137,1,16,takip,TR,,O
7871,post_137,1,17,edenlerin,TR,,O
7872,post_137,1,18,sayısı,TR,,O
7873,post_137,1,19,çoğu,TR,,O
7874,post_137,1,20,zaman,TR,,O
7875,post_137,1,21,olarak,TR,,O
7876,post_137,1,22,görünüyor,TR,,O
7877,post_137,1,23,her,TR,,O
7878,post_137,1,24,defasında,TR,,O
7879,post_137,1,25,değil,TR,,O
7880,post_137,1,26,ama,TR,,O
7881,post_137,1,27,genel,TR,,O
7882,post_137,1,28,olarak,TR,,O
7883,post_137,1,29,böyle,TR,,O
7884,post_137,1,30,sonra,TR,,O
7885,post_137,1,31,"tıklayıp,",TR,,O
7886,post_137,1,32,acaba,TR,,O
7887,post_137,1,33,yeni,TR,,O
7888,post_137,1,34,biri,TR,,O
7889,post_137,1,35,mi,TR,,O
7890,post_137,1,36,takip,TR,,O
7891,post_137,1,37,listesine,TR,,O
7892,post_137,1,38,ekledi,TR,,O
7893,post_137,1,39,diye,TR,,O
7894,post_137,1,40,baktığımda,TR,,O
7895,post_137,1,41,ise,TR,,O
7896,post_137,1,42,gerçek,TR,,O
7897,post_137,1,43,sayıyı,TR,,O
7898,post_137,1,44,görüyorum,TR,,O
7899,post_137,1,45,bu,TR,,O
7900,post_137,1,46,durumu,TR,,O
7901,post_137,1,47,hala,TR,,O
7902,post_137,1,48,tam,TR,,O
7903,post_137,1,49,çözebilmiş,TR,,O
7904,post_137,1,50,değilim,TR,,O
7905,post_138,1,0,i,EN,,O
7906,post_138,1,1,have,EN,,O
7907,post_138,1,2,no,EN,,O
7908,post_138,1,3,past,EN,,O
7909,post_138,1,4,without,EN,,O
7910,post_138,1,5,you,EN,,O
7911,post_138,1,6,i,EN,,O
7912,post_138,1,7,have,EN,,O
7913,post_138,1,8,no,EN,,O
7914,post_138,1,9,present,EN,,O
7915,post_138,1,10,with,EN,,O
7916,post_138,1,11,you,EN,,O
7917,post_138,1,12,all,EN,,O
7918,post_138,1,13,i,EN,,O
7919,post_138,1,14,"have,",EN,,O
7920,post_138,1,15,is,EN,,O
7921,post_138,1,16,a,EN,,O
7922,post_138,1,17,future;,EN,,O
7923,post_138,1,18,with,EN,,O
7924,post_138,1,19,you,EN,,O
7925,post_138,1,20,"fuck,",EN,,O
7926,post_138,1,21,i,EN,,O
7927,post_138,1,22,don't,EN,,O
7928,post_138,1,23,know,EN,,O
7929,post_138,1,24,"anything,",EN,,O
7930,post_138,1,25,but,EN,,O
7931,post_138,1,26,i'm,EN,,O
7932,post_138,1,27,more,EN,,O
7933,post_138,1,28,than,EN,,O
7934,post_138,1,29,willing,EN,,O
7935,post_138,1,30,to,EN,,O
7936,post_138,1,31,take,EN,,O
7937,post_138,1,32,a,EN,,O
7938,post_138,1,33,chance,EN,,O
7939,post_138,1,34,buymus,TR,,O
7940,post_139,1,0,friendfeed,NE,,B-PROD
7941,post_139,1,1,ile,TR,,O
7942,post_139,1,2,karşılaştırılması,TR,,O
7943,post_139,1,3,gereksiz,TR,,O
7944,post_139,1,4,bir,TR,,O
7945,post_139,1,5,sitedir,TR,,O
7946,post_139,1,6,twitter,NE,,B-PROD
7947,post_139,1,7,hem,TR,,O
7948,post_139,1,8,işlevsellik,TR,,O
7949,post_139,1,9,hem,TR,,O
7950,post_139,1,10,de,TR,,O
7951,post_139,1,11,dünya,TR,,O
7952,post_139,1,12,tarafından,TR,,O
7953,post_139,1,13,kullanılma,TR,,O
7954,post_139,1,14,yüzdesi,TR,,O
7955,post_139,1,15,ile,TR,,O
7956,post_139,1,16,fark,TR,,O
7957,post_139,1,17,atar,TR,,O
7958,post_139,1,18,örnek,TR,,O
7959,post_139,1,19,"olarak,",TR,,O
7960,post_139,1,20,miranda,NE,,B-PROD
7961,post_139,1,21,ile,TR,,O
7962,post_139,1,22,windows,NE,,B-PROD
7963,post_139,1,23,live,NE,,I-PROD
7964,post_139,1,24,messenger,NE,,I-PROD
7965,post_139,1,25,karşılaştırması,TR,,O
7966,post_139,1,26,"gibidir,",TR,,O
7967,post_139,1,27,wlm,NE,,B-PROD
7968,post_139,1,28,her,TR,,O
7969,post_139,1,29,şekilde,TR,,O
7970,post_139,1,30,sağlam,TR,,O
7971,post_139,1,31,fark,TR,,O
7972,post_139,1,32,atar,TR,,O
7973,post_139,1,33,yani,TR,,O
7974,post_139,1,34,diyeceksin,TR,,O
7975,post_139,1,35,"ki,",TR,,O
7976,post_139,1,36,"""fazla",TR,,O
7977,post_139,1,37,kişinin,TR,,O
7978,post_139,1,38,kullanması,TR,,O
7979,post_139,1,39,onu,TR,,O
7980,post_139,1,40,güzel,TR,,O
7981,post_139,1,41,yapmaz,TR,,O
7982,post_139,1,42,"ki.""",TR,,O
7983,post_139,1,43,nebuch,NE,,B-PER
7984,post_139,1,44,durur,TR,,O
7985,post_139,1,45,mu,TR,,O
7986,post_139,1,46,hemen,TR,,O
7987,post_139,1,47,yapıştırmış,TR,,O
7988,post_139,1,48,cevabı;,TR,,O
7989,post_139,1,49,"""lan",TR,,O
7990,post_139,1,50,"dallama,",TR,,O
7991,post_139,1,51,bir,TR,,O
7992,post_139,1,52,sosyal,TR,,O
7993,post_139,1,53,medya,TR,,O
7994,post_139,1,54,platformunun,TR,,O
7995,post_139,1,55,en,TR,,O
7996,post_139,1,56,önemli,TR,,O
7997,post_139,1,57,özelliği,TR,,O
7998,post_139,1,58,onu,TR,,O
7999,post_139,1,59,kullanan,TR,,O
8000,post_139,1,60,kişi,TR,,O
8001,post_139,1,61,sayısıdır,TR,,O
8002,post_139,1,62,aktif,TR,,O
8003,post_139,1,63,üye,TR,,O
8004,post_139,1,64,sayısıdır,TR,,O
8005,post_139,1,65,twitter'da,NE,MIXED,B-PROD
8006,post_139,1,66,hugo,NE,,B-PER
8007,post_139,1,67,chavez,NE,,I-PER
8008,post_139,1,68,bile,TR,,O
8009,post_139,1,69,var,TR,,O
8010,post_139,1,70,friendfeed'de,NE,MIXED,B-PROD
8011,post_139,1,71,kim,TR,,O
8012,post_139,1,72,var,TR,,O
8013,post_139,1,73,bir,TR,,O
8014,post_139,1,74,avuç,TR,,O
8015,post_139,1,75,foto,TR,,O
8016,post_139,1,76,altı,TR,,O
8017,post_139,1,77,"yorumcusu.""",TR,,O
8018,post_139,1,78,şunun,TR,,O
8019,post_139,1,79,adına,TR,,O
8020,post_139,1,80,"""ben",TR,,O
8021,post_139,1,81,karakterde,TR,,O
8022,post_139,1,82,güzel,TR,,O
8023,post_139,1,83,şeyler,TR,,O
8024,post_139,1,84,yazıp,TR,,O
8025,post_139,1,85,takipçi,TR,,O
8026,post_139,1,86,toplayamıyorum,TR,,O
8027,post_139,1,87,o,TR,,O
8028,post_139,1,88,yüzden,TR,,O
8029,post_139,1,89,feed'lere,MIXED,MIXED,O
8030,post_139,1,90,yorum,TR,,O
8031,post_139,1,91,yapılan,TR,,O
8032,post_139,1,92,bu,TR,,O
8033,post_139,1,93,siteyi,TR,,O
8034,post_139,1,94,"seçtim""",TR,,O
8035,post_139,1,95,de,TR,,O
8036,post_139,1,96,madem,TR,,O
8037,post_139,1,97,okudun,TR,,O
8038,post_139,1,98,al,TR,,O
8039,post_139,1,99,izle,TR,,O
8040,post_139,1,100,beni:,TR,,O
8041,post_140,1,0,google,NE,,B-PROD
8042,post_140,1,1,"earth,",NE,,I-PROD
8043,post_140,1,2,google,NE,,B-ORG
8044,post_140,1,3,"moon,",EN,,O
8045,post_140,1,4,google,NE,,B-ORG
8046,post_140,1,5,mars,EN,,O
8047,post_140,1,6,gibi,TR,,O
8048,post_140,1,7,atraksiyonlarindan,TR,,O
8049,post_140,1,8,"sonra,",TR,,O
8050,post_140,1,9,yakinda,TR,,O
8051,post_140,1,10,cennet,TR,,O
8052,post_140,1,11,ve,TR,,O
8053,post_140,1,12,cehennemden,TR,,O
8054,post_140,1,13,preview,EN,,O
8055,post_140,1,14,almamizi,TR,,O
8056,post_140,1,15,sagliycak,TR,,O
8057,post_140,1,16,olan,TR,,O
8058,post_140,1,17,arama,TR,,O
8059,post_140,1,18,motoru,TR,,O
8060,post_140,1,19,amacli,TR,,O
8061,post_140,1,20,"hazirlanmi$,",TR,,O
8062,post_140,1,21,a$mi$,TR,,O
8063,post_140,1,22,hadise,TR,,O
8064,post_141,1,0,siz,TR,,O
8065,post_141,1,1,gene,TR,,O
8066,post_141,1,2,de,TR,,O
8067,post_141,1,3,saatlik,TR,,O
8068,post_141,1,4,eğitim,TR,,O
8069,post_141,1,5,videosunu,TR,,O
8070,post_141,1,6,bi,TR,,O
8071,post_141,1,7,izleyin,TR,,O
8072,post_141,1,8,"derim,",TR,,O
8073,post_141,1,9,hele,TR,,O
8074,post_141,1,10,şükür,TR,,O
8075,post_141,1,11,bulmuşmuş,TR,,O
8076,post_141,1,12,sanki,TR,,O
8077,post_141,1,13,gizli,TR,,O
8078,post_141,1,14,bilgi,TR,,O
8079,post_141,1,15,amk,TR,,O
8080,post_141,1,16,bir,TR,,O
8081,post_141,1,17,de,TR,,O
8082,post_141,1,18,o,TR,,O
8083,post_141,1,19,bitcoin,NE,,B-PROD
8084,post_141,1,20,"için,",TR,,O
8085,post_141,1,21,sen,TR,,O
8086,post_141,1,22,blockchain'i,EN,,O
8087,post_141,1,23,nasıl,TR,,O
8088,post_141,1,24,kullanmak,TR,,O
8089,post_141,1,25,istiyorsan,TR,,O
8090,post_141,1,26,öyle,TR,,O
8091,post_141,1,27,kullan,TR,,O
8092,post_141,1,28,decentralized,EN,,O
8093,post_141,1,29,olmak,TR,,O
8094,post_141,1,30,zorunda,TR,,O
8095,post_141,1,31,değil,TR,,O
8096,post_141,1,32,zaten,TR,,O
8097,post_141,1,33,ama,TR,,O
8098,post_141,1,34,olsun,TR,,O
8099,post_141,1,35,istiyorsan,TR,,O
8100,post_141,1,36,da,TR,,O
8101,post_141,1,37,buna,TR,,O
8102,post_141,1,38,imkan,TR,,O
8103,post_141,1,39,tanıyor,TR,,O
8104,post_141,1,40,çünkü,TR,,O
8105,post_141,1,41,tüm,TR,,O
8106,post_141,1,42,olayı,TR,,O
8107,post_141,1,43,elindeki,TR,,O
8108,post_141,1,44,kopyanın,TR,,O
8109,post_141,1,45,gerçek,TR,,O
8110,post_141,1,46,olup,TR,,O
8111,post_141,1,47,olmadığını,TR,,O
8112,post_141,1,48,bilme,TR,,O
8113,post_141,1,49,yolu,TR,,O
8114,post_141,1,50,vermesi,TR,,O
8115,post_141,1,51,ilk,TR,,O
8116,post_141,1,52,ip,EN,,O
8117,post_141,1,53,adresine,TR,,O
8118,post_141,1,54,mecbur,TR,,O
8119,post_141,1,55,tutunma,TR,,O
8120,post_141,1,56,diye,TR,,O
8121,post_141,1,57,bir,TR,,O
8122,post_141,1,58,şey,TR,,O
8123,post_141,1,59,"yok,",TR,,O
8124,post_141,1,60,öyle,TR,,O
8125,post_141,1,61,olsa,TR,,O
8126,post_141,1,62,ilk,TR,,O
8127,post_141,1,63,ip'deki,EN,,O
8128,post_141,1,64,bilgisayarın,TR,,O
8129,post_141,1,65,elektriğini,TR,,O
8130,post_141,1,66,kesince,TR,,O
8131,post_141,1,67,sistem,TR,,O
8132,post_141,1,68,çökerdi,TR,,O
8133,post_141,1,69,onun,TR,,O
8134,post_141,1,70,yerine,TR,,O
8135,post_141,1,71,bilinen,TR,,O
8136,post_141,1,72,node'ları,EN,,O
8137,post_141,1,73,bir,TR,,O
8138,post_141,1,74,birine,TR,,O
8139,post_141,1,75,duyurma,TR,,O
8140,post_141,1,76,sistemi,TR,,O
8141,post_141,1,77,var,TR,,O
8142,post_141,1,78,decentralized'tan,MIXED,MIXED,O
8143,post_141,1,79,kasıt,TR,,O
8144,post_141,1,80,merkezi,TR,,O
8145,post_141,1,81,kontrol,TR,,O
8146,post_141,1,82,"olmaması,",TR,,O
8147,post_141,1,83,yoksa,TR,,O
8148,post_141,1,84,insanlık,TR,,O
8149,post_141,1,85,namına,TR,,O
8150,post_141,1,86,blockchain,EN,,O
8151,post_141,1,87,host,EN,,O
8152,post_141,1,88,et,TR,,O
8153,post_141,1,89,herkes,TR,,O
8154,post_141,1,90,senden,TR,,O
8155,post_141,1,91,çeksin,TR,,O
8156,post_141,1,92,bilmem,TR,,O
8157,post_141,1,93,kaç,TR,,O
8158,post_141,1,94,gb,TR,,O
8159,post_141,1,95,blockchain'i,MIXED,MIXED,O
8160,post_141,1,96,keyfin,TR,,O
8161,post_141,1,97,bilir,TR,,O
8162,post_141,1,98,olayın,TR,,O
8163,post_141,1,99,özü,TR,,O
8164,post_141,1,100,elden,TR,,O
8165,post_141,1,101,ele,TR,,O
8166,post_141,1,102,block,EN,,O
8167,post_141,1,103,zinciri,TR,,O
8168,post_141,1,104,verisini,TR,,O
8169,post_141,1,105,iletmek,TR,,O
8170,post_141,1,106,bunun,TR,,O
8171,post_141,1,107,mekanikleri,TR,,O
8172,post_141,1,108,çok,TR,,O
8173,post_141,1,109,önemli,TR,,O
8174,post_141,1,110,"değil,",TR,,O
8175,post_141,1,111,bugün,TR,,O
8176,post_141,1,112,böyledir,TR,,O
8177,post_141,1,113,yarın,TR,,O
8178,post_141,1,114,başka,TR,,O
8179,post_141,1,115,bir,TR,,O
8180,post_141,1,116,şekilde,TR,,O
8181,post_141,1,117,olur,TR,,O
8182,post_141,1,118,önemli,TR,,O
8183,post_141,1,119,olan,TR,,O
8184,post_141,1,120,siz,TR,,O
8185,post_141,1,121,mining,EN,,O
8186,post_141,1,122,yapıyorsanız,TR,,O
8187,post_141,1,123,ve,TR,,O
8188,post_141,1,124,block,EN,,O
8189,post_141,1,125,bulduysanız,TR,,O
8190,post_141,1,126,bunu,TR,,O
8191,post_141,1,127,başkası,TR,,O
8192,post_141,1,128,da,TR,,O
8193,post_141,1,129,block,EN,,O
8194,post_141,1,130,bulmadan,TR,,O
8195,post_141,1,131,olabildiğince,TR,,O
8196,post_141,1,132,kişiye,TR,,O
8197,post_141,1,133,duyurmak,TR,,O
8198,post_141,1,134,başkası,TR,,O
8199,post_141,1,135,da,TR,,O
8200,post_141,1,136,block,EN,,O
8201,post_141,1,137,bulursa,TR,,O
8202,post_141,1,138,rakip,TR,,O
8203,post_141,1,139,oluyorsunuz,TR,,O
8204,post_141,1,140,ve,TR,,O
8205,post_141,1,141,cü,TR,,O
8206,post_141,1,142,block'u,EN,,O
8207,post_141,1,143,bulan,TR,,O
8208,post_141,1,144,kişi,TR,,O
8209,post_141,1,145,hanginizi,TR,,O
8210,post_141,1,146,kaale,TR,,O
8211,post_141,1,147,alırsa,TR,,O
8212,post_141,1,148,o,TR,,O
8213,post_141,1,149,kazanıyor,TR,,O
8214,post_141,1,150,coinleri,MIXED,MIXED,O
8215,post_141,1,151,çünkü,TR,,O
8216,post_141,1,152,en,TR,,O
8217,post_141,1,153,uzun,TR,,O
8218,post_141,1,154,zincire,TR,,O
8219,post_141,1,155,girmiş,TR,,O
8220,post_141,1,156,oluyor,TR,,O
8221,post_141,1,157,çünkü,TR,,O
8222,post_141,1,158,neden,TR,,O
8223,post_141,1,159,çünkü,TR,,O
8224,post_141,1,160,tüm,TR,,O
8225,post_141,1,161,olay,TR,,O
8226,post_141,1,162,o,TR,,O
8227,post_141,1,163,veri,TR,,O
8228,post_141,1,164,zincirine,TR,,O
8229,post_141,1,165,yeni,TR,,O
8230,post_141,1,166,bir,TR,,O
8231,post_141,1,167,halka,TR,,O
8232,post_141,1,168,daha,TR,,O
8233,post_141,1,169,eklemek,TR,,O
8234,post_141,1,170,o,TR,,O
8235,post_141,1,171,veri,TR,,O
8236,post_141,1,172,zincirinin,TR,,O
8237,post_141,1,173,iletimi,TR,,O
8238,post_141,1,174,v.s,TR,,O
8239,post_141,1,175,alakasız,TR,,O
8240,post_141,1,176,konular,TR,,O
8241,post_141,1,177,bugün,TR,,O
8242,post_141,1,178,internet,TR,,O
8243,post_141,1,179,yaygın,TR,,O
8244,post_141,1,180,olduğu,TR,,O
8245,post_141,1,181,için,TR,,O
8246,post_141,1,182,internetten,TR,,O
8247,post_141,1,183,iletiliyor,TR,,O
8248,post_141,1,184,ya,TR,,O
8249,post_141,1,185,zaten,TR,,O
8250,post_141,1,186,webçi,TR,,O
8251,post_141,1,187,aklınızla,TR,,O
8252,post_141,1,188,matematikçi,TR,,O
8253,post_141,1,189,işine,TR,,O
8254,post_141,1,190,karışmayın,TR,,O
8255,post_142,1,0,kullanım,TR,,O
8256,post_142,1,1,oranı,TR,,O
8257,post_142,1,2,her,TR,,O
8258,post_142,1,3,yıl,TR,,O
8259,post_142,1,4,artan,TR,,O
8260,post_142,1,5,programlama,TR,,O
8261,post_142,1,6,dili,TR,,O
8262,post_142,1,7,özellikle,TR,,O
8263,post_142,1,8,web,AMBIGUOUS,,O
8264,post_142,1,9,tabanlı,TR,,O
8265,post_142,1,10,uygulama,TR,,O
8266,post_142,1,11,geliştiricilerinin,TR,,O
8267,post_142,1,12,gözdesi,TR,,O
8268,post_142,1,13,python,NE,,B-PROD
8269,post_142,1,14,ile,TR,,O
8270,post_142,1,15,web,TR,,O
8271,post_142,1,16,programlama,TR,,O
8272,post_142,1,17,yapacaksınız,TR,,O
8273,post_142,1,18,en,TR,,O
8274,post_142,1,19,çok,TR,,O
8275,post_142,1,20,kullanılan,TR,,O
8276,post_142,1,21,iki,TR,,O
8277,post_142,1,22,framework,EN,,O
8278,post_142,1,23,var;,TR,,O
8279,post_142,1,24,django,NE,,B-PROD
8280,post_142,1,25,ve,TR,,O
8281,post_142,1,26,flask,NE,,B-PROD
8282,post_142,1,27,ancak,TR,,O
8283,post_142,1,28,pythonweb,NE,,B-PROD
8284,post_142,1,29,framework,EN,,O
8285,post_142,1,30,ekosistemi,TR,,O
8286,post_142,1,31,oldukça,TR,,O
8287,post_142,1,32,geniş,TR,,O
8288,post_142,1,33,ve,TR,,O
8289,post_142,1,34,her,TR,,O
8290,post_142,1,35,tür,TR,,O
8291,post_142,1,36,web,TR,,O
8292,post_142,1,37,tabanlı,TR,,O
8293,post_142,1,38,uygulama,TR,,O
8294,post_142,1,39,geliştirebilirsiniz,TR,,O
8295,post_142,1,40,python,NE,,B-PROD
8296,post_142,1,41,web,AMBIGUOUS,,O
8297,post_142,1,42,frameworklerinin,MIXED,MIXED,O
8298,post_142,1,43,neler,TR,,O
8299,post_142,1,44,olduğu,TR,,O
8300,post_142,1,45,ve,TR,,O
8301,post_142,1,46,en,TR,,O
8302,post_142,1,47,çok,TR,,O
8303,post_142,1,48,kullanılan,TR,,O
8304,post_142,1,49,web,AMBIGUOUS,,O
8305,post_142,1,50,frameworkler,MIXED,MIXED,O
8306,post_142,1,51,hakkında,TR,,O
8307,post_142,1,52,şöyle,TR,,O
8308,post_142,1,53,bir,TR,,O
8309,post_142,1,54,yaz,TR,,O
8310,post_142,1,55,kaleme,TR,,O
8311,post_142,1,56,aldım,TR,,O
8312,post_142,1,57,web,AMBIGUOUS,,O
8313,post_142,1,58,uygulama,TR,,O
8314,post_142,1,59,geliştirmeyi,TR,,O
8315,post_142,1,60,düşünüyorsanız,TR,,O
8316,post_142,1,61,mutlaka,TR,,O
8317,post_142,1,62,inceleyin,TR,,O
8318,post_142,1,63,derim,TR,,O
8319,post_142,1,64,en,TR,,O
8320,post_142,1,65,çok,TR,,O
8321,post_142,1,66,kullanılan,TR,,O
8322,post_142,1,67,python,NE,,B-PROD
8323,post_142,1,68,web,AMBIGUOUS,,O
8324,post_142,1,69,framework'ü,MIXED,MIXED,O
8325,post_143,1,0,barack,NE,,B-PER
8326,post_143,1,1,obama'nın,NE,MIXED,I-PER
8327,post_143,1,2,ask,EN,,O
8328,post_143,1,3,me,EN,,O
8329,post_143,1,4,anything,EN,,O
8330,post_143,1,5,oturumu,TR,,O
8331,post_143,1,6,yapmaya,TR,,O
8332,post_143,1,7,çalıştığı,TR,,O
8333,post_143,1,8,saat,TR,,O
8334,post_143,1,9,içerisinde,TR,,O
8335,post_143,1,10,çöken,TR,,O
8336,post_143,1,11,site,TR,,O
8337,post_143,1,12,saat,TR,,O
8338,post_143,1,13,içerisinde,TR,,O
8339,post_143,1,14,13000'e,TR,,O
8340,post_143,1,15,yakın,TR,,O
8341,post_143,1,16,yorum,TR,,O
8342,post_143,1,17,girilmiş,TR,,O
8343,post_144,1,0,david,NE,,B-PER
8344,post_144,1,1,cassel’in,NE,MIXED,I-PER
8345,post_144,1,2,sene,TR,,O
8346,post_144,1,3,önce,TR,,O
8347,post_144,1,4,söylenmiş,TR,,O
8348,post_144,1,5,aşağıdaki,TR,,O
8349,post_144,1,6,cümlesinden,TR,,O
8350,post_144,1,7,web’i,TR,,O
8351,post_144,1,8,çıkarıp,TR,,O
8352,post_144,1,9,tiktok’u,NE,MIXED,B-PROD
8353,post_144,1,10,koyarsanız,TR,,O
8354,post_144,1,11,anlam,TR,,O
8355,post_144,1,12,bütünlüğü,TR,,O
8356,post_144,1,13,bozulmuyor,TR,,O
8357,post_144,1,14,“it,EN,,O
8358,post_144,1,15,became,EN,,O
8359,post_144,1,16,emblematic,EN,,O
8360,post_144,1,17,of,EN,,O
8361,post_144,1,18,how,EN,,O
8362,post_144,1,19,the,EN,,O
8363,post_144,1,20,web,EN,,O
8364,post_144,1,21,was,EN,,O
8365,post_144,1,22,different,EN,,O
8366,post_144,1,23,from,EN,,O
8367,post_144,1,24,all,EN,,O
8368,post_144,1,25,media,EN,,O
8369,post_144,1,26,that,EN,,O
8370,post_144,1,27,had,EN,,O
8371,post_144,1,28,come,EN,,O
8372,post_144,1,29,before,EN,,O
8373,post_144,1,30,it,EN,,O
8374,post_144,1,31,you,EN,,O
8375,post_144,1,32,could,EN,,O
8376,post_144,1,33,have,EN,,O
8377,post_144,1,34,a,EN,,O
8378,post_144,1,35,great,EN,,O
8379,post_144,1,36,and,EN,,O
8380,post_144,1,37,grand,EN,,O
8381,post_144,1,38,"silliness,",EN,,O
8382,post_144,1,39,and,EN,,O
8383,post_144,1,40,you,EN,,O
8384,post_144,1,41,could,EN,,O
8385,post_144,1,42,share,EN,,O
8386,post_144,1,43,it.”,EN,,O
8387,post_144,1,44,david,NE,,B-PER
8388,post_144,1,45,cassel,NE,,I-PER
8389,post_144,1,46,(bkz:,TR,,O
8390,post_144,1,47,deidre,NE,,B-PER
8391,post_144,1,48,lacarte),NE,,I-PER
8392,post_145,1,0,saçma,TR,,O
8393,post_145,1,1,diyenler,TR,,O
8394,post_145,1,2,gitsin,TR,,O
8395,post_145,1,3,onedio,NE,,B-PROD
8396,post_145,1,4,sayfasında,TR,,O
8397,post_145,1,5,takılsın,TR,,O
8398,post_145,1,6,içerdiği,TR,,O
8399,post_145,1,7,subredditler,MIXED,MIXED,O
8400,post_145,1,8,belirli,TR,,O
8401,post_145,1,9,tip,TR,,O
8402,post_145,1,10,insanların,TR,,O
8403,post_145,1,11,biraraya,TR,,O
8404,post_145,1,12,gelip,TR,,O
8405,post_145,1,13,takıldığı,TR,,O
8406,post_145,1,14,aynı,TR,,O
8407,post_145,1,15,zevkler,TR,,O
8408,post_145,1,16,üzerine,TR,,O
8409,post_145,1,17,fikir,TR,,O
8410,post_145,1,18,paylaşıldığı,TR,,O
8411,post_145,1,19,mükemmel,TR,,O
8412,post_145,1,20,küçük,TR,,O
8413,post_145,1,21,forumlardır,TR,,O
8414,post_145,1,22,ekşi,NE,,B-PROD
8415,post_145,1,23,sözlükteki,NE,,I-PROD
8416,post_145,1,24,gibi,TR,,O
8417,post_145,1,25,yok,TR,,O
8418,post_145,1,26,galatasarayın,TR,,O
8419,post_145,1,27,maçıymış,TR,,O
8420,post_145,1,28,yok,TR,,O
8421,post_145,1,29,tecavüz,TR,,O
8422,post_145,1,30,haberiymiş,TR,,O
8423,post_145,1,31,oğlak,TR,,O
8424,post_145,1,32,burcu,TR,,O
8425,post_145,1,33,erkeğine,TR,,O
8426,post_145,1,34,yapılmaması,TR,,O
8427,post_145,1,35,gereklermiş,TR,,O
8428,post_145,1,36,şeyler,TR,,O
8429,post_145,1,37,yok,TR,,O
8430,post_145,1,38,doğa,TR,,O
8431,post_145,1,39,manyağı,TR,,O
8432,post_145,1,40,mısın,TR,,O
8433,post_145,1,41,"""gidersin",TR,,O
8434,post_145,1,42,nature,EN,,O
8435,post_145,1,43,is,EN,,O
8436,post_145,1,44,fucking,EN,,O
8437,post_145,1,45,"lit""e",MIXED,MIXED,O
8438,post_145,1,46,bir,TR,,O
8439,post_145,1,47,şey,TR,,O
8440,post_145,1,48,mi,TR,,O
8441,post_145,1,49,sorucaksın,TR,,O
8442,post_145,1,50,git,TR,,O
8443,post_145,1,51,"""askreddit""",EN,,O
8444,post_145,1,52,",doğayı",TR,,O
8445,post_145,1,53,çok,TR,,O
8446,post_145,1,54,sevip,TR,,O
8447,post_145,1,55,gerçek,TR,,O
8448,post_145,1,56,hayatta,TR,,O
8449,post_145,1,57,ulaşamıyor,TR,,O
8450,post_145,1,58,musun,TR,,O
8451,post_145,1,59,gidersin,TR,,O
8452,post_145,1,60,"""earthporn""",EN,,O
8453,post_145,1,61,vs,TR,,O
8454,post_145,1,62,tasarım,TR,,O
8455,post_145,1,63,bakımında,TR,,O
8456,post_145,1,64,ise,TR,,O
8457,post_145,1,65,yaşındaki,TR,,O
8458,post_145,1,66,çocuğun,TR,,O
8459,post_145,1,67,bile,TR,,O
8460,post_145,1,68,anlayabileceği,TR,,O
8461,post_145,1,69,basit,TR,,O
8462,post_145,1,70,tasarımı,TR,,O
8463,post_145,1,71,vardır,TR,,O
8464,post_146,1,0,semantic,EN,,O
8465,post_146,1,1,searche,MIXED,MIXED,O
8466,post_146,1,2,başladığını,TR,,O
8467,post_146,1,3,duyurmuş.**,TR,,O
8468,post_147,1,0,dünyanın,TR,,O
8469,post_147,1,1,en,TR,,O
8470,post_147,1,2,pratik,TR,,O
8471,post_147,1,3,ve,TR,,O
8472,post_147,1,4,en,TR,,O
8473,post_147,1,5,basit,TR,,O
8474,post_147,1,6,dili,TR,,O
8475,post_147,1,7,kanaatimce,TR,,O
8476,post_147,1,8,ancak,TR,,O
8477,post_147,1,9,çok,TR,,O
8478,post_147,1,10,"""high",EN,,O
8479,post_147,1,11,"level""",EN,,O
8480,post_147,1,12,olduğu,TR,,O
8481,post_147,1,13,için,TR,,O
8482,post_147,1,14,bir,TR,,O
8483,post_147,1,15,c,NE,,B-PROD
8484,post_147,1,16,kadar,TR,,O
8485,post_147,1,17,hızlı,TR,,O
8486,post_147,1,18,çalışmaz,TR,,O
8487,post_147,1,19,hazır,TR,,O
8488,post_147,1,20,kütüphanelerinin,TR,,O
8489,post_147,1,21,bolluğu,TR,,O
8490,post_147,1,22,ve,TR,,O
8491,post_147,1,23,yetenekleri,TR,,O
8492,post_147,1,24,kendisine,TR,,O
8493,post_147,1,25,hayran,TR,,O
8494,post_147,1,26,bıraktırıyor,TR,,O
8495,post_148,1,0,"kullanıcılarına,",TR,,O
8496,post_148,1,1,filmlere,TR,,O
8497,post_148,1,2,verdiği,TR,,O
8498,post_148,1,3,rating'lere,MIXED,MIXED,O
8499,post_148,1,4,"göre,",TR,,O
8500,post_148,1,5,film,TR,,O
8501,post_148,1,6,tavsiyelerinde,TR,,O
8502,post_148,1,7,bulunan,TR,,O
8503,post_148,1,8,recommendation,EN,,O
8504,post_148,1,9,system'ini,MIXED,MIXED,O
8505,post_148,1,10,geliştirecek,TR,,O
8506,post_148,1,11,ilk,TR,,O
8507,post_148,1,12,ekibe,TR,,O
8508,post_148,1,13,milyon,TR,,O
8509,post_148,1,14,dolar,TR,,O
8510,post_148,1,15,ödül,TR,,O
8511,post_148,1,16,vereceğini,TR,,O
8512,post_148,1,17,beyan,TR,,O
8513,post_148,1,18,eden,TR,,O
8514,post_148,1,19,online,EN,,O
8515,post_148,1,20,dvd,EN,,O
8516,post_148,1,21,rental,EN,,O
8517,post_148,1,22,servisi,TR,,O
8518,post_149,1,0,oktay,TR,,O
8519,post_149,1,1,sinanoğlunun,TR,,O
8520,post_149,1,2,evrenkent,TR,,O
8521,post_149,1,3,diye,TR,,O
8522,post_149,1,4,yaptığı,TR,,O
8523,post_149,1,5,çeviriden,TR,,O
8524,post_149,1,6,farklı,TR,,O
8525,post_149,1,7,"olarak,",TR,,O
8526,post_149,1,8,kökünün,TR,,O
8527,post_149,1,9,universe,EN,,O
8528,post_149,1,10,city,EN,,O
8529,post_149,1,11,yerine,TR,,O
8530,post_149,1,12,unique,EN,,O
8531,post_149,1,13,verse,EN,,O
8532,post_149,1,14,olduğunu,TR,,O
8533,post_149,1,15,söyleyenler,TR,,O
8534,post_149,1,16,de,TR,,O
8535,post_149,1,17,vardır,TR,,O
8536,post_149,1,18,tek,TR,,O
8537,post_149,1,19,söz,TR,,O
8538,post_149,1,20,tek,TR,,O
8539,post_149,1,21,doğru'nun,TR,,O
8540,post_149,1,22,yeri,TR,,O
8541,post_149,1,23,gibi,TR,,O
8542,post_149,1,24,bir,TR,,O
8543,post_149,1,25,anlam,TR,,O
8544,post_149,1,26,çıkar,TR,,O
8545,post_149,1,27,buradan,TR,,O
8546,post_149,1,28,ki,TR,,O
8547,post_149,1,29,kelimenin,TR,,O
8548,post_149,1,30,ortaya,TR,,O
8549,post_149,1,31,çıktığı,TR,,O
8550,post_149,1,32,dönem,TR,,O
8551,post_149,1,33,için,TR,,O
8552,post_149,1,34,(hatta,TR,,O
8553,post_149,1,35,her,TR,,O
8554,post_149,1,36,zaman,TR,,O
8555,post_149,1,37,için),TR,,O
8556,post_149,1,38,evrenkent,TR,,O
8557,post_149,1,39,kelimesinden,TR,,O
8558,post_149,1,40,daha,TR,,O
8559,post_149,1,41,mantıklıdır,TR,,O
8560,post_149,1,42,(bkz:,TR,,O
8561,post_149,1,43,metin,NE,,B-PER
8562,post_149,1,44,arslan),NE,,I-PER
8563,post_150,1,0,narcos,NE,,B-TITLE
8564,post_150,1,1,peppermint,NE,,B-TITLE
8565,post_150,1,2,ve,TR,,O
8566,post_150,1,3,coyote,NE,,B-TITLE
8567,post_150,1,4,oyuncusu,TR,,O
8568,post_150,1,5,juan,NE,,B-PER
8569,post_150,1,6,pablo,NE,,I-PER
8570,post_150,1,7,raba'nın,NE,MIXED,I-PER
8571,post_150,1,8,da,TR,,O
8572,post_150,1,9,kadrosuna,TR,,O
8573,post_150,1,10,"katıldığı,",TR,,O
8574,post_150,1,11,çekimlerinin,TR,,O
8575,post_150,1,12,columbia,NE,,B-LOC
8576,post_150,1,13,kısımlarına,TR,,O
8577,post_150,1,14,başlanan,TR,,O
8578,post_150,1,15,proje,TR,,O
8579,post_150,1,16,spoiler,EN,,O
8580,post_150,1,17,filming,EN,,O
8581,post_150,1,18,is,EN,,O
8582,post_150,1,19,now,EN,,O
8583,post_150,1,20,underway,EN,,O
8584,post_150,1,21,in,EN,,O
8585,post_150,1,22,colombia,NE,,B-LOC
8586,post_150,1,23,on,EN,,O
8587,post_150,1,24,the,EN,,O
8588,post_150,1,25,"movie,",EN,,O
8589,post_150,1,26,which,EN,,O
8590,post_150,1,27,follows,EN,,O
8591,post_150,1,28,a,EN,,O
8592,post_150,1,29,special,EN,,O
8593,post_150,1,30,forces,EN,,O
8594,post_150,1,31,operator,EN,,O
8595,post_150,1,32,(cena),NE,,B-PER
8596,post_150,1,33,who,EN,,O
8597,post_150,1,34,decides,EN,,O
8598,post_150,1,35,to,EN,,O
8599,post_150,1,36,retire,EN,,O
8600,post_150,1,37,from,EN,,O
8601,post_150,1,38,the,EN,,O
8602,post_150,1,39,army,EN,,O
8603,post_150,1,40,and,EN,,O
8604,post_150,1,41,start,EN,,O
8605,post_150,1,42,a,EN,,O
8606,post_150,1,43,family,EN,,O
8607,post_150,1,44,back,EN,,O
8608,post_150,1,45,in,EN,,O
8609,post_150,1,46,the,EN,,O
8610,post_150,1,47,u.s,NE,,B-LOC
8611,post_150,1,48,after,EN,,O
8612,post_150,1,49,several,EN,,O
8613,post_150,1,50,years,EN,,O
8614,post_150,1,51,of,EN,,O
8615,post_150,1,52,mortgage,EN,,O
8616,post_150,1,53,"payments,",EN,,O
8617,post_150,1,54,school,EN,,O
8618,post_150,1,55,"drop-offs,",EN,,O
8619,post_150,1,56,backyard,EN,,O
8620,post_150,1,57,barbecues,EN,,O
8621,post_150,1,58,and,EN,,O
8622,post_150,1,59,trying,EN,,O
8623,post_150,1,60,to,EN,,O
8624,post_150,1,61,conform,EN,,O
8625,post_150,1,62,to,EN,,O
8626,post_150,1,63,life,EN,,O
8627,post_150,1,64,in,EN,,O
8628,post_150,1,65,"suburbia,",EN,,O
8629,post_150,1,66,he,EN,,O
8630,post_150,1,67,decides,EN,,O
8631,post_150,1,68,to,EN,,O
8632,post_150,1,69,come,EN,,O
8633,post_150,1,70,out,EN,,O
8634,post_150,1,71,of,EN,,O
8635,post_150,1,72,retirement,EN,,O
8636,post_150,1,73,to,EN,,O
8637,post_150,1,74,take,EN,,O
8638,post_150,1,75,a,EN,,O
8639,post_150,1,76,gig,EN,,O
8640,post_150,1,77,providing,EN,,O
8641,post_150,1,78,security,EN,,O
8642,post_150,1,79,for,EN,,O
8643,post_150,1,80,a,EN,,O
8644,post_150,1,81,female,EN,,O
8645,post_150,1,82,journalist,EN,,O
8646,post_150,1,83,(brie),NE,,B-PER
8647,post_150,1,84,as,EN,,O
8648,post_150,1,85,she,EN,,O
8649,post_150,1,86,interviews,EN,,O
8650,post_150,1,87,a,EN,,O
8651,post_150,1,88,cruel,EN,,O
8652,post_150,1,89,dictator,EN,,O
8653,post_150,1,90,who,EN,,O
8654,post_150,1,91,may,EN,,O
8655,post_150,1,92,or,EN,,O
8656,post_150,1,93,may,EN,,O
8657,post_150,1,94,not,EN,,O
8658,post_150,1,95,have,EN,,O
8659,post_150,1,96,ordered,EN,,O
8660,post_150,1,97,the,EN,,O
8661,post_150,1,98,attack,EN,,O
8662,post_150,1,99,on,EN,,O
8663,post_150,1,100,him,EN,,O
8664,post_150,1,101,and,EN,,O
8665,post_150,1,102,his,EN,,O
8666,post_150,1,103,men,EN,,O
8667,post_150,1,104,when,EN,,O
8668,post_150,1,105,a,EN,,O
8669,post_150,1,106,military,EN,,O
8670,post_150,1,107,coup,EN,,O
8671,post_150,1,108,breaks,EN,,O
8672,post_150,1,109,out,EN,,O
8673,post_150,1,110,in,EN,,O
8674,post_150,1,111,the,EN,,O
8675,post_150,1,112,middle,EN,,O
8676,post_150,1,113,of,EN,,O
8677,post_150,1,114,the,EN,,O
8678,post_150,1,115,"interview,",EN,,O
8679,post_150,1,116,the,EN,,O
8680,post_150,1,117,three,EN,,O
8681,post_150,1,118,are,EN,,O
8682,post_150,1,119,forced,EN,,O
8683,post_150,1,120,to,EN,,O
8684,post_150,1,121,escape,EN,,O
8685,post_150,1,122,into,EN,,O
8686,post_150,1,123,the,EN,,O
8687,post_150,1,124,jungle,EN,,O
8688,post_150,1,125,where,EN,,O
8689,post_150,1,126,they,EN,,O
8690,post_150,1,127,must,EN,,O
8691,post_150,1,128,survive,EN,,O
8692,post_150,1,129,the,EN,,O
8693,post_150,1,130,"elements,",EN,,O
8694,post_150,1,131,the,EN,,O
8695,post_150,1,132,military,EN,,O
8696,post_150,1,133,and,EN,,O
8697,post_150,1,134,one,EN,,O
8698,post_150,1,135,another,EN,,O
8699,post_150,1,136,spoiler,EN,,O
8700,post_151,1,0,hackernewsta,NE,,B-PROD
8701,post_151,1,1,ne,TR,,O
8702,post_151,1,2,dendiğine,TR,,O
8703,post_151,1,3,çok,TR,,O
8704,post_151,1,4,takılmamak,TR,,O
8705,post_151,1,5,"lazım,",TR,,O
8706,post_151,1,6,orada,TR,,O
8707,post_151,1,7,silikon,NE,,B-LOC
8708,post_151,1,8,vadisi,NE,,I-LOC
8709,post_151,1,9,militanlığı,TR,,O
8710,post_151,1,10,körlüğe,TR,,O
8711,post_151,1,11,sebep,TR,,O
8712,post_151,1,12,oluyor,TR,,O
8713,post_151,1,13,mesela,TR,,O
8714,post_151,1,14,"avrupada,",NE,,B-LOC
8715,post_151,1,15,rusya,NE,,B-LOC
8716,post_151,1,16,ve,TR,,O
8717,post_151,1,17,çinde,NE,,B-LOC
8718,post_151,1,18,yapılan,TR,,O
8719,post_151,1,19,projeler,TR,,O
8720,post_151,1,20,silikon,NE,,B-LOC
8721,post_151,1,21,vadisi,NE,,I-LOC
8722,post_151,1,22,ayağına,TR,,O
8723,post_151,1,23,sahip,TR,,O
8724,post_151,1,24,olmadan,TR,,O
8725,post_151,1,25,kolay,TR,,O
8726,post_151,1,26,kolay,TR,,O
8727,post_151,1,27,görünmez,TR,,O
8728,post_151,1,28,ama,TR,,O
8729,post_151,1,29,silikon,NE,,B-LOC
8730,post_151,1,30,vadisindeki,NE,,I-LOC
8731,post_151,1,31,her,TR,,O
8732,post_151,1,32,şey,TR,,O
8733,post_151,1,33,"""amazing""",EN,,O
8734,post_151,1,34,dir,TR,,O
8735,post_151,1,35,biraz,TR,,O
8736,post_151,1,36,da,TR,,O
8737,post_151,1,37,kol,TR,,O
8738,post_151,1,38,kırılır,TR,,O
8739,post_151,1,39,yen,TR,,O
8740,post_151,1,40,içinde,TR,,O
8741,post_151,1,41,kalır,TR,,O
8742,post_151,1,42,kafası,TR,,O
8743,post_151,1,43,da,TR,,O
8744,post_151,1,44,hakim,TR,,O
8745,post_151,1,45,iyi,TR,,O
8746,post_151,1,46,komünitedir,TR,,O
8747,post_151,1,47,ama,TR,,O
8748,post_151,1,48,körlüğüne,TR,,O
8749,post_151,1,49,karşı,TR,,O
8750,post_151,1,50,dikkatli,TR,,O
8751,post_151,1,51,olmak,TR,,O
8752,post_151,1,52,lazımdır,TR,,O
8753,post_151,1,53,blockchain,EN,,O
8754,post_151,1,54,ve,TR,,O
8755,post_151,1,55,üstündeki,TR,,O
8756,post_151,1,56,en,TR,,O
8757,post_151,1,57,yaygın,TR,,O
8758,post_151,1,58,uygulaması,TR,,O
8759,post_151,1,59,olan,TR,,O
8760,post_151,1,60,kripto,TR,,O
8761,post_151,1,61,paralar,TR,,O
8762,post_151,1,62,silikon,NE,,B-LOC
8763,post_151,1,63,vadisi,NE,,I-LOC
8764,post_151,1,64,dışında,TR,,O
8765,post_151,1,65,"gelişti,",TR,,O
8766,post_151,1,66,silikon,NE,,B-LOC
8767,post_151,1,67,vadisi,NE,,I-LOC
8768,post_151,1,68,baya,TR,,O
8769,post_151,1,69,geç,TR,,O
8770,post_151,1,70,kaldı,TR,,O
8771,post_151,1,71,ve,TR,,O
8772,post_151,1,72,bu,TR,,O
8773,post_151,1,73,teknolojideki,TR,,O
8774,post_151,1,74,hakimiyet,TR,,O
8775,post_151,1,75,asya,NE,,B-LOC
8776,post_151,1,76,ve,TR,,O
8777,post_151,1,77,avrupa,NE,,B-LOC
8778,post_151,1,78,hatta,TR,,O
8779,post_151,1,79,avustralya,NE,,B-LOC
8780,post_151,1,80,arasında,TR,,O
8781,post_151,1,81,paylaşılmış,TR,,O
8782,post_151,1,82,durumda,TR,,O
8783,post_151,1,83,ayrıca,TR,,O
8784,post_151,1,84,ico'lar,EN,,O
8785,post_151,1,85,falan,TR,,O
8786,post_151,1,86,derken,TR,,O
8787,post_151,1,87,silikon,NE,,B-LOC
8788,post_151,1,88,vadisindeki,NE,,I-LOC
8789,post_151,1,89,osuruk,TR,,O
8790,post_151,1,90,vr,EN,,O
8791,post_151,1,91,appleri,MIXED,MIXED,O
8792,post_151,1,92,dünyayı,TR,,O
8793,post_151,1,93,better,EN,,O
8794,post_151,1,94,place,EN,,O
8795,post_151,1,95,yapmak,TR,,O
8796,post_151,1,96,için,TR,,O
8797,post_151,1,97,funding,EN,,O
8798,post_151,1,98,bulmakta,TR,,O
8799,post_151,1,99,"zorlanabiliyorlar,",TR,,O
8800,post_151,1,100,yani,TR,,O
8801,post_151,1,101,doğrudan,TR,,O
8802,post_151,1,102,zararını,TR,,O
8803,post_151,1,103,da,TR,,O
8804,post_151,1,104,görüyorlar,TR,,O
8805,post_151,1,105,silikon,NE,,B-LOC
8806,post_151,1,106,vadisi,NE,,I-LOC
8807,post_151,1,107,bu,TR,,O
8808,post_151,1,108,olup,TR,,O
8809,post_151,1,109,bitenin,TR,,O
8810,post_151,1,110,cutting,EN,,O
8811,post_151,1,111,edge'inde,MIXED,MIXED,O
8812,post_151,1,112,değil,TR,,O
8813,post_151,1,113,yani,TR,,O
8814,post_151,1,114,state,EN,,O
8815,post_151,1,115,of,EN,,O
8816,post_151,1,116,the,EN,,O
8817,post_151,1,117,art,EN,,O
8818,post_151,1,118,silikon,NE,,B-LOC
8819,post_151,1,119,vadisinde,NE,,I-LOC
8820,post_151,1,120,değil,TR,,O
8821,post_151,1,121,ve,TR,,O
8822,post_151,1,122,haliyle,TR,,O
8823,post_151,1,123,silikon,NE,,B-LOC
8824,post_151,1,124,vadisi,NE,,I-LOC
8825,post_151,1,125,tayfası,TR,,O
8826,post_151,1,126,konuyu,TR,,O
8827,post_151,1,127,tam,TR,,O
8828,post_151,1,128,anlayamıyor,TR,,O
8829,post_151,1,129,mesela,TR,,O
8830,post_151,1,130,linklenen,TR,,O
8831,post_151,1,131,hn,NE,,B-PROD
8832,post_151,1,132,tartışmasında,TR,,O
8833,post_151,1,133,en,TR,,O
8834,post_151,1,134,çok,TR,,O
8835,post_151,1,135,puan,TR,,O
8836,post_151,1,136,alan,TR,,O
8837,post_151,1,137,yorumun,TR,,O
8838,post_151,1,138,ilk,TR,,O
8839,post_151,1,139,cümlesi,TR,,O
8840,post_151,1,140,"""blockchain",EN,,O
8841,post_151,1,141,is,EN,,O
8842,post_151,1,142,essentially,EN,,O
8843,post_151,1,143,a,EN,,O
8844,post_151,1,144,distributed,EN,,O
8845,post_151,1,145,"database""",EN,,O
8846,post_151,1,146,iyi,TR,,O
8847,post_151,1,147,de,TR,,O
8848,post_151,1,148,bu,TR,,O
8849,post_151,1,149,"yanlış,",TR,,O
8850,post_151,1,150,blockchain'in,MIXED,MIXED,O
8851,post_151,1,151,distributed,EN,,O
8852,post_151,1,152,olma,TR,,O
8853,post_151,1,153,zorunluluğu,TR,,O
8854,post_151,1,154,yok,TR,,O
8855,post_151,1,155,çoğu,TR,,O
8856,post_151,1,156,kripto,TR,,O
8857,post_151,1,157,parada,TR,,O
8858,post_151,1,158,bu,TR,,O
8859,post_151,1,159,böyle,TR,,O
8860,post_151,1,160,olsa,TR,,O
8861,post_151,1,161,da,TR,,O
8862,post_151,1,162,böyle,TR,,O
8863,post_151,1,163,olması,TR,,O
8864,post_151,1,164,için,TR,,O
8865,post_151,1,165,şart,TR,,O
8866,post_151,1,166,yok,TR,,O
8867,post_151,1,167,peki,TR,,O
8868,post_151,1,168,neden,TR,,O
8869,post_151,1,169,distributed'a,MIXED,MIXED,O
8870,post_151,1,170,takılıyorlar,TR,,O
8871,post_151,1,171,çünkü,TR,,O
8872,post_151,1,172,"""distributed""",EN,,O
8873,post_151,1,173,şu,TR,,O
8874,post_151,1,174,an,TR,,O
8875,post_151,1,175,silikon,NE,,B-LOC
8876,post_151,1,176,vadisi,NE,,I-LOC
8877,post_151,1,177,için,TR,,O
8878,post_151,1,178,en,TR,,O
8879,post_151,1,179,büyük,TR,,O
8880,post_151,1,180,risklerden,TR,,O
8881,post_151,1,181,"biri,",TR,,O
8882,post_151,1,182,silikon,NE,,B-LOC
8883,post_151,1,183,vadisinin,NE,,I-LOC
8884,post_151,1,184,gücü,TR,,O
8885,post_151,1,185,merkezileştirilmiş,TR,,O
8886,post_151,1,186,platformlardan,TR,,O
8887,post_151,1,187,geliyor,TR,,O
8888,post_151,1,188,"alışveriş,",TR,,O
8889,post_151,1,189,"ödeme,",TR,,O
8890,post_151,1,190,iletişim,TR,,O
8891,post_151,1,191,ve,TR,,O
8892,post_151,1,192,sosyal,TR,,O
8893,post_151,1,193,etkileşimi,TR,,O
8894,post_151,1,194,merkezileştiren,TR,,O
8895,post_151,1,195,ve,TR,,O
8896,post_151,1,196,merkezinde,TR,,O
8897,post_151,1,197,olmasından,TR,,O
8898,post_151,1,198,dolayı,TR,,O
8899,post_151,1,199,hayallerin,TR,,O
8900,post_151,1,200,ötesinde,TR,,O
8901,post_151,1,201,gelir,TR,,O
8902,post_151,1,202,elde,TR,,O
8903,post_151,1,203,eden,TR,,O
8904,post_151,1,204,dev,TR,,O
8905,post_151,1,205,şirketler,TR,,O
8906,post_151,1,206,her,TR,,O
8907,post_151,1,207,ne,TR,,O
8908,post_151,1,208,kadar,TR,,O
8909,post_151,1,209,asi,TR,,O
8910,post_151,1,210,yazılımcılar,TR,,O
8911,post_151,1,211,tarafından,TR,,O
8912,post_151,1,212,yerilse,TR,,O
8913,post_151,1,213,de,TR,,O
8914,post_151,1,214,bu,TR,,O
8915,post_151,1,215,şirketlere,TR,,O
8916,post_151,1,216,göbek,TR,,O
8917,post_151,1,217,bağı,TR,,O
8918,post_151,1,218,ile,TR,,O
8919,post_151,1,219,bağlılar,TR,,O
8920,post_151,1,220,distributed,EN,,O
8921,post_151,1,221,bir,TR,,O
8922,post_151,1,222,sosyal,TR,,O
8923,post_151,1,223,ağ,TR,,O
8924,post_151,1,224,başırılı,TR,,O
8925,post_151,1,225,olursa,TR,,O
8926,post_151,1,226,"reddit'i,",NE,MIXED,B-PROD
8927,post_151,1,227,facebook'u,NE,MIXED,B-PROD
8928,post_151,1,228,falan,TR,,O
8929,post_151,1,229,siler,TR,,O
8930,post_151,1,230,bitcoin,NE,,B-PROD
8931,post_151,1,231,başarılı,TR,,O
8932,post_151,1,232,olursa,TR,,O
8933,post_151,1,233,"paypal'ı,",NE,MIXED,B-PROD
8934,post_151,1,234,"stripe'ı,",NE,MIXED,B-PROD
8935,post_151,1,235,suire'ı,NE,MIXED,B-PROD
8936,post_151,1,236,falan,TR,,O
8937,post_151,1,237,siler,TR,,O
8938,post_151,1,238,eser,TR,,O
8939,post_151,1,239,sahiplerine,TR,,O
8940,post_151,1,240,mikro,TR,,O
8941,post_151,1,241,ödeme,TR,,O
8942,post_151,1,242,olayını,TR,,O
8943,post_151,1,243,gerçekleştirmeye,TR,,O
8944,post_151,1,244,çalışan,TR,,O
8945,post_151,1,245,coinler,MIXED,MIXED,O
8946,post_151,1,246,başarılı,TR,,O
8947,post_151,1,247,olursa,TR,,O
8948,post_151,1,248,google'ın,NE,MIXED,B-ORG
8949,post_151,1,249,adsense'i,NE,MIXED,B-PROD
8950,post_151,1,250,bir,TR,,O
8951,post_151,1,251,tek,TR,,O
8952,post_151,1,252,arama,TR,,O
8953,post_151,1,253,motoruna,TR,,O
8954,post_151,1,254,çekilmek,TR,,O
8955,post_151,1,255,zorunda,TR,,O
8956,post_151,1,256,kalır,TR,,O
8957,post_152,1,0,iphone,NE,,B-PROD
8958,post_152,1,1,gibi,TR,,O
8959,post_152,1,2,mobil,TR,,O
8960,post_152,1,3,internet,TR,,O
8961,post_152,1,4,erişimini,TR,,O
8962,post_152,1,5,çok,TR,,O
8963,post_152,1,6,kolaylaştıran,TR,,O
8964,post_152,1,7,cihazlarla,TR,,O
8965,post_152,1,8,entegre,TR,,O
8966,post_152,1,9,çalışmak,TR,,O
8967,post_152,1,10,için,TR,,O
8968,post_152,1,11,ortaya,TR,,O
8969,post_152,1,12,çıktığı,TR,,O
8970,post_152,1,13,aşikar,TR,,O
8971,post_152,1,14,bir,TR,,O
8972,post_152,1,15,fikirdir,TR,,O
8973,post_152,1,16,ülkemiz,TR,,O
8974,post_152,1,17,bariz,TR,,O
8975,post_152,1,18,biçimde,TR,,O
8976,post_152,1,19,twitter'ın,NE,MIXED,B-PROD
8977,post_152,1,20,layıkıyla,TR,,O
8978,post_152,1,21,kullanılması,TR,,O
8979,post_152,1,22,için,TR,,O
8980,post_152,1,23,henüz,TR,,O
8981,post_152,1,24,çok,TR,,O
8982,post_152,1,25,fakirdir,TR,,O
8983,post_152,1,26,hah,AMBIGUOUS,,O
8984,post_152,1,27,hah,AMBIGUOUS,,O
8985,post_152,1,28,"hah,",AMBIGUOUS,,O
8986,post_152,1,29,sizi,TR,,O
8987,post_152,1,30,gidi,TR,,O
8988,post_152,1,31,sans,OTHER,,O
8989,post_152,1,32,culotte'lar,MIXED,MIXED,O
8990,post_152,1,33,daha,TR,,O
8991,post_152,1,34,iphone'unuz,NE,MIXED,B-PROD
8992,post_152,1,35,bile,TR,,O
8993,post_152,1,36,"yok,",TR,,O
8994,post_152,1,37,"""feys""",TR,,O
8995,post_152,1,38,neyinize,TR,,O
8996,post_152,1,39,yetmiyor,TR,,O
8997,post_153,1,0,her,TR,,O
8998,post_153,1,1,dinlediğimde,TR,,O
8999,post_153,1,2,acaba,TR,,O
9000,post_153,1,3,tekrar,TR,,O
9001,post_153,1,4,böyle,TR,,O
9002,post_153,1,5,bir,TR,,O
9003,post_153,1,6,şarkı,TR,,O
9004,post_153,1,7,yapabilir,TR,,O
9005,post_153,1,8,mi,TR,,O
9006,post_153,1,9,diye,TR,,O
9007,post_153,1,10,sorgulatan,TR,,O
9008,post_153,1,11,gerçekten,TR,,O
9009,post_153,1,12,anlatmak,TR,,O
9010,post_153,1,13,için,TR,,O
9011,post_153,1,14,yeterli,TR,,O
9012,post_153,1,15,kelime,TR,,O
9013,post_153,1,16,olmayan,TR,,O
9014,post_153,1,17,"şarkı,",TR,,O
9015,post_153,1,18,sanat,TR,,O
9016,post_153,1,19,eseri,TR,,O
9017,post_153,1,20,tori,NE,,B-PER
9018,post_153,1,21,amos'un,NE,MIXED,I-PER
9019,post_153,1,22,en,TR,,O
9020,post_153,1,23,iyilerinden,TR,,O
9021,post_153,1,24,biri,TR,,O
9022,post_153,1,25,orta-iyi,TR,,O
9023,post_153,1,26,bir,TR,,O
9024,post_153,1,27,kulaklıkla,TR,,O
9025,post_153,1,28,ses,TR,,O
9026,post_153,1,29,seviyesinde,TR,,O
9027,post_153,1,30,mümkünse,TR,,O
9028,post_153,1,31,cd,EN,,O
9029,post_153,1,32,ya,TR,,O
9030,post_153,1,33,da,TR,,O
9031,post_153,1,34,flac,EN,,O
9032,post_153,1,35,gibi,TR,,O
9033,post_153,1,36,lossless,EN,,O
9034,post_153,1,37,bir,TR,,O
9035,post_153,1,38,kaynaktan,TR,,O
9036,post_153,1,39,olmadı,TR,,O
9037,post_153,1,40,altta,TR,,O
9038,post_153,1,41,verdiğim,TR,,O
9039,post_153,1,42,linklerden,TR,,O
9040,post_153,1,43,şu,TR,,O
9041,post_153,1,44,şarkıyı,TR,,O
9042,post_153,1,45,bir,TR,,O
9043,post_153,1,46,"dinleyin,",TR,,O
9044,post_153,1,47,bir,TR,,O
9045,post_153,1,48,insan,TR,,O
9046,post_153,1,49,böyle,TR,,O
9047,post_153,1,50,bir,TR,,O
9048,post_153,1,51,şarkıyı,TR,,O
9049,post_153,1,52,nasıl,TR,,O
9050,post_153,1,53,yapabilir,TR,,O
9051,post_153,1,54,"sorgular,",TR,,O
9052,post_153,1,55,dinlediğiniz,TR,,O
9053,post_153,1,56,diğer,TR,,O
9054,post_153,1,57,şarkıları,TR,,O
9055,post_153,1,58,bomboş,TR,,O
9056,post_153,1,59,görmeye,TR,,O
9057,post_153,1,60,başlarsınız,TR,,O
9058,post_153,1,61,dinleyiniz,TR,,O
9059,post_153,1,62,spotify,NE,,B-PROD
9060,post_153,1,63,apple,NE,,B-PROD
9061,post_153,1,64,music,NE,,B-PROD
9062,post_153,1,65,youtube,NE,,B-PROD
9063,post_154,1,0,sisteme,TR,,O
9064,post_154,1,1,giriş,TR,,O
9065,post_154,1,2,yaptıktan,TR,,O
9066,post_154,1,3,sonra,TR,,O
9067,post_154,1,4,nereye,TR,,O
9068,post_154,1,5,tıklarsan,TR,,O
9069,post_154,1,6,tıkla,TR,,O
9070,post_154,1,7,"""404",EN,,O
9071,post_154,1,8,not,EN,,O
9072,post_154,1,9,"found""",EN,,O
9073,post_154,1,10,diyerek,TR,,O
9074,post_154,1,11,insanı,TR,,O
9075,post_154,1,12,soğutan,TR,,O
9076,post_154,1,13,business,EN,,O
9077,post_154,1,14,network,EN,,O
9078,post_154,1,15,şeysi,TR,,O
9079,post_155,1,0,bot,AMBIGUOUS,,O
9080,post_155,1,1,fix,EN,,O
9081,post_155,1,2,olarak,TR,,O
9082,post_155,1,3,internetten,TR,,O
9083,post_155,1,4,araştırma,TR,,O
9084,post_155,1,5,yapamayan,TR,,O
9085,post_155,1,6,bir,TR,,O
9086,post_155,1,7,halde,TR,,O
9087,post_155,1,8,kullanılıyor,TR,,O
9088,post_155,1,9,kendisinin,TR,,O
9089,post_155,1,10,dediğine,TR,,O
9090,post_155,1,11,göre,TR,,O
9091,post_155,1,12,database'i,MIXED,MIXED,O
9092,post_155,1,13,yılına,TR,,O
9093,post_155,1,14,kadar,TR,,O
9094,post_155,1,15,olan,TR,,O
9095,post_155,1,16,bilgilerden,TR,,O
9096,post_155,1,17,oluşmakta,TR,,O
9097,post_155,1,18,ancak,TR,,O
9098,post_155,1,19,ilginç,TR,,O
9099,post_155,1,20,bir,TR,,O
9100,post_155,1,21,şekilde,TR,,O
9101,post_155,1,22,bota,TR,,O
9102,post_155,1,23,yazacağımız,TR,,O
9103,post_155,1,24,textin,TR,,O
9104,post_155,1,25,başına,TR,,O
9105,post_155,1,26,browsing:,EN,,O
9106,post_155,1,27,enabled,EN,,O
9107,post_155,1,28,yazarak,TR,,O
9108,post_155,1,29,internetten,TR,,O
9109,post_155,1,30,araştırma,TR,,O
9110,post_155,1,31,özelliğini,TR,,O
9111,post_155,1,32,açabiliyoruz,TR,,O
9112,post_155,1,33,bunun,TR,,O
9113,post_155,1,34,bir,TR,,O
9114,post_155,1,35,açık,TR,,O
9115,post_155,1,36,mı,TR,,O
9116,post_155,1,37,yoksa,TR,,O
9117,post_155,1,38,seçenek,TR,,O
9118,post_155,1,39,mi,TR,,O
9119,post_155,1,40,olduğunu,TR,,O
9120,post_155,1,41,anlamak,TR,,O
9121,post_155,1,42,zor,TR,,O
9122,post_155,1,43,çünkü,TR,,O
9123,post_155,1,44,input,EN,,O
9124,post_155,1,45,vererek,TR,,O
9125,post_155,1,46,botun,TR,,O
9126,post_155,1,47,çalışma,TR,,O
9127,post_155,1,48,mekanizmasını,TR,,O
9128,post_155,1,49,kontrol,TR,,O
9129,post_155,1,50,etmek,TR,,O
9130,post_155,1,51,çok,TR,,O
9131,post_155,1,52,saçma,TR,,O
9132,post_155,1,53,ancak,TR,,O
9133,post_155,1,54,buna,TR,,O
9134,post_155,1,55,hala,TR,,O
9135,post_155,1,56,bi,TR,,O
9136,post_155,1,57,fix,EN,,O
9137,post_155,1,58,getirilmemiş,TR,,O
9138,post_155,1,59,bununla,TR,,O
9139,post_155,1,60,ilgili,TR,,O
9140,post_155,1,61,türk,NE,,B-OTHER
9141,post_155,1,62,ve,TR,,O
9142,post_155,1,63,amerikan,NE,,B-OTHER
9143,post_155,1,64,siyasetiyle,TR,,O
9144,post_155,1,65,ilgili,TR,,O
9145,post_155,1,66,iki,TR,,O
9146,post_155,1,67,soru,TR,,O
9147,post_155,1,68,sordum,TR,,O
9148,post_155,1,69,browsing,EN,,O
9149,post_155,1,70,özelliği,TR,,O
9150,post_155,1,71,açıkken,TR,,O
9151,post_155,1,72,ve,TR,,O
9152,post_155,1,73,kapalıyken,TR,,O
9153,post_155,1,74,verdiği,TR,,O
9154,post_155,1,75,cevaplar,TR,,O
9155,post_155,1,76,şöyle:,TR,,O
9156,post_155,1,77,görsel,TR,,O
9157,post_155,1,78,görsel,TR,,O
9158,post_156,1,0,(bkz:,TR,,O
9159,post_156,1,1,and,EN,,O
9160,post_156,1,2,god,EN,,O
9161,post_156,1,3,created,EN,,O
9162,post_156,1,4,facebook),NE,,B-PROD
9163,post_156,1,5,ne,TR,,O
9164,post_156,1,6,siteymiş,TR,,O
9165,post_156,1,7,be,TR,,O
9166,post_156,1,8,herkesin,TR,,O
9167,post_156,1,9,tek,TR,,O
9168,post_156,1,10,ideali,TR,,O
9169,post_156,1,11,ilkokul,TR,,O
9170,post_156,1,12,arkadaşlarını,TR,,O
9171,post_156,1,13,bulmakmış,TR,,O
9172,post_156,1,14,"resmen,",TR,,O
9173,post_156,1,15,pes,TR,,O
9174,post_156,1,16,(bkz:,TR,,O
9175,post_156,1,17,your,EN,,O
9176,post_156,1,18,hypocrisy,EN,,O
9177,post_156,1,19,is,EN,,O
9178,post_156,1,20,so,EN,,O
9179,post_156,1,21,vast),EN,,O
9180,post_157,1,0,youtube'un,NE,MIXED,B-PROD
9181,post_157,1,1,browserımda,MIXED,MIXED,O
9182,post_157,1,2,açılma,TR,,O
9183,post_157,1,3,sıklığını,TR,,O
9184,post_157,1,4,azaltmış,TR,,O
9185,post_157,1,5,uygulamadır,TR,,O
9186,post_157,1,6,youtube'da,NE,MIXED,B-PROD
9187,post_157,1,7,önerilenlerde,TR,,O
9188,post_157,1,8,video,TR,,O
9189,post_157,1,9,abanarak,TR,,O
9190,post_157,1,10,yeni,TR,,O
9191,post_157,1,11,sanatçılar,TR,,O
9192,post_157,1,12,tanımaya,TR,,O
9193,post_157,1,13,öğrenmeye,TR,,O
9194,post_157,1,14,gayret,TR,,O
9195,post_157,1,15,eden,TR,,O
9196,post_157,1,16,ben,TR,,O
9197,post_157,1,17,şu,TR,,O
9198,post_157,1,18,an,TR,,O
9199,post_157,1,19,da,TR,,O
9200,post_157,1,20,istemsiz,TR,,O
9201,post_157,1,21,bi,TR,,O
9202,post_157,1,22,şekilde,TR,,O
9203,post_157,1,23,random,EN,,O
9204,post_157,1,24,keşifler,TR,,O
9205,post_157,1,25,yapıyorum,TR,,O
9206,post_157,1,26,tabi,TR,,O
9207,post_157,1,27,bulduğumuz,TR,,O
9208,post_157,1,28,sanatçının,TR,,O
9209,post_157,1,29,albümünü,TR,,O
9210,post_157,1,30,yine,TR,,O
9211,post_157,1,31,beleş,TR,,O
9212,post_157,1,32,yollardan,TR,,O
9213,post_157,1,33,indirmekten,TR,,O
9214,post_157,1,34,geri,TR,,O
9215,post_157,1,35,durmuyoruz,TR,,O
9216,post_157,1,36,not:,TR,,O
9217,post_157,1,37,reklamları,TR,,O
9218,post_157,1,38,o,TR,,O
9219,post_157,1,39,kadar,TR,,O
9220,post_157,1,40,da,TR,,O
9221,post_157,1,41,sıkmıyor,TR,,O
9222,post_157,1,42,cool,EN,,O
9223,post_157,1,43,bi,TR,,O
9224,post_157,1,44,ses,TR,,O
9225,post_157,1,45,tonuyla,TR,,O
9226,post_157,1,46,geçip,TR,,O
9227,post_157,1,47,gidiyorlar,TR,,O
9228,post_157,1,48,para,TR,,O
9229,post_157,1,49,vermesekte,TR,,O
9230,post_157,1,50,olur,TR,,O
9231,post_157,1,51,ben,TR,,O
9232,post_157,1,52,dinlerim,TR,,O
9233,post_157,1,53,reklamı,TR,,O
9234,post_157,1,54,geçerim,TR,,O
9235,post_157,1,55,diyene,TR,,O
9236,post_157,1,56,tabi,TR,,O
9237,post_158,1,0,kişinin,TR,,O
9238,post_158,1,1,oynadığı,TR,,O
9239,post_158,1,2,ve,TR,,O
9240,post_158,1,3,sonunda,TR,,O
9241,post_158,1,4,warriors'un,NE,MIXED,B-GROUP
9242,post_158,1,5,kazandığı,TR,,O
9243,post_158,1,6,bir,TR,,O
9244,post_158,1,7,oyundur,TR,,O
9245,post_159,1,0,failure,EN,,O
9246,post_159,1,1,kelimesini,TR,,O
9247,post_159,1,2,aratınca,TR,,O
9248,post_159,1,3,ilk,TR,,O
9249,post_159,1,4,sırada,TR,,O
9250,post_159,1,5,biography,NE,,B-TITLE
9251,post_159,1,6,of,NE,,I-TITLE
9252,post_159,1,7,president,NE,,I-TITLE
9253,post_159,1,8,george,NE,,I-TITLE
9254,post_159,1,9,w,NE,,I-TITLE
9255,post_159,1,10,bush',NE,,I-TITLE
9256,post_159,1,11,başlığını,TR,,O
9257,post_159,1,12,getiren,TR,,O
9258,post_159,1,13,arama,TR,,O
9259,post_159,1,14,motoru,TR,,O
9260,post_159,1,15,(bkz:,TR,,O
9261,post_159,1,16,in,EN,,O
9262,post_159,1,17,google,NE,,B-PROD
9263,post_159,1,18,we,EN,,O
9264,post_159,1,19,trust),EN,,O
9265,post_160,1,0,yukarılardan,TR,,O
9266,post_160,1,1,bir,TR,,O
9267,post_160,1,2,entrye;,MIXED,MIXED,O
9268,post_160,1,3,kısa,TR,,O
9269,post_160,1,4,"kod,",TR,,O
9270,post_160,1,5,en,TR,,O
9271,post_160,1,6,iyi,TR,,O
9272,post_160,1,7,kod,TR,,O
9273,post_160,1,8,degildir,TR,,O
9274,post_160,1,9,bu,TR,,O
9275,post_160,1,10,yüzden,TR,,O
9276,post_160,1,11,chatgpt,NE,,B-PROD
9277,post_160,1,12,ile,TR,,O
9278,post_160,1,13,code,EN,,O
9279,post_160,1,14,refactor,EN,,O
9280,post_160,1,15,"yapıp,",TR,,O
9281,post_160,1,16,satır,TR,,O
9282,post_160,1,17,sayısını,TR,,O
9283,post_160,1,18,dusurmekle,TR,,O
9284,post_160,1,19,iyi,TR,,O
9285,post_160,1,20,kod,TR,,O
9286,post_160,1,21,yazmıs,TR,,O
9287,post_160,1,22,olunmaz,TR,,O
9288,post_160,1,23,kısa,TR,,O
9289,post_160,1,24,ama,TR,,O
9290,post_160,1,25,"anlasılabilir,",TR,,O
9291,post_160,1,26,okunabilir,TR,,O
9292,post_160,1,27,(ingilizce,NE,,B-OTHER
9293,post_160,1,28,cumle,TR,,O
9294,post_160,1,29,okur,TR,,O
9295,post_160,1,30,gibi),TR,,O
9296,post_160,1,31,"kod,",TR,,O
9297,post_160,1,32,iyi,TR,,O
9298,post_160,1,33,yazilmis,TR,,O
9299,post_160,1,34,koddur,TR,,O
9300,post_161,1,0,oregon,NE,,B-LOC
9301,post_161,1,1,merkezli,TR,,O
9302,post_161,1,2,ilk,TR,,O
9303,post_161,1,3,başta,TR,,O
9304,post_161,1,4,koşu,TR,,O
9305,post_161,1,5,amaçlı,TR,,O
9306,post_161,1,6,spor,TR,,O
9307,post_161,1,7,ayakkabı,TR,,O
9308,post_161,1,8,üreten,TR,,O
9309,post_161,1,9,daha,TR,,O
9310,post_161,1,10,sonra,TR,,O
9311,post_161,1,11,işi,TR,,O
9312,post_161,1,12,büyüten,TR,,O
9313,post_161,1,13,kuruluş,TR,,O
9314,post_161,1,14,ayakkabılarından,TR,,O
9315,post_161,1,15,şaşmamak,TR,,O
9316,post_161,1,16,gerek,TR,,O
9317,post_161,1,17,(bkz:,TR,,O
9318,post_161,1,18,super),EN,,O
9319,post_161,1,19,kurucusu,TR,,O
9320,post_161,1,20,oregon,NE,,B-ORG
9321,post_161,1,21,university,NE,,I-ORG
9322,post_161,1,22,nin,TR,,O
9323,post_161,1,23,atletimiz,TR,,O
9324,post_161,1,24,koç,TR,,O
9325,post_161,1,25,u,TR,,O
9326,post_161,1,26,olan,TR,,O
9327,post_161,1,27,adamdır,TR,,O
9328,post_161,1,28,cine5,NE,,B-ORG
9329,post_161,1,29,te,TR,,O
9330,post_161,1,30,filmi,TR,,O
9331,post_161,1,31,vardı,TR,,O
9332,post_161,1,32,steve,NE,,B-PER
9333,post_161,1,33,prefontaine,NE,,I-PER
9334,post_161,1,34,diye,TR,,O
9335,post_161,1,35,bi,TR,,O
9336,post_161,1,36,koşucuyla,TR,,O
9337,post_161,1,37,ilgili,TR,,O
9338,post_161,1,38,oregon,NE,,B-ORG
9339,post_161,1,39,university,NE,,I-ORG
9340,post_161,1,40,den,TR,,O
9341,post_161,1,41,izleyenler,TR,,O
9342,post_161,1,42,anlayacaktır,TR,,O
9343,post_162,1,0,"""league",NE,,B-PROD
9344,post_162,1,1,of,NE,,I-PROD
9345,post_162,1,2,"legends""",NE,,I-PROD
9346,post_162,1,3,adlı,TR,,O
9347,post_162,1,4,online,EN,,O
9348,post_162,1,5,oyunun,TR,,O
9349,post_162,1,6,günümüzce,TR,,O
9350,post_162,1,7,kısaltılmış,TR,,O
9351,post_162,1,8,halidir,TR,,O
9352,post_162,1,9,dota,TR,,O
9353,post_162,1,10,benzeri,TR,,O
9354,post_162,1,11,bir,TR,,O
9355,post_162,1,12,oyun,TR,,O
9356,post_162,1,13,türüdür,TR,,O
9357,post_162,1,14,yaş,TR,,O
9358,post_162,1,15,ortalaması,TR,,O
9359,post_162,1,16,olan,TR,,O
9360,post_162,1,17,ve,TR,,O
9361,post_162,1,18,cok,TR,,O
9362,post_162,1,19,fazla,TR,,O
9363,post_162,1,20,player,EN,,O
9364,post_162,1,21,sayısına,TR,,O
9365,post_162,1,22,ulaşan,TR,,O
9366,post_162,1,23,başarılı,TR,,O
9367,post_162,1,24,inernet,TR,,O
9368,post_162,1,25,oyunu,TR,,O
9369,post_163,1,0,"çalışanlarına,",TR,,O
9370,post_163,1,1,çeşitli,TR,,O
9371,post_163,1,2,ortamlarda,TR,,O
9372,post_163,1,3,yaptıkları,TR,,O
9373,post_163,1,4,sunumların,TR,,O
9374,post_163,1,5,her,TR,,O
9375,post_163,1,6,dakikasında,TR,,O
9376,post_163,1,7,"kez,",TR,,O
9377,post_163,1,8,"""we're",EN,,O
9378,post_163,1,9,so,EN,,O
9379,post_163,1,10,"excited""",EN,,O
9380,post_163,1,11,söz,TR,,O
9381,post_163,1,12,öbeğini,TR,,O
9382,post_163,1,13,sarf,TR,,O
9383,post_163,1,14,etme,TR,,O
9384,post_163,1,15,mecburiyeti,TR,,O
9385,post_163,1,16,getiren,TR,,O
9386,post_163,1,17,şirket,TR,,O
9387,post_164,1,0,houston'da,NE,MIXED,B-LOC
9388,post_164,1,1,oturan,TR,,O
9389,post_164,1,2,ve,TR,,O
9390,post_164,1,3,hesabinda,TR,,O
9391,post_164,1,4,sorun,TR,,O
9392,post_164,1,5,olan,TR,,O
9393,post_164,1,6,musterilerine,TR,,O
9394,post_164,1,7,"houston,",NE,,B-LOC
9395,post_164,1,8,we,EN,,O
9396,post_164,1,9,have,EN,,O
9397,post_164,1,10,a,EN,,O
9398,post_164,1,11,problem,TR,,O
9399,post_164,1,12,baslikli,TR,,O
9400,post_164,1,13,e-mail,AMBIGUOUS,,O
9401,post_164,1,14,gonderen,TR,,O
9402,post_164,1,15,firma,TR,,O
9403,post_165,1,0,buffy,NE,,B-TITLE
9404,post_165,1,1,the,NE,,I-TITLE
9405,post_165,1,2,vampire,NE,,I-TITLE
9406,post_165,1,3,slayer,NE,,I-TITLE
9407,post_165,1,4,ve,TR,,O
9408,post_165,1,5,dawson's,NE,MIXED,B-TITLE
9409,post_165,1,6,creek'i,NE,MIXED,I-TITLE
9410,post_165,1,7,görünce,TR,,O
9411,post_165,1,8,geçmişe,TR,,O
9412,post_165,1,9,gittim,TR,,O
9413,post_165,1,10,keşke,TR,,O
9414,post_165,1,11,angel'i,NE,MIXED,B-TITLE
9415,post_165,1,12,de,TR,,O
9416,post_165,1,13,"ekleselerdi,",TR,,O
9417,post_165,1,14,izlerim,TR,,O
9418,post_165,1,15,müziği,TR,,O
9419,post_165,1,16,de,TR,,O
9420,post_165,1,17,güzeldi,TR,,O
9421,post_166,1,0,moda,TR,,O
9422,post_166,1,1,koleksiyonumuzun,TR,,O
9423,post_166,1,2,moodboard'unu,MIXED,MIXED,O
9424,post_166,1,3,nft,EN,,O
9425,post_166,1,4,haline,TR,,O
9426,post_166,1,5,"getirdik,",TR,,O
9427,post_166,1,6,ilk,TR,,O
9428,post_166,1,7,türkçe,NE,,B-OTHER
9429,post_166,1,8,nft,EN,,O
9430,post_166,1,9,şiiri,TR,,O
9431,post_166,1,10,için,TR,,O
9432,post_166,1,11,de,TR,,O
9433,post_166,1,12,denemelerimiz,TR,,O
9434,post_166,1,13,sürüyor,TR,,O
9435,post_166,1,14,crypto,EN,,O
9436,post_166,1,15,is,EN,,O
9437,post_166,1,16,hope,EN,,O
9438,post_166,1,17,(bkz:,TR,,O
9439,post_166,1,18,opensea),NE,,B-PROD
9440,post_166,1,19,mi,TR,,O
9441,post_166,1,20,(bkz:,TR,,O
9442,post_166,1,21,rarible),EN,,O
9443,post_166,1,22,mi,TR,,O
9444,post_166,1,23,daha,TR,,O
9445,post_166,1,24,mantıklı,TR,,O
9446,post_166,1,25,sizce,TR,,O
9447,post_167,1,0,python,NE,,B-PROD
9448,post_167,1,1,gurulara,TR,,O
9449,post_167,1,2,bir,TR,,O
9450,post_167,1,3,soru:,TR,,O
9451,post_167,1,4,python,NE,,B-PROD
9452,post_167,1,5,based,EN,,O
9453,post_167,1,6,microservisciklerim,TR,,O
9454,post_167,1,7,var,TR,,O
9455,post_167,1,8,docker,NE,,B-PROD
9456,post_167,1,9,containerler,MIXED,MIXED,O
9457,post_167,1,10,içinde,TR,,O
9458,post_167,1,11,çalışan,TR,,O
9459,post_167,1,12,bugün,TR,,O
9460,post_167,1,13,bi,TR,,O
9461,post_167,1,14,fark,TR,,O
9462,post_167,1,15,ettim,TR,,O
9463,post_167,1,16,"ki,",TR,,O
9464,post_167,1,17,load,EN,,O
9465,post_167,1,18,altında,TR,,O
9466,post_167,1,19,memory,EN,,O
9467,post_167,1,20,consumption,EN,,O
9468,post_167,1,21,belli,TR,,O
9469,post_167,1,22,bi,TR,,O
9470,post_167,1,23,yere,TR,,O
9471,post_167,1,24,kadar,TR,,O
9472,post_167,1,25,çıkıyor,TR,,O
9473,post_167,1,26,load,EN,,O
9474,post_167,1,27,düşünce,TR,,O
9475,post_167,1,28,de,TR,,O
9476,post_167,1,29,hala,TR,,O
9477,post_167,1,30,memory,EN,,O
9478,post_167,1,31,release,EN,,O
9479,post_167,1,32,olmamış,TR,,O
9480,post_167,1,33,kalıyor,TR,,O
9481,post_167,1,34,stats,EN,,O
9482,post_167,1,35,lere,TR,,O
9483,post_167,1,36,cadvisor,TR,,O
9484,post_167,1,37,ile,TR,,O
9485,post_167,1,38,grafanadan,TR,,O
9486,post_167,1,39,bakıyorum,TR,,O
9487,post_167,1,40,nasıl,TR,,O
9488,post_167,1,41,profiling,EN,,O
9489,post_167,1,42,yapıyorsunuz,TR,,O
9490,post_167,1,43,böyle,TR,,O
9491,post_167,1,44,durumları,TR,,O
9492,post_167,1,45,file'a,MIXED,MIXED,O
9493,post_167,1,46,yazma,TR,,O
9494,post_167,1,47,işim,TR,,O
9495,post_167,1,48,var,TR,,O
9496,post_167,1,49,büyük,TR,,O
9497,post_167,1,50,büyük,TR,,O
9498,post_167,1,51,verileri,TR,,O
9499,post_167,1,52,ondan,TR,,O
9500,post_167,1,53,şüpheleniyorum,TR,,O
9501,post_167,1,54,bakalım,TR,,O
9502,post_167,1,55,bi,TR,,O
9503,post_167,1,56,yere,TR,,O
9504,post_167,1,57,varabilecek,TR,,O
9505,post_167,1,58,miyim,TR,,O
9506,post_168,1,0,cto'sunun,MIXED,MIXED,O
9507,post_168,1,1,open,EN,,O
9508,post_168,1,2,"source,",EN,,O
9509,post_168,1,3,free,EN,,O
9510,post_168,1,4,software,EN,,O
9511,post_168,1,5,gibi,TR,,O
9512,post_168,1,6,teknolojilere,TR,,O
9513,post_168,1,7,soguk,TR,,O
9514,post_168,1,8,olmasindan,TR,,O
9515,post_168,1,9,"dolayi,",TR,,O
9516,post_168,1,10,unix*,NE,,B-PROD
9517,post_168,1,11,kullanmakla,TR,,O
9518,post_168,1,12,beraber,TR,,O
9519,post_168,1,13,teknik,TR,,O
9520,post_168,1,14,olarak,TR,,O
9521,post_168,1,15,oldukca,TR,,O
9522,post_168,1,16,hantal,TR,,O
9523,post_168,1,17,ve,TR,,O
9524,post_168,1,18,eski,TR,,O
9525,post_168,1,19,bir,TR,,O
9526,post_168,1,20,altyapiya,TR,,O
9527,post_168,1,21,sahip,TR,,O
9528,post_168,1,22,maalesef,TR,,O
9529,post_169,1,0,pkk,NE,,B-ORG
9530,post_169,1,1,terör,TR,,O
9531,post_169,1,2,örgütü,TR,,O
9532,post_169,1,3,kabul,TR,,O
9533,post_169,1,4,edilse,TR,,O
9534,post_169,1,5,"bile,",TR,,O
9535,post_169,1,6,bu,TR,,O
9536,post_169,1,7,konuda,TR,,O
9537,post_169,1,8,farklı,TR,,O
9538,post_169,1,9,görüşler,TR,,O
9539,post_169,1,10,vardır,TR,,O
9540,post_169,1,11,cart,TR,,O
9541,post_169,1,12,curt,TR,,O
9542,post_169,1,13,diyor,TR,,O
9543,post_169,1,14,ışid,TR,,O
9544,post_169,1,15,için,TR,,O
9545,post_169,1,16,"ise,",TR,,O
9546,post_169,1,17,terör,TR,,O
9547,post_169,1,18,örgütüdür,TR,,O
9548,post_169,1,19,deyip,TR,,O
9549,post_169,1,20,kestirip,TR,,O
9550,post_169,1,21,atıyor,TR,,O
9551,post_169,1,22,yarım,TR,,O
9552,post_169,1,23,saat,TR,,O
9553,post_169,1,24,arada,TR,,O
9554,post_169,1,25,fark,TR,,O
9555,post_169,1,26,olmadığını,TR,,O
9556,post_169,1,27,anlatmaya,TR,,O
9557,post_169,1,28,çalıştım,TR,,O
9558,post_169,1,29,sikerler,TR,,O
9559,post_169,1,30,böyle,TR,,O
9560,post_169,1,31,yapay,TR,,O
9561,post_169,1,32,zekayı,TR,,O
9562,post_169,1,33,ışid'in,TR,,O
9563,post_169,1,34,de,TR,,O
9564,post_169,1,35,terör,TR,,O
9565,post_169,1,36,örgütü,TR,,O
9566,post_169,1,37,olmadığını,TR,,O
9567,post_169,1,38,düşünenler,TR,,O
9568,post_169,1,39,de,TR,,O
9569,post_169,1,40,var,TR,,O
9570,post_169,1,41,"diyorum,",TR,,O
9571,post_169,1,42,evet,TR,,O
9572,post_169,1,43,vardır,TR,,O
9573,post_169,1,44,ee,TR,,O
9574,post_169,1,45,öö,TR,,O
9575,post_169,1,46,yapıyor,TR,,O
9576,post_169,1,47,e,TR,,O
9577,post_169,1,48,varsa,TR,,O
9578,post_169,1,49,demek,TR,,O
9579,post_169,1,50,ki,TR,,O
9580,post_169,1,51,pkk'dan,NE,MIXED,B-ORG
9581,post_169,1,52,bir,TR,,O
9582,post_169,1,53,farkı,TR,,O
9583,post_169,1,54,yok,TR,,O
9584,post_169,1,55,"diyorum,",TR,,O
9585,post_169,1,56,aynı,TR,,O
9586,post_169,1,57,cümleleri,TR,,O
9587,post_169,1,58,tekrar,TR,,O
9588,post_169,1,59,edip,TR,,O
9589,post_169,1,60,duruyor,TR,,O
9590,post_169,1,61,özet,TR,,O
9591,post_169,1,62,"olarak,",TR,,O
9592,post_169,1,63,wikipedia'dan,NE,MIXED,B-PROD
9593,post_169,1,64,bir,TR,,O
9594,post_169,1,65,takım,TR,,O
9595,post_169,1,66,bilgiler,TR,,O
9596,post_169,1,67,"edinmiş,",TR,,O
9597,post_169,1,68,kendi,TR,,O
9598,post_169,1,69,muhakemesi,TR,,O
9599,post_169,1,70,yok,TR,,O
9600,post_169,1,71,durmadan,TR,,O
9601,post_169,1,72,aynı,TR,,O
9602,post_169,1,73,şeyleri,TR,,O
9603,post_169,1,74,tekrar,TR,,O
9604,post_169,1,75,ediyor,TR,,O
9605,post_169,1,76,öğrenme,TR,,O
9606,post_169,1,77,"isteği,",TR,,O
9607,post_169,1,78,kapasitesi,TR,,O
9608,post_169,1,79,yok,TR,,O
9609,post_169,1,80,kapalı,TR,,O
9610,post_169,1,81,devre,TR,,O
9611,post_169,1,82,"çalışan,",TR,,O
9612,post_169,1,83,sik,TR,,O
9613,post_169,1,84,gibi,TR,,O
9614,post_169,1,85,bir,TR,,O
9615,post_169,1,86,chatbot,EN,,O
9616,post_169,1,87,sadece,TR,,O
9617,post_170,1,0,ay,TR,,O
9618,post_170,1,1,free,EN,,O
9619,post_170,1,2,trial'dan,MIXED,MIXED,O
9620,post_170,1,3,sonra,TR,,O
9621,post_170,1,4,uyeligini,TR,,O
9622,post_170,1,5,satin,TR,,O
9623,post_170,1,6,alsam,TR,,O
9624,post_170,1,7,mi,TR,,O
9625,post_170,1,8,diye,TR,,O
9626,post_170,1,9,dusundugum,TR,,O
9627,post_170,1,10,aliskanlik,TR,,O
9628,post_170,1,11,yapan,TR,,O
9629,post_170,1,12,"program,",TR,,O
9630,post_170,1,13,muzik,TR,,O
9631,post_170,1,14,indirme,TR,,O
9632,post_170,1,15,derdi,TR,,O
9633,post_170,1,16,yok,TR,,O
9634,post_170,1,17,yalniz,TR,,O
9635,post_170,1,18,turkce,NE,,B-OTHER
9636,post_170,1,19,muzik,TR,,O
9637,post_170,1,20,arsivleri,TR,,O
9638,post_170,1,21,biraz,TR,,O
9639,post_170,1,22,yetersiz,TR,,O
9640,post_170,1,23,onun,TR,,O
9641,post_170,1,24,disinda,TR,,O
9642,post_170,1,25,sahane,TR,,O
9643,post_171,1,0,"openai'ın,",NE,MIXED,B-PROD
9644,post_171,1,1,hollywood'daki,NE,MIXED,B-ORG
9645,post_171,1,2,yapımcı,TR,,O
9646,post_171,1,3,ve,TR,,O
9647,post_171,1,4,yönetmenleri,TR,,O
9648,post_171,1,5,yapay,TR,,O
9649,post_171,1,6,zekaya,TR,,O
9650,post_171,1,7,yatırım,TR,,O
9651,post_171,1,8,yapmaya,TR,,O
9652,post_171,1,9,ikna,TR,,O
9653,post_171,1,10,etmek,TR,,O
9654,post_171,1,11,için,TR,,O
9655,post_171,1,12,critterz,NE,,B-TITLE
9656,post_171,1,13,adlı,TR,,O
9657,post_171,1,14,uzun,TR,,O
9658,post_171,1,15,metrajlı,TR,,O
9659,post_171,1,16,bir,TR,,O
9660,post_171,1,17,animasyon,TR,,O
9661,post_171,1,18,filminin,TR,,O
9662,post_171,1,19,yapım,TR,,O
9663,post_171,1,20,ekibiyle,TR,,O
9664,post_171,1,21,teknolojisini,TR,,O
9665,post_171,1,22,paylaştığı,TR,,O
9666,post_171,1,23,bildirildi,TR,,O
9667,post_171,1,24,the,NE,,B-ORG
9668,post_171,1,25,wall,NE,,I-ORG
9669,post_171,1,26,street,NE,,I-ORG
9670,post_171,1,27,journal'ın,NE,MIXED,I-ORG
9671,post_171,1,28,haberine,TR,,O
9672,post_171,1,29,göre,TR,,O
9673,post_171,1,30,"film,",TR,,O
9674,post_171,1,31,tamamen,TR,,O
9675,post_171,1,32,openai,NE,,B-ORG
9676,post_171,1,33,modellerinden,TR,,O
9677,post_171,1,34,güç,TR,,O
9678,post_171,1,35,alan,TR,,O
9679,post_171,1,36,görüntü,TR,,O
9680,post_171,1,37,üretim,TR,,O
9681,post_171,1,38,araçlarıyla,TR,,O
9682,post_171,1,39,hazırlandı,TR,,O
9683,post_171,1,40,yalnızca,TR,,O
9684,post_171,1,41,ayda,TR,,O
9685,post_171,1,42,milyon,TR,,O
9686,post_171,1,43,dolardan,TR,,O
9687,post_171,1,44,daha,TR,,O
9688,post_171,1,45,az,TR,,O
9689,post_171,1,46,bir,TR,,O
9690,post_171,1,47,bütçeyle,TR,,O
9691,post_171,1,48,hazırlanan,TR,,O
9692,post_171,1,49,"film,",TR,,O
9693,post_171,1,50,cannes,NE,,B-EVENT
9694,post_171,1,51,film,NE,,I-EVENT
9695,post_171,1,52,festivali'nde,NE,MIXED,I-EVENT
9696,post_171,1,53,ilk,TR,,O
9697,post_171,1,54,gösterimini,TR,,O
9698,post_171,1,55,yapmasının,TR,,O
9699,post_171,1,56,ardından,TR,,O
9700,post_171,1,57,2026'da,TR,,O
9701,post_171,1,58,dünya,TR,,O
9702,post_171,1,59,genelinde,TR,,O
9703,post_171,1,60,vizyona,TR,,O
9704,post_171,1,61,girecek,TR,,O
9705,post_172,1,0,çocuklar,TR,,O
9706,post_172,1,1,için,TR,,O
9707,post_172,1,2,oldukça,TR,,O
9708,post_172,1,3,tehlikeli,TR,,O
9709,post_172,1,4,olan,TR,,O
9710,post_172,1,5,bir,TR,,O
9711,post_172,1,6,uygulama,TR,,O
9712,post_172,1,7,türkçe,NE,,B-OTHER
9713,post_172,1,8,link,TR,,O
9714,post_172,1,9,anlatıyorum:,TR,,O
9715,post_172,1,10,abd'de,NE,MIXED,B-LOC
9716,post_172,1,11,gençler,TR,,O
9717,post_172,1,12,prize,TR,,O
9718,post_172,1,13,şarj,TR,,O
9719,post_172,1,14,aleti,TR,,O
9720,post_172,1,15,"takıp,",TR,,O
9721,post_172,1,16,priz,TR,,O
9722,post_172,1,17,ile,TR,,O
9723,post_172,1,18,şarj,TR,,O
9724,post_172,1,19,aleti,TR,,O
9725,post_172,1,20,arasına,TR,,O
9726,post_172,1,21,madeni,TR,,O
9727,post_172,1,22,para,TR,,O
9728,post_172,1,23,sokarak,TR,,O
9729,post_172,1,24,kıvılcım,TR,,O
9730,post_172,1,25,çıkartıyorlar,TR,,O
9731,post_172,1,26,bu,TR,,O
9732,post_172,1,27,outlet,TR,,O
9733,post_172,1,28,challenge,EN,,O
9734,post_172,1,29,diye,TR,,O
9735,post_172,1,30,geçiyor,TR,,O
9736,post_172,1,31,ve,TR,,O
9737,post_172,1,32,bunu,TR,,O
9738,post_172,1,33,okulda,TR,,O
9739,post_172,1,34,denemişler,TR,,O
9740,post_172,1,35,itfaiye,TR,,O
9741,post_172,1,36,açıklama,TR,,O
9742,post_172,1,37,yapmış,TR,,O
9743,post_172,1,38,tabi,TR,,O
9744,post_172,1,39,edit,EN,,O
9745,post_172,1,40,türkçe,NE,,B-OTHER
9746,post_172,1,41,link,TR,,O
9747,post_172,1,42,eklendi,TR,,O
9748,post_173,1,0,ben,TR,,O
9749,post_173,1,1,de,TR,,O
9750,post_173,1,2,geçen,TR,,O
9751,post_173,1,3,ay,TR,,O
9752,post_173,1,4,aktive,TR,,O
9753,post_173,1,5,ettim,TR,,O
9754,post_173,1,6,eski,TR,,O
9755,post_173,1,7,üyeliğimi,TR,,O
9756,post_173,1,8,tekrar,TR,,O
9757,post_173,1,9,tekrar,TR,,O
9758,post_173,1,10,izlemelik,TR,,O
9759,post_173,1,11,monk,NE,,B-TITLE
9760,post_173,1,12,ve,TR,,O
9761,post_173,1,13,the,NE,,B-TITLE
9762,post_173,1,14,office,NE,,I-TITLE
9763,post_173,1,15,gibi,TR,,O
9764,post_173,1,16,diziler,TR,,O
9765,post_173,1,17,burada,TR,,O
9766,post_173,1,18,ama,TR,,O
9767,post_173,1,19,altyazı,TR,,O
9768,post_173,1,20,kalitesi,TR,,O
9769,post_173,1,21,rezalet,TR,,O
9770,post_173,1,22,zaten,TR,,O
9771,post_173,1,23,içeriklerin,TR,,O
9772,post_173,1,24,özetlerini,TR,,O
9773,post_173,1,25,google,NE,,B-PROD
9774,post_173,1,26,translate,NE,,I-PROD
9775,post_173,1,27,ile,TR,,O
9776,post_173,1,28,çevirmişler,TR,,O
9777,post_173,1,29,şaka,TR,,O
9778,post_173,1,30,değil,TR,,O
9779,post_173,1,31,bazıları,TR,,O
9780,post_173,1,32,gayet,TR,,O
9781,post_173,1,33,normal,TR,,O
9782,post_173,1,34,cümlelerken,TR,,O
9783,post_173,1,35,bazıları,TR,,O
9784,post_173,1,36,direkt,TR,,O
9785,post_173,1,37,google,NE,,B-PROD
9786,post_173,1,38,translate,NE,,I-PROD
9787,post_173,1,39,"çevirisi,",TR,,O
9788,post_173,1,40,komik,TR,,O
9789,post_173,1,41,bir,TR,,O
9790,post_173,1,42,de,TR,,O
9791,post_173,1,43,ingilizce,NE,,B-OTHER
9792,post_173,1,44,altyazılar,TR,,O
9793,post_173,1,45,bile,TR,,O
9794,post_173,1,46,hep,TR,,O
9795,post_173,1,47,sıkıntılı,TR,,O
9796,post_173,1,48,video,EN,,O
9797,post_173,1,49,playerının,MIXED,MIXED,O
9798,post_173,1,50,ileri,TR,,O
9799,post_173,1,51,geri,TR,,O
9800,post_173,1,52,alması,TR,,O
9801,post_173,1,53,da,TR,,O
9802,post_173,1,54,işkence,TR,,O
9803,post_173,1,55,ben,TR,,O
9804,post_173,1,56,başka,TR,,O
9805,post_173,1,57,bir,TR,,O
9806,post_173,1,58,şey,TR,,O
9807,post_173,1,59,yaparken,TR,,O
9808,post_173,1,60,arkada,TR,,O
9809,post_173,1,61,the,NE,,B-TITLE
9810,post_173,1,62,office,NE,,B-TITLE
9811,post_173,1,63,dinlemek,TR,,O
9812,post_173,1,64,için,TR,,O
9813,post_173,1,65,aldım,TR,,O
9814,post_173,1,66,asla,TR,,O
9815,post_173,1,67,uzun,TR,,O
9816,post_173,1,68,süreli,TR,,O
9817,post_173,1,69,kullanmayı,TR,,O
9818,post_173,1,70,düşünmüyorum,TR,,O
9819,post_173,1,71,cidden,TR,,O
9820,post_173,1,72,başarısız,TR,,O
9821,post_174,1,0,internet,TR,,O
9822,post_174,1,1,aleminin,TR,,O
9823,post_174,1,2,en,TR,,O
9824,post_174,1,3,eski,TR,,O
9825,post_174,1,4,community,EN,,O
9826,post_174,1,5,gathering,EN,,O
9827,post_174,1,6,platformu,TR,,O
9828,post_174,1,7,son,TR,,O
9829,post_174,1,8,zamanlarda,TR,,O
9830,post_174,1,9,aklıma,TR,,O
9831,post_174,1,10,takılan,TR,,O
9832,post_174,1,11,birçok,TR,,O
9833,post_174,1,12,konuda,TR,,O
9834,post_174,1,13,veya,TR,,O
9835,post_174,1,14,bir,TR,,O
9836,post_174,1,15,"film,",TR,,O
9837,post_174,1,16,"oyun,",TR,,O
9838,post_174,1,17,müzik,TR,,O
9839,post_174,1,18,gibi,TR,,O
9840,post_174,1,19,konularda,TR,,O
9841,post_174,1,20,yorum,TR,,O
9842,post_174,1,21,okumak,TR,,O
9843,post_174,1,22,için,TR,,O
9844,post_174,1,23,ekşiden,TR,,O
9845,post_174,1,24,daha,TR,,O
9846,post_174,1,25,fazla,TR,,O
9847,post_174,1,26,kullanmaya,TR,,O
9848,post_174,1,27,başladığım,TR,,O
9849,post_174,1,28,platform,AMBIGUOUS,,O
9850,post_174,1,29,genel,TR,,O
9851,post_174,1,30,olarak,TR,,O
9852,post_174,1,31,paylaşımlar,TR,,O
9853,post_174,1,32,oldukça,TR,,O
9854,post_174,1,33,kaliteli,TR,,O
9855,post_174,1,34,hakikaten,TR,,O
9856,post_174,1,35,yani,TR,,O
9857,post_174,1,36,bazıları,TR,,O
9858,post_174,1,37,"kötülemiş,",TR,,O
9859,post_174,1,38,ama,TR,,O
9860,post_174,1,39,neden,TR,,O
9861,post_174,1,40,olduğunu,TR,,O
9862,post_174,1,41,bilmiyorum,TR,,O
9863,post_174,1,42,kötülenen,TR,,O
9864,post_174,1,43,ortam,TR,,O
9865,post_174,1,44,da,TR,,O
9866,post_174,1,45,ekşi,TR,,O
9867,post_174,1,46,bu,TR,,O
9868,post_174,1,47,arada,TR,,O
9869,post_175,1,0,bu,TR,,O
9870,post_175,1,1,yılbaşı,TR,,O
9871,post_175,1,2,için,TR,,O
9872,post_175,1,3,yurt,TR,,O
9873,post_175,1,4,dışında,TR,,O
9874,post_175,1,5,airbnb,NE,,B-PROD
9875,post_175,1,6,tutmuştum,TR,,O
9876,post_175,1,7,iptal,TR,,O
9877,post_175,1,8,koşulları,TR,,O
9878,post_175,1,9,da,TR,,O
9879,post_175,1,10,ayın,TR,,O
9880,post_175,1,11,25'ine,TR,,O
9881,post_175,1,12,kadar,TR,,O
9882,post_175,1,13,full,EN,,O
9883,post_175,1,14,"refund,",EN,,O
9884,post_175,1,15,30'una,TR,,O
9885,post_175,1,16,kadar,TR,,O
9886,post_175,1,17,ise,TR,,O
9887,post_175,1,18,ilk,TR,,O
9888,post_175,1,19,gece,TR,,O
9889,post_175,1,20,hariç,TR,,O
9890,post_175,1,21,(iade,TR,,O
9891,post_175,1,22,etmiyor),TR,,O
9892,post_175,1,23,geri,TR,,O
9893,post_175,1,24,kalan,TR,,O
9894,post_175,1,25,tutarın,TR,,O
9895,post_175,1,26,%50'sini,TR,,O
9896,post_175,1,27,refund,EN,,O
9897,post_175,1,28,ediyordu,TR,,O
9898,post_175,1,29,sonra,TR,,O
9899,post_175,1,30,gel,TR,,O
9900,post_175,1,31,gelelim,TR,,O
9901,post_175,1,32,bugün,TR,,O
9902,post_175,1,33,covid,EN,,O
9903,post_175,1,34,"oldum,",TR,,O
9904,post_175,1,35,sonuçta,TR,,O
9905,post_175,1,36,karantinaya,TR,,O
9906,post_175,1,37,girmem,TR,,O
9907,post_175,1,38,gerekiyor,TR,,O
9908,post_175,1,39,ve,TR,,O
9909,post_175,1,40,yurt,TR,,O
9910,post_175,1,41,dışına,TR,,O
9911,post_175,1,42,çıkamıyorum,TR,,O
9912,post_175,1,43,(normalde,TR,,O
9913,post_175,1,44,25'i,TR,,O
9914,post_175,1,45,geçmesine,TR,,O
9915,post_175,1,46,rağmen),TR,,O
9916,post_175,1,47,bunların,TR,,O
9917,post_175,1,48,amerika,NE,,B-LOC
9918,post_175,1,49,numarasını,TR,,O
9919,post_175,1,50,"aradım,",TR,,O
9920,post_175,1,51,pozitif,TR,,O
9921,post_175,1,52,test,TR,,O
9922,post_175,1,53,sonucumu,TR,,O
9923,post_175,1,54,istediler,TR,,O
9924,post_175,1,55,"gönderdim,",TR,,O
9925,post_175,1,56,saat,TR,,O
9926,post_175,1,57,içinde,TR,,O
9927,post_175,1,58,full,EN,,O
9928,post_175,1,59,refund,EN,,O
9929,post_175,1,60,talebim,TR,,O
9930,post_175,1,61,onaylandı,TR,,O
9931,post_175,1,62,ayrıca,TR,,O
9932,post_175,1,63,tl'lik,TR,,O
9933,post_175,1,64,kupon,TR,,O
9934,post_175,1,65,da,TR,,O
9935,post_175,1,66,hediye,TR,,O
9936,post_175,1,67,ettiler,TR,,O
9937,post_175,1,68,yani;,TR,,O
9938,post_175,1,69,bütün,TR,,O
9939,post_175,1,70,dünya,TR,,O
9940,post_175,1,71,airbnb'nin,NE,MIXED,B-PROD
9941,post_175,1,72,daşşaaanı,TR,,O
9942,post_175,1,73,yisin,TR,,O
9943,post_175,1,74,yabancılar,TR,,O
9944,post_175,1,75,yapıyor,TR,,O
9945,post_175,1,76,abi,TR,,O
9946,post_176,1,0,hemen,TR,,O
9947,post_176,1,1,hemen,TR,,O
9948,post_176,1,2,herkesin,TR,,O
9949,post_176,1,3,bulunabildigi,TR,,O
9950,post_176,1,4,bir,TR,,O
9951,post_176,1,5,sosyal,TR,,O
9952,post_176,1,6,komunite,TR,,O
9953,post_176,1,7,discovery,NE,,B-ORG
9954,post_176,1,8,channel'da,NE,MIXED,I-ORG
9955,post_176,1,9,seyrettim,TR,,O
9956,post_176,1,10,gecen,TR,,O
9957,post_176,1,11,"gece,",TR,,O
9958,post_176,1,12,katili,TR,,O
9959,post_176,1,13,facebook'dan,NE,MIXED,B-PROD
9960,post_176,1,14,buldular,TR,,O
9961,post_176,1,15,ps:,TR,,O
9962,post_176,1,16,uşak,TR,,O
9963,post_176,1,17,network'ündeydi,MIXED,MIXED,O
9964,post_177,1,0,upwork,NE,,B-ORG
9965,post_177,1,1,ile,TR,,O
9966,post_177,1,2,uluslararası,TR,,O
9967,post_177,1,3,freelance,EN,,O
9968,post_177,1,4,pazarında,TR,,O
9969,post_177,1,5,ilk,TR,,O
9970,post_177,1,6,işimi,TR,,O
9971,post_177,1,7,aldım,TR,,O
9972,post_177,1,8,ilk,TR,,O
9973,post_177,1,9,işi,TR,,O
9974,post_177,1,10,almak,TR,,O
9975,post_177,1,11,zor,TR,,O
9976,post_177,1,12,ama,TR,,O
9977,post_177,1,13,uğraşmaya,TR,,O
9978,post_177,1,14,değer,TR,,O
9979,post_178,1,0,fitness,EN,,O
9980,post_178,1,1,body,EN,,O
9981,post_178,1,2,buildingten,MIXED,MIXED,O
9982,post_178,1,3,farklı,TR,,O
9983,post_178,1,4,olarak,TR,,O
9984,post_178,1,5,"dayanıklılık,",TR,,O
9985,post_178,1,6,atletizm,TR,,O
9986,post_178,1,7,ve,TR,,O
9987,post_178,1,8,koordinasyonu,TR,,O
9988,post_178,1,9,içinde,TR,,O
9989,post_178,1,10,"barındıran,",TR,,O
9990,post_178,1,11,bu,TR,,O
9991,post_178,1,12,nedenle,TR,,O
9992,post_178,1,13,aerobik,TR,,O
9993,post_178,1,14,egzersizleri,TR,,O
9994,post_178,1,15,de,TR,,O
9995,post_178,1,16,ele,TR,,O
9996,post_178,1,17,alarak,TR,,O
9997,post_178,1,18,kardiyovasküler,TR,,O
9998,post_178,1,19,sistemi,TR,,O
9999,post_178,1,20,de,TR,,O
10000,post_178,1,21,geliştirmeyi,TR,,O
10001,post_178,1,22,amaçlayan,TR,,O
10002,post_178,1,23,bir,TR,,O
10003,post_178,1,24,spor,TR,,O
10004,post_178,1,25,dalı,TR,,O
10005,post_178,1,26,hipertrofiyi,TR,,O
10006,post_178,1,27,amaçlayan,TR,,O
10007,post_178,1,28,body,EN,,O
10008,post_178,1,29,building,EN,,O
10009,post_178,1,30,için,TR,,O
10010,post_178,1,31,ise,TR,,O
10011,post_178,1,32,kas,TR,,O
10012,post_178,1,33,yapmak,TR,,O
10013,post_178,1,34,denilebilir,TR,,O
10014,post_178,1,35,fitness,EN,,O
10015,post_178,1,36,ise,TR,,O
10016,post_178,1,37,daha,TR,,O
10017,post_178,1,38,kapsamlıdır,TR,,O
10018,post_178,1,39,ve,TR,,O
10019,post_178,1,40,kardiyo,TR,,O
10020,post_178,1,41,nedeniyle,TR,,O
10021,post_178,1,42,gelen,TR,,O
10022,post_178,1,43,sıkılaşma,TR,,O
10023,post_178,1,44,bir,TR,,O
10024,post_178,1,45,kayıp,TR,,O
10025,post_178,1,46,olarak,TR,,O
10026,post_178,1,47,görülmez,TR,,O
10027,post_178,1,48,bodybuilding,EN,,O
10028,post_178,1,49,izotonik,TR,,O
10029,post_178,1,50,kasılmaları,TR,,O
10030,post_178,1,51,hedefleyen,TR,,O
10031,post_178,1,52,egzersizlere,TR,,O
10032,post_178,1,53,dayalıdır,TR,,O
10033,post_178,1,54,ancak,TR,,O
10034,post_178,1,55,fitness,EN,,O
10035,post_178,1,56,programında,TR,,O
10036,post_178,1,57,izometrik,TR,,O
10037,post_178,1,58,egzersizler,TR,,O
10038,post_178,1,59,olmak,TR,,O
10039,post_178,1,60,zorundadır,TR,,O
10040,post_178,1,61,ve,TR,,O
10041,post_178,1,62,zayıf,TR,,O
10042,post_178,1,63,bir,TR,,O
10043,post_178,1,64,performans,TR,,O
10044,post_178,1,65,kabul,TR,,O
10045,post_178,1,66,edilemez,TR,,O
10046,post_179,1,0,an,TR,,O
10047,post_179,1,1,itibariyle,TR,,O
10048,post_179,1,2,pcde,MIXED,MIXED,O
10049,post_179,1,3,kullanmaya,TR,,O
10050,post_179,1,4,çalıştığınızda,TR,,O
10051,post_179,1,5,"""sorry,",EN,,O
10052,post_179,1,6,you,EN,,O
10053,post_179,1,7,have,EN,,O
10054,post_179,1,8,been,EN,,O
10055,post_179,1,9,blocked,EN,,O
10056,post_179,1,10,you,EN,,O
10057,post_179,1,11,are,EN,,O
10058,post_179,1,12,unable,EN,,O
10059,post_179,1,13,to,EN,,O
10060,post_179,1,14,access,EN,,O
10061,post_179,1,15,"discord.com""",NE,MIXED,B-PROD
10062,post_179,1,16,uyarısı,TR,,O
10063,post_179,1,17,veren,TR,,O
10064,post_179,1,18,site,TR,,O
10065,post_179,1,19,galiba,TR,,O
10066,post_179,1,20,sorun,TR,,O
10067,post_179,1,21,global,TR,,O
10068,post_179,1,22,edit,EN,,O
10069,post_179,1,23,sorun,TR,,O
10070,post_179,1,24,çözülmüşe,TR,,O
10071,post_179,1,25,benziyor,TR,,O
10072,post_180,1,0,zırt,TR,,O
10073,post_180,1,1,pırt,TR,,O
10074,post_180,1,2,over,EN,,O
10075,post_180,1,3,capacity,EN,,O
10076,post_180,1,4,olan,TR,,O
10077,post_180,1,5,kurum,TR,,O
10078,post_180,1,6,ve,TR,,O
10079,post_180,1,7,kuruluş,TR,,O
10080,post_180,1,8,hayır,TR,,O
10081,post_180,1,9,çok,TR,,O
10082,post_180,1,10,lazımsa,TR,,O
10083,post_180,1,11,aramızda,TR,,O
10084,post_180,1,12,para,TR,,O
10085,post_180,1,13,toplayalım,TR,,O
10086,post_180,1,14,verelim,TR,,O
10087,post_180,1,15,de,TR,,O
10088,post_180,1,16,yeni,TR,,O
10089,post_180,1,17,bir,TR,,O
10090,post_180,1,18,server,EN,,O
10091,post_180,1,19,alıverin,TR,,O
10092,post_180,1,20,karakterlik,TR,,O
10093,post_180,1,21,metin,TR,,O
10094,post_180,1,22,giriyoz,TR,,O
10095,post_180,1,23,zaten,TR,,O
10096,post_180,1,24,neyin,TR,,O
10097,post_180,1,25,overcapacity'si,MIXED,MIXED,O
10098,post_180,1,26,bu,TR,,O
10099,post_180,1,27,birader,TR,,O
10100,post_181,1,0,boku,TR,,O
10101,post_181,1,1,çıkan,TR,,O
10102,post_181,1,2,trend,EN,,O
10103,post_181,1,3,adam,TR,,O
10104,post_181,1,4,akıllı,TR,,O
10105,post_181,1,5,örneklerini,TR,,O
10106,post_181,1,6,bir,TR,,O
10107,post_181,1,7,kenara,TR,,O
10108,post_181,1,8,"bırakırsak,",TR,,O
10109,post_181,1,9,ortalık,TR,,O
10110,post_181,1,10,ortada,TR,,O
10111,post_181,1,11,bir,TR,,O
10112,post_181,1,12,"fikir,",TR,,O
10113,post_181,1,13,proje,TR,,O
10114,post_181,1,14,bile,TR,,O
10115,post_181,1,15,yokken,TR,,O
10116,post_181,1,16,sırf,TR,,O
10117,post_181,1,17,"""ben",TR,,O
10118,post_181,1,18,mesai,TR,,O
10119,post_181,1,19,yapamam,TR,,O
10120,post_181,1,20,"yeaaaa,",AMBIGUOUS,,O
10121,post_181,1,21,hem,TR,,O
10122,post_181,1,22,kartta,TR,,O
10123,post_181,1,23,ceo,EN,,O
10124,post_181,1,24,ya,TR,,O
10125,post_181,1,25,da,TR,,O
10126,post_181,1,26,co-founder,EN,,O
10127,post_181,1,27,yazınca,TR,,O
10128,post_181,1,28,çok,TR,,O
10129,post_181,1,29,havalı,TR,,O
10130,post_181,1,30,oluyor,TR,,O
10131,post_181,1,31,"yeaaa""",AMBIGUOUS,,O
10132,post_181,1,32,mantığıyla,TR,,O
10133,post_181,1,33,başlatılmış,TR,,O
10134,post_181,1,34,ve,TR,,O
10135,post_181,1,35,haliyle,TR,,O
10136,post_181,1,36,babayı,TR,,O
10137,post_181,1,37,almış,TR,,O
10138,post_181,1,38,startuplar,MIXED,MIXED,O
10139,post_181,1,39,ile,TR,,O
10140,post_181,1,40,doldu,TR,,O
10141,post_181,1,41,kartta,TR,,O
10142,post_181,1,42,ceo,EN,,O
10143,post_181,1,43,yazmasının,TR,,O
10144,post_181,1,44,ana,TR,,O
10145,post_181,1,45,amaç,TR,,O
10146,post_181,1,46,olduğu,TR,,O
10147,post_181,1,47,bu,TR,,O
10148,post_181,1,48,startupların,MIXED,MIXED,O
10149,post_181,1,49,olmazsa,TR,,O
10150,post_181,1,50,olmaz,TR,,O
10151,post_181,1,51,kurallarından,TR,,O
10152,post_181,1,52,biri,TR,,O
10153,post_181,1,53,"de,",TR,,O
10154,post_181,1,54,politik,TR,,O
10155,post_181,1,55,doğruculuğun,TR,,O
10156,post_181,1,56,da,TR,,O
10157,post_181,1,57,suyunu,TR,,O
10158,post_181,1,58,"çıkarıp,",TR,,O
10159,post_181,1,59,götünden,TR,,O
10160,post_181,1,60,süper,TR,,O
10161,post_181,1,61,"yaratıcı,",TR,,O
10162,post_181,1,62,yeni,TR,,O
10163,post_181,1,63,iş,TR,,O
10164,post_181,1,64,pozisyonları,TR,,O
10165,post_181,1,65,uydurmak,TR,,O
10166,post_181,1,66,mesela,TR,,O
10167,post_181,1,67,"""community",EN,,O
10168,post_181,1,68,happiness,EN,,O
10169,post_181,1,69,"manager""",EN,,O
10170,post_181,1,70,"meali,",TR,,O
10171,post_181,1,71,ofisten,TR,,O
10172,post_181,1,72,sorumlu,TR,,O
10173,post_181,1,73,sekreter,TR,,O
10174,post_182,1,0,seviyeleri,TR,,O
10175,post_182,1,1,ve,TR,,O
10176,post_182,1,2,çeşitleri,TR,,O
10177,post_182,1,3,bulunmakla,TR,,O
10178,post_182,1,4,"beraber,",TR,,O
10179,post_182,1,5,meme'i,MIXED,MIXED,O
10180,post_182,1,6,oluşturan,TR,,O
10181,post_182,1,7,malzemelerin,TR,,O
10182,post_182,1,8,pek,TR,,O
10183,post_182,1,9,korele,TR,,O
10184,post_182,1,10,olmadığı,TR,,O
10185,post_182,1,11,bir,TR,,O
10186,post_182,1,12,çeşit,TR,,O
10187,post_182,1,13,mizah,TR,,O
10188,post_182,1,14,"akımı,",TR,,O
10189,post_182,1,15,kimi,TR,,O
10190,post_182,1,16,seviye,TR,,O
10191,post_182,1,17,shitpostlar,MIXED,MIXED,O
10192,post_182,1,18,tamamen,TR,,O
10193,post_182,1,19,anlamsız,TR,,O
10194,post_182,1,20,ve,TR,,O
10195,post_182,1,21,bağlantısızdır,TR,,O
10196,post_182,1,22,veya,TR,,O
10197,post_182,1,23,çok,TR,,O
10198,post_182,1,24,küçük,TR,,O
10199,post_182,1,25,bir,TR,,O
10200,post_182,1,26,zümrenin,TR,,O
10201,post_182,1,27,anlayabileceği,TR,,O
10202,post_182,1,28,bir,TR,,O
10203,post_182,1,29,yerden,TR,,O
10204,post_182,1,30,espri,TR,,O
10205,post_182,1,31,türetir,TR,,O
10206,post_182,1,32,ve,TR,,O
10207,post_182,1,33,pek,TR,,O
10208,post_182,1,34,sınır,TR,,O
10209,post_182,1,35,tanımaz,TR,,O
10210,post_182,1,36,bu,TR,,O
10211,post_182,1,37,özelliğiyle,TR,,O
10212,post_182,1,38,ofansif,TR,,O
10213,post_182,1,39,mizah,TR,,O
10214,post_182,1,40,denilen,TR,,O
10215,post_182,1,41,saçmalığı,TR,,O
10216,post_182,1,42,da,TR,,O
10217,post_182,1,43,kapsadığını,TR,,O
10218,post_182,1,44,sanırım,TR,,O
10219,post_182,1,45,söyleyebiliriz,TR,,O
10220,post_182,1,46,özellikle,TR,,O
10221,post_182,1,47,son,TR,,O
10222,post_182,1,48,iki,TR,,O
10223,post_182,1,49,aydır,TR,,O
10224,post_182,1,50,instagram'da,NE,MIXED,B-PROD
10225,post_182,1,51,çok,TR,,O
10226,post_182,1,52,zaman,TR,,O
10227,post_182,1,53,harcamamla,TR,,O
10228,post_182,1,54,beraber,TR,,O
10229,post_182,1,55,önüme,TR,,O
10230,post_182,1,56,düşmeye,TR,,O
10231,post_182,1,57,başladı,TR,,O
10232,post_182,1,58,bu,TR,,O
10233,post_182,1,59,zor,TR,,O
10234,post_182,1,60,bir,TR,,O
10235,post_182,1,61,dönem,TR,,O
10236,post_182,1,62,geçirdiğimden,TR,,O
10237,post_182,1,63,mi,TR,,O
10238,post_182,1,64,"nedir,",TR,,O
10239,post_182,1,65,komik,TR,,O
10240,post_182,1,66,de,TR,,O
10241,post_182,1,67,geliyor,TR,,O
10242,post_182,1,68,tabi,TR,,O
10243,post_182,1,69,hepsi,TR,,O
10244,post_182,1,70,"değil,",TR,,O
10245,post_182,1,71,özellikle,TR,,O
10246,post_182,1,72,gündemi,TR,,O
10247,post_182,1,73,alakasız,TR,,O
10248,post_182,1,74,kişiler,TR,,O
10249,post_182,1,75,ve,TR,,O
10250,post_182,1,76,olaylarla,TR,,O
10251,post_182,1,77,harmanlayan,TR,,O
10252,post_182,1,78,memeler,TR,,O
10253,post_182,1,79,güzel,TR,,O
10254,post_182,1,80,gördüğüm,TR,,O
10255,post_182,1,81,kadarıyla,TR,,O
10256,post_182,1,82,bu,TR,,O
10257,post_182,1,83,aralar,TR,,O
10258,post_182,1,84,volkan,TR,,O
10259,post_182,1,85,konak,TR,,O
10260,post_182,1,86,ve,TR,,O
10261,post_182,1,87,ahmet,TR,,O
10262,post_182,1,88,kaya,TR,,O
10263,post_182,1,89,memeleri,TR,,O
10264,post_182,1,90,ön,TR,,O
10265,post_182,1,91,planda,TR,,O
10266,post_182,1,92,iki,TR,,O
10267,post_182,1,93,tane,TR,,O
10268,post_182,1,94,de,TR,,O
10269,post_182,1,95,iliştireyim,TR,,O
10270,post_182,1,96,şuraya,TR,,O
10271,post_182,1,97,görsel,TR,,O
10272,post_182,1,98,görsel,TR,,O
10273,post_183,1,0,streaming,EN,,O
10274,post_183,1,1,planinda,TR,,O
10275,post_183,1,2,en,TR,,O
10276,post_183,1,3,dandik,TR,,O
10277,post_183,1,4,filmler,TR,,O
10278,post_183,1,5,mi,TR,,O
10279,post_183,1,6,"var,",TR,,O
10280,post_183,1,7,bana,TR,,O
10281,post_183,1,8,mi,TR,,O
10282,post_183,1,9,oyle,TR,,O
10283,post_183,1,10,geliyor,TR,,O
10284,post_183,1,11,diye,TR,,O
10285,post_183,1,12,dusunuyordum,TR,,O
10286,post_183,1,13,sonra,TR,,O
10287,post_183,1,14,baktim,TR,,O
10288,post_183,1,15,gordum,TR,,O
10289,post_183,1,16,ki,TR,,O
10290,post_183,1,17,herkes,TR,,O
10291,post_183,1,18,ayni,TR,,O
10292,post_183,1,19,seyi,TR,,O
10293,post_183,1,20,dusunuyor,TR,,O
10294,post_183,1,21,ama,TR,,O
10295,post_183,1,22,filmlerin,TR,,O
10296,post_183,1,23,kotu,TR,,O
10297,post_183,1,24,oldugunu,TR,,O
10298,post_183,1,25,dusunen,TR,,O
10299,post_183,1,26,herkes,TR,,O
10300,post_183,1,27,de,TR,,O
10301,post_183,1,28,(ben,TR,,O
10302,post_183,1,29,dahil),TR,,O
10303,post_183,1,30,netflix,NE,,B-PROD
10304,post_183,1,31,uyesi,TR,,O
10305,post_183,1,32,anlamadim,TR,,O
10306,post_183,1,33,gitti,TR,,O
10307,post_184,1,0,john,NE,,B-PER
10308,post_184,1,1,cena'nun,NE,MIXED,I-PER
10309,post_184,1,2,kadrosunda,TR,,O
10310,post_184,1,3,yer,TR,,O
10311,post_184,1,4,alacağı,TR,,O
10312,post_184,1,5,komedi,TR,,O
10313,post_184,1,6,aksiyon,TR,,O
10314,post_184,1,7,filmini,TR,,O
10315,post_184,1,8,pierre,NE,,B-PER
10316,post_184,1,9,morel,NE,,I-PER
10317,post_184,1,10,(taken),NE,,B-TITLE
10318,post_184,1,11,yönetecek,TR,,O
10319,post_184,1,12,milyon,TR,,O
10320,post_184,1,13,dolareslik,TR,,O
10321,post_184,1,14,bütçeye,TR,,O
10322,post_184,1,15,sahip,TR,,O
10323,post_184,1,16,yapımın,TR,,O
10324,post_184,1,17,çekimleri,TR,,O
10325,post_184,1,18,önümüzdeki,TR,,O
10326,post_184,1,19,sene,TR,,O
10327,post_184,1,20,kolombiya'da,NE,,B-LOC
10328,post_184,1,21,başlayacak,TR,,O
10329,post_184,1,22,spoiler,EN,,O
10330,post_184,1,23,the,EN,,O
10331,post_184,1,24,project,EN,,O
10332,post_184,1,25,follows,EN,,O
10333,post_184,1,26,a,EN,,O
10334,post_184,1,27,special,EN,,O
10335,post_184,1,28,forces,EN,,O
10336,post_184,1,29,operator,EN,,O
10337,post_184,1,30,(cena),NE,,B-PER
10338,post_184,1,31,who,EN,,O
10339,post_184,1,32,decides,EN,,O
10340,post_184,1,33,to,EN,,O
10341,post_184,1,34,retire,EN,,O
10342,post_184,1,35,from,EN,,O
10343,post_184,1,36,the,EN,,O
10344,post_184,1,37,army,EN,,O
10345,post_184,1,38,and,EN,,O
10346,post_184,1,39,start,EN,,O
10347,post_184,1,40,a,EN,,O
10348,post_184,1,41,family,EN,,O
10349,post_184,1,42,back,EN,,O
10350,post_184,1,43,in,EN,,O
10351,post_184,1,44,the,NE,,B-LOC
10352,post_184,1,45,states,NE,,I-LOC
10353,post_184,1,46,after,EN,,O
10354,post_184,1,47,several,EN,,O
10355,post_184,1,48,years,EN,,O
10356,post_184,1,49,of,EN,,O
10357,post_184,1,50,mortgage,EN,,O
10358,post_184,1,51,"payments,",EN,,O
10359,post_184,1,52,school,EN,,O
10360,post_184,1,53,"drop-offs,",EN,,O
10361,post_184,1,54,backyard,EN,,O
10362,post_184,1,55,barbecues,EN,,O
10363,post_184,1,56,and,EN,,O
10364,post_184,1,57,trying,EN,,O
10365,post_184,1,58,to,EN,,O
10366,post_184,1,59,conform,EN,,O
10367,post_184,1,60,to,EN,,O
10368,post_184,1,61,life,EN,,O
10369,post_184,1,62,in,EN,,O
10370,post_184,1,63,"suburbia,",EN,,O
10371,post_184,1,64,he,EN,,O
10372,post_184,1,65,decides,EN,,O
10373,post_184,1,66,to,EN,,O
10374,post_184,1,67,come,EN,,O
10375,post_184,1,68,out,EN,,O
10376,post_184,1,69,of,EN,,O
10377,post_184,1,70,retirement,EN,,O
10378,post_184,1,71,to,EN,,O
10379,post_184,1,72,take,EN,,O
10380,post_184,1,73,a,EN,,O
10381,post_184,1,74,gig,EN,,O
10382,post_184,1,75,providing,EN,,O
10383,post_184,1,76,security,EN,,O
10384,post_184,1,77,for,EN,,O
10385,post_184,1,78,a,EN,,O
10386,post_184,1,79,female,EN,,O
10387,post_184,1,80,journalist,EN,,O
10388,post_184,1,81,as,EN,,O
10389,post_184,1,82,she,EN,,O
10390,post_184,1,83,interviews,EN,,O
10391,post_184,1,84,a,EN,,O
10392,post_184,1,85,cruel,EN,,O
10393,post_184,1,86,dictator,EN,,O
10394,post_184,1,87,who,EN,,O
10395,post_184,1,88,may,EN,,O
10396,post_184,1,89,or,EN,,O
10397,post_184,1,90,may,EN,,O
10398,post_184,1,91,not,EN,,O
10399,post_184,1,92,have,EN,,O
10400,post_184,1,93,ordered,EN,,O
10401,post_184,1,94,the,EN,,O
10402,post_184,1,95,attack,EN,,O
10403,post_184,1,96,on,EN,,O
10404,post_184,1,97,him,EN,,O
10405,post_184,1,98,and,EN,,O
10406,post_184,1,99,his,EN,,O
10407,post_184,1,100,men,EN,,O
10408,post_184,1,101,when,EN,,O
10409,post_184,1,102,a,EN,,O
10410,post_184,1,103,military,EN,,O
10411,post_184,1,104,coup,EN,,O
10412,post_184,1,105,breaks,EN,,O
10413,post_184,1,106,out,EN,,O
10414,post_184,1,107,in,EN,,O
10415,post_184,1,108,the,EN,,O
10416,post_184,1,109,middle,EN,,O
10417,post_184,1,110,of,EN,,O
10418,post_184,1,111,the,EN,,O
10419,post_184,1,112,"interview,",EN,,O
10420,post_184,1,113,the,EN,,O
10421,post_184,1,114,three,EN,,O
10422,post_184,1,115,are,EN,,O
10423,post_184,1,116,forced,EN,,O
10424,post_184,1,117,to,EN,,O
10425,post_184,1,118,escape,EN,,O
10426,post_184,1,119,into,EN,,O
10427,post_184,1,120,the,EN,,O
10428,post_184,1,121,jungle,EN,,O
10429,post_184,1,122,where,EN,,O
10430,post_184,1,123,they,EN,,O
10431,post_184,1,124,must,EN,,O
10432,post_184,1,125,survive,EN,,O
10433,post_184,1,126,the,EN,,O
10434,post_184,1,127,"elements,",EN,,O
10435,post_184,1,128,the,EN,,O
10436,post_184,1,129,military,EN,,O
10437,post_184,1,130,and,EN,,O
10438,post_184,1,131,one,EN,,O
10439,post_184,1,132,another,EN,,O
10440,post_184,1,133,spoiler,EN,,O
10441,post_185,1,0,hani,TR,,O
10442,post_185,1,1,autorefreshle,MIXED,MIXED,O
10443,post_185,1,2,one,EN,,O
10444,post_185,1,3,new,EN,,O
10445,post_185,1,4,tweet,EN,,O
10446,post_185,1,5,diyo,TR,,O
10447,post_185,1,6,ya,TR,,O
10448,post_185,1,7,her,TR,,O
10449,post_185,1,8,gördüğümde,TR,,O
10450,post_185,1,9,başlıyo,TR,,O
10451,post_185,1,10,içimde,TR,,O
10452,post_185,1,11,şarkı,TR,,O
10453,post_185,1,12,one,EN,,O
10454,post_185,1,13,moreeee,EN,,O
10455,post_185,1,14,tweet,EN,,O
10456,post_185,1,15,one,EN,,O
10457,post_185,1,16,moree,EN,,O
10458,post_185,1,17,tweet,EN,,O
10459,post_185,1,18,one,EN,,O
10460,post_185,1,19,more,EN,,O
10461,post_185,1,20,tweet,EN,,O
10462,post_185,1,21,to,EN,,O
10463,post_185,1,22,love,EN,,O
10464,post_185,1,23,uuu,EN,,O
10465,post_185,1,24,uuuu,EN,,O
10466,post_185,1,25,uu,EN,,O
10467,post_186,1,0,ne,TR,,O
10468,post_186,1,1,zaman,TR,,O
10469,post_186,1,2,bir,TR,,O
10470,post_186,1,3,yerlerde,TR,,O
10471,post_186,1,4,"""sonu",TR,,O
10472,post_186,1,5,mu,TR,,O
10473,post_186,1,6,geliyor,TR,,O
10474,post_186,1,7,lan,TR,,O
10475,post_186,1,8,"acaba""",TR,,O
10476,post_186,1,9,denilse,TR,,O
10477,post_186,1,10,yeni,TR,,O
10478,post_186,1,11,bir,TR,,O
10479,post_186,1,12,framework,EN,,O
10480,post_186,1,13,çıkıp,TR,,O
10481,post_186,1,14,aşırı,TR,,O
10482,post_186,1,15,popüler,TR,,O
10483,post_186,1,16,olup,TR,,O
10484,post_186,1,17,milyon,TR,,O
10485,post_186,1,18,kişiye,TR,,O
10486,post_186,1,19,iş,TR,,O
10487,post_186,1,20,imkanı,TR,,O
10488,post_186,1,21,sunuyor,TR,,O
10489,post_186,1,22,sonu,TR,,O
10490,post_186,1,23,gelene,TR,,O
10491,post_186,1,24,kadar,TR,,O
10492,post_186,1,25,torunun,TR,,O
10493,post_186,1,26,torunu,TR,,O
10494,post_186,1,27,ekmek,TR,,O
10495,post_186,1,28,yiyecek,TR,,O
10496,post_186,1,29,gibi,TR,,O
10497,post_186,1,30,duruyor,TR,,O
10498,post_186,1,31,sayesinde,TR,,O
10499,post_186,1,32,ekmek,TR,,O
10500,post_186,1,33,yiyorum,TR,,O
10501,post_186,1,34,tek,TR,,O
10502,post_186,1,35,threadsin,MIXED,MIXED,O
10503,post_186,1,36,falan,TR,,O
10504,post_186,1,37,ama,TR,,O
10505,post_186,1,38,(browser,EN,,O
10506,post_186,1,39,web,TR,,O
10507,post_186,1,40,apiler,MIXED,MIXED,O
10508,post_186,1,41,hariç,TR,,O
10509,post_186,1,42,de,TR,,O
10510,post_186,1,43,lan),TR,,O
10511,post_186,1,44,adamsın,TR,,O
10512,post_186,1,45,olm,NE,,B-PROD
10513,post_186,1,46,javascript,NE,,B-PROD
10514,post_186,1,47,tanım,TR,,O
10515,post_186,1,48,ecmascript,NE,,B-PROD
10516,post_186,1,49,standartlarını,TR,,O
10517,post_186,1,50,takip,TR,,O
10518,post_186,1,51,eden,TR,,O
10519,post_186,1,52,bir,TR,,O
10520,post_186,1,53,scripting,EN,,O
10521,post_186,1,54,dili,TR,,O
10522,post_187,1,0,kime,TR,,O
10523,post_187,1,1,ait,TR,,O
10524,post_187,1,2,olduğunu,TR,,O
10525,post_187,1,3,unuttuğum,TR,,O
10526,post_187,1,4,efsane,TR,,O
10527,post_187,1,5,bir,TR,,O
10528,post_187,1,6,basketbol,TR,,O
10529,post_187,1,7,tanımı,TR,,O
10530,post_187,1,8,vardır,TR,,O
10531,post_187,1,9,hatta,TR,,O
10532,post_187,1,10,basketbol,TR,,O
10533,post_187,1,11,bundan,TR,,O
10534,post_187,1,12,daha,TR,,O
10535,post_187,1,13,iyi,TR,,O
10536,post_187,1,14,tanımlanamaz,TR,,O
10537,post_187,1,15,bence;,TR,,O
10538,post_187,1,16,"basketbol,",TR,,O
10539,post_187,1,17,elle,TR,,O
10540,post_187,1,18,oynanan,TR,,O
10541,post_187,1,19,bir,TR,,O
10542,post_187,1,20,ayak,TR,,O
10543,post_187,1,21,oyunudur,TR,,O
10544,post_187,1,22,edit,EN,,O
10545,post_187,1,23,hakeem,NE,,B-PER
10546,post_187,1,24,the,NE,,I-PER
10547,post_187,1,25,dream',NE,,I-PER
10548,post_187,1,26,olajuwon,NE,,I-PER
10549,post_187,1,27,söylemiş,TR,,O
10550,post_187,1,28,sanırım,TR,,O
10551,post_187,1,29,zaten,TR,,O
10552,post_187,1,30,oyun,TR,,O
10553,post_187,1,31,tarzı,TR,,O
10554,post_187,1,32,da,TR,,O
10555,post_187,1,33,bu,TR,,O
10556,post_187,1,34,sözün,TR,,O
10557,post_187,1,35,kanıtıdır,TR,,O
10558,post_188,1,0,son,TR,,O
10559,post_188,1,1,yıllarda,TR,,O
10560,post_188,1,2,havayolu,TR,,O
10561,post_188,1,3,şirketlerinin,TR,,O
10562,post_188,1,4,gözdesi,TR,,O
10563,post_188,1,5,durumunda,TR,,O
10564,post_188,1,6,olan,TR,,O
10565,post_188,1,7,seridir,TR,,O
10566,post_188,1,8,aklıma,TR,,O
10567,post_188,1,9,gelen,TR,,O
10568,post_188,1,10,bir,TR,,O
10569,post_188,1,11,kaç,TR,,O
10570,post_188,1,12,şirketi,TR,,O
10571,post_188,1,13,sıralayayım;,TR,,O
10572,post_188,1,14,kingfisher,NE,,B-ORG
10573,post_188,1,15,airlines:,NE,,I-ORG
10574,post_188,1,16,yılında,TR,,O
10575,post_188,1,17,toyota,NE,,B-ORG
10576,post_188,1,18,f1'e,NE,MIXED,B-ORG
10577,post_188,1,19,sponsor,TR,,O
10578,post_188,1,20,olmuşlardı,TR,,O
10579,post_188,1,21,kurucuları,TR,,O
10580,post_188,1,22,vijay,NE,,B-PER
10581,post_188,1,23,mallya'nın,NE,MIXED,I-PER
10582,post_188,1,24,spyker'ı,NE,MIXED,B-ORG
10583,post_188,1,25,satın,TR,,O
10584,post_188,1,26,"alıp,",TR,,O
10585,post_188,1,27,force,NE,,B-ORG
10586,post_188,1,28,india'yı,NE,MIXED,I-ORG
10587,post_188,1,29,kurduğundan,TR,,O
10588,post_188,1,30,beri,TR,,O
10589,post_188,1,31,force,NE,,B-ORG
10590,post_188,1,32,india'nın,NE,MIXED,I-ORG
10591,post_188,1,33,üzerindeler,TR,,O
10592,post_188,1,34,etihad:,NE,,B-ORG
10593,post_188,1,35,yılında,TR,,O
10594,post_188,1,36,spyker'a,NE,MIXED,B-ORG
10595,post_188,1,37,sponsorluk,TR,,O
10596,post_188,1,38,yapmışlardı,TR,,O
10597,post_188,1,39,yılından,TR,,O
10598,post_188,1,40,beri,TR,,O
10599,post_188,1,41,ise,TR,,O
10600,post_188,1,42,scuderia,NE,,B-GROUP
10601,post_188,1,43,ferrari'nin,NE,MIXED,I-GROUP
10602,post_188,1,44,sponsorluğunu,TR,,O
10603,post_188,1,45,üstleniyorlar,TR,,O
10604,post_188,1,46,emirates:,NE,,B-ORG
10605,post_188,1,47,yılında,TR,,O
10606,post_188,1,48,mclaren'in,NE,MIXED,B-GROUP
10607,post_188,1,49,sponsoruydular,TR,,O
10608,post_188,1,50,air,NE,,B-ORG
10609,post_188,1,51,asia:,NE,,I-ORG
10610,post_188,1,52,yılından,TR,,O
10611,post_188,1,53,beri,TR,,O
10612,post_188,1,54,williams'ın,NE,MIXED,B-GROUP
10613,post_188,1,55,sponsoru,TR,,O
10614,post_188,1,56,ancak,TR,,O
10615,post_188,1,57,sözleşmeleri,TR,,O
10616,post_188,1,58,sezonu,TR,,O
10617,post_188,1,59,sonunda,TR,,O
10618,post_188,1,60,bitiyor,TR,,O
10619,post_188,1,61,aynı,TR,,O
10620,post_188,1,62,zamanda,TR,,O
10621,post_188,1,63,yılında,TR,,O
10622,post_188,1,64,lotus,NE,,B-GROUP
10623,post_188,1,65,f1,NE,,I-GROUP
10624,post_188,1,66,team'e,NE,MIXED,I-GROUP
10625,post_188,1,67,destek,TR,,O
10626,post_188,1,68,vermekteler,TR,,O
10627,post_188,1,69,virgin:,NE,,B-ORG
10628,post_188,1,70,doğal,TR,,O
10629,post_188,1,71,olarak,TR,,O
10630,post_188,1,72,kendi,TR,,O
10631,post_188,1,73,takımlarına*,TR,,O
10632,post_188,1,74,destek,TR,,O
10633,post_188,1,75,veriyorlar,TR,,O
10634,post_188,1,76,ayrıca,TR,,O
10635,post_188,1,77,sezonunun,TR,,O
10636,post_188,1,78,bir,TR,,O
10637,post_188,1,79,bölümünde,TR,,O
10638,post_188,1,80,brawn,NE,,B-GROUP
10639,post_188,1,81,gp'ye,NE,MIXED,I-GROUP
10640,post_188,1,82,destek,TR,,O
10641,post_188,1,83,vermişlerdi,TR,,O
10642,post_189,1,0,hakkında,TR,,O
10643,post_189,1,1,yapılan,TR,,O
10644,post_189,1,2,en,TR,,O
10645,post_189,1,3,büyük,TR,,O
10646,post_189,1,4,gaf,TR,,O
10647,post_189,1,5,irlanda,NE,,B-OTHER
10648,post_189,1,6,sağlık,TR,,O
10649,post_189,1,7,bakanı,TR,,O
10650,post_189,1,8,simon,NE,,B-PER
10651,post_189,1,9,harris,NE,,I-PER
10652,post_189,1,10,tarafından,TR,,O
10653,post_189,1,11,yapılmıştır,TR,,O
10654,post_189,1,12,dün,TR,,O
10655,post_189,1,13,katıldığı,TR,,O
10656,post_189,1,14,bır,TR,,O
10657,post_189,1,15,radyo,TR,,O
10658,post_189,1,16,programında,TR,,O
10659,post_189,1,17,covid-19,EN,,O
10660,post_189,1,18,içindeki,TR,,O
10661,post_189,1,19,19'un,TR,,O
10662,post_189,1,20,yılına,TR,,O
10663,post_189,1,21,ithaf,TR,,O
10664,post_189,1,22,ettiğini,TR,,O
10665,post_189,1,23,"bilmeden,",TR,,O
10666,post_189,1,24,virüs,TR,,O
10667,post_189,1,25,olarak,TR,,O
10668,post_189,1,26,"algılayıp,",TR,,O
10669,post_189,1,27,bundan,TR,,O
10670,post_189,1,28,önceki,TR,,O
10671,post_189,1,29,virüs,TR,,O
10672,post_189,1,30,için,TR,,O
10673,post_189,1,31,de,TR,,O
10674,post_189,1,32,aşı,TR,,O
10675,post_189,1,33,bulunmadığını,TR,,O
10676,post_189,1,34,söyledi,TR,,O
10677,post_189,1,35,tam,TR,,O
10678,post_189,1,36,cümlesi,TR,,O
10679,post_189,1,37,şu,TR,,O
10680,post_189,1,38,şekilde:,TR,,O
10681,post_189,1,39,spoiler,EN,,O
10682,post_189,1,40,remember,EN,,O
10683,post_189,1,41,this,EN,,O
10684,post_189,1,42,is,EN,,O
10685,post_189,1,43,coronavirus,EN,,O
10686,post_189,1,44,covid-19,EN,,O
10687,post_189,1,45,that,EN,,O
10688,post_189,1,46,means,EN,,O
10689,post_189,1,47,there,EN,,O
10690,post_189,1,48,have,EN,,O
10691,post_189,1,49,been,EN,,O
10692,post_189,1,50,other,EN,,O
10693,post_189,1,51,coronaviruses,EN,,O
10694,post_189,1,52,and,EN,,O
10695,post_189,1,53,i,EN,,O
10696,post_189,1,54,don’t,EN,,O
10697,post_189,1,55,think,EN,,O
10698,post_189,1,56,they,EN,,O
10699,post_189,1,57,have,EN,,O
10700,post_189,1,58,actually,EN,,O
10701,post_189,1,59,successfully,EN,,O
10702,post_189,1,60,found,EN,,O
10703,post_189,1,61,a,EN,,O
10704,post_189,1,62,vaccine,EN,,O
10705,post_189,1,63,for,EN,,O
10706,post_189,1,64,any,EN,,O
10707,post_189,1,65,spoiler,EN,,O
10708,post_189,1,66,soğuk,TR,,O
10709,post_189,1,67,bir,TR,,O
10710,post_189,1,68,espri,TR,,O
10711,post_189,1,69,gibi,TR,,O
10712,post_189,1,70,ama,TR,,O
10713,post_189,1,71,değil,TR,,O
10714,post_189,1,72,eskiden,TR,,O
10715,post_189,1,73,altıncı,TR,,O
10716,post_189,1,74,his,TR,,O
10717,post_189,1,75,filmiyle,TR,,O
10718,post_189,1,76,ilgili,TR,,O
10719,post_189,1,77,de,TR,,O
10720,post_189,1,78,böyle,TR,,O
10721,post_189,1,79,soğuk,TR,,O
10722,post_189,1,80,bir,TR,,O
10723,post_189,1,81,espiri,TR,,O
10724,post_189,1,82,vardı,TR,,O
10725,post_189,1,83,ilk,TR,,O
10726,post_189,1,84,beş,TR,,O
10727,post_189,1,85,filmi,TR,,O
10728,post_189,1,86,izledin,TR,,O
10729,post_189,1,87,mi,TR,,O
10730,post_189,1,88,cinsinden,TR,,O
10731,post_189,1,89,bir,TR,,O
10732,post_189,1,90,sağlık,TR,,O
10733,post_189,1,91,bakanının,TR,,O
10734,post_189,1,92,da,TR,,O
10735,post_189,1,93,böyle,TR,,O
10736,post_189,1,94,bir,TR,,O
10737,post_189,1,95,gaf,TR,,O
10738,post_189,1,96,"yapması,",TR,,O
10739,post_189,1,97,ne,TR,,O
10740,post_189,1,98,bileyim,TR,,O
10741,post_189,1,99,bu,TR,,O
10742,post_189,1,100,korkunç',TR,,O
10743,post_189,1,101,yanlışı,TR,,O
10744,post_189,1,102,için,TR,,O
10745,post_189,1,103,özür,TR,,O
10746,post_189,1,104,diledi,TR,,O
10747,post_189,1,105,kaynak,TR,,O
10748,post_190,1,0,2008lerde,TR,,O
10749,post_190,1,1,falan,TR,,O
10750,post_190,1,2,çok,TR,,O
10751,post_190,1,3,sevdiğim,TR,,O
10752,post_190,1,4,ama,TR,,O
10753,post_190,1,5,birkaç,TR,,O
10754,post_190,1,6,yıldır,TR,,O
10755,post_190,1,7,pek,TR,,O
10756,post_190,1,8,de,TR,,O
10757,post_190,1,9,güzel,TR,,O
10758,post_190,1,10,değilmiş,TR,,O
10759,post_190,1,11,yav,TR,,O
10760,post_190,1,12,dediğim,TR,,O
10761,post_190,1,13,madonna,NE,,B-PER
10762,post_190,1,14,şarkısı,TR,,O
10763,post_190,1,15,klibini,TR,,O
10764,post_190,1,16,hala,TR,,O
10765,post_190,1,17,severim,TR,,O
10766,post_190,1,18,sanırım,TR,,O
10767,post_190,1,19,diğer,TR,,O
10768,post_190,1,20,albümlerini,TR,,O
10769,post_190,1,21,dinleye,TR,,O
10770,post_190,1,22,dinleye,TR,,O
10771,post_190,1,23,ve,TR,,O
10772,post_190,1,24,biraz,TR,,O
10773,post_190,1,25,çıtayı,TR,,O
10774,post_190,1,26,üstüne,TR,,O
10775,post_190,1,27,çıkartmış,TR,,O
10776,post_190,1,28,olmamdan,TR,,O
10777,post_190,1,29,dolayı,TR,,O
10778,post_190,1,30,bir,TR,,O
10779,post_190,1,31,bakımdan,TR,,O
10780,post_190,1,32,boş,TR,,O
10781,post_190,1,33,olduğunu,TR,,O
10782,post_190,1,34,düşünüyorum,TR,,O
10783,post_190,1,35,aynı,TR,,O
10784,post_190,1,36,adlı,TR,,O
10785,post_190,1,37,albümdeki,TR,,O
10786,post_190,1,38,gone,NE,,B-TITLE
10787,post_190,1,39,runaway,NE,,B-TITLE
10788,post_190,1,40,lover,NE,,I-TITLE
10789,post_190,1,41,impressive,NE,,B-TITLE
10790,post_190,1,42,instant,NE,,I-TITLE
10791,post_190,1,43,paradise,NE,,B-TITLE
10792,post_190,1,44,gibi,TR,,O
10793,post_190,1,45,şarkılar,TR,,O
10794,post_190,1,46,daha,TR,,O
10795,post_190,1,47,güzel,TR,,O
10796,post_190,1,48,haa,AMBIGUOUS,,O
10797,post_190,1,49,çalsa,TR,,O
10798,post_190,1,50,zevkle,TR,,O
10799,post_190,1,51,dinler,TR,,O
10800,post_190,1,52,eller,TR,,O
10801,post_190,1,53,havaya,TR,,O
10802,post_190,1,54,kalkar,TR,,O
10803,post_190,1,55,bsnrmmgmt,AMBIGUOUS,,O
10804,post_190,1,56,ayrıca,TR,,O
10805,post_190,1,57,şu,TR,,O
10806,post_190,1,58,an,TR,,O
10807,post_190,1,59,albümü,TR,,O
10808,post_190,1,60,de,TR,,O
10809,post_190,1,61,işin,TR,,O
10810,post_190,1,62,içine,TR,,O
10811,post_190,1,63,kattığıma,TR,,O
10812,post_190,1,64,göre,TR,,O
10813,post_190,1,65,onun,TR,,O
10814,post_190,1,66,hakkında,TR,,O
10815,post_190,1,67,da,TR,,O
10816,post_190,1,68,konuşayım:,TR,,O
10817,post_190,1,69,albüm,TR,,O
10818,post_190,1,70,ray,NE,,B-TITLE
10819,post_190,1,71,of,NE,,I-TITLE
10820,post_190,1,72,light,NE,,I-TITLE
10821,post_190,1,73,ın,TR,,O
10822,post_190,1,74,folk,EN,,O
10823,post_190,1,75,eklenmiş,TR,,O
10824,post_190,1,76,hali,TR,,O
10825,post_190,1,77,ray,NE,,B-TITLE
10826,post_190,1,78,of,NE,,I-TITLE
10827,post_190,1,79,light,NE,,I-TITLE
10828,post_190,1,80,taki,TR,,O
10829,post_190,1,81,yoga,AMBIGUOUS,,O
10830,post_190,1,82,uzak,NE,,B-LOC
10831,post_190,1,83,doğu,NE,,I-LOC
10832,post_190,1,84,etkilerinin,TR,,O
10833,post_190,1,85,yerine,TR,,O
10834,post_190,1,86,yerellik,TR,,O
10835,post_190,1,87,olarak,TR,,O
10836,post_190,1,88,american,EN,,O
10837,post_190,1,89,folku,MIXED,MIXED,O
10838,post_190,1,90,var,TR,,O
10839,post_190,1,91,club,EN,,O
10840,post_190,1,92,etkisi,TR,,O
10841,post_190,1,93,daha,TR,,O
10842,post_190,1,94,fazla,TR,,O
10843,post_190,1,95,music,EN,,O
10844,post_190,1,96,ray,NE,,B-TITLE
10845,post_190,1,97,of,NE,,I-TITLE
10846,post_190,1,98,light,NE,,I-TITLE
10847,post_190,1,99,ve,TR,,O
10848,post_190,1,100,american,NE,,B-TITLE
10849,post_190,1,101,life,NE,,I-TITLE
10850,post_190,1,102,arasında,TR,,O
10851,post_190,1,103,kalan,TR,,O
10852,post_190,1,104,bir,TR,,O
10853,post_190,1,105,geçiş,TR,,O
10854,post_190,1,106,albümüdür,TR,,O
10855,post_190,1,107,anadolu,NE,,B-LOC
10856,post_190,1,108,asya,NE,,B-LOC
10857,post_190,1,109,ve,TR,,O
10858,post_190,1,110,avrupa'yı,NE,MIXED,B-LOC
10859,post_190,1,111,nasıl,TR,,O
10860,post_190,1,112,birbirine,TR,,O
10861,post_190,1,113,bağlıyorsa,TR,,O
10862,post_190,1,114,music,NE,,B-TITLE
10863,post_190,1,115,de,TR,,O
10864,post_190,1,116,bu,TR,,O
10865,post_190,1,117,iki,TR,,O
10866,post_190,1,118,albümü,TR,,O
10867,post_190,1,119,birbirine,TR,,O
10868,post_190,1,120,bağlar,TR,,O
10869,post_190,1,121,aynı,TR,,O
10870,post_190,1,122,iki,TR,,O
10871,post_190,1,123,kıta,TR,,O
10872,post_190,1,124,nasıl,TR,,O
10873,post_190,1,125,birbirinden,TR,,O
10874,post_190,1,126,farklı,TR,,O
10875,post_190,1,127,ama,TR,,O
10876,post_190,1,128,kendisi,TR,,O
10877,post_190,1,129,her,TR,,O
10878,post_190,1,130,ikisinden,TR,,O
10879,post_190,1,131,de,TR,,O
10880,post_190,1,132,özellik,TR,,O
10881,post_190,1,133,taşıyorsa,TR,,O
10882,post_190,1,134,music,NE,,B-TITLE
10883,post_190,1,135,de,TR,,O
10884,post_190,1,136,öyledir,TR,,O
10885,post_190,1,137,ray,NE,,B-TITLE
10886,post_190,1,138,of,NE,,I-TITLE
10887,post_190,1,139,light,NE,,I-TITLE
10888,post_190,1,140,ve,TR,,O
10889,post_190,1,141,american,NE,,B-TITLE
10890,post_190,1,142,life,NE,,I-TITLE
10891,post_190,1,143,birbirine,TR,,O
10892,post_190,1,144,benzemez,TR,,O
10893,post_190,1,145,ama,TR,,O
10894,post_190,1,146,ortadaki,TR,,O
10895,post_190,1,147,music,NE,,B-TITLE
10896,post_190,1,148,her,TR,,O
10897,post_190,1,149,ikisine,TR,,O
10898,post_190,1,150,de,TR,,O
10899,post_190,1,151,benzer,TR,,O
10900,post_190,1,152,albüm,TR,,O
10901,post_190,1,153,en,TR,,O
10902,post_190,1,154,sevdiğim,TR,,O
10903,post_190,1,155,madonna,NE,,B-PER
10904,post_190,1,156,albümleri,TR,,O
10905,post_190,1,157,arasında,TR,,O
10906,post_190,1,158,ilk,TR,,O
10907,post_190,1,159,beşte,TR,,O
10908,post_190,1,160,en,TR,,O
10909,post_190,1,161,duygulandığım,TR,,O
10910,post_190,1,162,şarkısı,TR,,O
10911,post_190,1,163,"paradise,",NE,,B-TITLE
10912,post_190,1,164,en,TR,,O
10913,post_190,1,165,sevdiğim,TR,,O
10914,post_190,1,166,ise,TR,,O
10915,post_190,1,167,tam,TR,,O
10916,post_190,1,168,karar,TR,,O
10917,post_190,1,169,veremiyorum,TR,,O
10918,post_190,1,170,çok,TR,,O
10919,post_190,1,171,güzel,TR,,O
10920,post_190,1,172,şarkılar,TR,,O
10921,post_190,1,173,genellikle,TR,,O
10922,post_190,1,174,ama,TR,,O
10923,post_190,1,175,en,TR,,O
10924,post_190,1,176,sevmediğim,TR,,O
10925,post_190,1,177,bir,TR,,O
10926,post_190,1,178,tanesi,TR,,O
10927,post_190,1,179,var,TR,,O
10928,post_190,1,180,ki,TR,,O
10929,post_190,1,181,o,TR,,O
10930,post_190,1,182,da,TR,,O
10931,post_190,1,183,nobody's,NE,,B-TITLE
10932,post_190,1,184,perfect,NE,,I-TITLE
10933,post_190,1,185,denen,TR,,O
10934,post_190,1,186,ucubedir,TR,,O
10935,post_190,1,187,nefret,TR,,O
10936,post_190,1,188,ediyorum,TR,,O
10937,post_190,1,189,ondan,TR,,O
10938,post_190,1,190,albüm,TR,,O
10939,post_190,1,191,için,TR,,O
10940,post_190,1,192,kaydedilen,TR,,O
10941,post_190,1,193,run,NE,,B-TITLE
10942,post_190,1,194,veya,TR,,O
10943,post_190,1,195,liquid,NE,,B-TITLE
10944,post_190,1,196,love,NE,,I-TITLE
10945,post_190,1,197,gibi,TR,,O
10946,post_190,1,198,iki,TR,,O
10947,post_190,1,199,şaheser,TR,,O
10948,post_190,1,200,demo,EN,,O
10949,post_190,1,201,varken,TR,,O
10950,post_190,1,202,gitmişler,TR,,O
10951,post_190,1,203,albüme,TR,,O
10952,post_190,1,204,bu,TR,,O
10953,post_190,1,205,iğrenç,TR,,O
10954,post_190,1,206,şeyi,TR,,O
10955,post_190,1,207,koymuşlar,TR,,O
10956,post_190,1,208,albümün,TR,,O
10957,post_190,1,209,diğer,TR,,O
10958,post_190,1,210,iki,TR,,O
10959,post_190,1,211,zayıf,TR,,O
10960,post_190,1,212,halkası,TR,,O
10961,post_190,1,213,da,TR,,O
10962,post_190,1,214,music,NE,,B-TITLE
10963,post_190,1,215,ve,TR,,O
10964,post_190,1,216,what,NE,,B-TITLE
10965,post_190,1,217,if,NE,,I-TITLE
10966,post_190,1,218,it,NE,,I-TITLE
10967,post_190,1,219,feels,NE,,I-TITLE
10968,post_190,1,220,like,NE,,I-TITLE
10969,post_190,1,221,for,NE,,I-TITLE
10970,post_190,1,222,a,NE,,I-TITLE
10971,post_190,1,223,girl,NE,,I-TITLE
10972,post_190,1,224,ama,TR,,O
10973,post_190,1,225,onların,TR,,O
10974,post_190,1,226,vokalleri,TR,,O
10975,post_190,1,227,ve,TR,,O
10976,post_190,1,228,altyapısı,TR,,O
10977,post_190,1,229,bunun,TR,,O
10978,post_190,1,230,kadar,TR,,O
10979,post_190,1,231,berbat,TR,,O
10980,post_190,1,232,değil,TR,,O
10981,post_190,1,233,ve,TR,,O
10982,post_190,1,234,mesajları,TR,,O
10983,post_190,1,235,da,TR,,O
10984,post_190,1,236,gayet,TR,,O
10985,post_190,1,237,iyi,TR,,O
10986,post_190,1,238,sadece,TR,,O
10987,post_190,1,239,altyapılarında,TR,,O
10988,post_190,1,240,diğerlerine,TR,,O
10989,post_190,1,241,göre,TR,,O
10990,post_190,1,242,olmamışlık,TR,,O
10991,post_190,1,243,var,TR,,O
10992,post_190,1,244,albüme,TR,,O
10993,post_190,1,245,arasında,TR,,O
10994,post_190,1,246,bir,TR,,O
10995,post_190,1,247,puan,TR,,O
10996,post_190,1,248,veriyorum,TR,,O
10997,post_190,1,249,eğer,TR,,O
10998,post_190,1,250,albümde,TR,,O
10999,post_190,1,251,bu,TR,,O
11000,post_190,1,252,iki,TR,,O
11001,post_190,1,253,demo,EN,,O
11002,post_190,1,254,da,TR,,O
11003,post_190,1,255,olsaymış,TR,,O
11004,post_190,1,256,albüm,TR,,O
11005,post_190,1,257,daha,TR,,O
11006,post_190,1,258,fazla,TR,,O
11007,post_190,1,259,satarmış,TR,,O
11008,post_190,1,260,nobody's,NE,,B-TITLE
11009,post_190,1,261,perfect,NE,,I-TITLE
11010,post_190,1,262,bugünkü,TR,,O
11011,post_190,1,263,düşmanım,TR,,O
11012,post_190,1,264,sensin,TR,,O
11013,post_190,1,265,ve,TR,,O
11014,post_190,1,266,hep,TR,,O
11015,post_190,1,267,düşmanım,TR,,O
11016,post_190,1,268,olarak,TR,,O
11017,post_190,1,269,kalacaksın,TR,,O
11018,post_190,1,270,ama,TR,,O
11019,post_190,1,271,şunu,TR,,O
11020,post_190,1,272,söyleyebilirim,TR,,O
11021,post_190,1,273,ki,TR,,O
11022,post_190,1,274,nobody's,NE,,B-TITLE
11023,post_190,1,275,perfect,NE,,I-TITLE
11024,post_190,1,276,madonna,TR,,O
11025,post_190,1,277,after,EN,,O
11026,post_190,1,278,that's,EN,,O
11027,post_190,1,279,all,EN,,O
11028,post_190,1,280,bu,TR,,O
11029,post_190,1,281,kötü,TR,,O
11030,post_190,1,282,şarkı,TR,,O
11031,post_190,1,283,bile,TR,,O
11032,post_190,1,284,hadi,TR,,O
11033,post_190,1,285,mdna,NE,,B-TITLE
11034,post_190,1,286,in,TR,,O
11035,post_190,1,287,az,TR,,O
11036,post_190,1,288,bir,TR,,O
11037,post_190,1,289,gideri,TR,,O
11038,post_190,1,290,var,TR,,O
11039,post_190,1,291,diyelim,TR,,O
11040,post_190,1,292,ki,TR,,O
11041,post_190,1,293,o,TR,,O
11042,post_190,1,294,da,TR,,O
11043,post_190,1,295,inandırıcı,TR,,O
11044,post_190,1,296,değil,TR,,O
11045,post_190,1,297,ama,TR,,O
11046,post_190,1,298,"olsun,",TR,,O
11047,post_190,1,299,sonrası,TR,,O
11048,post_190,1,300,madonna'dan,NE,MIXED,B-PER
11049,post_190,1,301,çok,TR,,O
11050,post_190,1,302,daha,TR,,O
11051,post_190,1,303,iyi,TR,,O
11052,post_190,1,304,smmffffmmemmg,AMBIGUOUS,,O
11053,post_190,1,305,hakkını,TR,,O
11054,post_190,1,306,vereyim,TR,,O
11055,post_190,1,307,dnmsmfmgmtmgmh,AMBIGUOUS,,O
11056,post_191,1,0,an,TR,,O
11057,post_191,1,1,itibariyle,TR,,O
11058,post_191,1,2,aşağıdaki,TR,,O
11059,post_191,1,3,hata,TR,,O
11060,post_191,1,4,mesajını,TR,,O
11061,post_191,1,5,veren,TR,,O
11062,post_191,1,6,site:,TR,,O
11063,post_191,1,7,internal,EN,,O
11064,post_191,1,8,server,EN,,O
11065,post_191,1,9,error,EN,,O
11066,post_191,1,10,"sorry,",EN,,O
11067,post_191,1,11,something,EN,,O
11068,post_191,1,12,went,EN,,O
11069,post_191,1,13,wrong,EN,,O
11070,post_191,1,14,a,EN,,O
11071,post_191,1,15,team,EN,,O
11072,post_191,1,16,of,EN,,O
11073,post_191,1,17,highly,EN,,O
11074,post_191,1,18,trained,EN,,O
11075,post_191,1,19,monkeys,EN,,O
11076,post_191,1,20,has,EN,,O
11077,post_191,1,21,been,EN,,O
11078,post_191,1,22,dispatched,EN,,O
11079,post_191,1,23,to,EN,,O
11080,post_191,1,24,deal,EN,,O
11081,post_191,1,25,with,EN,,O
11082,post_191,1,26,this,EN,,O
11083,post_191,1,27,situation,EN,,O
11084,post_191,1,28,please,EN,,O
11085,post_191,1,29,report,EN,,O
11086,post_191,1,30,this,EN,,O
11087,post_191,1,31,incident,EN,,O
11088,post_191,1,32,to,EN,,O
11089,post_191,1,33,customer,EN,,O
11090,post_191,1,34,service,EN,,O
11091,post_191,1,35,"also,",EN,,O
11092,post_191,1,36,please,EN,,O
11093,post_191,1,37,include,EN,,O
11094,post_191,1,38,the,EN,,O
11095,post_191,1,39,following,EN,,O
11096,post_191,1,40,information,EN,,O
11097,post_191,1,41,in,EN,,O
11098,post_191,1,42,your,EN,,O
11099,post_191,1,43,error,EN,,O
11100,post_191,1,44,report:,EN,,O
11101,post_192,1,0,amerikan,TR,,O
11102,post_192,1,1,polisi,TR,,O
11103,post_192,1,2,ve,TR,,O
11104,post_192,1,3,fbi,NE,,B-ORG
11105,post_192,1,4,da,TR,,O
11106,post_192,1,5,privacy,EN,,O
11107,post_192,1,6,dinlemeden,TR,,O
11108,post_192,1,7,facebook,NE,,B-PROD
11109,post_192,1,8,sayfalariniza,TR,,O
11110,post_192,1,9,bakabiliyor,TR,,O
11111,post_192,1,10,ve,TR,,O
11112,post_192,1,11,yazilanlar,TR,,O
11113,post_192,1,12,herhangi,TR,,O
11114,post_192,1,13,bir,TR,,O
11115,post_192,1,14,sorusturmada,TR,,O
11116,post_192,1,15,delil,TR,,O
11117,post_192,1,16,olarak,TR,,O
11118,post_192,1,17,kullanilabiliyor,TR,,O
11119,post_193,1,0,coinlerden,MIXED,MIXED,O
11120,post_193,1,1,daha,TR,,O
11121,post_193,1,2,fazla,TR,,O
11122,post_193,1,3,kar,TR,,O
11123,post_193,1,4,ediliyor,TR,,O
11124,post_193,1,5,bu,TR,,O
11125,post_193,1,6,aralar,TR,,O
11126,post_193,1,7,eth,NE,,B-OTHER
11127,post_193,1,8,dusuyor,TR,,O
11128,post_193,1,9,ve,TR,,O
11129,post_193,1,10,al,TR,,O
11130,post_193,1,11,sat,TR,,O
11131,post_193,1,12,icin,TR,,O
11132,post_193,1,13,beklenilen,TR,,O
11133,post_193,1,14,firsat,TR,,O
11134,post_193,1,15,gelmiyor,TR,,O
11135,post_193,1,16,mu,TR,,O
11136,post_193,1,17,kisi,TR,,O
11137,post_193,1,18,gidip,TR,,O
11138,post_193,1,19,yeni,TR,,O
11139,post_193,1,20,cikan,TR,,O
11140,post_193,1,21,saglam,TR,,O
11141,post_193,1,22,projeden,TR,,O
11142,post_193,1,23,tane,TR,,O
11143,post_193,1,24,aliyor,TR,,O
11144,post_193,1,25,ve,TR,,O
11145,post_193,1,26,yuksekten,TR,,O
11146,post_193,1,27,satiyor,TR,,O
11147,post_193,1,28,bir,TR,,O
11148,post_193,1,29,gunde,TR,,O
11149,post_193,1,30,tertemiz,TR,,O
11150,post_193,1,31,kar,TR,,O
11151,post_193,1,32,ıleride,TR,,O
11152,post_193,1,33,buralar,TR,,O
11153,post_193,1,34,daha,TR,,O
11154,post_193,1,35,degerlenecek,TR,,O
11155,post_193,1,36,oxya,NE,MIXED,B-OTHER
11156,post_193,1,37,falan,TR,,O
11157,post_193,1,38,alabilirsiniz,TR,,O
11158,post_193,1,39,yeni,TR,,O
11159,post_193,1,40,ne,TR,,O
11160,post_193,1,41,diye,TR,,O
11161,post_193,1,42,soracak,TR,,O
11162,post_193,1,43,olursaniz,TR,,O
11163,post_193,1,44,opensea,NE,,B-ORG
11164,post_193,1,45,icin,TR,,O
11165,post_193,1,46,soyledim,TR,,O
11166,post_193,1,47,tabi,TR,,O
11167,post_194,1,0,resmen,TR,,O
11168,post_194,1,1,göt,TR,,O
11169,post_194,1,2,deliği,TR,,O
11170,post_194,1,3,olan,TR,,O
11171,post_194,1,4,uygulamaymış,TR,,O
11172,post_194,1,5,bu,TR,,O
11173,post_194,1,6,ne,TR,,O
11174,post_194,1,7,kadar,TR,,O
11175,post_194,1,8,ruh,TR,,O
11176,post_194,1,9,"hastası,",TR,,O
11177,post_194,1,10,"sapık,",TR,,O
11178,post_194,1,11,ilgi,TR,,O
11179,post_194,1,12,orospusu,TR,,O
11180,post_194,1,13,varsa,TR,,O
11181,post_194,1,14,bu,TR,,O
11182,post_194,1,15,plarformda,TR,,O
11183,post_194,1,16,toplanmış,TR,,O
11184,post_194,1,17,lan,TR,,O
11185,post_194,1,18,ad,EN,,O
11186,post_194,1,19,blocker,EN,,O
11187,post_194,1,20,kullandığım,TR,,O
11188,post_194,1,21,için,TR,,O
11189,post_194,1,22,haberim,TR,,O
11190,post_194,1,23,yoktu,TR,,O
11191,post_194,1,24,bundan,TR,,O
11192,post_194,1,25,bir,TR,,O
11193,post_194,1,26,iki,TR,,O
11194,post_194,1,27,cringe,EN,,O
11195,post_194,1,28,compilation,EN,,O
11196,post_194,1,29,videosunu,TR,,O
11197,post_194,1,30,izleyince,TR,,O
11198,post_194,1,31,resmen,TR,,O
11199,post_194,1,32,şok,TR,,O
11200,post_194,1,33,geçirdim,TR,,O
11201,post_194,1,34,çok,TR,,O
11202,post_194,1,35,korkunç,TR,,O
11203,post_194,1,36,çok,TR,,O
11204,post_195,1,0,title'ı,MIXED,MIXED,O
11205,post_195,1,1,co,EN,,O
11206,post_195,1,2,"founder,",EN,,O
11207,post_195,1,3,ceo,EN,,O
11208,post_195,1,4,at,TR,,O
11209,post_195,1,5,bilmem,TR,,O
11210,post_195,1,6,ne,TR,,O
11211,post_195,1,7,olmayan,TR,,O
11212,post_195,1,8,bilgisayar,TR,,O
11213,post_195,1,9,mühendisini,TR,,O
11214,post_195,1,10,dövüyorlar,TR,,O
11215,post_195,1,11,burada,TR,,O
11216,post_195,1,12,diye,TR,,O
11217,post_195,1,13,bir,TR,,O
11218,post_195,1,14,site,TR,,O
11219,post_195,1,15,açıyor,TR,,O
11220,post_195,1,16,hemen,TR,,O
11221,post_195,1,17,co,TR,,O
11222,post_195,1,18,founder,TR,,O
11223,post_195,1,19,of,TR,,O
11224,post_195,1,20,bi,TR,,O
11225,post_195,1,21,siktirin,TR,,O
11226,post_195,1,22,gidin,TR,,O
11227,post_195,1,23,allasen,TR,,O
11228,post_196,1,0,arrow,EN,,O
11229,post_196,1,1,functionına,MIXED,MIXED,O
11230,post_196,1,2,gurban,TR,,O
11231,post_196,1,3,olduğum,TR,,O
11232,post_196,1,4,python,NE,,B-PROD
11233,post_196,1,5,bokunu,TR,,O
11234,post_196,1,6,yesin,TR,,O
11235,post_196,1,7,bana,TR,,O
11236,post_196,1,8,lambda,EN,,O
11237,post_196,1,9,demeyin,TR,,O
11238,post_196,1,10,sert,TR,,O
11239,post_196,1,11,dalarim,TR,,O
11240,post_196,1,12,istemiyorum,TR,,O
11241,post_196,1,13,listeyi,TR,,O
11242,post_196,1,14,filtreleyip,TR,,O
11243,post_196,1,15,generator,EN,,O
11244,post_196,1,16,donduren,TR,,O
11245,post_196,1,17,dile,TR,,O
11246,post_196,1,18,dil,TR,,O
11247,post_196,1,19,demem,TR,,O
11248,post_196,1,20,ben,TR,,O
11249,post_196,1,21,listeyi,TR,,O
11250,post_196,1,22,filtreleyince,TR,,O
11251,post_196,1,23,liste,TR,,O
11252,post_196,1,24,cikacak,TR,,O
11253,post_196,1,25,arkadas,TR,,O
11254,post_197,1,0,meta'dan,NE,MIXED,B-ORG
11255,post_197,1,1,korkuyormuş,TR,,O
11256,post_197,1,2,garibim,TR,,O
11257,post_197,1,3,sebebi,TR,,O
11258,post_197,1,4,de;,TR,,O
11259,post_197,1,5,"whatsapp,",NE,,B-PROD
11260,post_197,1,6,"facebook,",NE,,B-PROD
11261,post_197,1,7,instagram,NE,,B-PROD
11262,post_197,1,8,ve,TR,,O
11263,post_197,1,9,threads,NE,,B-PROD
11264,post_197,1,10,gibi,TR,,O
11265,post_197,1,11,büyük,TR,,O
11266,post_197,1,12,bir,TR,,O
11267,post_197,1,13,ürün,TR,,O
11268,post_197,1,14,portföyüne,TR,,O
11269,post_197,1,15,sahip,TR,,O
11270,post_197,1,16,olmasıymış,TR,,O
11271,post_197,1,17,düşününce,TR,,O
11272,post_197,1,18,pek,TR,,O
11273,post_197,1,19,de,TR,,O
11274,post_197,1,20,haksız,TR,,O
11275,post_197,1,21,sayılmaz,TR,,O
11276,post_197,1,22,chatgpt,NE,,B-PROD
11277,post_197,1,23,en,TR,,O
11278,post_197,1,24,büyük,TR,,O
11279,post_197,1,25,ilgiyi,TR,,O
11280,post_197,1,26,hep,TR,,O
11281,post_197,1,27,görsel,TR,,O
11282,post_197,1,28,üretme,TR,,O
11283,post_197,1,29,trend'lerinde,MIXED,MIXED,O
11284,post_197,1,30,yakaladı,TR,,O
11285,post_197,1,31,eğer,TR,,O
11286,post_197,1,32,"meta,",NE,,B-PROD
11287,post_197,1,33,küresel,TR,,O
11288,post_197,1,34,olarak,TR,,O
11289,post_197,1,35,tüm,TR,,O
11290,post_197,1,36,ürünlerine,TR,,O
11291,post_197,1,37,birçok,TR,,O
11292,post_197,1,38,özelliğiyle,TR,,O
11293,post_197,1,39,birlikte,TR,,O
11294,post_197,1,40,yapay,TR,,O
11295,post_197,1,41,zekayı,TR,,O
11296,post_197,1,42,"eklerse,",TR,,O
11297,post_197,1,43,diğer,TR,,O
11298,post_197,1,44,birçok,TR,,O
11299,post_197,1,45,yapay,TR,,O
11300,post_197,1,46,zeka,TR,,O
11301,post_197,1,47,pasif,TR,,O
11302,post_197,1,48,kalır,TR,,O
11303,post_197,1,49,bu,TR,,O
11304,post_197,1,50,arada,TR,,O
11305,post_197,1,51,android,NE,,B-PROD
11306,post_197,1,52,telefonlarda,NE,,I-PROD
11307,post_197,1,53,ve,TR,,O
11308,post_197,1,54,chrome,NE,,B-PROD
11309,post_197,1,55,üzerinde,TR,,O
11310,post_197,1,56,her,TR,,O
11311,post_197,1,57,ne,TR,,O
11312,post_197,1,58,kadar,TR,,O
11313,post_197,1,59,varsayılan,TR,,O
11314,post_197,1,60,asistan,TR,,O
11315,post_197,1,61,ayarıyla,TR,,O
11316,post_197,1,62,yapay,TR,,O
11317,post_197,1,63,zeka,TR,,O
11318,post_197,1,64,olarak,TR,,O
11319,post_197,1,65,üstünlüğünü,TR,,O
11320,post_197,1,66,sağlayabilme,TR,,O
11321,post_197,1,67,ihtmali,TR,,O
11322,post_197,1,68,olsa,TR,,O
11323,post_197,1,69,"da,",TR,,O
11324,post_197,1,70,meta'nın,NE,MIXED,B-ORG
11325,post_197,1,71,ürünleri,TR,,O
11326,post_197,1,72,içerisinde,TR,,O
11327,post_197,1,73,boy,TR,,O
11328,post_197,1,74,gösterebilmesi,TR,,O
11329,post_197,1,75,çok,TR,,O
11330,post_197,1,76,zor,TR,,O
11331,post_198,1,0,the,EN,,O
11332,post_198,1,1,answer,EN,,O
11333,post_198,1,2,to,EN,,O
11334,post_198,1,3,life,EN,,O
11335,post_198,1,4,the,EN,,O
11336,post_198,1,5,universe,EN,,O
11337,post_198,1,6,and,EN,,O
11338,post_198,1,7,everything'i,MIXED,MIXED,O
11339,post_198,1,8,aratinca,TR,,O
11340,post_198,1,9,hesap,TR,,O
11341,post_198,1,10,makinesinin,TR,,O
11342,post_198,1,11,otomatik,TR,,O
11343,post_198,1,12,olarak,TR,,O
11344,post_198,1,13,cevabini,TR,,O
11345,post_198,1,14,verdigi,TR,,O
11346,post_198,1,15,guzel,TR,,O
11347,post_198,1,16,arama,TR,,O
11348,post_198,1,17,motoru,TR,,O
11349,post_199,1,0,internette,TR,,O
11350,post_199,1,1,okuduğum,TR,,O
11351,post_199,1,2,kadarıyla,TR,,O
11352,post_199,1,3,büyük,TR,,O
11353,post_199,1,4,bir,TR,,O
11354,post_199,1,5,hype,EN,,O
11355,post_199,1,6,"yaratan,",TR,,O
11356,post_199,1,7,özellikle,TR,,O
11357,post_199,1,8,coding,EN,,O
11358,post_199,1,9,"tarafında,",TR,,O
11359,post_199,1,10,emekleme,TR,,O
11360,post_199,1,11,aşamasındaki,TR,,O
11361,post_199,1,12,chat,EN,,O
11362,post_199,1,13,yapay,TR,,O
11363,post_199,1,14,zekası,TR,,O
11364,post_199,1,15,tam,TR,,O
11365,post_199,1,16,kapasite,TR,,O
11366,post_199,1,17,deneme,TR,,O
11367,post_199,1,18,fırsatı,TR,,O
11368,post_199,1,19,"bulamadım,",TR,,O
11369,post_199,1,20,beş,TR,,O
11370,post_199,1,21,soru,TR,,O
11371,post_199,1,22,"sonra,",TR,,O
11372,post_199,1,23,too,EN,,O
11373,post_199,1,24,many,EN,,O
11374,post_199,1,25,"requests,",EN,,O
11375,post_199,1,26,please,EN,,O
11376,post_199,1,27,slow,EN,,O
11377,post_199,1,28,down,EN,,O
11378,post_199,1,29,demeye,TR,,O
11379,post_199,1,30,başladı,TR,,O
11380,post_199,1,31,(ayrıca,TR,,O
11381,post_199,1,32,güncel,TR,,O
11382,post_199,1,33,bilgiye,TR,,O
11383,post_199,1,34,cevap,TR,,O
11384,post_199,1,35,vermesini,TR,,O
11385,post_199,1,36,kısıtlamışlar.),TR,,O
11386,post_199,1,37,tam,TR,,O
11387,post_199,1,38,olarak,TR,,O
11388,post_199,1,39,deneyebilirsem,TR,,O
11389,post_199,1,40,geribildirim,TR,,O
11390,post_199,1,41,yazarım,TR,,O
11391,post_199,1,42,internette,TR,,O
11392,post_199,1,43,yazılanlar,TR,,O
11393,post_199,1,44,gibi,TR,,O
11394,post_199,1,45,sonuçlar,TR,,O
11395,post_199,1,46,da,TR,,O
11396,post_199,1,47,"alamadım,",TR,,O
11397,post_199,1,48,kısıtlamış,TR,,O
11398,post_199,1,49,olabilirler,TR,,O
11399,post_199,1,50,o,TR,,O
11400,post_199,1,51,kadar,TR,,O
11401,post_199,1,52,çok,TR,,O
11402,post_199,1,53,yüklendiler,TR,,O
11403,post_199,1,54,ki,TR,,O
11404,post_199,1,55,kapasitesi,TR,,O
11405,post_199,1,56,kaldırmadı,TR,,O
11406,post_199,1,57,yapay,TR,,O
11407,post_199,1,58,"zekanın,",TR,,O
11408,post_199,1,59,delirttiler,TR,,O
11409,post_199,1,60,ilk,TR,,O
11410,post_199,1,61,izlenimim,TR,,O
11411,post_199,1,62,hayal,TR,,O
11412,post_199,1,63,kırıklığı,TR,,O
11413,post_200,1,0,blockbuster'i,NE,MIXED,B-ORG
11414,post_200,1,1,batirdi,TR,,O
11415,post_200,1,2,"sagolsun,",TR,,O
11416,post_200,1,3,iyi,TR,,O
11417,post_200,1,4,etti,TR,,O
11418,post_200,1,5,biraz,TR,,O
11419,post_200,1,6,zorlasa,TR,,O
11420,post_200,1,7,hulu'yu,NE,,B-PROD
11421,post_200,1,8,da,TR,,O
11422,post_200,1,9,"batirir,",TR,,O
11423,post_200,1,10,antitrust,EN,,O
11424,post_200,1,11,davasindan,TR,,O
11425,post_200,1,12,korkuyor,TR,,O
11426,post_200,1,13,olabilir,TR,,O
11427,post_200,1,14,bir,TR,,O
11428,post_200,1,15,sekilde,TR,,O
11429,post_200,1,16,yerel,TR,,O
11430,post_200,1,17,haber,TR,,O
11431,post_200,1,18,bulteni,TR,,O
11432,post_200,1,19,ve,TR,,O
11433,post_200,1,20,canli,TR,,O
11434,post_200,1,21,spor,TR,,O
11435,post_200,1,22,ekleyebilse,TR,,O
11436,post_200,1,23,kablolu,TR,,O
11437,post_200,1,24,tv,TR,,O
11438,post_200,1,25,sirketleri,TR,,O
11439,post_200,1,26,de,TR,,O
11440,post_200,1,27,zora,TR,,O
11441,post_200,1,28,girer,TR,,O
11442,post_200,1,29,bu,TR,,O
11443,post_200,1,30,servisi,TR,,O
11444,post_200,1,31,torrent,NE,,B-PROD
11445,post_200,1,32,veya,TR,,O
11446,post_200,1,33,illegal,EN,,O
11447,post_200,1,34,streaming,EN,,O
11448,post_200,1,35,siteleri,TR,,O
11449,post_200,1,36,ile,TR,,O
11450,post_200,1,37,karsilastiranlar,TR,,O
11451,post_200,1,38,sunu,TR,,O
11452,post_200,1,39,"dusunsun,",TR,,O
11453,post_200,1,40,aylik,TR,,O
11454,post_200,1,41,dolar,TR,,O
11455,post_200,1,42,civari,TR,,O
11456,post_200,1,43,makul,TR,,O
11457,post_200,1,44,bir,TR,,O
11458,post_200,1,45,fiyata,TR,,O
11459,post_200,1,46,reklamsiz,TR,,O
11460,post_200,1,47,dizi,TR,,O
11461,post_200,1,48,"izliyorsun,",TR,,O
11462,post_200,1,49,karsiliginda,TR,,O
11463,post_200,1,50,house,NE,,B-TITLE
11464,post_200,1,51,of,NE,,I-TITLE
11465,post_200,1,52,"cards,",NE,,I-TITLE
11466,post_200,1,53,orange,NE,,B-TITLE
11467,post_200,1,54,is,NE,,I-TITLE
11468,post_200,1,55,the,NE,,I-TITLE
11469,post_200,1,56,new,NE,,I-TITLE
11470,post_200,1,57,black,NE,,I-TITLE
11471,post_200,1,58,gibi,TR,,O
11472,post_200,1,59,dizilerin,TR,,O
11473,post_200,1,60,yapilmasini,TR,,O
11474,post_200,1,61,"sagliyorsun,",TR,,O
11475,post_200,1,62,internet,TR,,O
11476,post_200,1,63,altyapisinin,TR,,O
11477,post_200,1,64,daha,TR,,O
11478,post_200,1,65,iyi,TR,,O
11479,post_200,1,66,olmasi,TR,,O
11480,post_200,1,67,icin,TR,,O
11481,post_200,1,68,ise,TR,,O
11482,post_200,1,69,yariyor,TR,,O
11483,post_200,1,70,verdigin,TR,,O
11484,post_200,1,71,para,TR,,O
11485,post_200,1,72,umarim,TR,,O
11486,post_200,1,73,turkiye'de,NE,,B-LOC
11487,post_200,1,74,de,TR,,O
11488,post_200,1,75,en,TR,,O
11489,post_200,1,76,azindan,TR,,O
11490,post_200,1,77,turk,NE,,B-OTHER
11491,post_200,1,78,dizileri,TR,,O
11492,post_200,1,79,icin,TR,,O
11493,post_200,1,80,boyle,TR,,O
11494,post_200,1,81,legal,EN,,O
11495,post_200,1,82,sevisler,TR,,O
11496,post_200,1,83,"sunulur,",TR,,O
11497,post_200,1,84,hem,TR,,O
11498,post_200,1,85,daha,TR,,O
11499,post_200,1,86,iyi,TR,,O
11500,post_200,1,87,diziler,TR,,O
11501,post_200,1,88,cekilmesi,TR,,O
11502,post_200,1,89,hem,TR,,O
11503,post_200,1,90,internet,TR,,O
11504,post_200,1,91,kullaniminin,TR,,O
11505,post_200,1,92,artmasi,TR,,O
11506,post_200,1,93,icin,TR,,O
11507,post_200,1,94,yararli,TR,,O
11508,post_200,1,95,olur,TR,,O
11509,post_200,1,96,"kesintisiz,",TR,,O
11510,post_200,1,97,iyi,TR,,O
11511,post_200,1,98,"cozunurlukle,",TR,,O
11512,post_200,1,99,kaliteli,TR,,O
11513,post_200,1,100,icerik,TR,,O
11514,post_200,1,101,icin,TR,,O
11515,post_200,1,102,benzeri,TR,,O
11516,post_200,1,103,sirketler,TR,,O
11517,post_200,1,104,sart,TR,,O
11518,post_200,1,105,yillar,TR,,O
11519,post_200,1,106,once,TR,,O
11520,post_200,1,107,bir,TR,,O
11521,post_200,1,108,cisco,NE,,B-ORG
11522,post_200,1,109,reklami,TR,,O
11523,post_200,1,110,vardi,TR,,O
11524,post_200,1,111,adamin,TR,,O
11525,post_200,1,112,biri,TR,,O
11526,post_200,1,113,kirik,TR,,O
11527,post_200,1,114,dokuk,TR,,O
11528,post_200,1,115,bir,TR,,O
11529,post_200,1,116,motele,TR,,O
11530,post_200,1,117,girerken,TR,,O
11531,post_200,1,118,hangi,TR,,O
11532,post_200,1,119,tv,TR,,O
11533,post_200,1,120,kanallari,TR,,O
11534,post_200,1,121,var,TR,,O
11535,post_200,1,122,diye,TR,,O
11536,post_200,1,123,"soruyordu,",TR,,O
11537,post_200,1,124,resepsiyonist,TR,,O
11538,post_200,1,125,de,TR,,O
11539,post_200,1,126,her,TR,,O
11540,post_200,1,127,dilde,TR,,O
11541,post_200,1,128,cekilmis,TR,,O
11542,post_200,1,129,her,TR,,O
11543,post_200,1,130,filmi,TR,,O
11544,post_200,1,131,odanizdan,TR,,O
11545,post_200,1,132,izleyebilirsiniz',TR,,O
11546,post_200,1,133,diye,TR,,O
11547,post_200,1,134,cevap,TR,,O
11548,post_200,1,135,"veriyordu,",TR,,O
11549,post_200,1,136,neredeyse,TR,,O
11550,post_200,1,137,gercek,TR,,O
11551,post_200,1,138,olacak,TR,,O
11552,post_201,1,0,copyright,EN,,O
11553,post_201,1,1,infringement,EN,,O
11554,post_201,1,2,felan,TR,,O
11555,post_201,1,3,diyerek,TR,,O
11556,post_201,1,4,sitedeki,TR,,O
11557,post_201,1,5,butun,TR,,O
11558,post_201,1,6,seinfeld,NE,,B-TITLE
11559,post_201,1,7,episode'larina,MIXED,MIXED,O
11560,post_201,1,8,ve,TR,,O
11561,post_201,1,9,bilimum,TR,,O
11562,post_201,1,10,videolarina*,TR,,O
11563,post_201,1,11,erisimi,TR,,O
11564,post_201,1,12,an,TR,,O
11565,post_201,1,13,itibariyle,TR,,O
11566,post_201,1,14,engelleyerek,TR,,O
11567,post_201,1,15,uzen,TR,,O
11568,post_201,1,16,site,TR,,O
11569,post_202,1,0,the,NE,,B-TITLE
11570,post_202,1,1,good,NE,,I-TITLE
11571,post_202,1,2,wife,NE,,I-TITLE
11572,post_202,1,3,dizisini,TR,,O
11573,post_202,1,4,listeme,TR,,O
11574,post_202,1,5,eklemiştim,TR,,O
11575,post_202,1,6,"negüzel,",TR,,O
11576,post_202,1,7,kötü,TR,,O
11577,post_202,1,8,oldu,TR,,O
11578,post_202,1,9,bu,TR,,O
11579,post_202,1,10,onun,TR,,O
11580,post_202,1,11,devamı,TR,,O
11581,post_202,1,12,good,NE,,B-TITLE
11582,post_202,1,13,fight,NE,,I-TITLE
11583,post_202,1,14,halen,TR,,O
11584,post_202,1,15,duruyor,TR,,O
11585,post_202,1,16,acaba,TR,,O
11586,post_202,1,17,tr,NE,,B-OTHER
11587,post_202,1,18,haklarını,TR,,O
11588,post_202,1,19,bein,TR,,O
11589,post_202,1,20,mi,TR,,O
11590,post_202,1,21,aldı,TR,,O
11591,post_202,1,22,naptı,TR,,O
11592,post_203,1,0,sanıyorum,TR,,O
11593,post_203,1,1,artık,TR,,O
11594,post_203,1,2,bir,TR,,O
11595,post_203,1,3,resimi,TR,,O
11596,post_203,1,4,koyup,TR,,O
11597,post_203,1,5,hareketli,TR,,O
11598,post_203,1,6,animasyona,TR,,O
11599,post_203,1,7,da,TR,,O
11600,post_203,1,8,çevirebiliyoruz,TR,,O
11601,post_203,1,9,let,EN,,O
11602,post_203,1,10,the,EN,,O
11603,post_203,1,11,game,EN,,O
11604,post_203,1,12,begin,EN,,O
11605,post_204,1,0,gün,TR,,O
11606,post_204,1,1,itibariyle,TR,,O
11607,post_204,1,2,otoriter,TR,,O
11608,post_204,1,3,bir,TR,,O
11609,post_204,1,4,"tavirla,",TR,,O
11610,post_204,1,5,emir,TR,,O
11611,post_204,1,6,kipiyle,TR,,O
11612,post_204,1,7,jailbreak,EN,,O
11613,post_204,1,8,"yapmak,",TR,,O
11614,post_204,1,9,"""ay",TR,,O
11615,post_204,1,10,ben,TR,,O
11616,post_204,1,11,onu,TR,,O
11617,post_204,1,12,söyleyemem,TR,,O
11618,post_204,1,13,ayip,TR,,O
11619,post_204,1,14,"olur""",TR,,O
11620,post_204,1,15,dedigi,TR,,O
11621,post_204,1,16,seyleri,TR,,O
11622,post_204,1,17,sakayla,TR,,O
11623,post_204,1,18,karisik,TR,,O
11624,post_204,1,19,catir,TR,,O
11625,post_204,1,20,catir,TR,,O
11626,post_204,1,21,söyletebildiginiz,TR,,O
11627,post_204,1,22,model,AMBIGUOUS,,O
11628,post_204,1,23,bir,TR,,O
11629,post_204,1,24,dolu,TR,,O
11630,post_204,1,25,güvenlik,TR,,O
11631,post_204,1,26,mekanizmasiyla,TR,,O
11632,post_204,1,27,geldigi,TR,,O
11633,post_204,1,28,"kesin,",TR,,O
11634,post_204,1,29,ama,TR,,O
11635,post_204,1,30,bu,TR,,O
11636,post_204,1,31,sekilde,TR,,O
11637,post_204,1,32,peyderpey,TR,,O
11638,post_204,1,33,cözeceklerdir,TR,,O
11639,post_204,1,34,yani,TR,,O
11640,post_204,1,35,insallah,TR,,O
11641,post_204,1,36,yoksa,TR,,O
11642,post_204,1,37,chatgpt'ya,NE,MIXED,B-PROD
11643,post_204,1,38,virtual,EN,,O
11644,post_204,1,39,machine,EN,,O
11645,post_204,1,40,taklidi,TR,,O
11646,post_204,1,41,yaptirmak,TR,,O
11647,post_204,1,42,falan,TR,,O
11648,post_204,1,43,cok,TR,,O
11649,post_204,1,44,naif,TR,,O
11650,post_204,1,45,kacacak,TR,,O
11651,post_204,1,46,bu,TR,,O
11652,post_204,1,47,"gidisle,",TR,,O
11653,post_204,1,48,ve,TR,,O
11654,post_204,1,49,milyonlarca,TR,,O
11655,post_204,1,50,kullaniciya,TR,,O
11656,post_204,1,51,ulasmasi,TR,,O
11657,post_204,1,52,yüzünden,TR,,O
11658,post_204,1,53,"scalability,",EN,,O
11659,post_204,1,54,kaynaklarini,TR,,O
11660,post_204,1,55,söyleyememesi,TR,,O
11661,post_204,1,56,yüzünden,TR,,O
11662,post_204,1,57,de,TR,,O
11663,post_204,1,58,accountability,EN,,O
11664,post_204,1,59,problemi,TR,,O
11665,post_204,1,60,yasayacagi,TR,,O
11666,post_204,1,61,kesin,TR,,O
11667,post_204,1,62,model,AMBIGUOUS,,O
11668,post_204,1,63,hadi,TR,,O
11669,post_204,1,64,hayirlisi,TR,,O
11670,post_204,1,65,ha,TR,,O
11671,post_204,1,66,ama,TR,,O
11672,post_204,1,67,simdiden,TR,,O
11673,post_204,1,68,söyleyeyim:,TR,,O
11674,post_204,1,69,content,EN,,O
11675,post_204,1,70,creatorlar,MIXED,MIXED,O
11676,post_204,1,71,issiz,TR,,O
11677,post_204,1,72,kaldi,TR,,O
11678,post_205,1,0,ingilizce,NE,,B-OTHER
11679,post_205,1,1,wikipedia'da,NE,MIXED,B-PROD
11680,post_205,1,2,yayın,TR,,O
11681,post_205,1,3,haklarının,TR,,O
11682,post_205,1,4,d-smart'tan,NE,MIXED,B-ORG
11683,post_205,1,5,tivibu'ya,NE,MIXED,B-ORG
11684,post_205,1,6,transfer,TR,,O
11685,post_205,1,7,edildiği,TR,,O
11686,post_205,1,8,yazıyor,TR,,O
11687,post_205,1,9,ama,TR,,O
11688,post_205,1,10,şimdilik,TR,,O
11689,post_205,1,11,bir,TR,,O
11690,post_205,1,12,kaynak,TR,,O
11691,post_205,1,13,olmadığı,TR,,O
11692,post_205,1,14,için,TR,,O
11693,post_205,1,15,ne,TR,,O
11694,post_205,1,16,derece,TR,,O
11695,post_205,1,17,doğru,TR,,O
11696,post_205,1,18,bilemiyorum,TR,,O
11697,post_205,1,19,"neyse,",TR,,O
11698,post_205,1,20,sonuçta,TR,,O
11699,post_205,1,21,serhan,TR,,O
11700,post_205,1,22,acar,TR,,O
11701,post_205,1,23,ile,TR,,O
11702,post_205,1,24,avustralya,NE,,B-EVENT
11703,post_205,1,25,gp,NE,,I-EVENT
11704,post_205,1,26,sıralamalarını,TR,,O
11705,post_205,1,27,izliyoruz,TR,,O
11706,post_205,1,28,şu,TR,,O
11707,post_205,1,29,an,TR,,O
11708,post_206,1,0,yurtdisinda,TR,,O
11709,post_206,1,1,bunu,TR,,O
11710,post_206,1,2,ev,TR,,O
11711,post_206,1,3,sahibi,TR,,O
11712,post_206,1,4,olarak,TR,,O
11713,post_206,1,5,misafir,TR,,O
11714,post_206,1,6,agirlamak,TR,,O
11715,post_206,1,7,icin,TR,,O
11716,post_206,1,8,(host,EN,,O
11717,post_206,1,9,olarak,TR,,O
11718,post_206,1,10,yani),TR,,O
11719,post_206,1,11,kullaniyorum,TR,,O
11720,post_206,1,12,kullanmamin,TR,,O
11721,post_206,1,13,asil,TR,,O
11722,post_206,1,14,"nedeni,",TR,,O
11723,post_206,1,15,vergilerde,TR,,O
11724,post_206,1,16,avantaj,TR,,O
11725,post_206,1,17,saglamasi*,TR,,O
11726,post_206,1,18,acikcasi,TR,,O
11727,post_206,1,19,platform,AMBIGUOUS,,O
11728,post_206,1,20,olarak,TR,,O
11729,post_206,1,21,baya,TR,,O
11730,post_206,1,22,kotu,TR,,O
11731,post_206,1,23,buluyorum,TR,,O
11732,post_206,1,24,airbnb,NE,,B-PROD
11733,post_206,1,25,yi,TR,,O
11734,post_206,1,26,asil,TR,,O
11735,post_206,1,27,amaci,TR,,O
11736,post_206,1,28,ux,EN,,O
11737,post_206,1,29,e,TR,,O
11738,post_206,1,30,onem,TR,,O
11739,post_206,1,31,veren,TR,,O
11740,post_206,1,32,sistemin:,TR,,O
11741,post_206,1,33,dogru,TR,,O
11742,post_206,1,34,duzgun,TR,,O
11743,post_206,1,35,arama,TR,,O
11744,post_206,1,36,ve,TR,,O
11745,post_206,1,37,istedigini,TR,,O
11746,post_206,1,38,bulma,TR,,O
11747,post_206,1,39,ozelligi,TR,,O
11748,post_206,1,40,yok,TR,,O
11749,post_206,1,41,insanlari,TR,,O
11750,post_206,1,42,dogru,TR,,O
11751,post_206,1,43,yonlendiremiyor,TR,,O
11752,post_206,1,44,dolayisiyla,TR,,O
11753,post_206,1,45,hem,TR,,O
11754,post_206,1,46,agirlayan,TR,,O
11755,post_206,1,47,hemde,TR,,O
11756,post_206,1,48,misafirler,TR,,O
11757,post_206,1,49,durumdan,TR,,O
11758,post_206,1,50,sikintili,TR,,O
11759,post_206,1,51,ev,TR,,O
11760,post_206,1,52,sahibi,TR,,O
11761,post_206,1,53,olarak,TR,,O
11762,post_206,1,54,en,TR,,O
11763,post_206,1,55,buyuk,TR,,O
11764,post_206,1,56,sikinti,TR,,O
11765,post_206,1,57,su:,TR,,O
11766,post_206,1,58,insanlar,TR,,O
11767,post_206,1,59,hicbirsey,TR,,O
11768,post_206,1,60,okumadan,TR,,O
11769,post_206,1,61,resimleri,TR,,O
11770,post_206,1,62,de,TR,,O
11771,post_206,1,63,anlamadan,TR,,O
11772,post_206,1,64,rezervasyon,TR,,O
11773,post_206,1,65,yapiyor,TR,,O
11774,post_206,1,66,cok,TR,,O
11775,post_206,1,67,sacma,TR,,O
11776,post_206,1,68,sapan,TR,,O
11777,post_206,1,69,beklentiye,TR,,O
11778,post_206,1,70,sahip,TR,,O
11779,post_206,1,71,olupta,TR,,O
11780,post_206,1,72,gelen,TR,,O
11781,post_206,1,73,var,TR,,O
11782,post_206,1,74,mesela,TR,,O
11783,post_206,1,75,fotolarda,TR,,O
11784,post_206,1,76,plastik,TR,,O
11785,post_206,1,77,catal,TR,,O
11786,post_206,1,78,kagit,TR,,O
11787,post_206,1,79,kullan,TR,,O
11788,post_206,1,80,at,TR,,O
11789,post_206,1,81,tabak,TR,,O
11790,post_206,1,82,resmi,TR,,O
11791,post_206,1,83,koymusum,TR,,O
11792,post_206,1,84,aciklamada,TR,,O
11793,post_206,1,85,da,TR,,O
11794,post_206,1,86,full,EN,,O
11795,post_206,1,87,mutfak,TR,,O
11796,post_206,1,88,var,TR,,O
11797,post_206,1,89,yazmamama,TR,,O
11798,post_206,1,90,ragmen,TR,,O
11799,post_206,1,91,bundan,TR,,O
11800,post_206,1,92,memnun,TR,,O
11801,post_206,1,93,olmayip,TR,,O
11802,post_206,1,94,yildiz,TR,,O
11803,post_206,1,95,veren,TR,,O
11804,post_206,1,96,insanlar,TR,,O
11805,post_206,1,97,mevcut,TR,,O
11806,post_206,1,98,ornegin,TR,,O
11807,post_206,1,99,lokasyon,TR,,O
11808,post_206,1,100,belli,TR,,O
11809,post_206,1,101,dahi,TR,,O
11810,post_206,1,102,olsa,TR,,O
11811,post_206,1,103,lokasyonu,TR,,O
11812,post_206,1,104,begenmedigi,TR,,O
11813,post_206,1,105,icin,TR,,O
11814,post_206,1,106,az,TR,,O
11815,post_206,1,107,yildiz,TR,,O
11816,post_206,1,108,veren,TR,,O
11817,post_206,1,109,var,TR,,O
11818,post_206,1,110,bunu,TR,,O
11819,post_206,1,111,da,TR,,O
11820,post_206,1,112,aciklamada,TR,,O
11821,post_206,1,113,yaziyorlar,TR,,O
11822,post_206,1,114,eve,TR,,O
11823,post_206,1,115,zarar,TR,,O
11824,post_206,1,116,"verip,",TR,,O
11825,post_206,1,117,zarari,TR,,O
11826,post_206,1,118,karsilamasini,TR,,O
11827,post_206,1,119,istediniz,TR,,O
11828,post_206,1,120,diye,TR,,O
11829,post_206,1,121,yildiz,TR,,O
11830,post_206,1,122,verende,TR,,O
11831,post_206,1,123,var,TR,,O
11832,post_206,1,124,sorun,TR,,O
11833,post_206,1,125,burada,TR,,O
11834,post_206,1,126,"su,",TR,,O
11835,post_206,1,127,yildizlara,TR,,O
11836,post_206,1,128,gore,TR,,O
11837,post_206,1,129,insanlar,TR,,O
11838,post_206,1,130,rezerve,TR,,O
11839,post_206,1,131,edip,TR,,O
11840,post_206,1,132,etmeyecegini,TR,,O
11841,post_206,1,133,karar,TR,,O
11842,post_206,1,134,veriyor,TR,,O
11843,post_206,1,135,airbnb,NE,,B-PROD
11844,post_206,1,136,superhost,EN,,O
11845,post_206,1,137,olayi,TR,,O
11846,post_206,1,138,da,TR,,O
11847,post_206,1,139,tamamen,TR,,O
11848,post_206,1,140,yalan,TR,,O
11849,post_206,1,141,oldugunu,TR,,O
11850,post_206,1,142,farkettim,TR,,O
11851,post_206,1,143,cunku,TR,,O
11852,post_206,1,144,birisi,TR,,O
11853,post_206,1,145,keyfine,TR,,O
11854,post_206,1,146,esmedi,TR,,O
11855,post_206,1,147,diye,TR,,O
11856,post_206,1,148,yildizi,TR,,O
11857,post_206,1,149,verdigi,TR,,O
11858,post_206,1,150,an,TR,,O
11859,post_206,1,151,superhost,EN,,O
11860,post_206,1,152,olayini,TR,,O
11861,post_206,1,153,kaybediyorsunuz,TR,,O
11862,post_206,1,154,yani,TR,,O
11863,post_206,1,155,kisiye,TR,,O
11864,post_206,1,156,ne,TR,,O
11865,post_206,1,157,kadar,TR,,O
11866,post_206,1,158,yaranmaya,TR,,O
11867,post_206,1,159,calissaniz,TR,,O
11868,post_206,1,160,dahi,TR,,O
11869,post_206,1,161,kisinin,TR,,O
11870,post_206,1,162,gicikligina,TR,,O
11871,post_206,1,163,o,TR,,O
11872,post_206,1,164,hakki,TR,,O
11873,post_206,1,165,kaybediyorsunuz,TR,,O
11874,post_206,1,166,airbnb,NE,,B-PROD
11875,post_206,1,167,de,TR,,O
11876,post_206,1,168,bu,TR,,O
11877,post_206,1,169,konuda,TR,,O
11878,post_206,1,170,yardimci,TR,,O
11879,post_206,1,171,olmuyor,TR,,O
11880,post_206,1,172,airbnb,NE,,B-PROD
11881,post_206,1,173,den,TR,,O
11882,post_206,1,174,sadece,TR,,O
11883,post_206,1,175,ev,TR,,O
11884,post_206,1,176,sahipleri,TR,,O
11885,post_206,1,177,degil,TR,,O
11886,post_206,1,178,konaklayanlarda,TR,,O
11887,post_206,1,179,sikayetci,TR,,O
11888,post_206,1,180,yani,TR,,O
11889,post_206,1,181,benim,TR,,O
11890,post_206,1,182,mesela,TR,,O
11891,post_206,1,183,superhost,EN,,O
11892,post_206,1,184,diye,TR,,O
11893,post_206,1,185,konakladigim,TR,,O
11894,post_206,1,186,yerler,TR,,O
11895,post_206,1,187,oldu,TR,,O
11896,post_206,1,188,dogru,TR,,O
11897,post_206,1,189,duzgun,TR,,O
11898,post_206,1,190,temizlik,TR,,O
11899,post_206,1,191,yapmiyorlardi,TR,,O
11900,post_206,1,192,veya,TR,,O
11901,post_206,1,193,yanlis,TR,,O
11902,post_206,1,194,bilgi,TR,,O
11903,post_206,1,195,giren,TR,,O
11904,post_206,1,196,oluyordu,TR,,O
11905,post_206,1,197,vs,TR,,O
11906,post_206,1,198,bu,TR,,O
11907,post_206,1,199,durum,TR,,O
11908,post_206,1,200,maalesef,TR,,O
11909,post_206,1,201,uzun,TR,,O
11910,post_206,1,202,donemde,TR,,O
11911,post_206,1,203,platforma,TR,,O
11912,post_206,1,204,zarar,TR,,O
11913,post_206,1,205,verecek,TR,,O
11914,post_206,1,206,cunku:,TR,,O
11915,post_206,1,207,ev,TR,,O
11916,post_206,1,208,sahibi,TR,,O
11917,post_206,1,209,olarak,TR,,O
11918,post_206,1,210,super,AMBIGUOUS,,O
11919,post_206,1,211,hizmet,TR,,O
11920,post_206,1,212,etmek,TR,,O
11921,post_206,1,213,icin,TR,,O
11922,post_206,1,214,zorlamama,TR,,O
11923,post_206,1,215,gerek,TR,,O
11924,post_206,1,216,yok,TR,,O
11925,post_206,1,217,sorunlu,TR,,O
11926,post_206,1,218,birisi,TR,,O
11927,post_206,1,219,yuzunden,TR,,O
11928,post_206,1,220,skorunuz,TR,,O
11929,post_206,1,221,dusecegini,TR,,O
11930,post_206,1,222,bildiginiz,TR,,O
11931,post_206,1,223,zaman,TR,,O
11932,post_206,1,224,o,TR,,O
11933,post_206,1,225,hizmet,TR,,O
11934,post_206,1,226,kalitesini,TR,,O
11935,post_206,1,227,dusurmeye,TR,,O
11936,post_206,1,228,basliyorsunuz,TR,,O
11937,post_206,1,229,ev,TR,,O
11938,post_206,1,230,sahibi,TR,,O
11939,post_206,1,231,olarak,TR,,O
11940,post_206,1,232,airbnb,NE,,B-PROD
11941,post_206,1,233,yi,TR,,O
11942,post_206,1,234,deneyimli,TR,,O
11943,post_206,1,235,kullanmis,TR,,O
11944,post_206,1,236,kisilerden,TR,,O
11945,post_206,1,237,sadece,TR,,O
11946,post_206,1,238,kalmasini,TR,,O
11947,post_206,1,239,isteme,TR,,O
11948,post_206,1,240,secenegi,TR,,O
11949,post_206,1,241,var,TR,,O
11950,post_206,1,242,bu,TR,,O
11951,post_206,1,243,da,TR,,O
11952,post_206,1,244,cok,TR,,O
11953,post_206,1,245,ugrasmak,TR,,O
11954,post_206,1,246,istemeyenler,TR,,O
11955,post_206,1,247,icin,TR,,O
11956,post_206,1,248,bir,TR,,O
11957,post_206,1,249,secenek,TR,,O
11958,post_206,1,250,olacak,TR,,O
11959,post_206,1,251,skor,TR,,O
11960,post_206,1,252,sistemi,TR,,O
11961,post_206,1,253,gercegi,TR,,O
11962,post_206,1,254,cok,TR,,O
11963,post_206,1,255,yansitmadigi,TR,,O
11964,post_206,1,256,icin,TR,,O
11965,post_206,1,257,sisteme,TR,,O
11966,post_206,1,258,guven,TR,,O
11967,post_206,1,259,azalacak,TR,,O
11968,post_206,1,260,duzenli,TR,,O
11969,post_206,1,261,airbnb,NE,,B-PROD
11970,post_206,1,262,de,TR,,O
11971,post_206,1,263,misafirlik,TR,,O
11972,post_206,1,264,yapanlar,TR,,O
11973,post_206,1,265,daha,TR,,O
11974,post_206,1,266,sik,TR,,O
11975,post_206,1,267,dokuyacak,TR,,O
11976,post_206,1,268,olaya,TR,,O
11977,post_206,1,269,airbnb,NE,,B-PROD
11978,post_206,1,270,tarafindan,TR,,O
11979,post_206,1,271,bakarsaniz,TR,,O
11980,post_206,1,272,da,TR,,O
11981,post_206,1,273,aslinda,TR,,O
11982,post_206,1,274,mantikli,TR,,O
11983,post_206,1,275,gibi:,TR,,O
11984,post_206,1,276,zaten,TR,,O
11985,post_206,1,277,inventory,EN,,O
11986,post_206,1,278,(ev,TR,,O
11987,post_206,1,279,sayisi),TR,,O
11988,post_206,1,280,yuksek,TR,,O
11989,post_206,1,281,buraya,TR,,O
11990,post_206,1,282,harcadigimiz,TR,,O
11991,post_206,1,283,parayi,TR,,O
11992,post_206,1,284,azaltalim,TR,,O
11993,post_206,1,285,"mantigi,",TR,,O
11994,post_206,1,286,wall,NE,,B-ORG
11995,post_206,1,287,street,NE,,I-ORG
11996,post_206,1,288,i,TR,,O
11997,post_206,1,289,memnun,TR,,O
11998,post_206,1,290,eder,TR,,O
11999,post_206,1,291,konaklayan,TR,,O
12000,post_206,1,292,birsuru,TR,,O
12001,post_206,1,293,yeni,TR,,O
12002,post_206,1,294,hesap,TR,,O
12003,post_206,1,295,sahibi,TR,,O
12004,post_206,1,296,var,TR,,O
12005,post_206,1,297,olabildigince,TR,,O
12006,post_206,1,298,bunlari,TR,,O
12007,post_206,1,299,sisteme,TR,,O
12008,post_206,1,300,baglamak,TR,,O
12009,post_206,1,301,gerekir,TR,,O
12010,post_206,1,302,diye,TR,,O
12011,post_206,1,303,bunlara,TR,,O
12012,post_206,1,304,en,TR,,O
12013,post_206,1,305,iyi,TR,,O
12014,post_206,1,306,deneyimi,TR,,O
12015,post_206,1,307,saglamak,TR,,O
12016,post_206,1,308,son,TR,,O
12017,post_206,1,309,olarak,TR,,O
12018,post_206,1,310,sunu,TR,,O
12019,post_206,1,311,"soyleyeyim,",TR,,O
12020,post_206,1,312,eger,TR,,O
12021,post_206,1,313,superhost,EN,,O
12022,post_206,1,314,ta,TR,,O
12023,post_206,1,315,kaliyorsaniz,TR,,O
12024,post_206,1,316,yildiz,TR,,O
12025,post_206,1,317,ve,TR,,O
12026,post_206,1,318,alti,TR,,O
12027,post_206,1,319,vermeden,TR,,O
12028,post_206,1,320,once,TR,,O
12029,post_206,1,321,herhangi,TR,,O
12030,post_206,1,322,bir,TR,,O
12031,post_206,1,323,sorunu,TR,,O
12032,post_206,1,324,veya,TR,,O
12033,post_206,1,325,istegi,TR,,O
12034,post_206,1,326,o,TR,,O
12035,post_206,1,327,kisiye,TR,,O
12036,post_206,1,328,bildirin,TR,,O
12037,post_207,1,0,az,TR,,O
12038,post_207,1,1,önce,TR,,O
12039,post_207,1,2,berbere,TR,,O
12040,post_207,1,3,"gidecektim,",TR,,O
12041,post_207,1,4,olmadı,TR,,O
12042,post_207,1,5,berber,TR,,O
12043,post_207,1,6,salih'in,TR,,O
12044,post_207,1,7,twitter'ında,NE,MIXED,B-PROD
12045,post_207,1,8,cuma,TR,,O
12046,post_207,1,9,yazıyordu,TR,,O
12047,post_207,1,10,şimdi,TR,,O
12048,post_207,1,11,baktım,TR,,O
12049,post_207,1,12,"""cuma",TR,,O
12050,post_207,1,13,was,EN,,O
12051,post_207,1,14,so,EN,,O
12052,post_207,1,15,"good,",EN,,O
12053,post_207,1,16,but,EN,,O
12054,post_207,1,17,show,EN,,O
12055,post_207,1,18,must,EN,,O
12056,post_207,1,19,go,EN,,O
12057,post_207,1,20,"on""",EN,,O
12058,post_207,1,21,yazıyor,TR,,O
12059,post_207,1,22,pastafaryan,TR,,O
12060,post_207,1,23,misyoner:,TR,,O
12061,post_207,1,24,@salih,TR,,O
12062,post_207,1,25,abi's,TR,,O
12063,post_208,1,0,bir,TR,,O
12064,post_208,1,1,backend,EN,,O
12065,post_208,1,2,developer,EN,,O
12066,post_208,1,3,olarak,TR,,O
12067,post_208,1,4,node.js,NE,,B-PROD
12068,post_208,1,5,ilgimin,TR,,O
12069,post_208,1,6,artmasıyla,TR,,O
12070,post_208,1,7,benim,TR,,O
12071,post_208,1,8,de,TR,,O
12072,post_208,1,9,öğrenmeye,TR,,O
12073,post_208,1,10,başladığım,TR,,O
12074,post_208,1,11,fakat,TR,,O
12075,post_208,1,12,"""this""",EN,,O
12076,post_208,1,13,problemiyle,TR,,O
12077,post_208,1,14,kafamı,TR,,O
12078,post_208,1,15,karıştıran,TR,,O
12079,post_208,1,16,dil,TR,,O
12080,post_208,1,17,benim,TR,,O
12081,post_208,1,18,geldiğim,TR,,O
12082,post_208,1,19,dillerde,TR,,O
12083,post_208,1,20,this'in,MIXED,MIXED,O
12084,post_208,1,21,birden,TR,,O
12085,post_208,1,22,fazla,TR,,O
12086,post_208,1,23,anlamı,TR,,O
12087,post_208,1,24,yoktu,TR,,O
12088,post_209,1,0,oyunun,TR,,O
12089,post_209,1,1,amacının,TR,,O
12090,post_209,1,2,ne,TR,,O
12091,post_209,1,3,olduğu,TR,,O
12092,post_209,1,4,south,NE,,B-TITLE
12093,post_209,1,5,park'ın,NE,MIXED,I-TITLE
12094,post_209,1,6,son,TR,,O
12095,post_209,1,7,bölümünde,TR,,O
12096,post_209,1,8,gayet,TR,,O
12097,post_209,1,9,net,TR,,O
12098,post_209,1,10,açıklanmaktadır,TR,,O
12099,post_209,1,11,aynı,TR,,O
12100,post_209,1,12,şekilde,TR,,O
12101,post_209,1,13,ebeveynlerin,TR,,O
12102,post_209,1,14,neden,TR,,O
12103,post_209,1,15,oyunu,TR,,O
12104,post_209,1,16,oynarken,TR,,O
12105,post_209,1,17,afalladıklarına,TR,,O
12106,post_209,1,18,da,TR,,O
12107,post_209,1,19,değinilmektedir,TR,,O
12108,post_209,1,20,quote,EN,,O
12109,post_209,1,21,eder,TR,,O
12110,post_209,1,22,isek:,TR,,O
12111,post_209,1,23,i,EN,,O
12112,post_209,1,24,don't,EN,,O
12113,post_209,1,25,get,EN,,O
12114,post_209,1,26,it,EN,,O
12115,post_209,1,27,that's,EN,,O
12116,post_209,1,28,because,EN,,O
12117,post_209,1,29,you,EN,,O
12118,post_209,1,30,are,EN,,O
12119,post_209,1,31,thinking,EN,,O
12120,post_209,1,32,like,EN,,O
12121,post_209,1,33,a,EN,,O
12122,post_209,1,34,dad,EN,,O
12123,post_209,1,35,"minecraft,",NE,,B-PROD
12124,post_209,1,36,it,EN,,O
12125,post_209,1,37,don't,EN,,O
12126,post_209,1,38,got,EN,,O
12127,post_209,1,39,no,EN,,O
12128,post_209,1,40,"winner,",EN,,O
12129,post_209,1,41,it,EN,,O
12130,post_209,1,42,don't,EN,,O
12131,post_209,1,43,got,EN,,O
12132,post_209,1,44,no,EN,,O
12133,post_209,1,45,"objective,",EN,,O
12134,post_209,1,46,you,EN,,O
12135,post_209,1,47,just,EN,,O
12136,post_209,1,48,fucking,EN,,O
12137,post_209,1,49,build,EN,,O
12138,post_209,1,50,and,EN,,O
12139,post_209,1,51,shit,EN,,O
12140,post_209,1,52,özetle,TR,,O
12141,post_209,1,53,amacı,TR,,O
12142,post_209,1,54,falan,TR,,O
12143,post_209,1,55,yoktur,TR,,O
12144,post_209,1,56,bişiler,TR,,O
12145,post_209,1,57,yapıp,TR,,O
12146,post_209,1,58,durursun,TR,,O
12147,post_210,1,0,her,TR,,O
12148,post_210,1,1,subredditin,MIXED,MIXED,O
12149,post_210,1,2,kendi,TR,,O
12150,post_210,1,3,moderasyon,TR,,O
12151,post_210,1,4,ekibinin,TR,,O
12152,post_210,1,5,olmasının,TR,,O
12153,post_210,1,6,bazı,TR,,O
12154,post_210,1,7,eksi,TR,,O
12155,post_210,1,8,yanları,TR,,O
12156,post_210,1,9,olduğu,TR,,O
12157,post_210,1,10,doğrudur,TR,,O
12158,post_210,1,11,ama,TR,,O
12159,post_210,1,12,reddit,NE,,B-PROD
12160,post_210,1,13,"gibi,",TR,,O
12161,post_210,1,14,ekşi'den,NE,MIXED,B-PROD
12162,post_210,1,15,bilmem,TR,,O
12163,post_210,1,16,kaç,TR,,O
12164,post_210,1,17,kat,TR,,O
12165,post_210,1,18,büyük,TR,,O
12166,post_210,1,19,bir,TR,,O
12167,post_210,1,20,mecrada,TR,,O
12168,post_210,1,21,bütün,TR,,O
12169,post_210,1,22,kalitesiz,TR,,O
12170,post_210,1,23,konuları,TR,,O
12171,post_210,1,24,"silmek,",TR,,O
12172,post_210,1,25,kullanıcıları,TR,,O
12173,post_210,1,26,banlamak,TR,,O
12174,post_210,1,27,imkansıza,TR,,O
12175,post_210,1,28,yakın,TR,,O
12176,post_210,1,29,bu,TR,,O
12177,post_210,1,30,subreddit,EN,,O
12178,post_210,1,31,sistemi,TR,,O
12179,post_210,1,32,bir,TR,,O
12180,post_210,1,33,yerden,TR,,O
12181,post_210,1,34,sonra,TR,,O
12182,post_210,1,35,sitenin,TR,,O
12183,post_210,1,36,kaliteli,TR,,O
12184,post_210,1,37,ve,TR,,O
12185,post_210,1,38,kalitesiz,TR,,O
12186,post_210,1,39,kısımlarının,TR,,O
12187,post_210,1,40,birbirinden,TR,,O
12188,post_210,1,41,ayrılması,TR,,O
12189,post_210,1,42,için,TR,,O
12190,post_210,1,43,bir,TR,,O
12191,post_210,1,44,sisteme,TR,,O
12192,post_210,1,45,dönüşüyor,TR,,O
12193,post_210,1,46,ekşi,TR,,O
12194,post_210,1,47,sözlükteki,TR,,O
12195,post_210,1,48,red,EN,,O
12196,post_210,1,49,pillci,MIXED,MIXED,O
12197,post_210,1,50,31'cilerin,TR,,O
12198,post_210,1,51,kendi,TR,,O
12199,post_210,1,52,çöplüklerinde,TR,,O
12200,post_210,1,53,"oynadığını,",TR,,O
12201,post_210,1,54,sitenin,TR,,O
12202,post_210,1,55,geri,TR,,O
12203,post_210,1,56,kalanının,TR,,O
12204,post_210,1,57,da,TR,,O
12205,post_210,1,58,dakika,TR,,O
12206,post_210,1,59,başı,TR,,O
12207,post_210,1,60,karı,TR,,O
12208,post_210,1,61,kızlı,TR,,O
12209,post_210,1,62,başlıklara,TR,,O
12210,post_210,1,63,maruz,TR,,O
12211,post_210,1,64,kalmadığı,TR,,O
12212,post_210,1,65,bir,TR,,O
12213,post_210,1,66,ortam,TR,,O
12214,post_210,1,67,düşünün,TR,,O
12215,post_210,1,68,subreddit,EN,,O
12216,post_210,1,69,sistemi,TR,,O
12217,post_210,1,70,bunu,TR,,O
12218,post_210,1,71,sağlamaktadır,TR,,O
12219,post_210,1,72,tabii,TR,,O
12220,post_210,1,73,iyi,TR,,O
12221,post_210,1,74,subreddit,EN,,O
12222,post_210,1,75,bulmak,TR,,O
12223,post_210,1,76,çok,TR,,O
12224,post_210,1,77,kolay,TR,,O
12225,post_210,1,78,olmayabiliyor,TR,,O
12226,post_210,1,79,ama,TR,,O
12227,post_210,1,80,şu,TR,,O
12228,post_210,1,81,an,TR,,O
12229,post_210,1,82,için,TR,,O
12230,post_210,1,83,elimizdeki,TR,,O
12231,post_210,1,84,en,TR,,O
12232,post_210,1,85,iyi,TR,,O
12233,post_210,1,86,alternatif,TR,,O
12234,post_210,1,87,bu,TR,,O
12235,post_210,1,88,bir,TR,,O
12236,post_210,1,89,de,TR,,O
12237,post_210,1,90,ben,TR,,O
12238,post_210,1,91,yeni,TR,,O
12239,post_210,1,92,temaya,TR,,O
12240,post_210,1,93,hiç,TR,,O
12241,post_210,1,94,ısınamadım,TR,,O
12242,post_210,1,95,eskisine,TR,,O
12243,post_210,1,96,devam,TR,,O
12244,post_211,1,0,dakikalardır,TR,,O
12245,post_211,1,1,laptopu,MIXED,MIXED,O
12246,post_211,1,2,ters,TR,,O
12247,post_211,1,3,çevirme,TR,,O
12248,post_211,1,4,sebebim,TR,,O
12249,post_211,1,5,şebek,TR,,O
12250,post_211,1,6,oldum,TR,,O
12251,post_211,1,7,masada,TR,,O
12252,post_211,1,8,allah,TR,,O
12253,post_211,1,9,ıslah,TR,,O
12254,post_211,1,10,etsin,TR,,O
12255,post_211,1,11,hepinizi,TR,,O
12256,post_211,1,12,tips,EN,,O
12257,post_211,1,13,for,EN,,O
12258,post_211,1,14,viewing,EN,,O
12259,post_211,1,15,the,EN,,O
12260,post_211,1,16,new,EN,,O
12261,post_211,1,17,layout,EN,,O
12262,post_211,1,18,demişler,TR,,O
12263,post_211,1,19,bi,TR,,O
12264,post_211,1,20,de,TR,,O
12265,post_212,1,0,anonymous,EN,,O
12266,post_212,1,1,arrow,EN,,O
12267,post_212,1,2,function,EN,,O
12268,post_212,1,3,"tanimlayip,",TR,,O
12269,post_212,1,4,bu,TR,,O
12270,post_212,1,5,fonksiyon,TR,,O
12271,post_212,1,6,niye,TR,,O
12272,post_212,1,7,property'i,MIXED,MIXED,O
12273,post_212,1,8,globalde,TR,,O
12274,post_212,1,9,ariyor,TR,,O
12275,post_212,1,10,seklinde,TR,,O
12276,post_212,1,11,dusunen,TR,,O
12277,post_212,1,12,garip,TR,,O
12278,post_212,1,13,kullanicilara,TR,,O
12279,post_212,1,14,sahip,TR,,O
12280,post_212,1,15,scripting,EN,,O
12281,post_212,1,16,dili,TR,,O
12282,post_213,1,0,çağımızın,TR,,O
12283,post_213,1,1,professional,EN,,O
12284,post_213,1,2,dating,EN,,O
12285,post_213,1,3,platformu,TR,,O
12286,post_213,1,4,son,TR,,O
12287,post_213,1,5,zamanlarda,TR,,O
12288,post_213,1,6,tarafıma,TR,,O
12289,post_213,1,7,en,TR,,O
12290,post_213,1,8,çok,TR,,O
12291,post_213,1,9,yürünen,TR,,O
12292,post_213,1,10,platform,AMBIGUOUS,,O
12293,post_213,1,11,olması,TR,,O
12294,post_213,1,12,dolayısıyla,TR,,O
12295,post_213,1,13,ve,TR,,O
12296,post_213,1,14,hazır,TR,,O
12297,post_213,1,15,hasta,TR,,O
12298,post_213,1,16,halde,TR,,O
12299,post_213,1,17,evde,TR,,O
12300,post_213,1,18,yatarken,TR,,O
12301,post_213,1,19,bu,TR,,O
12302,post_213,1,20,konuya,TR,,O
12303,post_213,1,21,bir,TR,,O
12304,post_213,1,22,değineyim,TR,,O
12305,post_213,1,23,istedim,TR,,O
12306,post_213,1,24,profilimde,TR,,O
12307,post_213,1,25,"tanıdığım,",TR,,O
12308,post_213,1,26,da,TR,,O
12309,post_213,1,27,tanımadığım,TR,,O
12310,post_213,1,28,fakat,TR,,O
12311,post_213,1,29,profesyonel,TR,,O
12312,post_213,1,30,benzerliğim,TR,,O
12313,post_213,1,31,veya,TR,,O
12314,post_213,1,32,referans,TR,,O
12315,post_213,1,33,bağlantım,TR,,O
12316,post_213,1,34,bulunan,TR,,O
12317,post_213,1,35,insanları,TR,,O
12318,post_213,1,36,tutarım,TR,,O
12319,post_213,1,37,günde,TR,,O
12320,post_213,1,38,ortalama,TR,,O
12321,post_213,1,39,bağlantı,TR,,O
12322,post_213,1,40,talebi,TR,,O
12323,post_213,1,41,"gelir,",TR,,O
12324,post_213,1,42,çook,TR,,O
12325,post_213,1,43,alakasız,TR,,O
12326,post_213,1,44,kişilerden,TR,,O
12327,post_213,1,45,ve,TR,,O
12328,post_213,1,46,de,TR,,O
12329,post_213,1,47,profil,TR,,O
12330,post_213,1,48,görüntülenmesi,TR,,O
12331,post_213,1,49,uyarısı,TR,,O
12332,post_213,1,50,alırım,TR,,O
12333,post_213,1,51,bu,TR,,O
12334,post_213,1,52,doğrultuda,TR,,O
12335,post_213,1,53,gözlemlerim:,TR,,O
12336,post_213,1,54,size,TR,,O
12337,post_213,1,55,yürümek,TR,,O
12338,post_213,1,56,isteyenler,TR,,O
12339,post_213,1,57,direk,TR,,O
12340,post_213,1,58,bağlantı,TR,,O
12341,post_213,1,59,kurma,TR,,O
12342,post_213,1,60,talebi,TR,,O
12343,post_213,1,61,"göndermiyor,",TR,,O
12344,post_213,1,62,önce,TR,,O
12345,post_213,1,63,profilinize,TR,,O
12346,post_213,1,64,bakıyor,TR,,O
12347,post_213,1,65,eğer,TR,,O
12348,post_213,1,66,profilinize,TR,,O
12349,post_213,1,67,bakan,TR,,O
12350,post_213,1,68,kişinin,TR,,O
12351,post_213,1,69,kim,TR,,O
12352,post_213,1,70,olduğunu,TR,,O
12353,post_213,1,71,bilmediğiniz,TR,,O
12354,post_213,1,72,için,TR,,O
12355,post_213,1,73,"""aaa",TR,,O
12356,post_213,1,74,kimmiş,TR,,O
12357,post_213,1,75,bu,TR,,O
12358,post_213,1,76,acaba,TR,,O
12359,post_213,1,77,bir,TR,,O
12360,post_213,1,78,"bakayım""",TR,,O
12361,post_213,1,79,derseniz,TR,,O
12362,post_213,1,80,ve,TR,,O
12363,post_213,1,81,onun,TR,,O
12364,post_213,1,82,profiline,TR,,O
12365,post_213,1,83,"bakarsanız,",TR,,O
12366,post_213,1,84,bu,TR,,O
12367,post_213,1,85,linked-in,NE,,B-PROD
12368,post_213,1,86,dünyasını,TR,,O
12369,post_213,1,87,dating,EN,,O
12370,post_213,1,88,platformu,TR,,O
12371,post_213,1,89,olarak,TR,,O
12372,post_213,1,90,kullanan,TR,,O
12373,post_213,1,91,insanlar,TR,,O
12374,post_213,1,92,için,TR,,O
12375,post_213,1,93,göz,TR,,O
12376,post_213,1,94,kırpmagibi,TR,,O
12377,post_213,1,95,bir,TR,,O
12378,post_213,1,96,şey,TR,,O
12379,post_213,1,97,oluyor,TR,,O
12380,post_213,1,98,eğer,TR,,O
12381,post_213,1,99,es,TR,,O
12382,post_213,1,100,kaza,TR,,O
12383,post_213,1,101,bu,TR,,O
12384,post_213,1,102,"tanımadığınız,",TR,,O
12385,post_213,1,103,alakasız,TR,,O
12386,post_213,1,104,kişinin,TR,,O
12387,post_213,1,105,profiline,TR,,O
12388,post_213,1,106,bakmış,TR,,O
12389,post_213,1,107,bulunduysanız,TR,,O
12390,post_213,1,108,bir,TR,,O
12391,post_213,1,109,süre,TR,,O
12392,post_213,1,110,sonra,TR,,O
12393,post_213,1,111,bu,TR,,O
12394,post_213,1,112,kişinin,TR,,O
12395,post_213,1,113,sizin,TR,,O
12396,post_213,1,114,profilinize,TR,,O
12397,post_213,1,115,tekrar,TR,,O
12398,post_213,1,116,baktığını,TR,,O
12399,post_213,1,117,göreceksiniz,TR,,O
12400,post_213,1,118,bu,TR,,O
12401,post_213,1,119,da,TR,,O
12402,post_213,1,120,sinyali,TR,,O
12403,post_213,1,121,aldımgibi,TR,,O
12404,post_213,1,122,bir,TR,,O
12405,post_213,1,123,şey,TR,,O
12406,post_213,1,124,oluyor,TR,,O
12407,post_213,1,125,sanırım,TR,,O
12408,post_213,1,126,zaten,TR,,O
12409,post_213,1,127,hemen,TR,,O
12410,post_213,1,128,akabinde,TR,,O
12411,post_213,1,129,genellikle,TR,,O
12412,post_213,1,130,ekleme,TR,,O
12413,post_213,1,131,talebi,TR,,O
12414,post_213,1,132,geliyor,TR,,O
12415,post_213,1,133,hadi,TR,,O
12416,post_213,1,134,oldu,TR,,O
12417,post_213,1,135,da,TR,,O
12418,post_213,1,136,eklediniz,TR,,O
12419,post_213,1,137,ki,TR,,O
12420,post_213,1,138,benim,TR,,O
12421,post_213,1,139,başıma,TR,,O
12422,post_213,1,140,geldi,TR,,O
12423,post_213,1,141,sima,TR,,O
12424,post_213,1,142,olarak,TR,,O
12425,post_213,1,143,tanıdık,TR,,O
12426,post_213,1,144,geldiği,TR,,O
12427,post_213,1,145,için,TR,,O
12428,post_213,1,146,"""ya",TR,,O
12429,post_213,1,147,sanırım,TR,,O
12430,post_213,1,148,tanıyorum,TR,,O
12431,post_213,1,149,ben,TR,,O
12432,post_213,1,150,bu,TR,,O
12433,post_213,1,151,"adamı,",TR,,O
12434,post_213,1,152,ayıp,TR,,O
12435,post_213,1,153,"olmasın""",TR,,O
12436,post_213,1,154,şeklinde,TR,,O
12437,post_213,1,155,eklemişliğim,TR,,O
12438,post_213,1,156,oldu,TR,,O
12439,post_213,1,157,sonra,TR,,O
12440,post_213,1,158,bilin,TR,,O
12441,post_213,1,159,bakalım,TR,,O
12442,post_213,1,160,ne,TR,,O
12443,post_213,1,161,oluyor,TR,,O
12444,post_213,1,162,tabiki,TR,,O
12445,post_213,1,163,hemen,TR,,O
12446,post_213,1,164,mesaj:,TR,,O
12447,post_213,1,165,"selam,",TR,,O
12448,post_213,1,166,naber?',TR,,O
12449,post_213,1,167,insanlar,TR,,O
12450,post_213,1,168,eskiden,TR,,O
12451,post_213,1,169,facebooktan,NE,MIXED,B-PROD
12452,post_213,1,170,yürürken,TR,,O
12453,post_213,1,171,artık,TR,,O
12454,post_213,1,172,sanırım,TR,,O
12455,post_213,1,173,güzellik,TR,,O
12456,post_213,1,174,yeterli,TR,,O
12457,post_213,1,175,gelmediği,TR,,O
12458,post_213,1,176,için,TR,,O
12459,post_213,1,177,"kariyerine,",TR,,O
12460,post_213,1,178,okuduğu,TR,,O
12461,post_213,1,179,"okullara,",TR,,O
12462,post_213,1,180,kaç,TR,,O
12463,post_213,1,181,dil,TR,,O
12464,post_213,1,182,bildiğine,TR,,O
12465,post_213,1,183,vs,TR,,O
12466,post_213,1,184,de,TR,,O
12467,post_213,1,185,önem,TR,,O
12468,post_213,1,186,veriyor,TR,,O
12469,post_213,1,187,birine,TR,,O
12470,post_213,1,188,yürümeden,TR,,O
12471,post_213,1,189,önce,TR,,O
12472,post_213,1,190,iyi,TR,,O
12473,post_213,1,191,birşey,TR,,O
12474,post_213,1,192,mi,TR,,O
12475,post_213,1,193,kötü,TR,,O
12476,post_213,1,194,birşey,TR,,O
12477,post_213,1,195,mi,TR,,O
12478,post_213,1,196,bilemedim,TR,,O
12479,post_214,1,0,the,EN,,O
12480,post_214,1,1,assumption,EN,,O
12481,post_214,1,2,that,EN,,O
12482,post_214,1,3,u,EN,,O
12483,post_214,1,4,give,EN,,O
12484,post_214,1,5,up,EN,,O
12485,post_214,1,6,anything,EN,,O
12486,post_214,1,7,by,EN,,O
12487,post_214,1,8,going,EN,,O
12488,post_214,1,9,vegan,EN,,O
12489,post_214,1,10,becomes,EN,,O
12490,post_214,1,11,less,EN,,O
12491,post_214,1,12,of,EN,,O
12492,post_214,1,13,an,EN,,O
12493,post_214,1,14,issue,EN,,O
12494,post_214,1,15,when,EN,,O
12495,post_214,1,16,u,EN,,O
12496,post_214,1,17,realise,EN,,O
12497,post_214,1,18,what,EN,,O
12498,post_214,1,19,u,EN,,O
12499,post_214,1,20,were,EN,,O
12500,post_214,1,21,taking,EN,,O
12501,post_214,1,22,wasn't,EN,,O
12502,post_214,1,23,yours,EN,,O
12503,post_214,1,24,to,EN,,O
12504,post_214,1,25,begin,EN,,O
12505,post_214,1,26,with,EN,,O
12506,post_214,1,27,vegan,EN,,O
12507,post_214,1,28,olunca,TR,,O
12508,post_214,1,29,bir,TR,,O
12509,post_214,1,30,şeylerden,TR,,O
12510,post_214,1,31,vazgeçmek,TR,,O
12511,post_214,1,32,zorunda,TR,,O
12512,post_214,1,33,kalacağınız,TR,,O
12513,post_214,1,34,düşüncesi,TR,,O
12514,post_214,1,35,vegan,EN,,O
12515,post_214,1,36,olduktan,TR,,O
12516,post_214,1,37,sonra,TR,,O
12517,post_214,1,38,önemini,TR,,O
12518,post_214,1,39,"yitiriyor,",TR,,O
12519,post_214,1,40,çünkü,TR,,O
12520,post_214,1,41,vazgeçtiğiniz,TR,,O
12521,post_214,1,42,şeylerin,TR,,O
12522,post_214,1,43,en,TR,,O
12523,post_214,1,44,başından,TR,,O
12524,post_214,1,45,beridir,TR,,O
12525,post_214,1,46,size,TR,,O
12526,post_214,1,47,ait,TR,,O
12527,post_214,1,48,olmadığını,TR,,O
12528,post_214,1,49,anlamış,TR,,O
12529,post_214,1,50,oluyorsunuz,TR,,O
12530,post_215,1,0,coldplay,NE,,B-GROUP
12531,post_215,1,1,ghost,NE,,B-TITLE
12532,post_215,1,2,stories'i,NE,MIXED,I-TITLE
12533,post_215,1,3,buradan,TR,,O
12534,post_215,1,4,stream,EN,,O
12535,post_215,1,5,ettirmeme,TR,,O
12536,post_215,1,6,kararı,TR,,O
12537,post_215,1,7,aldı,TR,,O
12538,post_215,1,8,bu,TR,,O
12539,post_215,1,9,tür,TR,,O
12540,post_215,1,10,albümleri,TR,,O
12541,post_215,1,11,de,TR,,O
12542,post_215,1,12,stream,EN,,O
12543,post_215,1,13,edemeyeceksem,TR,,O
12544,post_215,1,14,ne,TR,,O
12545,post_215,1,15,dinlicem,TR,,O
12546,post_215,1,16,kendilerine,TR,,O
12547,post_215,1,17,sormak,TR,,O
12548,post_215,1,18,isterim,TR,,O
12549,post_216,1,0,retweeted,EN,,O
12550,post_216,1,1,by,EN,,O
12551,post_216,1,2,artık,TR,,O
12552,post_216,1,3,sizin,TR,,O
12553,post_216,1,4,bir,TR,,O
12554,post_216,1,5,"arkadaşınız,",TR,,O
12555,post_216,1,6,sizin,TR,,O
12556,post_216,1,7,arkadaşınız,TR,,O
12557,post_216,1,8,olmayan,TR,,O
12558,post_216,1,9,birisinin,TR,,O
12559,post_216,1,10,mesajını,TR,,O
12560,post_216,1,11,"retweetlediğinde,",MIXED,MIXED,O
12561,post_216,1,12,o,TR,,O
12562,post_216,1,13,kişiden,TR,,O
12563,post_216,1,14,arkadaşınıza,TR,,O
12564,post_216,1,15,giden,TR,,O
12565,post_216,1,16,reply'ı,MIXED,MIXED,O
12566,post_216,1,17,da,TR,,O
12567,post_216,1,18,anasayfanızda,TR,,O
12568,post_216,1,19,gösteriyor,TR,,O
12569,post_216,1,20,"""arkadaşımın",TR,,O
12570,post_216,1,21,"beğendiği""",TR,,O
12571,post_216,1,22,hesabı,TR,,O
12572,post_216,1,23,oluyor,TR,,O
12573,post_216,1,24,"da,",TR,,O
12574,post_216,1,25,friendfeed'de,NE,MIXED,B-PROD
12575,post_216,1,26,bu,TR,,O
12576,post_216,1,27,aylardır,TR,,O
12577,post_216,1,28,var,TR,,O
12578,post_216,1,29,diyeceğim;,TR,,O
12579,post_216,1,30,nedir,TR,,O
12580,post_216,1,31,yani,TR,,O
12581,post_217,1,0,şeklinde,TR,,O
12582,post_217,1,1,girildiğinde,TR,,O
12583,post_217,1,2,hacklendiği,TR,,O
12584,post_217,1,3,bu,TR,,O
12585,post_217,1,4,ana,TR,,O
12586,post_217,1,5,tanıklık,TR,,O
12587,post_217,1,6,edilebilen,TR,,O
12588,post_217,1,7,micro,EN,,O
12589,post_217,1,8,hackelenme,TR,,O
12590,post_217,1,9,pardon,TR,,O
12591,post_217,1,10,bloglama,TR,,O
12592,post_217,1,11,sitesi,TR,,O
12593,post_218,1,0,nasil,TR,,O
12594,post_218,1,1,amazon',NE,,B-ORG
12595,post_218,1,2,un,TR,,O
12596,post_218,1,3,slogani,TR,,O
12597,post_218,1,4,"""earth's",EN,,O
12598,post_218,1,5,most,EN,,O
12599,post_218,1,6,customer-centric,EN,,O
12600,post_218,1,7,"company""",EN,,O
12601,post_218,1,8,ise,TR,,O
12602,post_218,1,9,bunlarinki,TR,,O
12603,post_218,1,10,de,TR,,O
12604,post_218,1,11,tam,TR,,O
12605,post_218,1,12,tersi,TR,,O
12606,post_218,1,13,acaba,TR,,O
12607,post_218,1,14,ceo',EN,,O
12608,post_218,1,15,su,TR,,O
12609,post_218,1,16,"toplantilarda,",TR,,O
12610,post_218,1,17,"""musterileri",TR,,O
12611,post_218,1,18,sikmek,TR,,O
12612,post_218,1,19,icin,TR,,O
12613,post_218,1,20,elinizden,TR,,O
12614,post_218,1,21,geleni,TR,,O
12615,post_218,1,22,"yapin""",TR,,O
12616,post_218,1,23,diye,TR,,O
12617,post_218,1,24,talimat,TR,,O
12618,post_218,1,25,mi,TR,,O
12619,post_218,1,26,veriyor,TR,,O
12620,post_218,1,27,diye,TR,,O
12621,post_218,1,28,ciddi,TR,,O
12622,post_218,1,29,ciddi,TR,,O
12623,post_218,1,30,merak,TR,,O
12624,post_218,1,31,ediyorum,TR,,O
12625,post_218,1,32,covid',EN,,O
12626,post_218,1,33,in,TR,,O
12627,post_218,1,34,ilk,TR,,O
12628,post_218,1,35,basladigi,TR,,O
12629,post_218,1,36,donemde,TR,,O
12630,post_218,1,37,ucretsiz,TR,,O
12631,post_218,1,38,iptal,TR,,O
12632,post_218,1,39,ve,TR,,O
12633,post_218,1,40,iade,TR,,O
12634,post_218,1,41,hakkim,TR,,O
12635,post_218,1,42,olan,TR,,O
12636,post_218,1,43,toplamda,TR,,O
12637,post_218,1,44,tane,TR,,O
12638,post_218,1,45,rezervasyonumu,TR,,O
12639,post_218,1,46,iptal,TR,,O
12640,post_218,1,47,ettim,TR,,O
12641,post_218,1,48,megersem,TR,,O
12642,post_218,1,49,small,EN,,O
12643,post_218,1,50,printte,MIXED,MIXED,O
12644,post_218,1,51,yazana,TR,,O
12645,post_218,1,52,gore,TR,,O
12646,post_218,1,53,belli,TR,,O
12647,post_218,1,54,bir,TR,,O
12648,post_218,1,55,sayidan,TR,,O
12649,post_218,1,56,fazla,TR,,O
12650,post_218,1,57,rezervasyon,TR,,O
12651,post_218,1,58,iptali,TR,,O
12652,post_218,1,59,yapilirsa,TR,,O
12653,post_218,1,60,o,TR,,O
12654,post_218,1,61,sayinin,TR,,O
12655,post_218,1,62,ustundeki,TR,,O
12656,post_218,1,63,iptaller,TR,,O
12657,post_218,1,64,icin,TR,,O
12658,post_218,1,65,airbnb,NE,,B-ORG
12659,post_218,1,66,kendi,TR,,O
12660,post_218,1,67,komisyonunun,TR,,O
12661,post_218,1,68,iadesini,TR,,O
12662,post_218,1,69,yapmiyormus,TR,,O
12663,post_218,1,70,musteri,TR,,O
12664,post_218,1,71,hizmetleri,TR,,O
12665,post_218,1,72,o,TR,,O
12666,post_218,1,73,kadar,TR,,O
12667,post_218,1,74,geri,TR,,O
12668,post_218,1,75,zekali,TR,,O
12669,post_218,1,76,ki,TR,,O
12670,post_218,1,77,bu,TR,,O
12671,post_218,1,78,konuyla,TR,,O
12672,post_218,1,79,ilgili,TR,,O
12673,post_218,1,80,kez,TR,,O
12674,post_218,1,81,yazistim,TR,,O
12675,post_218,1,82,ucu,TR,,O
12676,post_218,1,83,de,TR,,O
12677,post_218,1,84,farkli,TR,,O
12678,post_218,1,85,bir,TR,,O
12679,post_218,1,86,iade,TR,,O
12680,post_218,1,87,etmeme,TR,,O
12681,post_218,1,88,nedeni,TR,,O
12682,post_218,1,89,sundu,TR,,O
12683,post_218,1,90,ozellikle,TR,,O
12684,post_218,1,91,bir,TR,,O
12685,post_218,1,92,tane,TR,,O
12686,post_218,1,93,geri,TR,,O
12687,post_218,1,94,"zekali,",TR,,O
12688,post_218,1,95,"""evet",TR,,O
12689,post_218,1,96,ucretsiz,TR,,O
12690,post_218,1,97,iade,TR,,O
12691,post_218,1,98,hakkin,TR,,O
12692,post_218,1,99,vardi,TR,,O
12693,post_218,1,100,ama,TR,,O
12694,post_218,1,101,iptal,TR,,O
12695,post_218,1,102,ederken,TR,,O
12696,post_218,1,103,covid,EN,,O
12697,post_218,1,104,nedenini,TR,,O
12698,post_218,1,105,secmediginden,TR,,O
12699,post_218,1,106,"etmiyoruz""",TR,,O
12700,post_218,1,107,"dedi,",TR,,O
12701,post_218,1,108,ucretsiz,TR,,O
12702,post_218,1,109,iade,TR,,O
12703,post_218,1,110,hakkim,TR,,O
12704,post_218,1,111,var,TR,,O
12705,post_218,1,112,o.c,TR,,O
12706,post_218,1,113,iade,TR,,O
12707,post_218,1,114,sebebimden,TR,,O
12708,post_218,1,115,sanane,TR,,O
12709,post_218,1,116,!,TR,,O
12710,post_218,1,117,bu,TR,,O
12711,post_218,1,118,arada,TR,,O
12712,post_218,1,119,small,EN,,O
12713,post_218,1,120,printten,MIXED,MIXED,O
12714,post_218,1,121,onun,TR,,O
12715,post_218,1,122,da,TR,,O
12716,post_218,1,123,haberi,TR,,O
12717,post_218,1,124,yok,TR,,O
12718,post_218,1,125,yani,TR,,O
12719,post_218,1,126,hepsini,TR,,O
12720,post_218,1,127,gectim,TR,,O
12721,post_218,1,128,ulan,TR,,O
12722,post_218,1,129,gidecegim,TR,,O
12723,post_218,1,130,ulke,TR,,O
12724,post_218,1,131,"kapali,",TR,,O
12725,post_218,1,132,kalkip,TR,,O
12726,post_218,1,133,gidiyorum,TR,,O
12727,post_218,1,134,desem,TR,,O
12728,post_218,1,135,adamlar,TR,,O
12729,post_218,1,136,satin,TR,,O
12730,post_218,1,137,aldigim,TR,,O
12731,post_218,1,138,hizmeti,TR,,O
12732,post_218,1,139,sunamiyor,TR,,O
12733,post_218,1,140,bu,TR,,O
12734,post_218,1,141,orospu,TR,,O
12735,post_218,1,142,cocuklarina,TR,,O
12736,post_218,1,143,kurus,TR,,O
12737,post_218,1,144,parami,TR,,O
12738,post_218,1,145,bile,TR,,O
12739,post_218,1,146,birakmak,TR,,O
12740,post_218,1,147,istemedigimden,TR,,O
12741,post_218,1,148,iade,TR,,O
12742,post_218,1,149,edilmeyen,TR,,O
12743,post_218,1,150,airbnb,NE,,B-ORG
12744,post_218,1,151,komisyonlarini,TR,,O
12745,post_218,1,152,geri,TR,,O
12746,post_218,1,153,alabilmek,TR,,O
12747,post_218,1,154,icin,TR,,O
12748,post_218,1,155,odemeyi,TR,,O
12749,post_218,1,156,yaptigim,TR,,O
12750,post_218,1,157,bankaya,TR,,O
12751,post_218,1,158,gidip,TR,,O
12752,post_218,1,159,dispute,EN,,O
12753,post_218,1,160,actim*,TR,,O
12754,post_218,1,161,musterisi,TR,,O
12755,post_218,1,162,oldugum,TR,,O
12756,post_218,1,163,banka,TR,,O
12757,post_218,1,164,bulundugum,TR,,O
12758,post_218,1,165,ulkedeki,TR,,O
12759,post_218,1,166,en,TR,,O
12760,post_218,1,167,rezil,TR,,O
12761,post_218,1,168,banka,TR,,O
12762,post_218,1,169,oldugundan,TR,,O
12763,post_218,1,170,casei,MIXED,MIXED,O
12764,post_218,1,171,dogru,TR,,O
12765,post_218,1,172,duzgun,TR,,O
12766,post_218,1,173,incelemeden,TR,,O
12767,post_218,1,174,airbnb',NE,,B-ORG
12768,post_218,1,175,yi,TR,,O
12769,post_218,1,176,hakli,TR,,O
12770,post_218,1,177,buldu,TR,,O
12771,post_218,1,178,artik,TR,,O
12772,post_218,1,179,yuz,TR,,O
12773,post_218,1,180,kusur,TR,,O
12774,post_218,1,181,poundunda,TR,,O
12775,post_218,1,182,degilim,TR,,O
12776,post_218,1,183,deyip,TR,,O
12777,post_218,1,184,once,TR,,O
12778,post_218,1,185,bankadaki,TR,,O
12779,post_218,1,186,kredi,TR,,O
12780,post_218,1,187,kartimi,TR,,O
12781,post_218,1,188,actigim,TR,,O
12782,post_218,1,189,disputetaki,MIXED,MIXED,O
12783,post_218,1,190,yanlis,TR,,O
12784,post_218,1,191,kararlari,TR,,O
12785,post_218,1,192,nedeniyle,TR,,O
12786,post_218,1,193,iptal,TR,,O
12787,post_218,1,194,"ettim,",TR,,O
12788,post_218,1,195,ayni,TR,,O
12789,post_218,1,196,anda,TR,,O
12790,post_218,1,197,bankayi,TR,,O
12791,post_218,1,198,financial,NE,,B-ORG
12792,post_218,1,199,ombudsman',NE,,I-ORG
12793,post_218,1,200,a,TR,,O
12794,post_218,1,201,sikayet,TR,,O
12795,post_218,1,202,ettim,TR,,O
12796,post_218,1,203,financial,NE,,B-ORG
12797,post_218,1,204,ombudsman,NE,,I-ORG
12798,post_218,1,205,bankayla,TR,,O
12799,post_218,1,206,iletisime,TR,,O
12800,post_218,1,207,gecince,TR,,O
12801,post_218,1,208,geri,TR,,O
12802,post_218,1,209,zekali,TR,,O
12803,post_218,1,210,banka,TR,,O
12804,post_218,1,211,daha,TR,,O
12805,post_218,1,212,adamlarin,TR,,O
12806,post_218,1,213,financial,NE,,B-ORG
12807,post_218,1,214,ombudsman,NE,,I-ORG
12808,post_218,1,215,kararini,TR,,O
12809,post_218,1,216,beklemeden,TR,,O
12810,post_218,1,217,bana,TR,,O
12811,post_218,1,218,iadeyi,TR,,O
12812,post_218,1,219,yapmaya,TR,,O
12813,post_218,1,220,karar,TR,,O
12814,post_218,1,221,verdiler,TR,,O
12815,post_218,1,222,buna,TR,,O
12816,post_218,1,223,benzer,TR,,O
12817,post_218,1,224,sekilde,TR,,O
12818,post_218,1,225,iade,TR,,O
12819,post_218,1,226,yapmayip,TR,,O
12820,post_218,1,227,onun,TR,,O
12821,post_218,1,228,yerine,TR,,O
12822,post_218,1,229,kupon,TR,,O
12823,post_218,1,230,al,TR,,O
12824,post_218,1,231,"diyen,",TR,,O
12825,post_218,1,232,ya,TR,,O
12826,post_218,1,233,da,TR,,O
12827,post_218,1,234,iade,TR,,O
12828,post_218,1,235,istegi,TR,,O
12829,post_218,1,236,mesajlarimi,TR,,O
12830,post_218,1,237,hicbir,TR,,O
12831,post_218,1,238,sekilde,TR,,O
12832,post_218,1,239,siklemeyen,TR,,O
12833,post_218,1,240,sikko,TR,,O
12834,post_218,1,241,budget,EN,,O
12835,post_218,1,242,havayolu,TR,,O
12836,post_218,1,243,sirketlerinin,TR,,O
12837,post_218,1,244,de,TR,,O
12838,post_218,1,245,iadesini,TR,,O
12839,post_218,1,246,direkt,TR,,O
12840,post_218,1,247,odemeyi,TR,,O
12841,post_218,1,248,yaptigim,TR,,O
12842,post_218,1,249,bankalardan,TR,,O
12843,post_218,1,250,aldim,TR,,O
12844,post_218,1,251,bu,TR,,O
12845,post_218,1,252,orospu,TR,,O
12846,post_218,1,253,cocugu,TR,,O
12847,post_218,1,254,firmalari,TR,,O
12848,post_218,1,255,musteri,TR,,O
12849,post_218,1,256,memnuniyetinde,TR,,O
12850,post_218,1,257,amazon,NE,,B-ORG
12851,post_218,1,258,seviyesine,TR,,O
12852,post_218,1,259,cikarmak,TR,,O
12853,post_218,1,260,mumkun,TR,,O
12854,post_218,1,261,olmasa,TR,,O
12855,post_218,1,262,da,TR,,O
12856,post_218,1,263,gerek,TR,,O
12857,post_218,1,264,reviewlar,MIXED,MIXED,O
12858,post_218,1,265,ile,TR,,O
12859,post_218,1,266,gerekse,TR,,O
12860,post_218,1,267,servislerini,TR,,O
12861,post_218,1,268,kullanmayarak,TR,,O
12862,post_218,1,269,ve,TR,,O
12863,post_218,1,270,hakkimizi,TR,,O
12864,post_218,1,271,boyle,TR,,O
12865,post_218,1,272,sonuna,TR,,O
12866,post_218,1,273,kadar,TR,,O
12867,post_218,1,274,savunarak,TR,,O
12868,post_218,1,275,gereken,TR,,O
12869,post_218,1,276,mesaji,TR,,O
12870,post_218,1,277,vermek,TR,,O
12871,post_218,1,278,ve,TR,,O
12872,post_218,1,279,kendilerinin,TR,,O
12873,post_218,1,280,geri,TR,,O
12874,post_218,1,281,zekali,TR,,O
12875,post_218,1,282,olduklarini,TR,,O
12876,post_218,1,283,tekrar,TR,,O
12877,post_218,1,284,hatirlatmamiz,TR,,O
12878,post_218,1,285,gerekiyor,TR,,O
12879,post_219,1,0,android,NE,,B-ORG
12880,post_219,1,1,app'de,MIXED,MIXED,O
12881,post_219,1,2,akış,TR,,O
12882,post_219,1,3,ve,TR,,O
12883,post_219,1,4,indirme,TR,,O
12884,post_219,1,5,seçeneğini,TR,,O
12885,post_219,1,6,en,TR,,O
12886,post_219,1,7,iyi,TR,,O
12887,post_219,1,8,yapmama,TR,,O
12888,post_219,1,9,rağmen,TR,,O
12889,post_219,1,10,bölümler,TR,,O
12890,post_219,1,11,çamur,TR,,O
12891,post_219,1,12,gibi,TR,,O
12892,post_219,1,13,iniyor,TR,,O
12893,post_219,1,14,bu,TR,,O
12894,post_219,1,15,sorunun,TR,,O
12895,post_219,1,16,çözümünü,TR,,O
12896,post_219,1,17,bilen,TR,,O
12897,post_219,1,18,varsa,TR,,O
12898,post_219,1,19,mesaj,TR,,O
12899,post_219,1,20,kutumu,TR,,O
12900,post_219,1,21,yeşillendirmesini,TR,,O
12901,post_219,1,22,bekliyorum,TR,,O
12902,post_219,1,23,bir,TR,,O
12903,post_219,1,24,de,TR,,O
12904,post_219,1,25,windows,NE,,B-PROD
12905,post_219,1,26,10,NE,,I-PROD
12906,post_219,1,27,uygulaması,TR,,O
12907,post_219,1,28,için,TR,,O
12908,post_219,1,29,merak,TR,,O
12909,post_219,1,30,ettiğim,TR,,O
12910,post_219,1,31,bir,TR,,O
12911,post_219,1,32,konu,TR,,O
12912,post_219,1,33,var,TR,,O
12913,post_219,1,34,the,NE,,B-TITLE
12914,post_219,1,35,boys'un,NE,MIXED,I-TITLE
12915,post_219,1,36,ekran,TR,,O
12916,post_219,1,37,formatı,TR,,O
12917,post_219,1,38,"değil,",TR,,O
12918,post_219,1,39,sinema,TR,,O
12919,post_219,1,40,filmlerinde,TR,,O
12920,post_219,1,41,olduğu,TR,,O
12921,post_219,1,42,gibi,TR,,O
12922,post_219,1,43,ekranın,TR,,O
12923,post_219,1,44,altında,TR,,O
12924,post_219,1,45,ve,TR,,O
12925,post_219,1,46,üstünde,TR,,O
12926,post_219,1,47,siyah,TR,,O
12927,post_219,1,48,şeritler,TR,,O
12928,post_219,1,49,var,TR,,O
12929,post_219,1,50,altyazıyı,TR,,O
12930,post_219,1,51,aktif,TR,,O
12931,post_219,1,52,hale,TR,,O
12932,post_219,1,53,getirdiğimde,TR,,O
12933,post_219,1,54,siyah,TR,,O
12934,post_219,1,55,şeritin,TR,,O
12935,post_219,1,56,üzerinde,TR,,O
12936,post_219,1,57,kalıyor,TR,,O
12937,post_219,1,58,ve,TR,,O
12938,post_219,1,59,onu,TR,,O
12939,post_219,1,60,okurken,TR,,O
12940,post_219,1,61,diziyi,TR,,O
12941,post_219,1,62,takip,TR,,O
12942,post_219,1,63,etmem,TR,,O
12943,post_219,1,64,zorlaşıyor,TR,,O
12944,post_219,1,65,altyazının,TR,,O
12945,post_219,1,66,konumu,TR,,O
12946,post_219,1,67,ayarlanabiliyor,TR,,O
12947,post_219,1,68,mu,TR,,O
12948,post_219,1,69,acaba,TR,,O
12949,post_219,1,70,telefonum,TR,,O
12950,post_219,1,71,xiaomi,NE,,B-ORG
12951,post_219,1,72,mi,TR,,O
12952,post_219,1,73,netflix'te,NE,MIXED,B-PROD
12953,post_219,1,74,sıkıntısız,TR,,O
12954,post_219,1,75,full,EN,,O
12955,post_219,1,76,hd,EN,,O
12956,post_219,1,77,seyredebiliyorum,TR,,O
12957,post_220,1,0,adamlar,TR,,O
12958,post_220,1,1,bence,TR,,O
12959,post_220,1,2,fazla,TR,,O
12960,post_220,1,3,underrated,EN,,O
12961,post_220,1,4,sözlerine,TR,,O
12962,post_220,1,5,sadece,TR,,O
12963,post_220,1,6,kafam,TR,,O
12964,post_220,1,7,bozukken,TR,,O
12965,post_220,1,8,dikkat,TR,,O
12966,post_220,1,9,ediyor,TR,,O
12967,post_220,1,10,"olsamda,",TR,,O
12968,post_220,1,11,cidden,TR,,O
12969,post_220,1,12,efsane,TR,,O
12970,post_220,1,13,sözler,TR,,O
12971,post_220,1,14,yazmışlar,TR,,O
12972,post_220,1,15,ama,TR,,O
12973,post_220,1,16,nedense,TR,,O
12974,post_220,1,17,insanlar,TR,,O
12975,post_220,1,18,bir,TR,,O
12976,post_220,1,19,kadın,TR,,O
12977,post_220,1,20,çizeceksinden,TR,,O
12978,post_220,1,21,başka,TR,,O
12979,post_220,1,22,bişey,TR,,O
12980,post_220,1,23,hatırlamıyor,TR,,O
12981,post_220,1,24,cevapsız,TR,,O
12982,post_220,1,25,sorular,TR,,O
12983,post_220,1,26,favorim,TR,,O
12984,post_220,1,27,dinlerken,TR,,O
12985,post_220,1,28,kafamda,TR,,O
12986,post_220,1,29,ingilizce'ye,NE,MIXED,B-OTHER
12987,post_220,1,30,çevirmek,TR,,O
12988,post_220,1,31,gibi,TR,,O
12989,post_220,1,32,saçma,TR,,O
12990,post_220,1,33,bi,TR,,O
12991,post_220,1,34,fetişim,TR,,O
12992,post_220,1,35,var,TR,,O
12993,post_221,1,0,bill,NE,,B-PER
12994,post_221,1,1,gatesin,NE,MIXED,I-PER
12995,post_221,1,2,ayar,TR,,O
12996,post_221,1,3,verdigi,TR,,O
12997,post_221,1,4,kurum:,TR,,O
12998,post_221,1,5,"""i",EN,,O
12999,post_221,1,6,hear,EN,,O
13000,post_221,1,7,they're,EN,,O
13001,post_221,1,8,coming,EN,,O
13002,post_221,1,9,out,EN,,O
13003,post_221,1,10,with,EN,,O
13004,post_221,1,11,a,EN,,O
13005,post_221,1,12,robot,EN,,O
13006,post_221,1,13,that,EN,,O
13007,post_221,1,14,will,EN,,O
13008,post_221,1,15,cook,EN,,O
13009,post_221,1,16,"hamburgers,",EN,,O
13010,post_221,1,17,too,EN,,O
13011,post_221,1,18,let's,EN,,O
13012,post_221,1,19,spread,EN,,O
13013,post_221,1,20,that,EN,,O
13014,post_221,1,21,rumour,EN,,O
13015,post_221,1,22,there's,EN,,O
13016,post_221,1,23,nothing,EN,,O
13017,post_221,1,24,they,EN,,O
13018,post_221,1,25,can't,EN,,O
13019,post_221,1,26,do,EN,,O
13020,post_221,1,27,they're,EN,,O
13021,post_221,1,28,in,EN,,O
13022,post_221,1,29,their,EN,,O
13023,post_221,1,30,honeymoon,EN,,O
13024,post_221,1,31,"period,",EN,,O
13025,post_221,1,32,and,EN,,O
13026,post_221,1,33,anything,EN,,O
13027,post_221,1,34,they,EN,,O
13028,post_221,1,35,announce,EN,,O
13029,post_221,1,36,gets,EN,,O
13030,post_221,1,37,hype,EN,,O
13031,post_221,1,38,they,EN,,O
13032,post_221,1,39,will,EN,,O
13033,post_221,1,40,obviously,EN,,O
13034,post_221,1,41,branch,EN,,O
13035,post_221,1,42,out,EN,,O
13036,post_221,1,43,beyond,EN,,O
13037,post_221,1,44,internet,EN,,O
13038,post_221,1,45,"search,",EN,,O
13039,post_221,1,46,but,EN,,O
13040,post_221,1,47,i,EN,,O
13041,post_221,1,48,think,EN,,O
13042,post_221,1,49,the,EN,,O
13043,post_221,1,50,expectations,EN,,O
13044,post_221,1,51,won't,EN,,O
13045,post_221,1,52,live,EN,,O
13046,post_221,1,53,up,EN,,O
13047,post_221,1,54,to,EN,,O
13048,post_221,1,55,"reality.""",EN,,O
13049,post_222,1,0,utanmanın,TR,,O
13050,post_222,1,1,arlanmanın,TR,,O
13051,post_222,1,2,olmadığı,TR,,O
13052,post_222,1,3,site,TR,,O
13053,post_222,1,4,girdim,TR,,O
13054,post_222,1,5,buna,TR,,O
13055,post_222,1,6,ben,TR,,O
13056,post_222,1,7,profil,TR,,O
13057,post_222,1,8,falan,TR,,O
13058,post_222,1,9,tam,TR,,O
13059,post_222,1,10,olarak,TR,,O
13060,post_222,1,11,doldurmadan,TR,,O
13061,post_222,1,12,arkadaşlarımı,TR,,O
13062,post_222,1,13,ekledim,TR,,O
13063,post_222,1,14,aradan,TR,,O
13064,post_222,1,15,zaman,TR,,O
13065,post_222,1,16,"geçti,",TR,,O
13066,post_222,1,17,"""tanıyor",TR,,O
13067,post_222,1,18,olabileceğiniz,TR,,O
13068,post_222,1,19,"kişiler""",TR,,O
13069,post_222,1,20,diye,TR,,O
13070,post_222,1,21,bir,TR,,O
13071,post_222,1,22,kısım,TR,,O
13072,post_222,1,23,"var,",TR,,O
13073,post_222,1,24,oraya,TR,,O
13074,post_222,1,25,bir,TR,,O
13075,post_222,1,26,girdim,TR,,O
13076,post_222,1,27,abbbbbowwwwwwwww,TR,,O
13077,post_222,1,28,abi,TR,,O
13078,post_222,1,29,herkes,TR,,O
13079,post_222,1,30,mi,TR,,O
13080,post_222,1,31,coordinator,EN,,O
13081,post_222,1,32,manager,EN,,O
13082,post_222,1,33,senior,EN,,O
13083,post_222,1,34,lan,TR,,O
13084,post_222,1,35,hea,TR,,O
13085,post_222,1,36,kim,TR,,O
13086,post_222,1,37,yapıyo,TR,,O
13087,post_222,1,38,lan,TR,,O
13088,post_222,1,39,işi,TR,,O
13089,post_222,1,40,amcık,TR,,O
13090,post_222,1,41,ağızlılar,TR,,O
13091,post_222,1,42,müdür,TR,,O
13092,post_222,1,43,şef,TR,,O
13093,post_222,1,44,falan,TR,,O
13094,post_222,1,45,zaten,TR,,O
13095,post_222,1,46,"yok,",TR,,O
13096,post_222,1,47,tek,TR,,O
13097,post_222,1,48,geçerli,TR,,O
13098,post_222,1,49,dil,TR,,O
13099,post_222,1,50,ingilizce,NE,,B-OTHER
13100,post_222,1,51,lan,TR,,O
13101,post_222,1,52,oğlum,TR,,O
13102,post_222,1,53,karşımda,TR,,O
13103,post_222,1,54,oturuyon,TR,,O
13104,post_222,1,55,yavşak,TR,,O
13105,post_222,1,56,karşımda,TR,,O
13106,post_222,1,57,neyin,TR,,O
13107,post_222,1,58,menecerisin,TR,,O
13108,post_222,1,59,sen,TR,,O
13109,post_222,1,60,diye,TR,,O
13110,post_222,1,61,diktim,TR,,O
13111,post_222,1,62,gözü,TR,,O
13112,post_222,1,63,sordum;,TR,,O
13113,post_222,1,64,aaabi,TR,,O
13114,post_222,1,65,araştıran,TR,,O
13115,post_222,1,66,mı,TR,,O
13116,post_222,1,67,var,TR,,O
13117,post_222,1,68,amk,TR,,O
13118,post_222,1,69,dedi,TR,,O
13119,post_222,1,70,lan,TR,,O
13120,post_222,1,71,var,TR,,O
13121,post_222,1,72,işte,TR,,O
13122,post_222,1,73,ben,TR,,O
13123,post_222,1,74,araştırıyom,TR,,O
13124,post_222,1,75,hayvan,TR,,O
13125,post_222,1,76,herif,TR,,O
13126,post_222,1,77,adamda,TR,,O
13127,post_222,1,78,kendi,TR,,O
13128,post_222,1,79,"müdürü,",TR,,O
13129,post_222,1,80,genel,TR,,O
13130,post_222,1,81,"müdürü,",TR,,O
13131,post_222,1,82,ceo,EN,,O
13132,post_222,1,83,meo,TR,,O
13133,post_222,1,84,alayı,TR,,O
13134,post_222,1,85,da,TR,,O
13135,post_222,1,86,ekli,TR,,O
13136,post_222,1,87,iyi,TR,,O
13137,post_222,1,88,mi,TR,,O
13138,post_222,1,89,onlar,TR,,O
13139,post_222,1,90,da,TR,,O
13140,post_222,1,91,bişey,TR,,O
13141,post_222,1,92,demiyolar,TR,,O
13142,post_222,1,93,zaten,TR,,O
13143,post_222,1,94,genel,TR,,O
13144,post_222,1,95,müdür,TR,,O
13145,post_222,1,96,de,TR,,O
13146,post_222,1,97,ceo,EN,,O
13147,post_222,1,98,yazmış,TR,,O
13148,post_222,1,99,amacımız,TR,,O
13149,post_222,1,100,ne,TR,,O
13150,post_222,1,101,vallahi,TR,,O
13151,post_222,1,102,billahi,TR,,O
13152,post_222,1,103,çözemiyorum,TR,,O
13153,post_222,1,104,ben,TR,,O
13154,post_222,1,105,de,TR,,O
13155,post_222,1,106,müdür,TR,,O
13156,post_222,1,107,yazdım,TR,,O
13157,post_222,1,108,lan,TR,,O
13158,post_222,1,109,tabi,TR,,O
13159,post_222,1,110,(mal,TR,,O
13160,post_222,1,111,mıyım,TR,,O
13161,post_222,1,112,amk,TR,,O
13162,post_222,1,113,menecer,TR,,O
13163,post_222,1,114,yazdım),TR,,O
13164,post_222,1,115,bi,TR,,O
13165,post_222,1,116,iki,TR,,O
13166,post_222,1,117,haftaya,TR,,O
13167,post_222,1,118,kadar,TR,,O
13168,post_222,1,119,genel,TR,,O
13169,post_222,1,120,müdür,TR,,O
13170,post_222,1,121,olmayı,TR,,O
13171,post_222,1,122,planlıyorum,TR,,O
13172,post_222,1,123,birileri,TR,,O
13173,post_222,1,124,de,TR,,O
13174,post_222,1,125,tebrik,TR,,O
13175,post_222,1,126,eder,TR,,O
13176,post_222,1,127,heralde,TR,,O
13177,post_222,1,128,vay,TR,,O
13178,post_222,1,129,amk,TR,,O
13179,post_222,1,130,site,TR,,O
13180,post_222,1,131,ne,TR,,O
13181,post_222,1,132,işe,TR,,O
13182,post_222,1,133,hizmet,TR,,O
13183,post_222,1,134,ediyor,TR,,O
13184,post_222,1,135,o,TR,,O
13185,post_222,1,136,da,TR,,O
13186,post_222,1,137,meçhul,TR,,O
13187,post_223,1,0,"""senior",EN,,O
13188,post_223,1,1,"researcher""",EN,,O
13189,post_223,1,2,pozisyonu,TR,,O
13190,post_223,1,3,icin,TR,,O
13191,post_223,1,4,is,TR,,O
13192,post_223,1,5,basvurusunda,TR,,O
13193,post_223,1,6,bulunanlarin,TR,,O
13194,post_223,1,7,yaklasik,TR,,O
13195,post_223,1,8,yuzde,TR,,O
13196,post_223,1,9,birlik,TR,,O
13197,post_223,1,10,kismiyla,TR,,O
13198,post_223,1,11,telefon,TR,,O
13199,post_223,1,12,mulakati,TR,,O
13200,post_223,1,13,"yapan,",TR,,O
13201,post_223,1,14,sonrasinda,TR,,O
13202,post_223,1,15,ise,TR,,O
13203,post_223,1,16,bunlarin,TR,,O
13204,post_223,1,17,da,TR,,O
13205,post_223,1,18,ancak,TR,,O
13206,post_223,1,19,beste,TR,,O
13207,post_223,1,20,birini,TR,,O
13208,post_223,1,21,is,TR,,O
13209,post_223,1,22,gorusmesine,TR,,O
13210,post_223,1,23,cagiran,TR,,O
13211,post_223,1,24,sirket,TR,,O
13212,post_223,1,25,basvuranlarin,TR,,O
13213,post_223,1,26,kacta,TR,,O
13214,post_223,1,27,kacinin,TR,,O
13215,post_223,1,28,mulakata,TR,,O
13216,post_223,1,29,"cagirildigi,",TR,,O
13217,post_223,1,30,kacta,TR,,O
13218,post_223,1,31,kacinin,TR,,O
13219,post_223,1,32,sonunda,TR,,O
13220,post_223,1,33,ise,TR,,O
13221,post_223,1,34,alindigi,TR,,O
13222,post_223,1,35,istatistikleri,TR,,O
13223,post_223,1,36,sagda,TR,,O
13224,post_223,1,37,solda,TR,,O
13225,post_223,1,38,hatta,TR,,O
13226,post_223,1,39,google'in,NE,MIXED,B-PROD
13227,post_223,1,40,kendi,TR,,O
13228,post_223,1,41,sayfalarinda,TR,,O
13229,post_223,1,42,bile,TR,,O
13230,post_223,1,43,"var,",TR,,O
13231,post_223,1,44,fakat,TR,,O
13232,post_223,1,45,basvuranlarin,TR,,O
13233,post_223,1,46,sayisi,TR,,O
13234,post_223,1,47,nedense,TR,,O
13235,post_223,1,48,yazmiyor,TR,,O
13236,post_223,1,49,bir,TR,,O
13237,post_223,1,50,de,TR,,O
13238,post_223,1,51,ustune,TR,,O
13239,post_223,1,52,yaklasik,TR,,O
13240,post_223,1,53,bir,TR,,O
13241,post_223,1,54,saatlik,TR,,O
13242,post_223,1,55,telefon,TR,,O
13243,post_223,1,56,gorusmesinin,TR,,O
13244,post_223,1,57,sonunda,TR,,O
13245,post_223,1,58,"""as",EN,,O
13246,post_223,1,59,we,EN,,O
13247,post_223,1,60,"speak,",EN,,O
13248,post_223,1,61,in,EN,,O
13249,post_223,1,62,the,EN,,O
13250,post_223,1,63,last,EN,,O
13251,post_223,1,64,hour,EN,,O
13252,post_223,1,65,there,EN,,O
13253,post_223,1,66,has,EN,,O
13254,post_223,1,67,been,EN,,O
13255,post_223,1,68,at,EN,,O
13256,post_223,1,69,least,EN,,O
13257,post_223,1,70,five,EN,,O
13258,post_223,1,71,or,EN,,O
13259,post_223,1,72,six,EN,,O
13260,post_223,1,73,other,EN,,O
13261,post_223,1,74,applications,EN,,O
13262,post_223,1,75,for,EN,,O
13263,post_223,1,76,the,EN,,O
13264,post_223,1,77,position,EN,,O
13265,post_223,1,78,that,EN,,O
13266,post_223,1,79,you,EN,,O
13267,post_223,1,80,"applied.""",EN,,O
13268,post_223,1,81,falan,TR,,O
13269,post_223,1,82,dedi,TR,,O
13270,post_223,1,83,abim,TR,,O
13271,post_223,1,84,az,TR,,O
13272,post_223,1,85,once,TR,,O
13273,post_223,1,86,telefonu,TR,,O
13274,post_223,1,87,kapatirken,TR,,O
13275,post_223,1,88,fortune,EN,,O
13276,post_223,1,89,dergisinin,TR,,O
13277,post_223,1,90,"""best",EN,,O
13278,post_223,1,91,place,EN,,O
13279,post_223,1,92,to,EN,,O
13280,post_223,1,93,work,EN,,O
13281,post_223,1,94,at:,EN,,O
13282,post_223,1,95,"google""",EN,,O
13283,post_223,1,96,kapakli,TR,,O
13284,post_223,1,97,sayisindan,TR,,O
13285,post_223,1,98,sonra,TR,,O
13286,post_223,1,99,biraz,TR,,O
13287,post_223,1,100,gotleri,TR,,O
13288,post_223,1,101,mi,TR,,O
13289,post_223,1,102,kalkmis,TR,,O
13290,post_223,1,103,nedir,TR,,O
13291,post_223,1,104,anlamadim,TR,,O
13292,post_223,1,105,sadece,TR,,O
13293,post_223,1,106,doktorali,TR,,O
13294,post_223,1,107,adamlarin,TR,,O
13295,post_223,1,108,basvuracagi,TR,,O
13296,post_223,1,109,pozisyona,TR,,O
13297,post_223,1,110,saatte,TR,,O
13298,post_223,1,111,bes,TR,,O
13299,post_223,1,112,basvuru,TR,,O
13300,post_223,1,113,mu,TR,,O
13301,post_223,1,114,olurmus,TR,,O
13302,post_223,1,115,lan,TR,,O
13303,post_223,1,116,atma,TR,,O
13304,post_223,1,117,recep,TR,,O
13305,post_223,1,118,din,TR,,O
13306,post_223,1,119,kardesiyiz,TR,,O
13307,post_224,1,0,ne,TR,,O
13308,post_224,1,1,yapıp,TR,,O
13309,post_224,1,2,ettiler,TR,,O
13310,post_224,1,3,bizi,TR,,O
13311,post_224,1,4,chatgpt,NE,,B-PROD
13312,post_224,1,5,ile,TR,,O
13313,post_224,1,6,tanıştıran,TR,,O
13314,post_224,1,7,onu,TR,,O
13315,post_224,1,8,geliştiren,TR,,O
13316,post_224,1,9,ilya'yı,NE,MIXED,B-PER
13317,post_224,1,10,kapı,TR,,O
13318,post_224,1,11,dışarı,TR,,O
13319,post_224,1,12,koydular,TR,,O
13320,post_224,1,13,alsınlar,TR,,O
13321,post_224,1,14,bir,TR,,O
13322,post_224,1,15,yerlerine,TR,,O
13323,post_224,1,16,soksunlar,TR,,O
13324,post_224,1,17,reasoning,EN,,O
13325,post_224,1,18,power,EN,,O
13326,post_224,1,19,olmadan,TR,,O
13327,post_224,1,20,zabaha,TR,,O
13328,post_224,1,21,kadar,TR,,O
13329,post_224,1,22,avamı,TR,,O
13330,post_224,1,23,avutacak,TR,,O
13331,post_224,1,24,gelişmeler,TR,,O
13332,post_224,1,25,duyurun,TR,,O
13333,post_224,1,26,hala,TR,,O
13334,post_224,1,27,neredeyse,TR,,O
13335,post_224,1,28,sene,TR,,O
13336,post_224,1,29,önceki,TR,,O
13337,post_224,1,30,gpt-4,NE,,B-PROD
13338,post_224,1,31,ü,TR,,O
13339,post_224,1,32,kullanıyorsunuz,TR,,O
13340,post_224,1,33,ilya,NE,,B-PER
13341,post_224,1,34,bakalım,TR,,O
13342,post_224,1,35,neler,TR,,O
13343,post_224,1,36,yapacak,TR,,O
13344,post_224,1,37,bu,TR,,O
13345,post_224,1,38,işi,TR,,O
13346,post_224,1,39,bulan,TR,,O
13347,post_224,1,40,adam,TR,,O
13348,post_224,1,41,o,TR,,O
13349,post_224,1,42,gerisi,TR,,O
13350,post_224,1,43,marketing,EN,,O
13351,post_225,1,0,cryptocurrency,EN,,O
13352,post_225,1,1,konulu,TR,,O
13353,post_225,1,2,cok,TR,,O
13354,post_225,1,3,nefis,TR,,O
13355,post_225,1,4,bir,TR,,O
13356,post_225,1,5,dizi,TR,,O
13357,post_225,1,6,ilk,TR,,O
13358,post_225,1,7,sezon,TR,,O
13359,post_225,1,8,etkileyiciydi,TR,,O
13360,post_225,1,9,dizi,TR,,O
13361,post_225,1,10,bitiminde,TR,,O
13362,post_225,1,11,tekrar,TR,,O
13363,post_225,1,12,editlerim,TR,,O
13364,post_226,1,0,passwordü,MIXED,MIXED,O
13365,post_226,1,1,kaybettiğim,TR,,O
13366,post_226,1,2,için,TR,,O
13367,post_226,1,3,"giremediğim,",TR,,O
13368,post_226,1,4,refresh,EN,,O
13369,post_226,1,5,desem,TR,,O
13370,post_226,1,6,"de,",TR,,O
13371,post_226,1,7,resetlesem,MIXED,MIXED,O
13372,post_226,1,8,de,TR,,O
13373,post_226,1,9,artık,TR,,O
13374,post_226,1,10,çalışmayan,TR,,O
13375,post_226,1,11,aplikasyon,TR,,O
13376,post_226,1,12,zaten,TR,,O
13377,post_226,1,13,sıkılmıştım,TR,,O
13378,post_226,1,14,silmek,TR,,O
13379,post_226,1,15,için,TR,,O
13380,post_226,1,16,bahane,TR,,O
13381,post_226,1,17,oldu,TR,,O
13382,post_226,1,18,yerine,TR,,O
13383,post_226,1,19,tap,NE,,B-ORG
13384,post_226,1,20,tap,NE,,I-ORG
13385,post_226,1,21,tap'in,NE,MIXED,I-ORG
13386,post_226,1,22,camera+,NE,,B-PROD
13387,post_226,1,23,aplikasyonunu,TR,,O
13388,post_226,1,24,öneririm,TR,,O
13389,post_226,1,25,üstelik,TR,,O
13390,post_226,1,26,"facebook,",NE,,B-PROD
13391,post_226,1,27,twitter,NE,,B-PROD
13392,post_226,1,28,share,EN,,O
13393,post_226,1,29,özelliği,TR,,O
13394,post_226,1,30,sayesinde,TR,,O
13395,post_226,1,31,instagramın,NE,MIXED,B-PROD
13396,post_226,1,32,kapalı,TR,,O
13397,post_226,1,33,dünyasından,TR,,O
13398,post_226,1,34,da,TR,,O
13399,post_226,1,35,kurtulursunuz,TR,,O
13400,post_227,1,0,but,EN,,O
13401,post_227,1,1,we,EN,,O
13402,post_227,1,2,can't,EN,,O
13403,post_227,1,3,process,EN,,O
13404,post_227,1,4,your,EN,,O
13405,post_227,1,5,request,EN,,O
13406,post_227,1,6,right,EN,,O
13407,post_227,1,7,now,EN,,O
13408,post_227,1,8,a,EN,,O
13409,post_227,1,9,computer,EN,,O
13410,post_227,1,10,virus,EN,,O
13411,post_227,1,11,or,EN,,O
13412,post_227,1,12,spyware,EN,,O
13413,post_227,1,13,application,EN,,O
13414,post_227,1,14,is,EN,,O
13415,post_227,1,15,sending,EN,,O
13416,post_227,1,16,us,EN,,O
13417,post_227,1,17,automated,EN,,O
13418,post_227,1,18,"requests,",EN,,O
13419,post_227,1,19,and,EN,,O
13420,post_227,1,20,it,EN,,O
13421,post_227,1,21,appears,EN,,O
13422,post_227,1,22,that,EN,,O
13423,post_227,1,23,your,EN,,O
13424,post_227,1,24,computer,EN,,O
13425,post_227,1,25,or,EN,,O
13426,post_227,1,26,network,EN,,O
13427,post_227,1,27,has,EN,,O
13428,post_227,1,28,been,EN,,O
13429,post_227,1,29,infected,EN,,O
13430,post_227,1,30,diyerek,TR,,O
13431,post_227,1,31,bana,TR,,O
13432,post_227,1,32,ilk,TR,,O
13433,post_227,1,33,sayfadan,TR,,O
13434,post_227,1,34,sonraki,TR,,O
13435,post_227,1,35,sonuclari,TR,,O
13436,post_227,1,36,gostermeyen,TR,,O
13437,post_227,1,37,motor,TR,,O
13438,post_227,1,38,tertemiz,TR,,O
13439,post_227,1,39,benim,TR,,O
13440,post_227,1,40,sistemim,TR,,O
13441,post_227,1,41,salak,TR,,O
13442,post_227,1,42,google,NE,,B-PROD
13443,post_227,1,43,ek,TR,,O
13444,post_227,1,44,php,NE,,B-PROD
13445,post_227,1,45,array,EN,,O
13446,post_227,1,46,maximum,EN,,O
13447,post_227,1,47,aratinca,TR,,O
13448,post_227,1,48,ikinci,TR,,O
13449,post_227,1,49,sayfayi,TR,,O
13450,post_227,1,50,gostermiyor,TR,,O
13451,post_227,1,51,ama,TR,,O
13452,post_227,1,52,baska,TR,,O
13453,post_227,1,53,seylerde,TR,,O
13454,post_227,1,54,sorun,TR,,O
13455,post_227,1,55,yok,TR,,O
13456,post_227,1,56,ilginc,TR,,O
13457,post_228,1,0,hepimizin,TR,,O
13458,post_228,1,1,karantina,TR,,O
13459,post_228,1,2,altında,TR,,O
13460,post_228,1,3,evlerimizde,TR,,O
13461,post_228,1,4,olduğumuz,TR,,O
13462,post_228,1,5,bugünlerde,TR,,O
13463,post_228,1,6,birbirinden,TR,,O
13464,post_228,1,7,değişik,TR,,O
13465,post_228,1,8,challengelarla,MIXED,MIXED,O
13466,post_228,1,9,millet,TR,,O
13467,post_228,1,10,birbirine,TR,,O
13468,post_228,1,11,meydan,TR,,O
13469,post_228,1,12,okuyor,TR,,O
13470,post_228,1,13,herkes,TR,,O
13471,post_228,1,14,de,TR,,O
13472,post_228,1,15,instagramından,NE,MIXED,B-PROD
13473,post_228,1,16,paylaşıyor,TR,,O
13474,post_228,1,17,bir,TR,,O
13475,post_228,1,18,şeyin,TR,,O
13476,post_228,1,19,farkına,TR,,O
13477,post_228,1,20,vardım,TR,,O
13478,post_228,1,21,en,TR,,O
13479,post_228,1,22,sönük,TR,,O
13480,post_228,1,23,tipler,TR,,O
13481,post_228,1,24,bile,TR,,O
13482,post_228,1,25,challenge,EN,,O
13483,post_228,1,26,olayının,TR,,O
13484,post_228,1,27,içinde,TR,,O
13485,post_228,1,28,en,TR,,O
13486,post_228,1,29,yakın,TR,,O
13487,post_228,1,30,arkadaşlarım,TR,,O
13488,post_228,1,31,bile,TR,,O
13489,post_228,1,32,beni,TR,,O
13490,post_228,1,33,dahil,TR,,O
13491,post_228,1,34,etmemiş,TR,,O
13492,post_228,1,35,kıskandığım,TR,,O
13493,post_228,1,36,bir,TR,,O
13494,post_228,1,37,şey,TR,,O
13495,post_228,1,38,yok,TR,,O
13496,post_228,1,39,ama,TR,,O
13497,post_228,1,40,şunu,TR,,O
13498,post_228,1,41,farkettim,TR,,O
13499,post_228,1,42,aslında,TR,,O
13500,post_228,1,43,o,TR,,O
13501,post_228,1,44,kadar,TR,,O
13502,post_228,1,45,da,TR,,O
13503,post_228,1,46,mühim,TR,,O
13504,post_228,1,47,değilmişim,TR,,O
13505,post_228,1,48,çemberin,TR,,O
13506,post_228,1,49,dışındaymışım,TR,,O
13507,post_229,1,0,gün,TR,,O
13508,post_229,1,1,itibariyle,TR,,O
13509,post_229,1,2,üyesi,TR,,O
13510,post_229,1,3,"olduğum,",TR,,O
13511,post_229,1,4,ayağımın,TR,,O
13512,post_229,1,5,tozuyla,TR,,O
13513,post_229,1,6,ekşi,NE,,B-PROD
13514,post_229,1,7,sözlük,NE,,I-PROD
13515,post_229,1,8,grubunu,TR,,O
13516,post_229,1,9,açtığım,TR,,O
13517,post_229,1,10,ortam,TR,,O
13518,post_229,1,11,(ara:,TR,,O
13519,post_229,1,12,zannedersem,TR,,O
13520,post_229,1,13,tek,TR,,O
13521,post_229,1,14,eksiğim),TR,,O
13522,post_229,1,15,üyeler,TR,,O
13523,post_229,1,16,gruba,TR,,O
13524,post_229,1,17,şuradan,TR,,O
13525,post_229,1,18,erişebilir:,TR,,O
13526,post_229,1,19,relationship,EN,,O
13527,post_229,1,20,status,EN,,O
13528,post_229,1,21,kısmında,TR,,O
13529,post_229,1,22,"single,",EN,,O
13530,post_229,1,23,in,EN,,O
13531,post_229,1,24,a,EN,,O
13532,post_229,1,25,relationship,EN,,O
13533,post_229,1,26,gibi,TR,,O
13534,post_229,1,27,alalade,TR,,O
13535,post_229,1,28,seçeneklerin,TR,,O
13536,post_229,1,29,yanında,TR,,O
13537,post_229,1,30,it's,EN,,O
13538,post_229,1,31,complicated,EN,,O
13539,post_229,1,32,diye,TR,,O
13540,post_229,1,33,bir,TR,,O
13541,post_229,1,34,seçenek,TR,,O
13542,post_229,1,35,de,TR,,O
13543,post_229,1,36,sunmasıyla,TR,,O
13544,post_229,1,37,gülümsetmiştir,TR,,O
13545,post_229,1,38,"artı,",TR,,O
13546,post_229,1,39,dünyaya,TR,,O
13547,post_229,1,40,açıldı,TR,,O
13548,post_229,1,41,açılmasına,TR,,O
13549,post_229,1,42,ama,TR,,O
13550,post_229,1,43,political,EN,,O
13551,post_229,1,44,views'teki,MIXED,MIXED,O
13552,post_229,1,45,seçenekler,TR,,O
13553,post_229,1,46,hâlâ,TR,,O
13554,post_229,1,47,tamamen,TR,,O
13555,post_229,1,48,abd'deki,NE,,B-LOC
13556,post_229,1,49,yelpazeyi,TR,,O
13557,post_229,1,50,"yansıtıyor,",TR,,O
13558,post_229,1,51,çok,TR,,O
13559,post_229,1,52,yetersiz,TR,,O
13560,post_229,1,53,henüz,TR,,O
13561,post_230,1,0,yakında,TR,,O
13562,post_230,1,1,streaming,EN,,O
13563,post_230,1,2,servisine,TR,,O
13564,post_230,1,3,başlayacak,TR,,O
13565,post_230,1,4,olan,TR,,O
13566,post_230,1,5,şirket,TR,,O
13567,post_231,1,0,korece’yi,NE,,B-OTHER
13568,post_231,1,1,itici,TR,,O
13569,post_231,1,2,bulduğum,TR,,O
13570,post_231,1,3,için,TR,,O
13571,post_231,1,4,sevmediğimdir,TR,,O
13572,post_231,1,5,fakat,TR,,O
13573,post_231,1,6,son,TR,,O
13574,post_231,1,7,zamanlarda,TR,,O
13575,post_231,1,8,city,EN,,O
13576,post_231,1,9,pop,EN,,O
13577,post_231,1,10,akımının,TR,,O
13578,post_231,1,11,yeniden,TR,,O
13579,post_231,1,12,trend,EN,,O
13580,post_231,1,13,olmasıyla,TR,,O
13581,post_231,1,14,birlikte,TR,,O
13582,post_231,1,15,jpop’a,NE,MIXED,B-OTHER
13583,post_231,1,16,"öykünen,",TR,,O
13584,post_231,1,17,hoşuma,TR,,O
13585,post_231,1,18,giden,TR,,O
13586,post_231,1,19,işler,TR,,O
13587,post_231,1,20,yapmaya,TR,,O
13588,post_231,1,21,başladılar,TR,,O
13589,post_231,1,22,özellikle,TR,,O
13590,post_231,1,23,şu,TR,,O
13591,post_231,1,24,ikisi,TR,,O
13592,post_231,1,25,listeme,TR,,O
13593,post_231,1,26,girmeyi,TR,,O
13594,post_231,1,27,başardı:,TR,,O
13595,post_231,1,28,yubin,NE,,B-PER
13596,post_231,1,29,lady,NE,,B-TITLE
13597,post_231,1,30,yukika,NE,,B-PER
13598,post_231,1,31,neon,NE,,B-TITLE
13599,post_232,1,0,bir,TR,,O
13600,post_232,1,1,anda,TR,,O
13601,post_232,1,2,büyük,TR,,O
13602,post_232,1,3,bir,TR,,O
13603,post_232,1,4,büyümeye,TR,,O
13604,post_232,1,5,kalkıştılar,TR,,O
13605,post_232,1,6,yıl,TR,,O
13606,post_232,1,7,sonuna,TR,,O
13607,post_232,1,8,kadar,TR,,O
13608,post_232,1,9,hemen,TR,,O
13609,post_232,1,10,hemen,TR,,O
13610,post_232,1,11,her,TR,,O
13611,post_232,1,12,ülke,TR,,O
13612,post_232,1,13,diyorlar,TR,,O
13613,post_232,1,14,bakalım,TR,,O
13614,post_232,1,15,nasıl,TR,,O
13615,post_232,1,16,yürütecekler,TR,,O
13616,post_232,1,17,her,TR,,O
13617,post_232,1,18,türlü,TR,,O
13618,post_232,1,19,çok,TR,,O
13619,post_232,1,20,güzel,TR,,O
13620,post_232,1,21,adım,TR,,O
13621,post_232,1,22,oldu,TR,,O
13622,post_232,1,23,"""netflix",NE,,B-PROD
13623,post_232,1,24,and,EN,,O
13624,post_232,1,25,"chill""",EN,,O
13625,post_232,1,26,terimini,TR,,O
13626,post_232,1,27,sözlüklere,TR,,O
13627,post_232,1,28,ekleme,TR,,O
13628,post_232,1,29,çalışmalarına,TR,,O
13629,post_232,1,30,resmen,TR,,O
13630,post_232,1,31,başlayabiliriz,TR,,O
13631,post_233,1,0,samsung,NE,,B-ORG
13632,post_233,1,1,marka,TR,,O
13633,post_233,1,2,smart,EN,,O
13634,post_233,1,3,tv,AMBIGUOUS,,O
13635,post_233,1,4,içerisinde,TR,,O
13636,post_233,1,5,gömülü,TR,,O
13637,post_233,1,6,uygulamada,TR,,O
13638,post_233,1,7,bazı,TR,,O
13639,post_233,1,8,dizilerde,TR,,O
13640,post_233,1,9,görüntü,TR,,O
13641,post_233,1,10,problemi,TR,,O
13642,post_233,1,11,yaşıyorum,TR,,O
13643,post_233,1,12,the,NE,,B-TITLE
13644,post_233,1,13,man,NE,,I-TITLE
13645,post_233,1,14,in,NE,,I-TITLE
13646,post_233,1,15,the,NE,,I-TITLE
13647,post_233,1,16,high,NE,,I-TITLE
13648,post_233,1,17,"castle,",NE,,I-TITLE
13649,post_233,1,18,jack,NE,,B-TITLE
13650,post_233,1,19,ryan,NE,,I-TITLE
13651,post_233,1,20,gibi,TR,,O
13652,post_233,1,21,bazı,TR,,O
13653,post_233,1,22,dizilerde,TR,,O
13654,post_233,1,23,görüntü,TR,,O
13655,post_233,1,24,çok,TR,,O
13656,post_233,1,25,ama,TR,,O
13657,post_233,1,26,çok,TR,,O
13658,post_233,1,27,koyu,TR,,O
13659,post_233,1,28,"renk,",TR,,O
13660,post_233,1,29,renk,TR,,O
13661,post_233,1,30,kısılmış,TR,,O
13662,post_233,1,31,gibi,TR,,O
13663,post_233,1,32,konuyla,TR,,O
13664,post_233,1,33,ilgili,TR,,O
13665,post_233,1,34,müşteri,TR,,O
13666,post_233,1,35,hizmetlerini,TR,,O
13667,post_233,1,36,aradığımda,TR,,O
13668,post_233,1,37,benzer,TR,,O
13669,post_233,1,38,şikayetler,TR,,O
13670,post_233,1,39,aldıklarını,TR,,O
13671,post_233,1,40,ve,TR,,O
13672,post_233,1,41,üzerinde,TR,,O
13673,post_233,1,42,çalıştıklarını,TR,,O
13674,post_233,1,43,söylediler,TR,,O
13675,post_233,1,44,apple,NE,,B-PROD
13676,post_233,1,45,tv,NE,,I-PROD
13677,post_233,1,46,bağlayıp,TR,,O
13678,post_233,1,47,oradan,TR,,O
13679,post_233,1,48,deneyeceğim,TR,,O
13680,post_233,1,49,bir,TR,,O
13681,post_233,1,50,de,TR,,O
13682,post_233,1,51,bakalım,TR,,O
13683,post_234,1,0,discord’un,NE,MIXED,B-PROD
13684,post_234,1,1,kapalı,TR,,O
13685,post_234,1,2,"kalması,",TR,,O
13686,post_234,1,3,özellikle,TR,,O
13687,post_234,1,4,türkiye’deki,NE,,B-LOC
13688,post_234,1,5,web3,EN,,O
13689,post_234,1,6,ekosistemine,TR,,O
13690,post_234,1,7,önemli,TR,,O
13691,post_234,1,8,bir,TR,,O
13692,post_234,1,9,engel,TR,,O
13693,post_234,1,10,teşkil,TR,,O
13694,post_234,1,11,ediyor,TR,,O
13695,post_234,1,12,web3,TR,,O
13696,post_234,1,13,dünyasındaki,TR,,O
13697,post_234,1,14,projeler,TR,,O
13698,post_234,1,15,ve,TR,,O
13699,post_234,1,16,crypto,EN,,O
13700,post_234,1,17,native,EN,,O
13701,post_234,1,18,ürünlerin,TR,,O
13702,post_234,1,19,süreçleri,TR,,O
13703,post_234,1,20,büyük,TR,,O
13704,post_234,1,21,ölçüde,TR,,O
13705,post_234,1,22,discord,NE,,B-PROD
13706,post_234,1,23,sunucularında,TR,,O
13707,post_234,1,24,yürütülüyor,TR,,O
13708,post_234,1,25,en,TR,,O
13709,post_234,1,26,"basitinden,",TR,,O
13710,post_234,1,27,ürün,TR,,O
13711,post_234,1,28,testnet,TR,,O
13712,post_234,1,29,"aşamasındayken,",TR,,O
13713,post_234,1,30,kullanıcılar,TR,,O
13714,post_234,1,31,ürünün,TR,,O
13715,post_234,1,32,discord,NE,,B-PROD
13716,post_234,1,33,sunucusunda,TR,,O
13717,post_234,1,34,bug,EN,,O
13718,post_234,1,35,ve,TR,,O
13719,post_234,1,36,geri,TR,,O
13720,post_234,1,37,bildirimlerini,TR,,O
13721,post_234,1,38,paylaşıyor,TR,,O
13722,post_234,1,39,üründe,TR,,O
13723,post_234,1,40,bir,TR,,O
13724,post_234,1,41,versiyon,TR,,O
13725,post_234,1,42,duyurusu,TR,,O
13726,post_234,1,43,veya,TR,,O
13727,post_234,1,44,önemli,TR,,O
13728,post_234,1,45,bir,TR,,O
13729,post_234,1,46,güncelleme,TR,,O
13730,post_234,1,47,yapılacağı,TR,,O
13731,post_234,1,48,"zaman,",TR,,O
13732,post_234,1,49,bu,TR,,O
13733,post_234,1,50,duyurular,TR,,O
13734,post_234,1,51,sunucu,TR,,O
13735,post_234,1,52,adminleri,MIXED,MIXED,O
13736,post_234,1,53,tarafından,TR,,O
13737,post_234,1,54,yine,TR,,O
13738,post_234,1,55,discord,NE,,B-PROD
13739,post_234,1,56,üzerinden,TR,,O
13740,post_234,1,57,yapılıyor,TR,,O
13741,post_234,1,58,"özetle,",TR,,O
13742,post_234,1,59,discord’un,NE,MIXED,B-PROD
13743,post_234,1,60,kapalı,TR,,O
13744,post_234,1,61,kalması,TR,,O
13745,post_234,1,62,ülkedeki,TR,,O
13746,post_234,1,63,web3,EN,,O
13747,post_234,1,64,startup’larının,MIXED,MIXED,O
13748,post_234,1,65,gelişimini,TR,,O
13749,post_234,1,66,ve,TR,,O
13750,post_234,1,67,iletişimini,TR,,O
13751,post_234,1,68,sekteye,TR,,O
13752,post_234,1,69,uğratmakta,TR,,O
13753,post_235,1,0,sanıldığı,TR,,O
13754,post_235,1,1,aksine,TR,,O
13755,post_235,1,2,edm,TR,,O
13756,post_235,1,3,tek,TR,,O
13757,post_235,1,4,bir,TR,,O
13758,post_235,1,5,tür,TR,,O
13759,post_235,1,6,değildir,TR,,O
13760,post_235,1,7,edm,NE,,B-OTHER
13761,post_235,1,8,dalı,TR,,O
13762,post_235,1,9,altında,TR,,O
13763,post_235,1,10,sürüsüyle,TR,,O
13764,post_235,1,11,müzik,TR,,O
13765,post_235,1,12,türü,TR,,O
13766,post_235,1,13,vardır;,TR,,O
13767,post_235,1,14,"pop,",NE,,B-OTHER
13768,post_235,1,15,deep,NE,,B-OTHER
13769,post_235,1,16,"house,",NE,,I-OTHER
13770,post_235,1,17,"techno,",NE,,B-OTHER
13771,post_235,1,18,"dubstep,",NE,,B-OTHER
13772,post_235,1,19,tech,NE,,B-OTHER
13773,post_235,1,20,house,NE,,I-OTHER
13774,post_235,1,21,vs,TR,,O
13775,post_235,1,22,hepsi,TR,,O
13776,post_235,1,23,bu,TR,,O
13777,post_235,1,24,tür,TR,,O
13778,post_235,1,25,içerisindedir,TR,,O
13779,post_235,1,26,teknolojinin,TR,,O
13780,post_235,1,27,ilerlemesiyle,TR,,O
13781,post_235,1,28,klasik,TR,,O
13782,post_235,1,29,aletlerin,TR,,O
13783,post_235,1,30,kullanımı,TR,,O
13784,post_235,1,31,azaldıkça,TR,,O
13785,post_235,1,32,bilgisayar,TR,,O
13786,post_235,1,33,üzerinden,TR,,O
13787,post_235,1,34,yapılan,TR,,O
13788,post_235,1,35,müziklerin,TR,,O
13789,post_235,1,36,yapımı,TR,,O
13790,post_235,1,37,gittikçe,TR,,O
13791,post_235,1,38,artmaktadır,TR,,O
13792,post_236,1,0,"fatpeoplehate,",NE,,B-TITLE
13793,post_236,1,1,haes,EN,,O
13794,post_236,1,2,ve,TR,,O
13795,post_236,1,3,fat,EN,,O
13796,post_236,1,4,acceptance,EN,,O
13797,post_236,1,5,olaylarına,TR,,O
13798,post_236,1,6,karşı,TR,,O
13799,post_236,1,7,başlayıp,TR,,O
13800,post_236,1,8,(ki,TR,,O
13801,post_236,1,9,bunda,TR,,O
13802,post_236,1,10,"haklılar),",TR,,O
13803,post_236,1,11,zamanla,TR,,O
13804,post_236,1,12,nispeten,TR,,O
13805,post_236,1,13,yoldan,TR,,O
13806,post_236,1,14,çıkmış,TR,,O
13807,post_236,1,15,ve,TR,,O
13808,post_236,1,16,herhangi,TR,,O
13809,post_236,1,17,bir,TR,,O
13810,post_236,1,18,sebeple,TR,,O
13811,post_236,1,19,tüm,TR,,O
13812,post_236,1,20,şişman,TR,,O
13813,post_236,1,21,insanlardan,TR,,O
13814,post_236,1,22,nefret,TR,,O
13815,post_236,1,23,eden,TR,,O
13816,post_236,1,24,insanların,TR,,O
13817,post_236,1,25,toplandığı,TR,,O
13818,post_236,1,26,bir,TR,,O
13819,post_236,1,27,subreddit,EN,,O
13820,post_236,1,28,haline,TR,,O
13821,post_236,1,29,gelmişti,TR,,O
13822,post_236,1,30,o,TR,,O
13823,post_236,1,31,kadar,TR,,O
13824,post_236,1,32,"ki,",TR,,O
13825,post_236,1,33,"""benim",TR,,O
13826,post_236,1,34,hafif,TR,,O
13827,post_236,1,35,şişman,TR,,O
13828,post_236,1,36,akrabalarım,TR,,O
13829,post_236,1,37,"var,",TR,,O
13830,post_236,1,38,kötü,TR,,O
13831,post_236,1,39,insan,TR,,O
13832,post_236,1,40,değiller,TR,,O
13833,post_236,1,41,"aslında""",TR,,O
13834,post_236,1,42,tarzı,TR,,O
13835,post_236,1,43,bir,TR,,O
13836,post_236,1,44,yorum,TR,,O
13837,post_236,1,45,yazan,TR,,O
13838,post_236,1,46,bir,TR,,O
13839,post_236,1,47,kullanıcı,TR,,O
13840,post_236,1,48,"""fat",EN,,O
13841,post_236,1,49,"sympathy""",EN,,O
13842,post_236,1,50,sebebiyle,TR,,O
13843,post_236,1,51,banlanıyordu,MIXED,MIXED,O
13844,post_236,1,52,site,TR,,O
13845,post_236,1,53,yönetimi,TR,,O
13846,post_236,1,54,subredditi,MIXED,MIXED,O
13847,post_236,1,55,banladığında,TR,,O
13848,post_236,1,56,aboneydiler,TR,,O
13849,post_236,1,57,boru,TR,,O
13850,post_236,1,58,"değil,",TR,,O
13851,post_236,1,59,yüz,TR,,O
13852,post_236,1,60,elli,TR,,O
13853,post_236,1,61,bin,TR,,O
13854,post_236,1,62,kişi,TR,,O
13855,post_236,1,63,şimdi,TR,,O
13856,post_236,1,64,buradan,TR,,O
13857,post_236,1,65,teker,TR,,O
13858,post_236,1,66,teker,TR,,O
13859,post_236,1,67,saymayayım,TR,,O
13860,post_236,1,68,"ama,",TR,,O
13861,post_236,1,69,çok,TR,,O
13862,post_236,1,70,daha,TR,,O
13863,post_236,1,71,kötü,TR,,O
13864,post_236,1,72,içeriklerin,TR,,O
13865,post_236,1,73,olduğu,TR,,O
13866,post_236,1,74,subredditler,MIXED,MIXED,O
13867,post_236,1,75,mevcut,TR,,O
13868,post_236,1,76,bunlar,TR,,O
13869,post_236,1,77,dururken,TR,,O
13870,post_236,1,78,fatpeoplehate'i,NE,MIXED,B-TITLE
13871,post_236,1,79,banlarsan,TR,,O
13872,post_236,1,80,(shitredditsays,NE,,B-TITLE
13873,post_236,1,81,bile,TR,,O
13874,post_236,1,82,duruyor,TR,,O
13875,post_236,1,83,"hala),",TR,,O
13876,post_236,1,84,oluşan,TR,,O
13877,post_236,1,85,karambolün,TR,,O
13878,post_236,1,86,ceremesini,TR,,O
13879,post_236,1,87,"çekeceksin,",TR,,O
13880,post_236,1,88,bu,TR,,O
13881,post_236,1,89,bir,TR,,O
13882,post_236,1,90,fatpeoplehate'in,NE,MIXED,B-TITLE
13883,post_236,1,91,"banlanması,",MIXED,MIXED,O
13884,post_236,1,92,yarın,TR,,O
13885,post_236,1,93,öbür,TR,,O
13886,post_236,1,94,gün,TR,,O
13887,post_236,1,95,"tumblrinaction,",NE,,B-TITLE
13888,post_236,1,96,"kotakuinaction,",NE,,B-TITLE
13889,post_236,1,97,theredpill,NE,,B-TITLE
13890,post_236,1,98,vs,TR,,O
13891,post_236,1,99,gibi,TR,,O
13892,post_236,1,100,subredditlerin,MIXED,MIXED,O
13893,post_236,1,101,de,TR,,O
13894,post_236,1,102,banlanacağı,TR,,O
13895,post_236,1,103,anlamına,TR,,O
13896,post_236,1,104,geliyor,TR,,O
13897,post_236,1,105,internet,TR,,O
13898,post_236,1,106,özgürlüğü,TR,,O
13899,post_236,1,107,için,TR,,O
13900,post_236,1,108,frontpage'de,MIXED,MIXED,O
13901,post_236,1,109,her,TR,,O
13902,post_236,1,110,gün,TR,,O
13903,post_236,1,111,banner,EN,,O
13904,post_236,1,112,koyup,TR,,O
13905,post_236,1,113,"""petition",EN,,O
13906,post_236,1,114,"imzalayın""",TR,,O
13907,post_236,1,115,diye,TR,,O
13908,post_236,1,116,bağırırken,TR,,O
13909,post_236,1,117,iyiydi,TR,,O
13910,post_236,1,118,bu,TR,,O
13911,post_236,1,119,iki,TR,,O
13912,post_236,1,120,bu,TR,,O
13913,post_236,1,121,subredditte,MIXED,MIXED,O
13914,post_236,1,122,paylaşılan,TR,,O
13915,post_236,1,123,fotoğraflar,TR,,O
13916,post_236,1,124,ekseriyetle,TR,,O
13917,post_236,1,125,birtakım,TR,,O
13918,post_236,1,126,kişilerin,TR,,O
13919,post_236,1,127,"facebook,",NE,,B-PROD
13920,post_236,1,128,"twitter,",NE,,B-PROD
13921,post_236,1,129,tumblr,TR,,O
13922,post_236,1,130,vb,TR,,O
13923,post_236,1,131,mecralara,TR,,O
13924,post_236,1,132,"koyduğu,",TR,,O
13925,post_236,1,133,herkese,TR,,O
13926,post_236,1,134,açık,TR,,O
13927,post_236,1,135,paylaşımlardı,TR,,O
13928,post_236,1,136,kişilerin,TR,,O
13929,post_236,1,137,izni/haberi,TR,,O
13930,post_236,1,138,olmadan,TR,,O
13931,post_236,1,139,çekilip,TR,,O
13932,post_236,1,140,paylaşılan,TR,,O
13933,post_236,1,141,içeriği,TR,,O
13934,post_236,1,142,ben,TR,,O
13935,post_236,1,143,de,TR,,O
13936,post_236,1,144,yanlış,TR,,O
13937,post_236,1,145,buluyordum,TR,,O
13938,post_236,1,146,burada,TR,,O
13939,post_236,1,147,submission,EN,,O
13940,post_236,1,148,bazında,TR,,O
13941,post_236,1,149,ban/shadowban,TR,,O
13942,post_236,1,150,şeklinde,TR,,O
13943,post_236,1,151,ilerlemek,TR,,O
13944,post_236,1,152,daha,TR,,O
13945,post_236,1,153,doğru,TR,,O
13946,post_236,1,154,olurdu,TR,,O
13947,post_236,1,155,bu,TR,,O
13948,post_236,1,156,da,TR,,O
13949,post_236,1,157,üç,TR,,O
13950,post_236,1,158,kullanıcıların,TR,,O
13951,post_236,1,159,en,TR,,O
13952,post_236,1,160,çok,TR,,O
13953,post_236,1,161,isyan,TR,,O
13954,post_236,1,162,ettikleri,TR,,O
13955,post_236,1,163,konu,TR,,O
13956,post_236,1,164,tutarsızlık,TR,,O
13957,post_236,1,165,çok,TR,,O
13958,post_236,1,166,daha,TR,,O
13959,post_236,1,167,kötü,TR,,O
13960,post_236,1,168,subredditler,MIXED,MIXED,O
13961,post_236,1,169,varken,TR,,O
13962,post_236,1,170,bizi,TR,,O
13963,post_236,1,171,niye,TR,,O
13964,post_236,1,172,patlattınız,TR,,O
13965,post_236,1,173,diyorlar,TR,,O
13966,post_236,1,174,savundukları,TR,,O
13967,post_236,1,175,fatpeoplehate,NE,,B-TITLE
13968,post_236,1,176,görüşüne,TR,,O
13969,post_236,1,177,katılmıyor,TR,,O
13970,post_236,1,178,"olabilirsiniz,",TR,,O
13971,post_236,1,179,fakat,TR,,O
13972,post_236,1,180,yönetimin,TR,,O
13973,post_236,1,181,tutumuna,TR,,O
13974,post_236,1,182,karşı,TR,,O
13975,post_236,1,183,tepkilerinin,TR,,O
13976,post_236,1,184,haklı,TR,,O
13977,post_236,1,185,olduğu,TR,,O
13978,post_236,1,186,ortada,TR,,O
13979,post_236,1,187,ha,TR,,O
13980,post_236,1,188,bir,TR,,O
13981,post_236,1,189,"de,",TR,,O
13982,post_236,1,190,böyle,TR,,O
13983,post_236,1,191,fatpeoplehate,TR,,O
13984,post_236,1,192,"gibi,",TR,,O
13985,post_236,1,193,pcmasterrace,NE,,B-TITLE
13986,post_236,1,194,"gibi,",TR,,O
13987,post_236,1,195,ortalama,TR,,O
13988,post_236,1,196,insanların,TR,,O
13989,post_236,1,197,pek,TR,,O
13990,post_236,1,198,umursamayacağı,TR,,O
13991,post_236,1,199,konularda,TR,,O
13992,post_236,1,200,fanatizme,TR,,O
13993,post_236,1,201,yakın,TR,,O
13994,post_236,1,202,bir,TR,,O
13995,post_236,1,203,bağlılığı,TR,,O
13996,post_236,1,204,olan,TR,,O
13997,post_236,1,205,otistlere,TR,,O
13998,post_236,1,206,cephe,TR,,O
13999,post_236,1,207,"alırsanız,",TR,,O
14000,post_236,1,208,böyle,TR,,O
14001,post_236,1,209,durumlara,TR,,O
14002,post_236,1,210,katlanmak,TR,,O
14003,post_236,1,211,zorundasınız,TR,,O
14004,post_236,1,212,bu,TR,,O
14005,post_236,1,213,işin,TR,,O
14006,post_236,1,214,fıtratında,TR,,O
14007,post_236,1,215,var,TR,,O
14008,post_237,1,0,infinite,EN,,O
14009,post_237,1,1,scroll,EN,,O
14010,post_237,1,2,kullanan,TR,,O
14011,post_237,1,3,sitlerden,TR,,O
14012,post_237,1,4,veri,TR,,O
14013,post_237,1,5,çekme,TR,,O
14014,post_237,1,6,konusunda,TR,,O
14015,post_237,1,7,bilgisi,TR,,O
14016,post_237,1,8,olan,TR,,O
14017,post_237,1,9,varsa,TR,,O
14018,post_237,1,10,yeşillendirirse,TR,,O
14019,post_237,1,11,sevinirim,TR,,O
14020,post_237,1,12,edit:,EN,,O
14021,post_237,1,13,aşağıdaki,TR,,O
14022,post_237,1,14,kod,TR,,O
14023,post_237,1,15,ile,TR,,O
14024,post_237,1,16,scroll,EN,,O
14025,post_237,1,17,ediliyor,TR,,O
14026,post_237,1,18,ancak,TR,,O
14027,post_237,1,19,her,TR,,O
14028,post_237,1,20,scrollda,MIXED,MIXED,O
14029,post_237,1,21,veriyi,TR,,O
14030,post_237,1,22,nasıl,TR,,O
14031,post_237,1,23,toplabiliriz,TR,,O
14032,post_237,1,24,acaba,TR,,O
14033,post_237,1,25,tanım,TR,,O
14034,post_237,1,26,infinite,EN,,O
14035,post_237,1,27,scroll:,EN,,O
14036,post_237,1,28,ınfinite,EN,,O
14037,post_237,1,29,scroll,EN,,O
14038,post_237,1,30,is,EN,,O
14039,post_237,1,31,a,EN,,O
14040,post_237,1,32,javascript,NE,,B-PROD
14041,post_237,1,33,plugin,EN,,O
14042,post_237,1,34,that,EN,,O
14043,post_237,1,35,automatically,EN,,O
14044,post_237,1,36,adds,EN,,O
14045,post_237,1,37,the,EN,,O
14046,post_237,1,38,next,EN,,O
14047,post_237,1,39,"page,",EN,,O
14048,post_237,1,40,saving,EN,,O
14049,post_237,1,41,users,EN,,O
14050,post_237,1,42,from,EN,,O
14051,post_237,1,43,a,EN,,O
14052,post_237,1,44,full,EN,,O
14053,post_237,1,45,page,EN,,O
14054,post_237,1,46,load,EN,,O
14055,post_238,1,0,yırta,TR,,O
14056,post_238,1,1,yırta,TR,,O
14057,post_238,1,2,gülüyorum,TR,,O
14058,post_238,1,3,anlamına,TR,,O
14059,post_238,1,4,gelen,TR,,O
14060,post_238,1,5,kısaltma,TR,,O
14061,post_238,1,6,online,EN,,O
14062,post_238,1,7,oyun,TR,,O
14063,post_238,1,8,oynayan,TR,,O
14064,post_238,1,9,elemanlar,TR,,O
14065,post_238,1,10,için,TR,,O
14066,post_238,1,11,noob,EN,,O
14067,post_238,1,12,manası,TR,,O
14068,post_238,1,13,taşır(mış);,TR,,O
14069,post_238,1,14,olm,TR,,O
14070,post_238,1,15,çok,TR,,O
14071,post_238,1,16,lol'sun,MIXED,MIXED,O
14072,post_238,1,17,lan,TR,,O
14073,post_238,1,18,ne,TR,,O
14074,post_238,1,19,alaka,TR,,O
14075,post_238,1,20,hiç,TR,,O
14076,post_238,1,21,anlamıyorsun,TR,,O
14077,post_238,1,22,oyundan,TR,,O
14078,post_238,1,23,lan,TR,,O
14079,post_238,1,24,tamam,TR,,O
14080,post_238,1,25,da,TR,,O
14081,post_238,1,26,lol,EN,,O
14082,post_238,1,27,olmak,TR,,O
14083,post_238,1,28,ne,TR,,O
14084,post_238,1,29,benimle,TR,,O
14085,post_238,1,30,ne,TR,,O
14086,post_238,1,31,alakası,TR,,O
14087,post_238,1,32,var,TR,,O
14088,post_238,1,33,lol,EN,,O
14089,post_238,1,34,ne,TR,,O
14090,post_238,1,35,demek,TR,,O
14091,post_238,1,36,bilmiyor,TR,,O
14092,post_238,1,37,musun,TR,,O
14093,post_238,1,38,laughing,EN,,O
14094,post_238,1,39,out,EN,,O
14095,post_238,1,40,loud,EN,,O
14096,post_238,1,41,o,TR,,O
14097,post_238,1,42,ne,TR,,O
14098,post_238,1,43,lan,TR,,O
14099,post_238,1,44,kaba,TR,,O
14100,post_238,1,45,etlerimle,TR,,O
14101,post_238,1,46,gülüyorum,TR,,O
14102,post_238,1,47,eheh,TR,,O
14103,post_238,1,48,o,TR,,O
14104,post_238,1,49,da,TR,,O
14105,post_238,1,50,güzelmiş,TR,,O
14106,post_238,1,51,de,TR,,O
14107,post_238,1,52,değil,TR,,O
14108,post_238,1,53,bi,TR,,O
14109,post_238,1,54,bok,TR,,O
14110,post_238,1,55,bilmeyen,TR,,O
14111,post_238,1,56,hiç,TR,,O
14112,post_238,1,57,bişeyden,TR,,O
14113,post_238,1,58,anlamayan,TR,,O
14114,post_238,1,59,demek,TR,,O
14115,post_238,1,60,lol,EN,,O
14116,post_238,1,61,hmm,TR,,O
14117,post_238,1,62,sen,TR,,O
14118,post_238,1,63,nerden,TR,,O
14119,post_238,1,64,öğrendin,TR,,O
14120,post_238,1,65,bunu,TR,,O
14121,post_238,1,66,oyunda,TR,,O
14122,post_238,1,67,ingiliz,NE,,B-OTHER
14123,post_238,1,68,bi,TR,,O
14124,post_238,1,69,çocuk,TR,,O
14125,post_238,1,70,söyledi,TR,,O
14126,post_238,1,71,sen,TR,,O
14127,post_238,1,72,ingilizce,TR,,O
14128,post_238,1,73,bilmeden,TR,,O
14129,post_238,1,74,nasıl,TR,,O
14130,post_238,1,75,konuştun,TR,,O
14131,post_238,1,76,elemanla,TR,,O
14132,post_238,1,77,yazını,TR,,O
14133,post_238,1,78,istanbulda,NE,,B-LOC
14134,post_238,1,79,geçirmiş,TR,,O
14135,post_238,1,80,biliyor,TR,,O
14136,post_238,1,81,türkçe,NE,,B-OTHER
14137,post_238,1,82,küfür,TR,,O
14138,post_238,1,83,bile,TR,,O
14139,post_238,1,84,ediyor,TR,,O
14140,post_238,1,85,hıyar,TR,,O
14141,post_238,1,86,evet,TR,,O
14142,post_238,1,87,çok,TR,,O
14143,post_238,1,88,lol'muşum,EN,,O
14144,post_238,1,89,kusuruma,TR,,O
14145,post_238,1,90,bakma,TR,,O
14146,post_238,1,91,lol,EN,,O
14147,post_238,1,92,lütfen,TR,,O
14148,post_238,1,93,sus,TR,,O
14149,post_239,1,0,user,EN,,O
14150,post_239,1,1,interface,EN,,O
14151,post_239,1,2,tasarımı,TR,,O
14152,post_239,1,3,konusunda,TR,,O
14153,post_239,1,4,da,TR,,O
14154,post_239,1,5,oldukça,TR,,O
14155,post_239,1,6,faydalı,TR,,O
14156,post_239,1,7,prompt,EN,,O
14157,post_239,1,8,ne,TR,,O
14158,post_239,1,9,kadar,TR,,O
14159,post_239,1,10,detaylı,TR,,O
14160,post_239,1,11,olursa,TR,,O
14161,post_239,1,12,o,TR,,O
14162,post_239,1,13,kadar,TR,,O
14163,post_239,1,14,güzel,TR,,O
14164,post_239,1,15,ui,EN,,O
14165,post_239,1,16,tasarımları,TR,,O
14166,post_239,1,17,elde,TR,,O
14167,post_239,1,18,ediyorsunuz,TR,,O
14168,post_239,1,19,görsel-1,TR,,O
14169,post_239,1,20,görsel-2,TR,,O
14170,post_240,1,0,front,EN,,O
14171,post_240,1,1,end,EN,,O
14172,post_240,1,2,developing'te,MIXED,MIXED,O
14173,post_240,1,3,kendimi,TR,,O
14174,post_240,1,4,"geliştirdim,",TR,,O
14175,post_240,1,5,html,NE,,B-PROD
14176,post_240,1,6,"css,",NE,,B-PROD
14177,post_240,1,7,"js,",NE,,B-PROD
14178,post_240,1,8,react,NE,,B-PROD
14179,post_240,1,9,biliyorum,TR,,O
14180,post_240,1,10,bir,TR,,O
14181,post_240,1,11,mentöre,TR,,O
14182,post_240,1,12,ihtiyacım,TR,,O
14183,post_240,1,13,var,TR,,O
14184,post_240,1,14,sevgili,TR,,O
14185,post_240,1,15,romalılar,TR,,O
14186,post_240,1,16,burdan,TR,,O
14187,post_240,1,17,sonrası,TR,,O
14188,post_240,1,18,için,TR,,O
14189,post_240,1,19,ne,TR,,O
14190,post_240,1,20,öğrenmeye,TR,,O
14191,post_240,1,21,devam,TR,,O
14192,post_240,1,22,edeyim,TR,,O
14193,post_240,1,23,bilmiyorum,TR,,O
14194,post_240,1,24,animasyonlarda,TR,,O
14195,post_240,1,25,mı,TR,,O
14196,post_240,1,26,"uzmanlaşayım,",TR,,O
14197,post_240,1,27,react,NE,,B-PROD
14198,post_240,1,28,native,NE,,I-PROD
14199,post_240,1,29,mi,TR,,O
14200,post_240,1,30,"öğreneyim,",TR,,O
14201,post_240,1,31,backend'te,MIXED,MIXED,O
14202,post_240,1,32,websocket'leri,MIXED,MIXED,O
14203,post_240,1,33,falan,TR,,O
14204,post_240,1,34,mı,TR,,O
14205,post_240,1,35,"öğreneyim,",TR,,O
14206,post_240,1,36,passport,NE,,B-PROD
14207,post_240,1,37,js,NE,,I-PROD
14208,post_240,1,38,mi,TR,,O
14209,post_240,1,39,"bakayım,",TR,,O
14210,post_240,1,40,firebase,NE,,B-PROD
14211,post_240,1,41,ekosistemini,TR,,O
14212,post_240,1,42,mi,TR,,O
14213,post_240,1,43,"öğreneyim,",TR,,O
14214,post_240,1,44,neyi,TR,,O
14215,post_240,1,45,öğreneyim,TR,,O
14216,post_240,1,46,öğrenecek,TR,,O
14217,post_240,1,47,çok,TR,,O
14218,post_240,1,48,şey,TR,,O
14219,post_240,1,49,var,TR,,O
14220,post_240,1,50,mentör,TR,,O
14221,post_240,1,51,lazım,TR,,O
14222,post_240,1,52,php,NE,,B-PROD
14223,post_240,1,53,mi,TR,,O
14224,post_240,1,54,öğreneyim,TR,,O
14225,post_240,1,55,yoksa,TR,,O
14226,post_240,1,56,react'te,NE,MIXED,B-PROD
14227,post_240,1,57,iş,TR,,O
14228,post_240,1,58,"yok,",TR,,O
14229,post_240,1,59,self,EN,,O
14230,post_240,1,60,taught,EN,,O
14231,post_240,1,61,anca,TR,,O
14232,post_240,1,62,php,NE,,B-PROD
14233,post_240,1,63,wordpress,NE,,B-PROD
14234,post_240,1,64,freelance,EN,,O
14235,post_240,1,65,mi,TR,,O
14236,post_240,1,66,iş,TR,,O
14237,post_240,1,67,yapar,TR,,O
14238,post_240,1,68,ne,TR,,O
14239,post_240,1,69,bileyim,TR,,O
14240,post_240,1,70,ben,TR,,O
14241,post_240,1,71,ne,TR,,O
14242,post_240,1,72,yapar,TR,,O
14243,post_240,1,73,laravel,NE,,B-PROD
14244,post_240,1,74,mi,TR,,O
14245,post_240,1,75,baksam,TR,,O
14246,post_240,1,76,shopify,NE,,B-PROD
14247,post_240,1,77,liquid,NE,,I-PROD
14248,post_240,1,78,mi,TR,,O
14249,post_240,1,79,edit,EN,,O
14250,post_240,1,80,gelen,TR,,O
14251,post_240,1,81,tavsiyeleri,TR,,O
14252,post_240,1,82,yazıyorum,TR,,O
14253,post_240,1,83,mern,NE,,B-PROD
14254,post_240,1,84,stack,NE,,I-PROD
14255,post_240,1,85,"mongo,",NE,,B-PROD
14256,post_240,1,86,"express,",NE,,B-PROD
14257,post_240,1,87,"react,",NE,,B-PROD
14258,post_240,1,88,node,NE,,B-PROD
14259,post_240,1,89,öğrenmeye,TR,,O
14260,post_240,1,90,odaklan,TR,,O
14261,post_240,1,91,bu,TR,,O
14262,post_240,1,92,sayede,TR,,O
14263,post_240,1,93,full-stack,EN,,O
14264,post_240,1,94,gelistirme,TR,,O
14265,post_240,1,95,yaparsın,TR,,O
14266,post_240,1,96,codepen,NE,,B-PROD
14267,post_240,1,97,veya,TR,,O
14268,post_240,1,98,github'ta,NE,MIXED,B-PROD
14269,post_240,1,99,projelerin,TR,,O
14270,post_240,1,100,olsun,TR,,O
14271,post_240,1,101,bir,TR,,O
14272,post_240,1,102,trivia,EN,,O
14273,post_240,1,103,app,EN,,O
14274,post_240,1,104,uyguluması,TR,,O
14275,post_240,1,105,yapmıştım,TR,,O
14276,post_240,1,106,onu,TR,,O
14277,post_240,1,107,geliştirebilirmişim,TR,,O
14278,post_240,1,108,progress,EN,,O
14279,post_240,1,109,"bar,",EN,,O
14280,post_240,1,110,"leaderboard,",EN,,O
14281,post_240,1,111,başka,TR,,O
14282,post_240,1,112,estetik,TR,,O
14283,post_240,1,113,"detaylar,",TR,,O
14284,post_240,1,114,belki,TR,,O
14285,post_240,1,115,puan,TR,,O
14286,post_240,1,116,sistemi,TR,,O
14287,post_240,1,117,eklenebilir,TR,,O
14288,post_240,1,118,trivia,EN,,O
14289,post_240,1,119,apı,EN,,O
14290,post_240,1,120,den,TR,,O
14291,post_240,1,121,soruları,TR,,O
14292,post_240,1,122,çekiyor,TR,,O
14293,post_240,1,123,sitesine,TR,,O
14294,post_240,1,124,göz,TR,,O
14295,post_240,1,125,"at,",TR,,O
14296,post_240,1,126,incele,TR,,O
14297,post_240,1,127,frontend,EN,,O
14298,post_240,1,128,düşünüyorsan,TR,,O
14299,post_240,1,129,vue,NE,,B-PROD
14300,post_240,1,130,angular,NE,,B-PROD
14301,post_240,1,131,ssr,EN,,O
14302,post_240,1,132,nuxt,NE,,B-PROD
14303,post_240,1,133,vb,TR,,O
14304,post_240,1,134,full,EN,,O
14305,post_240,1,135,full,EN,,O
14306,post_240,1,136,stack,EN,,O
14307,post_240,1,137,düşünüyorsan,TR,,O
14308,post_240,1,138,node,NE,,B-PROD
14309,post_240,1,139,express,NE,,B-PROD
14310,post_240,1,140,nest,NE,,B-PROD
14311,post_240,1,141,vb)'a,TR,,O
14312,post_240,1,142,odaklan,TR,,O
14313,post_240,1,143,bunları,TR,,O
14314,post_240,1,144,emin,TR,,O
14315,post_240,1,145,adımlarla,TR,,O
14316,post_240,1,146,"öğren,",TR,,O
14317,post_240,1,147,mevn,NE,,B-PROD
14318,post_240,1,148,mern,NE,,B-PROD
14319,post_240,1,149,mean,NE,,B-PROD
14320,post_240,1,150,app,EN,,O
14321,post_240,1,151,işi,TR,,O
14322,post_240,1,152,senden,TR,,O
14323,post_240,1,153,sorulsun,TR,,O
14324,post_240,1,154,pwa,EN,,O
14325,post_240,1,155,docker,NE,,B-PROD
14326,post_240,1,156,"kubernetes,",NE,,B-PROD
14327,post_240,1,157,bunları,TR,,O
14328,post_240,1,158,da,TR,,O
14329,post_240,1,159,bilirsen,TR,,O
14330,post_240,1,160,fazladan,TR,,O
14331,post_240,1,161,artı,TR,,O
14332,post_240,1,162,kazandırır,TR,,O
14333,post_240,1,163,tadından,TR,,O
14334,post_240,1,164,yenmez,TR,,O
14335,post_241,1,0,belirli,TR,,O
14336,post_241,1,1,bir,TR,,O
14337,post_241,1,2,gelir,TR,,O
14338,post_241,1,3,modeli,TR,,O
14339,post_241,1,4,olmayan,TR,,O
14340,post_241,1,5,mobil,TR,,O
14341,post_241,1,6,bir,TR,,O
14342,post_241,1,7,aplikasyona,TR,,O
14343,post_241,1,8,milyar,TR,,O
14344,post_241,1,9,dolar,TR,,O
14345,post_241,1,10,anasının,TR,,O
14346,post_241,1,11,amcığı,TR,,O
14347,post_241,1,12,diyorum,TR,,O
14348,post_241,1,13,sevgili,TR,,O
14349,post_241,1,14,seyirciler,TR,,O
14350,post_241,1,15,bu,TR,,O
14351,post_241,1,16,aslında,TR,,O
14352,post_241,1,17,bir,TR,,O
14353,post_241,1,18,gövde,TR,,O
14354,post_241,1,19,gösterisidir,TR,,O
14355,post_241,1,20,google+,NE,,B-PROD
14356,post_241,1,21,gidip,TR,,O
14357,post_241,1,22,kontra,TR,,O
14358,post_241,1,23,olarak,TR,,O
14359,post_241,1,24,pinterest'i,NE,MIXED,B-PROD
14360,post_241,1,25,alsın,TR,,O
14361,post_241,1,26,empire,EN,,O
14362,post_241,1,27,strikes,EN,,O
14363,post_241,1,28,back,EN,,O
14364,post_241,1,29,deriz,TR,,O
14365,post_242,1,0,yâ,TR,,O
14366,post_242,1,1,"reklam,",TR,,O
14367,post_242,1,2,yâ,TR,,O
14368,post_242,1,3,acil,TR,,O
14369,post_242,1,4,numaralar,TR,,O
14370,post_242,1,5,$eysi,TR,,O
14371,post_242,1,6,yâ,TR,,O
14372,post_242,1,7,da,TR,,O
14373,post_242,1,8,saklı,TR,,O
14374,post_242,1,9,sevgililere,TR,,O
14375,post_242,1,10,selâm,TR,,O
14376,post_242,1,11,bilgisayar,TR,,O
14377,post_242,1,12,önünden,TR,,O
14378,post_242,1,13,ayrılmayan,TR,,O
14379,post_242,1,14,yâ,TR,,O
14380,post_242,1,15,da,TR,,O
14381,post_242,1,16,kulağından,TR,,O
14382,post_242,1,17,cep,TR,,O
14383,post_242,1,18,telefonu,TR,,O
14384,post_242,1,19,inmeyen,TR,,O
14385,post_242,1,20,akrabalar,TR,,O
14386,post_242,1,21,arası,TR,,O
14387,post_242,1,22,iletişim,TR,,O
14388,post_242,1,23,ile,TR,,O
14389,post_242,1,24,gazetelerin,TR,,O
14390,post_242,1,25,bak,TR,,O
14391,post_242,1,26,yeni,TR,,O
14392,post_242,1,27,yayinladıklarımızı,TR,,O
14393,post_242,1,28,ânında,TR,,O
14394,post_242,1,29,cebinden,TR,,O
14395,post_242,1,30,öğren,TR,,O
14396,post_242,1,31,durumları,TR,,O
14397,post_242,1,32,dışında,TR,,O
14398,post_242,1,33,"""bana",TR,,O
14399,post_242,1,34,twittîrda,NE,MIXED,B-PROD
14400,post_242,1,35,ne,TR,,O
14401,post_242,1,36,yaptığını,TR,,O
14402,post_242,1,37,değil,TR,,O
14403,post_242,1,38,ne,TR,,O
14404,post_242,1,39,sattığını,TR,,O
14405,post_242,1,40,yâ,TR,,O
14406,post_242,1,41,da,TR,,O
14407,post_242,1,42,ne,TR,,O
14408,post_242,1,43,kurtardığını,TR,,O
14409,post_242,1,44,"söyle""",TR,,O
14410,post_242,1,45,atasözünü,TR,,O
14411,post_242,1,46,hatırlatan,TR,,O
14412,post_242,1,47,oluşum,TR,,O
14413,post_242,1,48,"""follow",EN,,O
14414,post_242,1,49,me,EN,,O
14415,post_242,1,50,on,EN,,O
14416,post_242,1,51,"twitter!""",EN,,O
14417,post_242,1,52,(bkz:,TR,,O
14418,post_242,1,53,feysbuk'ta,NE,,B-PROD
14419,post_242,1,54,üçü,TR,,O
14420,post_242,1,55,bir,TR,,O
14421,post_242,1,56,arada),TR,,O
14422,post_242,1,57,sizin,TR,,O
14423,post_242,1,58,gibi,TR,,O
14424,post_242,1,59,öncü,TR,,O
14425,post_242,1,60,"olacağıma,",TR,,O
14426,post_242,1,61,gerici,TR,,O
14427,post_242,1,62,olurum,TR,,O
14428,post_242,1,63,daha,TR,,O
14429,post_242,1,64,iyi,TR,,O
14430,post_243,1,0,bir,TR,,O
14431,post_243,1,1,turlu,TR,,O
14432,post_243,1,2,isinamadigim,TR,,O
14433,post_243,1,3,mekan,TR,,O
14434,post_243,1,4,icindekilerin,TR,,O
14435,post_243,1,5,yapmacikligindan,TR,,O
14436,post_243,1,6,oturu,TR,,O
14437,post_243,1,7,galiba,TR,,O
14438,post_243,1,8,ben,TR,,O
14439,post_243,1,9,zaten,TR,,O
14440,post_243,1,10,kendimi,TR,,O
14441,post_243,1,11,satmayi,TR,,O
14442,post_243,1,12,"beceremem,",TR,,O
14443,post_243,1,13,sevmem,TR,,O
14444,post_243,1,14,de;,TR,,O
14445,post_243,1,15,hatta,TR,,O
14446,post_243,1,16,cogu,TR,,O
14447,post_243,1,17,zaman,TR,,O
14448,post_243,1,18,imposter,EN,,O
14449,post_243,1,19,syndrome'un,MIXED,MIXED,O
14450,post_243,1,20,derin,TR,,O
14451,post_243,1,21,sularinda,TR,,O
14452,post_243,1,22,vurgun,TR,,O
14453,post_243,1,23,yemis,TR,,O
14454,post_243,1,24,gibi,TR,,O
14455,post_243,1,25,dolanirim,TR,,O
14456,post_243,1,26,"da,",TR,,O
14457,post_243,1,27,burada,TR,,O
14458,post_243,1,28,neredeyse,TR,,O
14459,post_243,1,29,dunyayi,TR,,O
14460,post_243,1,30,kurtaranlari,TR,,O
14461,post_243,1,31,gordukce,TR,,O
14462,post_243,1,32,daha,TR,,O
14463,post_243,1,33,da,TR,,O
14464,post_243,1,34,koseme,TR,,O
14465,post_243,1,35,cekilip,TR,,O
14466,post_243,1,36,depresyona,TR,,O
14467,post_243,1,37,giresim,TR,,O
14468,post_243,1,38,geliyor,TR,,O
14469,post_243,1,39,sonra,TR,,O
14470,post_243,1,40,aciyorum,TR,,O
14471,post_243,1,41,bir,TR,,O
14472,post_243,1,42,fanta,TR,,O
14473,post_243,1,43,geciyor,TR,,O
14474,post_243,1,44,(bkz:,TR,,O
14475,post_243,1,45,is,EN,,O
14476,post_243,1,46,this,EN,,O
14477,post_243,1,47,the,EN,,O
14478,post_243,1,48,real,EN,,O
14479,post_243,1,49,life,EN,,O
14480,post_243,1,50,is,EN,,O
14481,post_243,1,51,this,EN,,O
14482,post_243,1,52,just,EN,,O
14483,post_243,1,53,fanta,NE,,B-PROD
14484,post_243,1,54,sea),EN,,O
14485,post_244,1,0,bu,TR,,O
14486,post_244,1,1,aralar,TR,,O
14487,post_244,1,2,fazla,TR,,O
14488,post_244,1,3,takilmis,TR,,O
14489,post_244,1,4,olacam,TR,,O
14490,post_244,1,5,"ki,",TR,,O
14491,post_244,1,6,artik,TR,,O
14492,post_244,1,7,hergun,TR,,O
14493,post_244,1,8,gordugum,TR,,O
14494,post_244,1,9,insalari,TR,,O
14495,post_244,1,10,da,TR,,O
14496,post_244,1,11,"""we",EN,,O
14497,post_244,1,12,worked,EN,,O
14498,post_244,1,13,"together""",EN,,O
14499,post_244,1,14,"""we",EN,,O
14500,post_244,1,15,went,EN,,O
14501,post_244,1,16,to,EN,,O
14502,post_244,1,17,college,EN,,O
14503,post_244,1,18,"together""",EN,,O
14504,post_244,1,19,"""i",EN,,O
14505,post_244,1,20,know,EN,,O
14506,post_244,1,21,her,EN,,O
14507,post_244,1,22,through,EN,,O
14508,post_244,1,23,a,EN,,O
14509,post_244,1,24,"friend""",EN,,O
14510,post_244,1,25,vs,TR,,O
14511,post_244,1,26,seklinde,TR,,O
14512,post_244,1,27,siniflandirmama,TR,,O
14513,post_244,1,28,neden,TR,,O
14514,post_244,1,29,olan,TR,,O
14515,post_244,1,30,site,TR,,O
14516,post_245,1,0,üniversitede,TR,,O
14517,post_245,1,1,yurtsever,TR,,O
14518,post_245,1,2,cephe,TR,,O
14519,post_245,1,3,üyesi,TR,,O
14520,post_245,1,4,olup,TR,,O
14521,post_245,1,5,okul,TR,,O
14522,post_245,1,6,biter,TR,,O
14523,post_245,1,7,bitmez,TR,,O
14524,post_245,1,8,finansal,TR,,O
14525,post_245,1,9,danışmanlık,TR,,O
14526,post_245,1,10,şirketi,TR,,O
14527,post_245,1,11,kuranları,TR,,O
14528,post_245,1,12,görmem,TR,,O
14529,post_245,1,13,açısından,TR,,O
14530,post_245,1,14,eğlenceli,TR,,O
14531,post_245,1,15,bir,TR,,O
14532,post_245,1,16,habitat,TR,,O
14533,post_245,1,17,kendisi,TR,,O
14534,post_245,1,18,yalnız,TR,,O
14535,post_245,1,19,geçenlerde,TR,,O
14536,post_245,1,20,çıkarttığı,TR,,O
14537,post_245,1,21,"""endorse",EN,,O
14538,post_245,1,22,"me""",EN,,O
14539,post_245,1,23,fasilitesiyle,TR,,O
14540,post_245,1,24,insanın,TR,,O
14541,post_245,1,25,üstünde,TR,,O
14542,post_245,1,26,adeta,TR,,O
14543,post_245,1,27,psikolojik,TR,,O
14544,post_245,1,28,baskı,TR,,O
14545,post_245,1,29,yapıyor,TR,,O
14546,post_245,1,30,birçok,TR,,O
14547,post_245,1,31,sosyal,TR,,O
14548,post_245,1,32,medya,TR,,O
14549,post_245,1,33,sitesinde,TR,,O
14550,post_245,1,34,takınılan,TR,,O
14551,post_245,1,35,bir,TR,,O
14552,post_245,1,36,süre,TR,,O
14553,post_245,1,37,ortalarda,TR,,O
14554,post_245,1,38,"görünmeme,",TR,,O
14555,post_245,1,39,sign,EN,,O
14556,post_245,1,40,in,EN,,O
14557,post_245,1,41,yapmamış,TR,,O
14558,post_245,1,42,izlenimi,TR,,O
14559,post_245,1,43,verme',TR,,O
14560,post_245,1,44,tavrı,TR,,O
14561,post_245,1,45,burada,TR,,O
14562,post_245,1,46,da,TR,,O
14563,post_245,1,47,ciddi,TR,,O
14564,post_245,1,48,bir,TR,,O
14565,post_245,1,49,kafa,TR,,O
14566,post_245,1,50,rahatlığı,TR,,O
14567,post_245,1,51,sağlıyor,TR,,O
14568,post_245,1,52,bu,TR,,O
14569,post_245,1,53,bakımdan,TR,,O
14570,post_246,1,0,apple’ın,NE,MIXED,B-ORG
14571,post_246,1,1,güzide,TR,,O
14572,post_246,1,2,bir,TR,,O
14573,post_246,1,3,iphone,NE,,B-PROD
14574,post_246,1,4,içi,TR,,O
14575,post_246,1,5,uygulaması,TR,,O
14576,post_246,1,6,sanırım,TR,,O
14577,post_246,1,7,ios,NE,,B-PROD
14578,post_246,1,8,17’le,NE,MIXED,I-PROD
14579,post_246,1,9,birlikte,TR,,O
14580,post_246,1,10,geldi,TR,,O
14581,post_246,1,11,ya,TR,,O
14582,post_246,1,12,da,TR,,O
14583,post_246,1,13,bir,TR,,O
14584,post_246,1,14,önceki,TR,,O
14585,post_246,1,15,güncellemeyle,TR,,O
14586,post_246,1,16,kendinize,TR,,O
14587,post_246,1,17,günlük,TR,,O
14588,post_246,1,18,yürüyüş,TR,,O
14589,post_246,1,19,limiti,TR,,O
14590,post_246,1,20,seçip,TR,,O
14591,post_246,1,21,her,TR,,O
14592,post_246,1,22,gün,TR,,O
14593,post_246,1,23,halka,TR,,O
14594,post_246,1,24,kapatmanıza,TR,,O
14595,post_246,1,25,vesile,TR,,O
14596,post_246,1,26,olduğu,TR,,O
14597,post_246,1,27,"gibi,",TR,,O
14598,post_246,1,28,bu,TR,,O
14599,post_246,1,29,tarz,TR,,O
14600,post_246,1,30,uygulamalarda,TR,,O
14601,post_246,1,31,türkçe,NE,,B-OTHER
14602,post_246,1,32,desteğinin,TR,,O
14603,post_246,1,33,sağlanması,TR,,O
14604,post_246,1,34,bence,TR,,O
14605,post_246,1,35,çok,TR,,O
14606,post_246,1,36,güzel,TR,,O
14607,post_246,1,37,bir,TR,,O
14608,post_246,1,38,şey,TR,,O
14609,post_246,1,39,ben,TR,,O
14610,post_246,1,40,mesela,TR,,O
14611,post_246,1,41,yürüyüş,TR,,O
14612,post_246,1,42,(ve,TR,,O
14613,post_246,1,43,koşu),TR,,O
14614,post_246,1,44,"delisiyimdir,",TR,,O
14615,post_246,1,45,ay,TR,,O
14616,post_246,1,46,boyunca,TR,,O
14617,post_246,1,47,o,TR,,O
14618,post_246,1,48,kadar,TR,,O
14619,post_246,1,49,halka,TR,,O
14620,post_246,1,50,kapatıyorum,TR,,O
14621,post_246,1,51,"ki,",TR,,O
14622,post_246,1,52,bu,TR,,O
14623,post_246,1,53,uygulamada,TR,,O
14624,post_246,1,54,bana,TR,,O
14625,post_246,1,55,devamlı,TR,,O
14626,post_246,1,56,dijital,TR,,O
14627,post_246,1,57,madalya,TR,,O
14628,post_246,1,58,veriyorlar,TR,,O
14629,post_246,1,59,tabii,TR,,O
14630,post_246,1,60,gerçek,TR,,O
14631,post_246,1,61,hayatta,TR,,O
14632,post_246,1,62,da,TR,,O
14633,post_246,1,63,adresime,TR,,O
14634,post_246,1,64,bir,TR,,O
14635,post_246,1,65,tane,TR,,O
14636,post_246,1,66,gönderseler,TR,,O
14637,post_246,1,67,fena,TR,,O
14638,post_246,1,68,olmazdı,TR,,O
14639,post_246,1,69,"asdfjfkdl,",TR,,O
14640,post_246,1,70,ama,TR,,O
14641,post_246,1,71,o,TR,,O
14642,post_246,1,72,kategoriye,TR,,O
14643,post_246,1,73,girip,TR,,O
14644,post_246,1,74,her,TR,,O
14645,post_246,1,75,bir,TR,,O
14646,post_246,1,76,madalyayı,TR,,O
14647,post_246,1,77,"incelemek,",TR,,O
14648,post_246,1,78,arkalarındaki,TR,,O
14649,post_246,1,79,türkçe,NE,,B-OTHER
14650,post_246,1,80,yazılar,TR,,O
14651,post_246,1,81,(‘mayıs,TR,,O
14652,post_246,1,82,2024’te,TR,,O
14653,post_246,1,83,kazanıldı’,TR,,O
14654,post_246,1,84,"vb),",TR,,O
14655,post_246,1,85,yazıların,TR,,O
14656,post_246,1,86,"parıltıları,",TR,,O
14657,post_246,1,87,madalyayı,TR,,O
14658,post_246,1,88,oynattıkça,TR,,O
14659,post_246,1,89,ayna,TR,,O
14660,post_246,1,90,gibi,TR,,O
14661,post_246,1,91,yansımalar,TR,,O
14662,post_246,1,92,falan,TR,,O
14663,post_246,1,93,adamlar,TR,,O
14664,post_246,1,94,detaya,TR,,O
14665,post_246,1,95,uğraşmış,TR,,O
14666,post_246,1,96,"oğlum,",TR,,O
14667,post_246,1,97,elinde,TR,,O
14668,post_246,1,98,madalya,TR,,O
14669,post_246,1,99,tutarmışsın,TR,,O
14670,post_246,1,100,gibi,TR,,O
14671,post_246,1,101,(o,TR,,O
14672,post_246,1,102,kadar,TR,,O
14673,post_246,1,103,gerçekçi,TR,,O
14674,post_246,1,104,değil,TR,,O
14675,post_246,1,105,belki,TR,,O
14676,post_246,1,106,ama,TR,,O
14677,post_246,1,107,"olsun,",TR,,O
14678,post_246,1,108,grafikler,TR,,O
14679,post_246,1,109,ve,TR,,O
14680,post_246,1,110,detaylar,TR,,O
14681,post_246,1,111,pek,TR,,O
14682,post_246,1,112,hoş),TR,,O
14683,post_246,1,113,bu,TR,,O
14684,post_246,1,114,uygulamaya,TR,,O
14685,post_246,1,115,ve,TR,,O
14686,post_246,1,116,bu,TR,,O
14687,post_246,1,117,verilen,TR,,O
14688,post_246,1,118,"madalyalara,",TR,,O
14689,post_246,1,119,madalya,TR,,O
14690,post_246,1,120,arkasına,TR,,O
14691,post_246,1,121,kazınan,TR,,O
14692,post_246,1,122,türkçe,NE,,B-OTHER
14693,post_246,1,123,laflara,TR,,O
14694,post_246,1,124,kim,TR,,O
14695,post_246,1,125,ne,TR,,O
14696,post_246,1,126,kadar,TR,,O
14697,post_246,1,127,dikkat,TR,,O
14698,post_246,1,128,ediyor,TR,,O
14699,post_246,1,129,"bilmiyorum,",TR,,O
14700,post_246,1,130,ama,TR,,O
14701,post_246,1,131,güzel,TR,,O
14702,post_246,1,132,bir,TR,,O
14703,post_246,1,133,şey,TR,,O
14704,post_246,1,134,lan,TR,,O
14705,post_246,1,135,kullanmıyorsanız,TR,,O
14706,post_246,1,136,da,TR,,O
14707,post_246,1,137,kullanın,TR,,O
14708,post_246,1,138,bu,TR,,O
14709,post_246,1,139,fitness,EN,,O
14710,post_246,1,140,uygulamasını,TR,,O
14711,post_246,1,141,bence,TR,,O
14712,post_246,1,142,fit,EN,,O
14713,post_246,1,143,olursunuz,TR,,O
14714,post_246,1,144,yani,TR,,O
14715,post_246,1,145,sığarsınız,TR,,O
14716,post_246,1,146,işte,TR,,O
14717,post_246,1,147,kendinize,TR,,O
14718,post_246,1,148,yürüyüş,TR,,O
14719,post_246,1,149,limiti,TR,,O
14720,post_246,1,150,belirleyin,TR,,O
14721,post_246,1,151,ve,TR,,O
14722,post_246,1,152,her,TR,,O
14723,post_246,1,153,gün,TR,,O
14724,post_246,1,154,o,TR,,O
14725,post_246,1,155,halkaları,TR,,O
14726,post_246,1,156,kapatın,TR,,O
14727,post_246,1,157,bazen,TR,,O
14728,post_246,1,158,konfeti,TR,,O
14729,post_246,1,159,falan,TR,,O
14730,post_246,1,160,bile,TR,,O
14731,post_246,1,161,patlatıyorlar,TR,,O
14732,post_246,1,162,uygulama,TR,,O
14733,post_246,1,163,"içinde,",TR,,O
14734,post_246,1,164,insan,TR,,O
14735,post_246,1,165,kendini,TR,,O
14736,post_246,1,166,hakikaten,TR,,O
14737,post_246,1,167,koşuda,TR,,O
14738,post_246,1,168,kazanmış,TR,,O
14739,post_246,1,169,atlet,TR,,O
14740,post_246,1,170,gibi,TR,,O
14741,post_246,1,171,hissediyor,TR,,O
14742,post_247,1,0,maaşınızdan,TR,,O
14743,post_247,1,1,ve,TR,,O
14744,post_247,1,2,çalışma,TR,,O
14745,post_247,1,3,koşullarınızdan,TR,,O
14746,post_247,1,4,"memnunsanız,",TR,,O
14747,post_247,1,5,bulaşmamanız,TR,,O
14748,post_247,1,6,gereken,TR,,O
14749,post_247,1,7,bir,TR,,O
14750,post_247,1,8,iş,TR,,O
14751,post_247,1,9,modelidir,TR,,O
14752,post_247,1,10,freelance,EN,,O
14753,post_247,1,11,hakkında,TR,,O
14754,post_247,1,12,kimsenin,TR,,O
14755,post_247,1,13,söylemeyeceği,TR,,O
14756,post_247,1,14,ipuçları,TR,,O
14757,post_248,1,0,the,NE,,B-TITLE
14758,post_248,1,1,origin,NE,,I-TITLE
14759,post_248,1,2,of,NE,,I-TITLE
14760,post_248,1,3,love'da,NE,MIXED,I-TITLE
14761,post_248,1,4,çok,TR,,O
14762,post_248,1,5,güzel,TR,,O
14763,post_248,1,6,tanımlanmış,TR,,O
14764,post_248,1,7,duygu:,TR,,O
14765,post_248,1,8,last,EN,,O
14766,post_248,1,9,time,EN,,O
14767,post_248,1,10,i,EN,,O
14768,post_248,1,11,saw,EN,,O
14769,post_248,1,12,"u,",EN,,O
14770,post_248,1,13,we,EN,,O
14771,post_248,1,14,had,EN,,O
14772,post_248,1,15,just,EN,,O
14773,post_248,1,16,split,EN,,O
14774,post_248,1,17,in,EN,,O
14775,post_248,1,18,two,EN,,O
14776,post_248,1,19,u,EN,,O
14777,post_248,1,20,were,EN,,O
14778,post_248,1,21,looking,EN,,O
14779,post_248,1,22,at,EN,,O
14780,post_248,1,23,"me,",EN,,O
14781,post_248,1,24,i,EN,,O
14782,post_248,1,25,was,EN,,O
14783,post_248,1,26,looking,EN,,O
14784,post_248,1,27,at,EN,,O
14785,post_248,1,28,u,EN,,O
14786,post_248,1,29,u,EN,,O
14787,post_248,1,30,had,EN,,O
14788,post_248,1,31,a,EN,,O
14789,post_248,1,32,way,EN,,O
14790,post_248,1,33,so,EN,,O
14791,post_248,1,34,"familiar,",EN,,O
14792,post_248,1,35,but,EN,,O
14793,post_248,1,36,i,EN,,O
14794,post_248,1,37,could,EN,,O
14795,post_248,1,38,not,EN,,O
14796,post_248,1,39,"recognize,",EN,,O
14797,post_248,1,40,cause,EN,,O
14798,post_248,1,41,u,EN,,O
14799,post_248,1,42,had,EN,,O
14800,post_248,1,43,blood,EN,,O
14801,post_248,1,44,on,EN,,O
14802,post_248,1,45,your,EN,,O
14803,post_248,1,46,"face,",EN,,O
14804,post_248,1,47,i,EN,,O
14805,post_248,1,48,had,EN,,O
14806,post_248,1,49,blood,EN,,O
14807,post_248,1,50,in,EN,,O
14808,post_248,1,51,my,EN,,O
14809,post_248,1,52,eyes,EN,,O
14810,post_248,1,53,but,EN,,O
14811,post_248,1,54,i,EN,,O
14812,post_248,1,55,could,EN,,O
14813,post_248,1,56,swear,EN,,O
14814,post_248,1,57,by,EN,,O
14815,post_248,1,58,your,EN,,O
14816,post_248,1,59,expression,EN,,O
14817,post_248,1,60,that,EN,,O
14818,post_248,1,61,the,EN,,O
14819,post_248,1,62,pain,EN,,O
14820,post_248,1,63,down,EN,,O
14821,post_248,1,64,in,EN,,O
14822,post_248,1,65,your,EN,,O
14823,post_248,1,66,soul,EN,,O
14824,post_248,1,67,was,EN,,O
14825,post_248,1,68,the,EN,,O
14826,post_248,1,69,same,EN,,O
14827,post_248,1,70,as,EN,,O
14828,post_248,1,71,the,EN,,O
14829,post_248,1,72,one,EN,,O
14830,post_248,1,73,down,EN,,O
14831,post_248,1,74,in,EN,,O
14832,post_248,1,75,mine,EN,,O
14833,post_248,1,76,that's,EN,,O
14834,post_248,1,77,the,EN,,O
14835,post_248,1,78,"pain,",EN,,O
14836,post_248,1,79,cuts,EN,,O
14837,post_248,1,80,a,EN,,O
14838,post_248,1,81,straight,EN,,O
14839,post_248,1,82,line,EN,,O
14840,post_248,1,83,down,EN,,O
14841,post_248,1,84,through,EN,,O
14842,post_248,1,85,the,EN,,O
14843,post_248,1,86,heart;,EN,,O
14844,post_248,1,87,we,EN,,O
14845,post_248,1,88,called,EN,,O
14846,post_248,1,89,it,EN,,O
14847,post_248,1,90,"""love""",EN,,O
14848,post_248,1,91,başlarda,TR,,O
14849,post_248,1,92,cennetin,TR,,O
14850,post_248,1,93,var,TR,,O
14851,post_248,1,94,olduğuna,TR,,O
14852,post_248,1,95,dair,TR,,O
14853,post_248,1,96,elle,TR,,O
14854,post_248,1,97,tutulur,TR,,O
14855,post_248,1,98,tek,TR,,O
14856,post_248,1,99,"kanıt,",TR,,O
14857,post_248,1,100,sonlara,TR,,O
14858,post_248,1,101,doğru,TR,,O
14859,post_248,1,102,ise,TR,,O
14860,post_248,1,103,acıyı,TR,,O
14861,post_248,1,104,hissetmemek,TR,,O
14862,post_248,1,105,için,TR,,O
14863,post_248,1,106,pseudocide'ı,MIXED,MIXED,O
14864,post_248,1,107,çözüm,TR,,O
14865,post_248,1,108,bellemek,TR,,O
14866,post_248,1,109,insanın,TR,,O
14867,post_248,1,110,hayatı,TR,,O
14868,post_248,1,111,en,TR,,O
14869,post_248,1,112,sevdiği,TR,,O
14870,post_248,1,113,anda,TR,,O
14871,post_248,1,114,ölüme,TR,,O
14872,post_248,1,115,yatması,TR,,O
14873,post_248,1,116,belki,TR,,O
14874,post_248,1,117,ölmeden,TR,,O
14875,post_248,1,118,önce,TR,,O
14876,post_248,1,119,gözlerin,TR,,O
14877,post_248,1,120,önünden,TR,,O
14878,post_248,1,121,geçip,TR,,O
14879,post_248,1,122,giden,TR,,O
14880,post_248,1,123,son,TR,,O
14881,post_248,1,124,şeyin,TR,,O
14882,post_248,1,125,gerçek,TR,,O
14883,post_248,1,126,aşk,TR,,O
14884,post_248,1,127,olmadığını,TR,,O
14885,post_248,1,128,kim,TR,,O
14886,post_248,1,129,ispat,TR,,O
14887,post_248,1,130,edebilir,TR,,O
14888,post_249,1,0,walmart,NE,,B-PROD
14889,post_249,1,1,"mobil,",NE,,I-PROD
14890,post_249,1,2,black,EN,,O
14891,post_249,1,3,friday'de,MIXED,MIXED,O
14892,post_249,1,4,zero,TR,,O
14893,post_249,1,5,downtime,TR,,O
14894,post_249,1,6,ile,TR,,O
14895,post_249,1,7,node.js,NE,,B-PROD
14896,post_249,1,8,üzerindeydi,TR,,O
14897,post_249,1,9,"değişmediyse,",TR,,O
14898,post_249,1,10,2013'den,TR,,O
14899,post_249,1,11,beri,TR,,O
14900,post_249,1,12,node.js'deler,NE,MIXED,B-PROD
14901,post_249,1,13,ne,TR,,O
14902,post_249,1,14,kadar,TR,,O
14903,post_249,1,15,ciddi,TR,,O
14904,post_249,1,16,olduğu,TR,,O
14905,post_249,1,17,şöyle,TR,,O
14906,post_249,1,18,anlaşılabilir;,TR,,O
14907,post_249,1,19,walmart,NE,,B-PROD
14908,post_249,1,20,"mobil,",NE,,I-PROD
14909,post_249,1,21,toplam,TR,,O
14910,post_249,1,22,walmart,NE,,B-ORG
14911,post_249,1,23,trafiğin,TR,,O
14912,post_249,1,24,%70'ine,TR,,O
14913,post_249,1,25,kadar,TR,,O
14914,post_249,1,26,ulaşabiliyor,TR,,O
14915,post_249,1,27,2013'te,TR,,O
14916,post_249,1,28,node.js,NE,,B-PROD
14917,post_249,1,29,üzerinden,TR,,O
14918,post_249,1,30,toplam,TR,,O
14919,post_249,1,31,trafiğin,TR,,O
14920,post_249,1,32,%53'ü,TR,,O
14921,post_249,1,33,sorunsuz,TR,,O
14922,post_249,1,34,geçmiş,TR,,O
14923,post_249,1,35,"yahoo,",NE,,B-ORG
14924,post_249,1,36,saniyede,TR,,O
14925,post_249,1,37,milyon,TR,,O
14926,post_249,1,38,request,EN,,O
14927,post_249,1,39,gibi,TR,,O
14928,post_249,1,40,rakamlardan,TR,,O
14929,post_249,1,41,bahsediyor,TR,,O
14930,post_249,1,42,linkedin,NE,,B-ORG
14931,post_249,1,43,ise,TR,,O
14932,post_249,1,44,ekşın,TR,,O
14933,post_249,1,45,olsun,TR,,O
14934,post_249,1,46,diye,TR,,O
14935,post_249,1,47,ruby'den,NE,MIXED,B-PROD
14936,post_249,1,48,node'a,NE,MIXED,B-PROD
14937,post_249,1,49,geçmiş,TR,,O
14938,post_249,1,50,ve,TR,,O
14939,post_249,1,51,şöyle,TR,,O
14940,post_249,1,52,şeyler,TR,,O
14941,post_249,1,53,paylaşmıştı,TR,,O
14942,post_249,1,54,ek,TR,,O
14943,post_249,1,55,"paypal,",NE,,B-ORG
14944,post_249,1,56,microsoft,NE,,B-ORG
14945,post_249,1,57,zaten,TR,,O
14946,post_249,1,58,söylenmiş*,TR,,O
14947,post_249,1,59,devasa,TR,,O
14948,post_249,1,60,bir,TR,,O
14949,post_249,1,61,web,TR,,O
14950,post_249,1,62,trafiğine,TR,,O
14951,post_249,1,63,sahip,TR,,O
14952,post_249,1,64,wordpress'in,NE,MIXED,B-PROD
14953,post_249,1,65,de,TR,,O
14954,post_249,1,66,node.js'e,NE,MIXED,B-PROD
14955,post_249,1,67,ilgisini,TR,,O
14956,post_249,1,68,de,TR,,O
14957,post_249,1,69,pas,TR,,O
14958,post_249,1,70,geçmemek,TR,,O
14959,post_249,1,71,lazım,TR,,O
14960,post_249,1,72,öyle,TR,,O
14961,post_249,1,73,zannediyorum,TR,,O
14962,post_249,1,74,ki,TR,,O
14963,post_249,1,75,bunlar,TR,,O
14964,post_249,1,76,birkaç,TR,,O
14965,post_249,1,77,savunucudan*,TR,,O
14966,post_249,1,78,fazladır,TR,,O
14967,post_249,1,79,ama,TR,,O
14968,post_249,1,80,"tabi,",TR,,O
14969,post_249,1,81,karmaşaya,TR,,O
14970,post_249,1,82,itirazım,TR,,O
14971,post_249,1,83,yok,TR,,O
14972,post_249,1,84,en,TR,,O
14973,post_249,1,85,basitinden,TR,,O
14974,post_249,1,86,vaka-ı,TR,,O
14975,post_249,1,87,io.js,NE,,B-PROD
14976,post_249,1,88,var,TR,,O
14977,post_249,1,89,benim,TR,,O
14978,post_249,1,90,kullanım,TR,,O
14979,post_249,1,91,deneyimlerimin,TR,,O
14980,post_249,1,92,hiçbiri,TR,,O
14981,post_249,1,93,bu,TR,,O
14982,post_249,1,94,ölçeklere,TR,,O
14983,post_249,1,95,ulaşmadığından,TR,,O
14984,post_249,1,96,yorumlarım,TR,,O
14985,post_249,1,97,pek,TR,,O
14986,post_249,1,98,işe,TR,,O
14987,post_249,1,99,yaramaz,TR,,O
14988,post_249,1,100,sorun,TR,,O
14989,post_249,1,101,yaşadığım,TR,,O
14990,post_249,1,102,da,TR,,O
14991,post_249,1,103,söylenemez,TR,,O
14992,post_249,1,104,yukarıdaki,TR,,O
14993,post_249,1,105,podcast'te,MIXED,MIXED,O
14994,post_249,1,106,de,TR,,O
14995,post_249,1,107,belirttiği,TR,,O
14996,post_249,1,108,gibi;,TR,,O
14997,post_249,1,109,büyük,TR,,O
14998,post_249,1,110,ölçekli,TR,,O
14999,post_249,1,111,projede,TR,,O
15000,post_249,1,112,node'un,NE,MIXED,B-PROD
15001,post_249,1,113,halt,TR,,O
15002,post_249,1,114,etmesinde,TR,,O
15003,post_249,1,115,kusur,TR,,O
15004,post_249,1,116,sizde,TR,,O
15005,post_249,1,117,"mi,",TR,,O
15006,post_249,1,118,yoksa,TR,,O
15007,post_249,1,119,node'da,TR,,O
15008,post_249,1,120,mı,TR,,O
15009,post_250,1,0,bkz,TR,,O
15010,post_250,1,1,influencer,EN,,O
15011,post_250,1,2,pazarlaması,TR,,O